ISO-10303-21;
HEADER;
FILE_DESCRIPTION(('CATIA V5 STEP Exchange','CAx-IF Rec.Pracs.--- Composite Materials ---3.4---2017-06-13'),'2;1');

FILE_NAME('C:\\Users\\PH\\Desktop\\\X2\75358D5B\X0\\\R3X\X2\56DB8F6E5DEE901F5E9576D8\X0\.stp','2026-07-29T04:51:49+00:00',('none'),('none'),'CATIA Version 5-6 Release 2021 SP7','CATIA V5 STEP AP203 v2','none');

FILE_SCHEMA(('CONFIG_CONTROL_DESIGN'));

ENDSEC;
DATA;
#5=PRODUCT('Assy_Root','','',(#2)) ;
#55=PRODUCT('\X2\603B88C5\X0\_R3X\X2\56DB8F6E4E249A715E9576D8\X0\(340x240mm)','\X2\603B88C5\X0\_R3X\X2\56DB8F6E4E249A715E9576D8\X0\(340x240mm)','',(#2)) ;
#63=PRODUCT('R3X\X2\589E5927677FFF08\X0\330x230\X2\FF09\X0\','R3X\X2\589E5927677FFF08\X0\330x230\X2\FF09\X0\','',(#2)) ;
#1=APPLICATION_CONTEXT('configuration controlled 3D design of mechanical parts and assemblies') ;
#17=PRODUCT_DEFINITION('',' ',#6,#3) ;
#57=PRODUCT_DEFINITION('',' ',#56,#3) ;
#19=SECURITY_CLASSIFICATION(' ',' ',#18) ;
#18=SECURITY_CLASSIFICATION_LEVEL('unclassified') ;
#70=CARTESIAN_POINT('Axis2P3D Location',(160.,-1.42108547152E-14,2.5)) ;
#75=CARTESIAN_POINT('Line Origine',(160.,-1.42108547152E-14,0.)) ;
#79=CARTESIAN_POINT('Vertex',(160.,-90.,0.)) ;
#81=CARTESIAN_POINT('Vertex',(160.,90.,0.)) ;
#84=CARTESIAN_POINT('Line Origine',(160.,90.,2.5)) ;
#88=CARTESIAN_POINT('Vertex',(160.,90.,5.)) ;
#91=CARTESIAN_POINT('Line Origine',(160.,-1.42108547152E-14,5.)) ;
#95=CARTESIAN_POINT('Vertex',(160.,-90.,5.)) ;
#98=CARTESIAN_POINT('Line Origine',(160.,-90.,2.5)) ;
#110=CARTESIAN_POINT('Axis2P3D Location',(2.84217094304E-14,-2.84217094304E-14,5.)) ;
#115=CARTESIAN_POINT('Axis2P3D Location',(130.000000001,-90.0000000006,5.)) ;
#119=CARTESIAN_POINT('Vertex',(130.,-120.,5.)) ;
#122=CARTESIAN_POINT('Axis2P3D Location',(130.000000001,90.0000000006,5.)) ;
#126=CARTESIAN_POINT('Vertex',(130.,120.,5.)) ;
#129=CARTESIAN_POINT('Line Origine',(129.016624128,120.,5.)) ;
#133=CARTESIAN_POINT('Vertex',(128.033248255,120.,5.)) ;
#136=CARTESIAN_POINT('Axis2P3D Location',(128.033248258,114.999999997,5.)) ;
#140=CARTESIAN_POINT('Vertex',(123.033248256,115.,5.)) ;
#143=CARTESIAN_POINT('Line Origine',(123.033248255,104.5,5.)) ;
#147=CARTESIAN_POINT('Vertex',(123.033248256,94.,5.)) ;
#150=CARTESIAN_POINT('Axis2P3D Location',(118.033248255,93.9999999999,5.)) ;
#154=CARTESIAN_POINT('Vertex',(118.033248256,89.,5.)) ;
#157=CARTESIAN_POINT('Line Origine',(93.033248255,89.,5.)) ;
#161=CARTESIAN_POINT('Vertex',(68.0332482558,89.,5.)) ;
#164=CARTESIAN_POINT('Axis2P3D Location',(68.0332482581,94.0000000031,5.)) ;
#168=CARTESIAN_POINT('Vertex',(63.0332482558,94.,5.)) ;
#171=CARTESIAN_POINT('Line Origine',(63.033248255,104.5,5.)) ;
#175=CARTESIAN_POINT('Vertex',(63.0332482558,115.,5.)) ;
#179=CARTESIAN_POINT('Control Point',(58.033248255,120.,5.)) ;
#180=CARTESIAN_POINT('Control Point',(58.5809619609,120.,5.)) ;
#181=CARTESIAN_POINT('Control Point',(59.1286751365,119.925002424,5.)) ;
#182=CARTESIAN_POINT('Control Point',(59.6627344461,119.774974975,5.)) ;
#183=CARTESIAN_POINT('Control Point',(60.6760247674,119.332589608,5.)) ;
#184=CARTESIAN_POINT('Control Point',(61.5330950366,118.634099812,5.)) ;
#185=CARTESIAN_POINT('Control Point',(61.9109023069,118.227911137,5.)) ;
#186=CARTESIAN_POINT('Control Point',(62.5036621372,117.382384927,5.)) ;
#187=CARTESIAN_POINT('Control Point',(62.8637680165,116.417110019,5.)) ;
#188=CARTESIAN_POINT('Control Point',(62.9767596268,115.950693858,5.)) ;
#189=CARTESIAN_POINT('Control Point',(63.033248255,115.475346729,5.)) ;
#190=CARTESIAN_POINT('Control Point',(63.033248255,115.,5.)) ;
#191=CARTESIAN_POINT('Vertex',(58.0332482558,120.,5.)) ;
#194=CARTESIAN_POINT('Line Origine',(31.3401290951,120.,5.)) ;
#198=CARTESIAN_POINT('Vertex',(4.64700993511,120.,5.)) ;
#202=CARTESIAN_POINT('Control Point',(-4.56741681695,119.143609347,5.)) ;
#203=CARTESIAN_POINT('Control Point',(-2.74568376935,119.485184293,5.)) ;
#204=CARTESIAN_POINT('Control Point',(-0.908123230919,119.742345626,5.)) ;
#205=CARTESIAN_POINT('Control Point',(0.940051692522,119.914115381,5.)) ;
#206=CARTESIAN_POINT('Control Point',(2.79353084424,120.,5.)) ;
#207=CARTESIAN_POINT('Control Point',(4.64700993523,120.,5.)) ;
#208=CARTESIAN_POINT('Vertex',(-4.56741681694,119.143609347,5.)) ;
#211=CARTESIAN_POINT('Line Origine',(-70.0480364347,106.865993168,5.)) ;
#215=CARTESIAN_POINT('Vertex',(-135.528656052,94.5883769903,5.)) ;
#218=CARTESIAN_POINT('Axis2P3D Location',(-130.000000005,65.1022113859,5.)) ;
#222=CARTESIAN_POINT('Vertex',(-160.,65.1022113822,5.)) ;
#225=CARTESIAN_POINT('Line Origine',(-160.,-2.84217094304E-14,5.)) ;
#229=CARTESIAN_POINT('Vertex',(-160.,-65.1022113822,5.)) ;
#233=CARTESIAN_POINT('Control Point',(-135.528656052,-94.5883769896,5.)) ;
#234=CARTESIAN_POINT('Control Point',(-138.42967993,-94.0444350126,5.)) ;
#235=CARTESIAN_POINT('Control Point',(-141.263808089,-93.1437181929,5.)) ;
#236=CARTESIAN_POINT('Control Point',(-143.972657946,-91.8970675478,5.)) ;
#237=CARTESIAN_POINT('Control Point',(-149.027818536,-88.7634331625,5.)) ;
#238=CARTESIAN_POINT('Control Point',(-153.173060977,-84.4983120684,5.)) ;
#239=CARTESIAN_POINT('Control Point',(-154.971863614,-82.1200113172,5.)) ;
#240=CARTESIAN_POINT('Control Point',(-157.674203327,-77.4431770511,5.)) ;
#241=CARTESIAN_POINT('Control Point',(-159.274281931,-72.2982635316,5.)) ;
#242=CARTESIAN_POINT('Control Point',(-159.758104488,-69.92112951,5.)) ;
#243=CARTESIAN_POINT('Control Point',(-160.,-67.5116703036,5.)) ;
#244=CARTESIAN_POINT('Control Point',(-160.,-65.1022113822,5.)) ;
#245=CARTESIAN_POINT('Vertex',(-135.528656052,-94.5883769903,5.)) ;
#248=CARTESIAN_POINT('Line Origine',(-70.0480364347,-106.865993168,5.)) ;
#252=CARTESIAN_POINT('Vertex',(-4.56741681694,-119.143609347,5.)) ;
#255=CARTESIAN_POINT('Axis2P3D Location',(4.64700993118,-70.000000041,5.)) ;
#259=CARTESIAN_POINT('Vertex',(4.64700993511,-120.,5.)) ;
#262=CARTESIAN_POINT('Line Origine',(31.3401290951,-120.,5.)) ;
#266=CARTESIAN_POINT('Vertex',(58.0332482558,-120.,5.)) ;
#269=CARTESIAN_POINT('Axis2P3D Location',(58.0332482551,-115.,5.)) ;
#273=CARTESIAN_POINT('Vertex',(63.0332482558,-115.,5.)) ;
#276=CARTESIAN_POINT('Line Origine',(63.033248255,-104.5,5.)) ;
#280=CARTESIAN_POINT('Vertex',(63.0332482558,-94.,5.)) ;
#283=CARTESIAN_POINT('Axis2P3D Location',(68.0332482581,-94.0000000031,5.)) ;
#287=CARTESIAN_POINT('Vertex',(68.0332482558,-89.,5.)) ;
#290=CARTESIAN_POINT('Line Origine',(93.033248255,-89.,5.)) ;
#294=CARTESIAN_POINT('Vertex',(118.033248256,-89.,5.)) ;
#297=CARTESIAN_POINT('Axis2P3D Location',(118.033248255,-93.9999999999,5.)) ;
#301=CARTESIAN_POINT('Vertex',(123.033248256,-94.,5.)) ;
#304=CARTESIAN_POINT('Line Origine',(123.033248255,-104.5,5.)) ;
#308=CARTESIAN_POINT('Vertex',(123.033248256,-115.,5.)) ;
#312=CARTESIAN_POINT('Control Point',(128.033248255,-120.,5.)) ;
#313=CARTESIAN_POINT('Control Point',(127.485534551,-120.,5.)) ;
#314=CARTESIAN_POINT('Control Point',(126.937821377,-119.925002425,5.)) ;
#315=CARTESIAN_POINT('Control Point',(126.403762061,-119.774974974,5.)) ;
#316=CARTESIAN_POINT('Control Point',(125.390471745,-119.332589608,5.)) ;
#317=CARTESIAN_POINT('Control Point',(124.53340148,-118.634099817,5.)) ;
#318=CARTESIAN_POINT('Control Point',(124.155594198,-118.22791113,5.)) ;
#319=CARTESIAN_POINT('Control Point',(123.562834375,-117.382384929,5.)) ;
#320=CARTESIAN_POINT('Control Point',(123.202728498,-116.417110032,5.)) ;
#321=CARTESIAN_POINT('Control Point',(123.089736882,-115.950693845,5.)) ;
#322=CARTESIAN_POINT('Control Point',(123.033248255,-115.475346723,5.)) ;
#323=CARTESIAN_POINT('Control Point',(123.033248255,-115.,5.)) ;
#324=CARTESIAN_POINT('Vertex',(128.033248255,-120.,5.)) ;
#327=CARTESIAN_POINT('Line Origine',(129.016624128,-120.,5.)) ;
#362=CARTESIAN_POINT('Axis2P3D Location',(-123.850051161,-15.,5.)) ;
#366=CARTESIAN_POINT('Vertex',(-123.850051163,-16.9499999993,5.)) ;
#368=CARTESIAN_POINT('Vertex',(-123.850051163,-13.0500000007,5.)) ;
#371=CARTESIAN_POINT('Axis2P3D Location',(-123.850051163,-15.,5.)) ;
#380=CARTESIAN_POINT('Axis2P3D Location',(-123.850051161,-49.5,5.)) ;
#384=CARTESIAN_POINT('Vertex',(-123.850051163,-51.4499999993,5.)) ;
#386=CARTESIAN_POINT('Vertex',(-123.850051163,-47.5500000007,5.)) ;
#389=CARTESIAN_POINT('Axis2P3D Location',(-123.850051163,-49.5,5.)) ;
#398=CARTESIAN_POINT('Axis2P3D Location',(-123.850051161,-79.5,5.)) ;
#402=CARTESIAN_POINT('Vertex',(-123.850051163,-81.4499999993,5.)) ;
#404=CARTESIAN_POINT('Vertex',(-123.850051163,-77.5500000007,5.)) ;
#407=CARTESIAN_POINT('Axis2P3D Location',(-123.850051163,-79.5,5.)) ;
#416=CARTESIAN_POINT('Axis2P3D Location',(-99.8500511609,-49.5,5.)) ;
#420=CARTESIAN_POINT('Vertex',(-99.8500511628,-51.4499999993,5.)) ;
#422=CARTESIAN_POINT('Vertex',(-99.8500511628,-47.5500000007,5.)) ;
#425=CARTESIAN_POINT('Axis2P3D Location',(-99.8500511628,-49.5,5.)) ;
#434=CARTESIAN_POINT('Axis2P3D Location',(-99.8500511609,-15.,5.)) ;
#438=CARTESIAN_POINT('Vertex',(-99.8500511628,-16.9499999993,5.)) ;
#440=CARTESIAN_POINT('Vertex',(-99.8500511628,-13.0500000007,5.)) ;
#443=CARTESIAN_POINT('Axis2P3D Location',(-99.8500511628,-15.,5.)) ;
#452=CARTESIAN_POINT('Axis2P3D Location',(-99.8500511609,-79.5,5.)) ;
#456=CARTESIAN_POINT('Vertex',(-99.8500511628,-81.4499999993,5.)) ;
#458=CARTESIAN_POINT('Vertex',(-99.8500511628,-77.5500000007,5.)) ;
#461=CARTESIAN_POINT('Axis2P3D Location',(-99.8500511628,-79.5,5.)) ;
#470=CARTESIAN_POINT('Axis2P3D Location',(-123.850046396,79.5,5.)) ;
#474=CARTESIAN_POINT('Vertex',(-123.850046396,77.5500000007,5.)) ;
#476=CARTESIAN_POINT('Vertex',(-123.850046396,81.4499999993,5.)) ;
#479=CARTESIAN_POINT('Axis2P3D Location',(-123.850046396,79.5,5.)) ;
#488=CARTESIAN_POINT('Axis2P3D Location',(-99.8500463963,49.5,5.)) ;
#492=CARTESIAN_POINT('Vertex',(-99.8500463963,47.5500000007,5.)) ;
#494=CARTESIAN_POINT('Vertex',(-99.8500463963,51.4499999993,5.)) ;
#497=CARTESIAN_POINT('Axis2P3D Location',(-99.8500463963,49.5,5.)) ;
#506=CARTESIAN_POINT('Axis2P3D Location',(-123.850046396,15.,5.)) ;
#510=CARTESIAN_POINT('Vertex',(-123.850046396,13.0500000007,5.)) ;
#512=CARTESIAN_POINT('Vertex',(-123.850046396,16.9499999993,5.)) ;
#515=CARTESIAN_POINT('Axis2P3D Location',(-123.850046396,15.,5.)) ;
#524=CARTESIAN_POINT('Axis2P3D Location',(-123.850046396,49.5,5.)) ;
#528=CARTESIAN_POINT('Vertex',(-123.850046396,47.5500000007,5.)) ;
#530=CARTESIAN_POINT('Vertex',(-123.850046396,51.4499999993,5.)) ;
#533=CARTESIAN_POINT('Axis2P3D Location',(-123.850046396,49.5,5.)) ;
#542=CARTESIAN_POINT('Axis2P3D Location',(-99.8500463963,79.5,5.)) ;
#546=CARTESIAN_POINT('Vertex',(-99.8500463963,77.5500000007,5.)) ;
#548=CARTESIAN_POINT('Vertex',(-99.8500463963,81.4499999993,5.)) ;
#551=CARTESIAN_POINT('Axis2P3D Location',(-99.8500463963,79.5,5.)) ;
#560=CARTESIAN_POINT('Axis2P3D Location',(-99.8500463963,15.,5.)) ;
#564=CARTESIAN_POINT('Vertex',(-99.8500463963,13.0500000007,5.)) ;
#566=CARTESIAN_POINT('Vertex',(-99.8500463963,16.9499999993,5.)) ;
#569=CARTESIAN_POINT('Axis2P3D Location',(-99.8500463963,15.,5.)) ;
#579=CARTESIAN_POINT('Control Point',(85.9872223642,-80.2166324332,5.)) ;
#580=CARTESIAN_POINT('Control Point',(86.1112238728,-80.3471014138,5.)) ;
#581=CARTESIAN_POINT('Control Point',(86.2156550403,-80.4961697371,5.)) ;
#582=CARTESIAN_POINT('Control Point',(86.2967967719,-80.6599479507,5.)) ;
#583=CARTESIAN_POINT('Control Point',(86.4074539965,-81.0067414737,5.)) ;
#584=CARTESIAN_POINT('Control Point',(86.4114949061,-81.3707368133,5.)) ;
#585=CARTESIAN_POINT('Control Point',(86.3859879318,-81.5517248681,5.)) ;
#586=CARTESIAN_POINT('Control Point',(86.2815029282,-81.9004276829,5.)) ;
#587=CARTESIAN_POINT('Control Point',(86.0793108062,-82.2031276698,5.)) ;
#588=CARTESIAN_POINT('Control Point',(85.9560654466,-82.3381012412,5.)) ;
#589=CARTESIAN_POINT('Control Point',(85.6729378322,-82.5669014217,5.)) ;
#590=CARTESIAN_POINT('Control Point',(85.3351442038,-82.7025642412,5.)) ;
#591=CARTESIAN_POINT('Control Point',(85.1572136118,-82.7443731685,5.)) ;
#592=CARTESIAN_POINT('Control Point',(84.7943480045,-82.7733442303,5.)) ;
#593=CARTESIAN_POINT('Control Point',(84.438953899,-82.6945789555,5.)) ;
#594=CARTESIAN_POINT('Control Point',(84.2684943564,-82.6286181883,5.)) ;
#595=CARTESIAN_POINT('Control Point',(84.0733192859,-82.5167830231,5.)) ;
#596=CARTESIAN_POINT('Control Point',(83.9037283802,-82.3726044474,5.)) ;
#597=CARTESIAN_POINT('Control Point',(83.8722815779,-82.3438900292,5.)) ;
#598=CARTESIAN_POINT('Control Point',(83.8419412767,-82.3141480864,5.)) ;
#599=CARTESIAN_POINT('Control Point',(83.8126899917,-82.2833711598,5.)) ;
#600=CARTESIAN_POINT('Vertex',(85.9872223636,-80.2166324334,5.)) ;
#602=CARTESIAN_POINT('Vertex',(83.8126899921,-82.2833711603,5.)) ;
#605=CARTESIAN_POINT('Line Origine',(83.0391512047,-81.4694873774,5.)) ;
#609=CARTESIAN_POINT('Vertex',(82.2656124179,-80.6556035946,5.)) ;
#613=CARTESIAN_POINT('Control Point',(82.2656124178,-80.6556035951,5.)) ;
#614=CARTESIAN_POINT('Control Point',(82.1416109086,-80.525134614,5.)) ;
#615=CARTESIAN_POINT('Control Point',(82.0371797408,-80.3760662899,5.)) ;
#616=CARTESIAN_POINT('Control Point',(81.9560380106,-80.2122880791,5.)) ;
#617=CARTESIAN_POINT('Control Point',(81.845380785,-79.865494554,5.)) ;
#618=CARTESIAN_POINT('Control Point',(81.8413398759,-79.5014992119,5.)) ;
#619=CARTESIAN_POINT('Control Point',(81.8668468493,-79.3205111632,5.)) ;
#620=CARTESIAN_POINT('Control Point',(81.9713318534,-78.9718083451,5.)) ;
#621=CARTESIAN_POINT('Control Point',(82.1735239777,-78.6691083557,5.)) ;
#622=CARTESIAN_POINT('Control Point',(82.2967693327,-78.5341347893,5.)) ;
#623=CARTESIAN_POINT('Control Point',(82.5798969468,-78.3053346084,5.)) ;
#624=CARTESIAN_POINT('Control Point',(82.9176905747,-78.1696717885,5.)) ;
#625=CARTESIAN_POINT('Control Point',(83.0956211739,-78.1278628576,5.)) ;
#626=CARTESIAN_POINT('Control Point',(83.2831370094,-78.1128916599,5.)) ;
#627=CARTESIAN_POINT('Control Point',(83.4686576184,-78.1266909011,5.)) ;
#628=CARTESIAN_POINT('Control Point',(83.474673626,-78.1271688135,5.)) ;
#629=CARTESIAN_POINT('Control Point',(83.4806871292,-78.1276769739,5.)) ;
#630=CARTESIAN_POINT('Control Point',(83.4866979258,-78.1282153645,5.)) ;
#631=CARTESIAN_POINT('Vertex',(83.4866979263,-78.1282153595,5.)) ;
#635=CARTESIAN_POINT('Control Point',(83.4866979258,-78.1282153645,5.)) ;
#636=CARTESIAN_POINT('Control Point',(83.6599653489,-78.143735029,5.)) ;
#637=CARTESIAN_POINT('Control Point',(83.8309838183,-78.1843742119,5.)) ;
#638=CARTESIAN_POINT('Control Point',(83.9949111492,-78.2497094484,5.)) ;
#639=CARTESIAN_POINT('Control Point',(84.1841162163,-78.3593643309,5.)) ;
#640=CARTESIAN_POINT('Control Point',(84.3491064018,-78.4996315809,5.)) ;
#641=CARTESIAN_POINT('Control Point',(84.3805532041,-78.5283459991,5.)) ;
#642=CARTESIAN_POINT('Control Point',(84.4108935053,-78.5580879419,5.)) ;
#643=CARTESIAN_POINT('Control Point',(84.4401447903,-78.5888648685,5.)) ;
#644=CARTESIAN_POINT('Vertex',(84.4401447892,-78.5888648674,5.)) ;
#647=CARTESIAN_POINT('Line Origine',(85.2136835773,-79.4027486509,5.)) ;
#660=CARTESIAN_POINT('Control Point',(102.358432647,-80.5920919925,5.)) ;
#661=CARTESIAN_POINT('Control Point',(102.434873416,-80.7615482358,5.)) ;
#662=CARTESIAN_POINT('Control Point',(102.486703139,-80.9421057304,5.)) ;
#663=CARTESIAN_POINT('Control Point',(102.511765882,-81.1290200676,5.)) ;
#664=CARTESIAN_POINT('Control Point',(102.506897417,-81.5046893229,5.)) ;
#665=CARTESIAN_POINT('Control Point',(102.395365036,-81.8634508663,5.)) ;
#666=CARTESIAN_POINT('Control Point',(102.313734438,-82.0334554401,5.)) ;
#667=CARTESIAN_POINT('Control Point',(102.103491291,-82.3448216387,5.)) ;
#668=CARTESIAN_POINT('Control Point',(101.813362416,-82.583515065,5.)) ;
#669=CARTESIAN_POINT('Control Point',(101.65182261,-82.6808290081,5.)) ;
#670=CARTESIAN_POINT('Control Point',(101.305188496,-82.8257285531,5.)) ;
#671=CARTESIAN_POINT('Control Point',(100.931658463,-82.8660352185,5.)) ;
#672=CARTESIAN_POINT('Control Point',(100.743212908,-82.858728461,5.)) ;
#673=CARTESIAN_POINT('Control Point',(100.373923316,-82.7896177923,5.)) ;
#674=CARTESIAN_POINT('Control Point',(100.03955254,-82.6183125191,5.)) ;
#675=CARTESIAN_POINT('Control Point',(99.8860328683,-82.5087825077,5.)) ;
#676=CARTESIAN_POINT('Control Point',(99.6955098372,-82.325528767,5.)) ;
#677=CARTESIAN_POINT('Control Point',(99.5472052732,-82.1094686797,5.)) ;
#678=CARTESIAN_POINT('Control Point',(99.5078203063,-82.0440899539,5.)) ;
#679=CARTESIAN_POINT('Control Point',(99.4726092335,-81.9769221235,5.)) ;
#680=CARTESIAN_POINT('Control Point',(99.441479709,-81.9079132378,5.)) ;
#681=CARTESIAN_POINT('Vertex',(102.358432647,-80.5920919919,5.)) ;
#683=CARTESIAN_POINT('Vertex',(99.4414797084,-81.9079132382,5.)) ;
#687=CARTESIAN_POINT('Control Point',(99.441479709,-81.9079132378,5.)) ;
#688=CARTESIAN_POINT('Control Point',(99.36503894,-81.7384569942,5.)) ;
#689=CARTESIAN_POINT('Control Point',(99.3132092167,-81.5578994992,5.)) ;
#690=CARTESIAN_POINT('Control Point',(99.2881464743,-81.3709851634,5.)) ;
#691=CARTESIAN_POINT('Control Point',(99.2930149392,-80.9953159101,5.)) ;
#692=CARTESIAN_POINT('Control Point',(99.4045473182,-80.6365543686,5.)) ;
#693=CARTESIAN_POINT('Control Point',(99.486177919,-80.4665497863,5.)) ;
#694=CARTESIAN_POINT('Control Point',(99.6964210646,-80.1551835909,5.)) ;
#695=CARTESIAN_POINT('Control Point',(99.9865499369,-79.9164901666,5.)) ;
#696=CARTESIAN_POINT('Control Point',(100.148089747,-79.8191762215,5.)) ;
#697=CARTESIAN_POINT('Control Point',(100.494723861,-79.6742766769,5.)) ;
#698=CARTESIAN_POINT('Control Point',(100.868253894,-79.6339700117,5.)) ;
#699=CARTESIAN_POINT('Control Point',(101.056699447,-79.6412767691,5.)) ;
#700=CARTESIAN_POINT('Control Point',(101.425989039,-79.7103874378,5.)) ;
#701=CARTESIAN_POINT('Control Point',(101.760359816,-79.8816927115,5.)) ;
#702=CARTESIAN_POINT('Control Point',(101.913879487,-79.9912227222,5.)) ;
#703=CARTESIAN_POINT('Control Point',(102.104402519,-80.1744764631,5.)) ;
#704=CARTESIAN_POINT('Control Point',(102.252707083,-80.3905365506,5.)) ;
#705=CARTESIAN_POINT('Control Point',(102.29209205,-80.4559152764,5.)) ;
#706=CARTESIAN_POINT('Control Point',(102.327303122,-80.5230831068,5.)) ;
#707=CARTESIAN_POINT('Control Point',(102.358432647,-80.5920919925,5.)) ;
#713=CARTESIAN_POINT('Line Origine',(102.833245582,81.5383781176,5.)) ;
#717=CARTESIAN_POINT('Vertex',(102.059707688,82.3522623094,5.)) ;
#719=CARTESIAN_POINT('Vertex',(103.606783476,80.7244939255,5.)) ;
#722=CARTESIAN_POINT('Axis2P3D Location',(102.447031966,79.6222342318,5.)) ;
#726=CARTESIAN_POINT('Vertex',(101.719793918,78.1970588665,5.)) ;
#729=CARTESIAN_POINT('Axis2P3D Location',(102.447031966,79.6222342318,5.)) ;
#733=CARTESIAN_POINT('Vertex',(101.287280454,78.5199745375,5.)) ;
#736=CARTESIAN_POINT('Line Origine',(100.513742561,79.3338587293,5.)) ;
#740=CARTESIAN_POINT('Vertex',(99.7402046673,80.1477429208,5.)) ;
#744=CARTESIAN_POINT('Control Point',(99.7402046677,80.1477429215,5.)) ;
#745=CARTESIAN_POINT('Control Point',(99.6121362417,80.2824911584,5.)) ;
#746=CARTESIAN_POINT('Control Point',(99.5036382458,80.4358388467,5.)) ;
#747=CARTESIAN_POINT('Control Point',(99.4183111919,80.6040185322,5.)) ;
#748=CARTESIAN_POINT('Control Point',(99.2989645293,80.960259269,5.)) ;
#749=CARTESIAN_POINT('Control Point',(99.2858876478,81.3357300522,5.)) ;
#750=CARTESIAN_POINT('Control Point',(99.306858838,81.5231475609,5.)) ;
#751=CARTESIAN_POINT('Control Point',(99.4026025303,81.886443905,5.)) ;
#752=CARTESIAN_POINT('Control Point',(99.5977354663,82.2074928904,5.)) ;
#753=CARTESIAN_POINT('Control Point',(99.7181239557,82.3526539191,5.)) ;
#754=CARTESIAN_POINT('Control Point',(99.9975431601,82.6038032686,5.)) ;
#755=CARTESIAN_POINT('Control Point',(100.336860072,82.7650898028,5.)) ;
#756=CARTESIAN_POINT('Control Point',(100.517164727,82.8203649951,5.)) ;
#757=CARTESIAN_POINT('Control Point',(100.888578101,82.8769617429,5.)) ;
#758=CARTESIAN_POINT('Control Point',(101.260744373,82.8255654639,5.)) ;
#759=CARTESIAN_POINT('Control Point',(101.441804715,82.772818251,5.)) ;
#760=CARTESIAN_POINT('Control Point',(101.68211976,82.6626836209,5.)) ;
#761=CARTESIAN_POINT('Control Point',(101.893403886,82.5076506502,5.)) ;
#762=CARTESIAN_POINT('Control Point',(101.952153632,82.4589267256,5.)) ;
#763=CARTESIAN_POINT('Control Point',(102.007553461,82.4071368036,5.)) ;
#764=CARTESIAN_POINT('Control Point',(102.059707688,82.3522623088,5.)) ;
#773=CARTESIAN_POINT('Axis2P3D Location',(50.6615337515,34.4430847159,5.)) ;
#777=CARTESIAN_POINT('Vertex',(52.2615337512,34.4430847168,5.)) ;
#779=CARTESIAN_POINT('Vertex',(49.0615337512,34.4430847168,5.)) ;
#782=CARTESIAN_POINT('Line Origine',(52.2615337521,32.4430847168,5.)) ;
#786=CARTESIAN_POINT('Vertex',(52.2615337512,30.4430847168,5.)) ;
#789=CARTESIAN_POINT('Axis2P3D Location',(50.6615337515,30.4430847177,5.)) ;
#793=CARTESIAN_POINT('Vertex',(49.0615337512,30.4430847168,5.)) ;
#796=CARTESIAN_POINT('Line Origine',(49.061533751,32.4430847168,5.)) ;
#807=CARTESIAN_POINT('Axis2P3D Location',(-13.4097690582,30.4430847168,5.)) ;
#811=CARTESIAN_POINT('Vertex',(-15.0097690582,30.4430847168,5.)) ;
#813=CARTESIAN_POINT('Vertex',(-11.8097690582,30.4430847168,5.)) ;
#816=CARTESIAN_POINT('Line Origine',(-15.0097690579,32.4430847168,5.)) ;
#820=CARTESIAN_POINT('Vertex',(-15.0097690582,34.4430847168,5.)) ;
#823=CARTESIAN_POINT('Axis2P3D Location',(-13.4097690582,34.4430847168,5.)) ;
#827=CARTESIAN_POINT('Vertex',(-11.8097690582,34.4430847168,5.)) ;
#830=CARTESIAN_POINT('Line Origine',(-11.8097690586,32.4430847168,5.)) ;
#841=CARTESIAN_POINT('Line Origine',(49.061533751,-32.4430847168,5.)) ;
#845=CARTESIAN_POINT('Vertex',(49.0615337512,-30.4430847168,5.)) ;
#847=CARTESIAN_POINT('Vertex',(49.0615337512,-34.4430847168,5.)) ;
#850=CARTESIAN_POINT('Axis2P3D Location',(50.6615337515,-30.4430847177,5.)) ;
#854=CARTESIAN_POINT('Vertex',(52.2615337512,-30.4430847168,5.)) ;
#857=CARTESIAN_POINT('Line Origine',(52.2615337521,-32.4430847168,5.)) ;
#861=CARTESIAN_POINT('Vertex',(52.2615337512,-34.4430847168,5.)) ;
#864=CARTESIAN_POINT('Axis2P3D Location',(50.6615337515,-34.4430847159,5.)) ;
#875=CARTESIAN_POINT('Axis2P3D Location',(-13.4097690582,-34.4430847168,5.)) ;
#879=CARTESIAN_POINT('Vertex',(-15.0097690582,-34.4430847168,5.)) ;
#881=CARTESIAN_POINT('Vertex',(-11.8097690582,-34.4430847168,5.)) ;
#884=CARTESIAN_POINT('Line Origine',(-15.0097690579,-32.4430847168,5.)) ;
#888=CARTESIAN_POINT('Vertex',(-15.0097690582,-30.4430847168,5.)) ;
#891=CARTESIAN_POINT('Axis2P3D Location',(-13.4097690582,-30.4430847168,5.)) ;
#895=CARTESIAN_POINT('Vertex',(-11.8097690582,-30.4430847168,5.)) ;
#898=CARTESIAN_POINT('Line Origine',(-11.8097690586,-32.4430847168,5.)) ;
#909=CARTESIAN_POINT('Axis2P3D Location',(-30.2366475454,20.8596500447,5.)) ;
#913=CARTESIAN_POINT('Vertex',(-28.6366475448,20.8596500456,5.)) ;
#915=CARTESIAN_POINT('Vertex',(-31.8366475459,20.8596500456,5.)) ;
#918=CARTESIAN_POINT('Axis2P3D Location',(-30.2366475454,20.8596500447,5.)) ;
#927=CARTESIAN_POINT('Axis2P3D Location',(-30.2366475454,-20.8596500447,5.)) ;
#931=CARTESIAN_POINT('Vertex',(-28.6366475448,-20.8596500456,5.)) ;
#933=CARTESIAN_POINT('Vertex',(-31.8366475459,-20.8596500456,5.)) ;
#936=CARTESIAN_POINT('Axis2P3D Location',(-30.2366475454,-20.8596500447,5.)) ;
#945=CARTESIAN_POINT('Axis2P3D Location',(30.5388195198,-2.8088642523E-14,5.)) ;
#949=CARTESIAN_POINT('Vertex',(30.5388195198,1.59999999963,5.)) ;
#951=CARTESIAN_POINT('Vertex',(30.5388195198,-1.59999999963,5.)) ;
#954=CARTESIAN_POINT('Axis2P3D Location',(30.5388195198,-2.87547763378E-14,5.)) ;
#963=CARTESIAN_POINT('Axis2P3D Location',(17.9502080297,-6.55321635399,5.)) ;
#967=CARTESIAN_POINT('Vertex',(17.9502080288,-4.95321635343,5.)) ;
#969=CARTESIAN_POINT('Vertex',(17.9502080288,-8.15321635455,5.)) ;
#972=CARTESIAN_POINT('Axis2P3D Location',(17.9502080278,-6.55321635399,5.)) ;
#981=CARTESIAN_POINT('Axis2P3D Location',(17.9502080297,6.55321635399,5.)) ;
#985=CARTESIAN_POINT('Vertex',(17.9502080288,8.15321635455,5.)) ;
#987=CARTESIAN_POINT('Vertex',(17.9502080288,4.95321635343,5.)) ;
#990=CARTESIAN_POINT('Axis2P3D Location',(17.9502080278,6.55321635399,5.)) ;
#999=CARTESIAN_POINT('Axis2P3D Location',(94.0277076727,9.31293819839E-10,5.)) ;
#1003=CARTESIAN_POINT('Vertex',(94.0277076717,1.60000000149,5.)) ;
#1005=CARTESIAN_POINT('Vertex',(94.0277076717,-1.59999999963,5.)) ;
#1008=CARTESIAN_POINT('Axis2P3D Location',(94.0277076708,9.31294041884E-10,5.)) ;
#1017=CARTESIAN_POINT('Axis2P3D Location',(-141.172292325,-2.79399603453E-09,5.)) ;
#1021=CARTESIAN_POINT('Vertex',(-141.172292326,1.59999999776,5.)) ;
#1023=CARTESIAN_POINT('Vertex',(-141.172292326,-1.60000000335,5.)) ;
#1026=CARTESIAN_POINT('Axis2P3D Location',(-141.172292327,-2.79399581249E-09,5.)) ;
#1035=CARTESIAN_POINT('Axis2P3D Location',(-42.9722923273,9.31293819839E-10,5.)) ;
#1039=CARTESIAN_POINT('Vertex',(-42.9722923283,1.60000000149,5.)) ;
#1041=CARTESIAN_POINT('Vertex',(-42.9722923283,-1.59999999963,5.)) ;
#1044=CARTESIAN_POINT('Axis2P3D Location',(-42.9722923292,9.31294041884E-10,5.)) ;
#1053=CARTESIAN_POINT('Axis2P3D Location',(-92.0722923251,-49.1000000024,5.)) ;
#1057=CARTESIAN_POINT('Vertex',(-92.072292326,-47.5000000019,5.)) ;
#1059=CARTESIAN_POINT('Vertex',(-92.072292326,-50.700000003,5.)) ;
#1062=CARTESIAN_POINT('Axis2P3D Location',(-92.0722923269,-49.1000000024,5.)) ;
#1071=CARTESIAN_POINT('Axis2P3D Location',(-92.0722923269,49.1000000006,5.)) ;
#1075=CARTESIAN_POINT('Vertex',(-92.0722923279,50.7000000011,5.)) ;
#1077=CARTESIAN_POINT('Vertex',(-92.0722923279,47.5,5.)) ;
#1080=CARTESIAN_POINT('Axis2P3D Location',(-92.0722923288,49.1000000006,5.)) ;
#1089=CARTESIAN_POINT('Axis2P3D Location',(44.9277076731,49.1000000006,5.)) ;
#1093=CARTESIAN_POINT('Vertex',(44.9277076721,50.7000000011,5.)) ;
#1095=CARTESIAN_POINT('Vertex',(44.9277076721,47.5,5.)) ;
#1098=CARTESIAN_POINT('Axis2P3D Location',(44.9277076712,49.1000000006,5.)) ;
#1107=CARTESIAN_POINT('Axis2P3D Location',(44.9277076749,-49.1000000024,5.)) ;
#1111=CARTESIAN_POINT('Vertex',(44.927707674,-47.5000000019,5.)) ;
#1113=CARTESIAN_POINT('Vertex',(44.927707674,-50.700000003,5.)) ;
#1116=CARTESIAN_POINT('Axis2P3D Location',(44.9277076731,-49.1000000024,5.)) ;
#1125=CARTESIAN_POINT('Axis2P3D Location',(-4.17229232471,-2.79399603453E-09,5.)) ;
#1129=CARTESIAN_POINT('Vertex',(-4.17229232565,1.59999999776,5.)) ;
#1131=CARTESIAN_POINT('Vertex',(-4.17229232565,-1.60000000335,5.)) ;
#1134=CARTESIAN_POINT('Axis2P3D Location',(-4.17229232658,-2.79399581249E-09,5.)) ;
#1143=CARTESIAN_POINT('Axis2P3D Location',(-134.920523382,-34.7980042221,5.)) ;
#1147=CARTESIAN_POINT('Vertex',(-134.920523381,-36.3980042227,5.)) ;
#1149=CARTESIAN_POINT('Vertex',(-134.920523381,-33.1980042215,5.)) ;
#1152=CARTESIAN_POINT('Axis2P3D Location',(-134.92052338,-34.7980042221,5.)) ;
#1161=CARTESIAN_POINT('Axis2P3D Location',(150.,90.6910095215,5.)) ;
#1165=CARTESIAN_POINT('Vertex',(150.,89.0910095219,5.)) ;
#1167=CARTESIAN_POINT('Vertex',(150.,92.2910095211,5.)) ;
#1170=CARTESIAN_POINT('Axis2P3D Location',(150.,90.6910095215,5.)) ;
#1179=CARTESIAN_POINT('Axis2P3D Location',(-123.126899719,91.1570129395,5.)) ;
#1183=CARTESIAN_POINT('Vertex',(-123.126899719,89.5570129398,5.)) ;
#1185=CARTESIAN_POINT('Vertex',(-123.126899719,92.7570129391,5.)) ;
#1188=CARTESIAN_POINT('Axis2P3D Location',(-123.126899719,91.1570129395,5.)) ;
#1197=CARTESIAN_POINT('Axis2P3D Location',(150.,105.,5.)) ;
#1201=CARTESIAN_POINT('Vertex',(150.,103.4,5.)) ;
#1203=CARTESIAN_POINT('Vertex',(150.,106.6,5.)) ;
#1206=CARTESIAN_POINT('Axis2P3D Location',(150.,105.,5.)) ;
#1215=CARTESIAN_POINT('Axis2P3D Location',(-134.984603883,88.2000000002,5.)) ;
#1219=CARTESIAN_POINT('Vertex',(-134.984603882,86.5999999996,5.)) ;
#1221=CARTESIAN_POINT('Vertex',(-134.984603882,89.8000000007,5.)) ;
#1224=CARTESIAN_POINT('Axis2P3D Location',(-134.984603881,88.2000000002,5.)) ;
#1233=CARTESIAN_POINT('Axis2P3D Location',(36.0494270325,-112.,5.)) ;
#1237=CARTESIAN_POINT('Vertex',(36.0494270325,-113.6,5.)) ;
#1239=CARTESIAN_POINT('Vertex',(36.0494270325,-110.4,5.)) ;
#1242=CARTESIAN_POINT('Axis2P3D Location',(36.0494270325,-112.,5.)) ;
#1251=CARTESIAN_POINT('Axis2P3D Location',(36.0494270325,112.,5.)) ;
#1255=CARTESIAN_POINT('Vertex',(36.0494270325,110.4,5.)) ;
#1257=CARTESIAN_POINT('Vertex',(36.0494270325,113.6,5.)) ;
#1260=CARTESIAN_POINT('Axis2P3D Location',(36.0494270325,112.,5.)) ;
#1269=CARTESIAN_POINT('Axis2P3D Location',(150.,-90.6910095215,5.)) ;
#1273=CARTESIAN_POINT('Vertex',(150.,-92.2910095211,5.)) ;
#1275=CARTESIAN_POINT('Vertex',(150.,-89.0910095219,5.)) ;
#1278=CARTESIAN_POINT('Axis2P3D Location',(150.,-90.6910095215,5.)) ;
#1287=CARTESIAN_POINT('Axis2P3D Location',(150.,-105.,5.)) ;
#1291=CARTESIAN_POINT('Vertex',(150.,-106.6,5.)) ;
#1293=CARTESIAN_POINT('Vertex',(150.,-103.4,5.)) ;
#1296=CARTESIAN_POINT('Axis2P3D Location',(150.,-105.,5.)) ;
#1305=CARTESIAN_POINT('Axis2P3D Location',(-123.126899719,-91.1570129395,5.)) ;
#1309=CARTESIAN_POINT('Vertex',(-123.126899719,-92.7570129391,5.)) ;
#1311=CARTESIAN_POINT('Vertex',(-123.126899719,-89.5570129398,5.)) ;
#1314=CARTESIAN_POINT('Axis2P3D Location',(-123.126899719,-91.1570129395,5.)) ;
#1323=CARTESIAN_POINT('Axis2P3D Location',(-134.984603883,-88.2000000002,5.)) ;
#1327=CARTESIAN_POINT('Vertex',(-134.984603882,-89.8000000007,5.)) ;
#1329=CARTESIAN_POINT('Vertex',(-134.984603882,-86.5999999996,5.)) ;
#1332=CARTESIAN_POINT('Axis2P3D Location',(-134.984603881,-88.2000000002,5.)) ;
#1341=CARTESIAN_POINT('Axis2P3D Location',(100.899956895,67.2500026152,5.)) ;
#1345=CARTESIAN_POINT('Vertex',(100.899956893,65.6500026155,5.)) ;
#1347=CARTESIAN_POINT('Vertex',(100.899956893,68.8500026148,5.)) ;
#1350=CARTESIAN_POINT('Axis2P3D Location',(100.899956893,67.2500026152,5.)) ;
#1359=CARTESIAN_POINT('Axis2P3D Location',(108.034265395,57.5000877175,5.)) ;
#1363=CARTESIAN_POINT('Vertex',(108.034265395,55.9000877179,5.)) ;
#1365=CARTESIAN_POINT('Vertex',(108.034265395,59.1000877172,5.)) ;
#1368=CARTESIAN_POINT('Axis2P3D Location',(108.034265395,57.5000877175,5.)) ;
#1377=CARTESIAN_POINT('Axis2P3D Location',(107.899953594,52.5,5.)) ;
#1381=CARTESIAN_POINT('Vertex',(107.899953594,50.9000000004,5.)) ;
#1383=CARTESIAN_POINT('Vertex',(107.899953594,54.0999999996,5.)) ;
#1386=CARTESIAN_POINT('Axis2P3D Location',(107.899953594,52.5,5.)) ;
#1395=CARTESIAN_POINT('Axis2P3D Location',(107.899953594,76.5,5.)) ;
#1399=CARTESIAN_POINT('Vertex',(107.899953594,74.9000000004,5.)) ;
#1401=CARTESIAN_POINT('Vertex',(107.899953594,78.0999999996,5.)) ;
#1404=CARTESIAN_POINT('Axis2P3D Location',(107.899953594,76.5,5.)) ;
#1413=CARTESIAN_POINT('Axis2P3D Location',(108.034400888,81.5000877175,5.)) ;
#1417=CARTESIAN_POINT('Vertex',(108.034400888,79.9000877179,5.)) ;
#1419=CARTESIAN_POINT('Vertex',(108.034400888,83.1000877172,5.)) ;
#1422=CARTESIAN_POINT('Axis2P3D Location',(108.034400888,81.5000877175,5.)) ;
#1431=CARTESIAN_POINT('Axis2P3D Location',(77.8999535944,52.5,5.)) ;
#1435=CARTESIAN_POINT('Vertex',(77.8999535944,50.9000000004,5.)) ;
#1437=CARTESIAN_POINT('Vertex',(77.8999535944,54.0999999996,5.)) ;
#1440=CARTESIAN_POINT('Axis2P3D Location',(77.8999535944,52.5,5.)) ;
#1449=CARTESIAN_POINT('Axis2P3D Location',(78.0342653962,57.5002570832,5.)) ;
#1453=CARTESIAN_POINT('Vertex',(78.0342653953,55.9002570827,5.)) ;
#1455=CARTESIAN_POINT('Vertex',(78.0342653953,59.1002570838,5.)) ;
#1458=CARTESIAN_POINT('Axis2P3D Location',(78.0342653962,57.5002570832,5.)) ;
#1467=CARTESIAN_POINT('Axis2P3D Location',(78.0344008887,81.5002570832,5.)) ;
#1471=CARTESIAN_POINT('Vertex',(78.0344008878,79.9002570827,5.)) ;
#1473=CARTESIAN_POINT('Vertex',(78.0344008878,83.1002570838,5.)) ;
#1476=CARTESIAN_POINT('Axis2P3D Location',(78.0344008887,81.5002570832,5.)) ;
#1485=CARTESIAN_POINT('Axis2P3D Location',(84.8999568941,67.2500017965,5.)) ;
#1489=CARTESIAN_POINT('Vertex',(84.8999568932,65.650001796,5.)) ;
#1491=CARTESIAN_POINT('Vertex',(84.8999568932,68.8500017971,5.)) ;
#1494=CARTESIAN_POINT('Axis2P3D Location',(84.8999568941,67.2500017965,5.)) ;
#1503=CARTESIAN_POINT('Axis2P3D Location',(77.8999535944,76.5,5.)) ;
#1507=CARTESIAN_POINT('Vertex',(77.8999535944,74.9000000004,5.)) ;
#1509=CARTESIAN_POINT('Vertex',(77.8999535944,78.0999999996,5.)) ;
#1512=CARTESIAN_POINT('Axis2P3D Location',(77.8999535944,76.5,5.)) ;
#1521=CARTESIAN_POINT('Axis2P3D Location',(77.8999535944,-52.5,5.)) ;
#1525=CARTESIAN_POINT('Vertex',(77.8999535944,-54.0999999996,5.)) ;
#1527=CARTESIAN_POINT('Vertex',(77.8999535944,-50.9000000004,5.)) ;
#1530=CARTESIAN_POINT('Axis2P3D Location',(77.8999535944,-52.5,5.)) ;
#1539=CARTESIAN_POINT('Axis2P3D Location',(107.899953594,-76.5,5.)) ;
#1543=CARTESIAN_POINT('Vertex',(107.899953594,-78.0999999996,5.)) ;
#1545=CARTESIAN_POINT('Vertex',(107.899953594,-74.9000000004,5.)) ;
#1548=CARTESIAN_POINT('Axis2P3D Location',(107.899953594,-76.5,5.)) ;
#1557=CARTESIAN_POINT('Axis2P3D Location',(100.899956895,-67.2500026152,5.)) ;
#1561=CARTESIAN_POINT('Vertex',(100.899956893,-68.8500026148,5.)) ;
#1563=CARTESIAN_POINT('Vertex',(100.899956893,-65.6500026155,5.)) ;
#1566=CARTESIAN_POINT('Axis2P3D Location',(100.899956893,-67.2500026152,5.)) ;
#1575=CARTESIAN_POINT('Axis2P3D Location',(108.034265395,-57.5000877175,5.)) ;
#1579=CARTESIAN_POINT('Vertex',(108.034265395,-59.1000877172,5.)) ;
#1581=CARTESIAN_POINT('Vertex',(108.034265395,-55.9000877179,5.)) ;
#1584=CARTESIAN_POINT('Axis2P3D Location',(108.034265395,-57.5000877175,5.)) ;
#1593=CARTESIAN_POINT('Axis2P3D Location',(107.899953594,-52.5,5.)) ;
#1597=CARTESIAN_POINT('Vertex',(107.899953594,-54.0999999996,5.)) ;
#1599=CARTESIAN_POINT('Vertex',(107.899953594,-50.9000000004,5.)) ;
#1602=CARTESIAN_POINT('Axis2P3D Location',(107.899953594,-52.5,5.)) ;
#1611=CARTESIAN_POINT('Axis2P3D Location',(78.0344008887,-81.5002570832,5.)) ;
#1615=CARTESIAN_POINT('Vertex',(78.0344008878,-83.1002570838,5.)) ;
#1617=CARTESIAN_POINT('Vertex',(78.0344008878,-79.9002570827,5.)) ;
#1620=CARTESIAN_POINT('Axis2P3D Location',(78.0344008887,-81.5002570832,5.)) ;
#1629=CARTESIAN_POINT('Axis2P3D Location',(77.8999535944,-76.5,5.)) ;
#1633=CARTESIAN_POINT('Vertex',(77.8999535944,-78.0999999996,5.)) ;
#1635=CARTESIAN_POINT('Vertex',(77.8999535944,-74.9000000004,5.)) ;
#1638=CARTESIAN_POINT('Axis2P3D Location',(77.8999535944,-76.5,5.)) ;
#1647=CARTESIAN_POINT('Axis2P3D Location',(108.034400888,-81.5000877175,5.)) ;
#1651=CARTESIAN_POINT('Vertex',(108.034400888,-83.1000877172,5.)) ;
#1653=CARTESIAN_POINT('Vertex',(108.034400888,-79.9000877179,5.)) ;
#1656=CARTESIAN_POINT('Axis2P3D Location',(108.034400888,-81.5000877175,5.)) ;
#1665=CARTESIAN_POINT('Axis2P3D Location',(78.0342653962,-57.5002570832,5.)) ;
#1669=CARTESIAN_POINT('Vertex',(78.0342653953,-59.1002570838,5.)) ;
#1671=CARTESIAN_POINT('Vertex',(78.0342653953,-55.9002570827,5.)) ;
#1674=CARTESIAN_POINT('Axis2P3D Location',(78.0342653962,-57.5002570832,5.)) ;
#1683=CARTESIAN_POINT('Axis2P3D Location',(84.8999568941,-67.2500017965,5.)) ;
#1687=CARTESIAN_POINT('Vertex',(84.8999568932,-68.8500017971,5.)) ;
#1689=CARTESIAN_POINT('Vertex',(84.8999568932,-65.650001796,5.)) ;
#1692=CARTESIAN_POINT('Axis2P3D Location',(84.8999568941,-67.2500017965,5.)) ;
#1701=CARTESIAN_POINT('Axis2P3D Location',(-35.2099461396,-71.5928277142,5.)) ;
#1705=CARTESIAN_POINT('Vertex',(-34.9702575332,-70.0108829075,5.)) ;
#1707=CARTESIAN_POINT('Vertex',(-35.4496347474,-73.174772521,5.)) ;
#1710=CARTESIAN_POINT('Line Origine',(-5.82329843286,-74.4270888316,5.)) ;
#1714=CARTESIAN_POINT('Vertex',(23.3236606682,-78.8432947562,5.)) ;
#1717=CARTESIAN_POINT('Axis2P3D Location',(23.0839720611,-80.425239563,5.)) ;
#1721=CARTESIAN_POINT('Vertex',(22.8442834541,-82.0071843697,5.)) ;
#1724=CARTESIAN_POINT('Line Origine',(-6.30267564673,-77.5909784455,5.)) ;
#1735=CARTESIAN_POINT('Line Origine',(-6.30267564673,-58.5909784455,5.)) ;
#1739=CARTESIAN_POINT('Vertex',(-35.4496347474,-54.174772521,5.)) ;
#1741=CARTESIAN_POINT('Vertex',(22.844283454,-63.0071843697,5.)) ;
#1744=CARTESIAN_POINT('Axis2P3D Location',(-35.2099461396,-52.5928277142,5.)) ;
#1748=CARTESIAN_POINT('Vertex',(-34.9702575332,-51.0108829075,5.)) ;
#1751=CARTESIAN_POINT('Line Origine',(-5.82329843286,-55.4270888316,5.)) ;
#1755=CARTESIAN_POINT('Vertex',(23.3236606682,-59.8432947562,5.)) ;
#1758=CARTESIAN_POINT('Axis2P3D Location',(23.0839720611,-61.425239563,5.)) ;
#1769=CARTESIAN_POINT('Axis2P3D Location',(23.0839720611,61.425239563,5.)) ;
#1773=CARTESIAN_POINT('Vertex',(23.3236606683,59.8432947562,5.)) ;
#1775=CARTESIAN_POINT('Vertex',(22.8442834541,63.0071843697,5.)) ;
#1778=CARTESIAN_POINT('Line Origine',(-5.82329843286,55.4270888316,5.)) ;
#1782=CARTESIAN_POINT('Vertex',(-34.9702575332,51.0108829075,5.)) ;
#1785=CARTESIAN_POINT('Axis2P3D Location',(-35.2099461396,52.5928277142,5.)) ;
#1789=CARTESIAN_POINT('Vertex',(-35.4496347474,54.174772521,5.)) ;
#1792=CARTESIAN_POINT('Line Origine',(-6.30267564673,58.5909784455,5.)) ;
#1803=CARTESIAN_POINT('Axis2P3D Location',(23.0839720611,80.425239563,5.)) ;
#1807=CARTESIAN_POINT('Vertex',(23.3236606683,78.8432947562,5.)) ;
#1809=CARTESIAN_POINT('Vertex',(22.8442834541,82.0071843697,5.)) ;
#1812=CARTESIAN_POINT('Line Origine',(-5.82329843286,74.4270888316,5.)) ;
#1816=CARTESIAN_POINT('Vertex',(-34.9702575332,70.0108829075,5.)) ;
#1819=CARTESIAN_POINT('Axis2P3D Location',(-35.2099461396,71.5928277142,5.)) ;
#1823=CARTESIAN_POINT('Vertex',(-35.4496347474,73.174772521,5.)) ;
#1826=CARTESIAN_POINT('Line Origine',(-6.30267564673,77.5909784455,5.)) ;
#1837=CARTESIAN_POINT('Axis2P3D Location',(140.,-105.,5.)) ;
#1841=CARTESIAN_POINT('Vertex',(140.,-106.6,5.)) ;
#1843=CARTESIAN_POINT('Vertex',(140.,-103.4,5.)) ;
#1846=CARTESIAN_POINT('Axis2P3D Location',(140.,-105.,5.)) ;
#1855=CARTESIAN_POINT('Axis2P3D Location',(19.9702262878,-112.,5.)) ;
#1859=CARTESIAN_POINT('Vertex',(19.9702262878,-113.6,5.)) ;
#1861=CARTESIAN_POINT('Vertex',(19.9702262878,-110.4,5.)) ;
#1864=CARTESIAN_POINT('Axis2P3D Location',(19.9702262878,-112.,5.)) ;
#1873=CARTESIAN_POINT('Axis2P3D Location',(-140.,-85.,5.)) ;
#1877=CARTESIAN_POINT('Vertex',(-140.,-86.5999999996,5.)) ;
#1879=CARTESIAN_POINT('Vertex',(-140.,-83.4000000004,5.)) ;
#1882=CARTESIAN_POINT('Axis2P3D Location',(-140.,-85.,5.)) ;
#1891=CARTESIAN_POINT('Axis2P3D Location',(140.,105.,5.)) ;
#1895=CARTESIAN_POINT('Vertex',(140.,103.4,5.)) ;
#1897=CARTESIAN_POINT('Vertex',(140.,106.6,5.)) ;
#1900=CARTESIAN_POINT('Axis2P3D Location',(140.,105.,5.)) ;
#1909=CARTESIAN_POINT('Axis2P3D Location',(19.9702262878,112.,5.)) ;
#1913=CARTESIAN_POINT('Vertex',(19.9702262878,110.4,5.)) ;
#1915=CARTESIAN_POINT('Vertex',(19.9702262878,113.6,5.)) ;
#1918=CARTESIAN_POINT('Axis2P3D Location',(19.9702262878,112.,5.)) ;
#1927=CARTESIAN_POINT('Axis2P3D Location',(-140.,85.,5.)) ;
#1931=CARTESIAN_POINT('Vertex',(-140.,83.4000000004,5.)) ;
#1933=CARTESIAN_POINT('Vertex',(-140.,86.5999999996,5.)) ;
#1936=CARTESIAN_POINT('Axis2P3D Location',(-140.,85.,5.)) ;
#1945=CARTESIAN_POINT('Axis2P3D Location',(118.361000061,-12.5,5.)) ;
#1949=CARTESIAN_POINT('Vertex',(108.361000061,-12.5,5.)) ;
#1951=CARTESIAN_POINT('Vertex',(128.361000061,-12.5,5.)) ;
#1954=CARTESIAN_POINT('Line Origine',(108.361000061,-2.84217094304E-14,5.)) ;
#1958=CARTESIAN_POINT('Vertex',(108.361000061,12.5,5.)) ;
#1961=CARTESIAN_POINT('Axis2P3D Location',(118.361000061,12.5,5.)) ;
#1965=CARTESIAN_POINT('Vertex',(128.361000061,12.5,5.)) ;
#1968=CARTESIAN_POINT('Line Origine',(128.361000061,-2.84217094304E-14,5.)) ;
#1979=CARTESIAN_POINT('Line Origine',(55.361000061,-2.84217094304E-14,5.)) ;
#1983=CARTESIAN_POINT('Vertex',(55.361000061,12.5,5.)) ;
#1985=CARTESIAN_POINT('Vertex',(55.361000061,-12.5,5.)) ;
#1988=CARTESIAN_POINT('Axis2P3D Location',(62.361000061,12.5,5.)) ;
#1992=CARTESIAN_POINT('Vertex',(69.361000061,12.5,5.)) ;
#1995=CARTESIAN_POINT('Line Origine',(69.361000061,-2.84217094304E-14,5.)) ;
#1999=CARTESIAN_POINT('Vertex',(69.361000061,-12.5,5.)) ;
#2002=CARTESIAN_POINT('Axis2P3D Location',(62.361000061,-12.5,5.)) ;
#2013=CARTESIAN_POINT('Axis2P3D Location',(-92.983039856,-7.5,5.)) ;
#2017=CARTESIAN_POINT('Vertex',(-98.4830398559,-7.5,5.)) ;
#2019=CARTESIAN_POINT('Vertex',(-87.4830398559,-7.5,5.)) ;
#2022=CARTESIAN_POINT('Line Origine',(-98.483039856,-2.84217094304E-14,5.)) ;
#2026=CARTESIAN_POINT('Vertex',(-98.4830398559,7.5,5.)) ;
#2029=CARTESIAN_POINT('Axis2P3D Location',(-92.983039856,7.5,5.)) ;
#2033=CARTESIAN_POINT('Vertex',(-87.4830398559,7.5,5.)) ;
#2036=CARTESIAN_POINT('Line Origine',(-87.483039856,-2.84217094304E-14,5.)) ;
#2047=CARTESIAN_POINT('Axis2P3D Location',(2.61802053452,-27.8561706543,5.)) ;
#2051=CARTESIAN_POINT('Vertex',(1.01802053452,-27.8561706543,5.)) ;
#2053=CARTESIAN_POINT('Vertex',(4.21802053452,-27.8561706543,5.)) ;
#2056=CARTESIAN_POINT('Line Origine',(1.01802053489,-2.84217094304E-14,5.)) ;
#2060=CARTESIAN_POINT('Vertex',(1.01802053452,27.8561706543,5.)) ;
#2063=CARTESIAN_POINT('Axis2P3D Location',(2.61802053452,27.8561706543,5.)) ;
#2067=CARTESIAN_POINT('Vertex',(4.21802053452,27.8561706543,5.)) ;
#2070=CARTESIAN_POINT('Line Origine',(4.21802053414,-2.84217094304E-14,5.)) ;
#2081=CARTESIAN_POINT('Axis2P3D Location',(13.6180205345,-27.8561706543,5.)) ;
#2085=CARTESIAN_POINT('Vertex',(12.0180205345,-27.8561706543,5.)) ;
#2087=CARTESIAN_POINT('Vertex',(15.2180205345,-27.8561706543,5.)) ;
#2090=CARTESIAN_POINT('Line Origine',(12.0180205349,-2.84217094304E-14,5.)) ;
#2094=CARTESIAN_POINT('Vertex',(12.0180205345,27.8561706543,5.)) ;
#2097=CARTESIAN_POINT('Axis2P3D Location',(13.6180205345,27.8561706543,5.)) ;
#2101=CARTESIAN_POINT('Vertex',(15.2180205345,27.8561706543,5.)) ;
#2104=CARTESIAN_POINT('Line Origine',(15.2180205341,-2.84217094304E-14,5.)) ;
#2115=CARTESIAN_POINT('Axis2P3D Location',(35.6180205345,-27.8561706543,5.)) ;
#2119=CARTESIAN_POINT('Vertex',(34.0180205345,-27.8561706543,5.)) ;
#2121=CARTESIAN_POINT('Vertex',(37.2180205345,-27.8561706543,5.)) ;
#2124=CARTESIAN_POINT('Line Origine',(34.0180205349,-2.84217094304E-14,5.)) ;
#2128=CARTESIAN_POINT('Vertex',(34.0180205345,27.8561706543,5.)) ;
#2131=CARTESIAN_POINT('Axis2P3D Location',(35.6180205345,27.8561706543,5.)) ;
#2135=CARTESIAN_POINT('Vertex',(37.2180205345,27.8561706543,5.)) ;
#2138=CARTESIAN_POINT('Line Origine',(37.2180205341,-2.84217094304E-14,5.)) ;
#2149=CARTESIAN_POINT('Axis2P3D Location',(24.6180205345,-27.8561706543,5.)) ;
#2153=CARTESIAN_POINT('Vertex',(23.0180205345,-27.8561706543,5.)) ;
#2155=CARTESIAN_POINT('Vertex',(26.2180205345,-27.8561706543,5.)) ;
#2158=CARTESIAN_POINT('Line Origine',(23.0180205349,-2.84217094304E-14,5.)) ;
#2162=CARTESIAN_POINT('Vertex',(23.0180205345,27.8561706543,5.)) ;
#2165=CARTESIAN_POINT('Axis2P3D Location',(24.6180205345,27.8561706543,5.)) ;
#2169=CARTESIAN_POINT('Vertex',(26.2180205345,27.8561706543,5.)) ;
#2172=CARTESIAN_POINT('Line Origine',(26.2180205341,-2.84217094304E-14,5.)) ;
#2183=CARTESIAN_POINT('Axis2P3D Location',(-139.555947636,-20.8596500447,5.)) ;
#2187=CARTESIAN_POINT('Vertex',(-139.555947635,-22.4596500453,5.)) ;
#2189=CARTESIAN_POINT('Vertex',(-139.555947635,-19.2596500441,5.)) ;
#2192=CARTESIAN_POINT('Axis2P3D Location',(-139.555947634,-20.8596500447,5.)) ;
#2201=CARTESIAN_POINT('Axis2P3D Location',(-141.805256388,-31.2000000002,5.)) ;
#2205=CARTESIAN_POINT('Vertex',(-141.805256387,-32.8000000007,5.)) ;
#2207=CARTESIAN_POINT('Vertex',(-141.805256387,-29.5999999996,5.)) ;
#2210=CARTESIAN_POINT('Axis2P3D Location',(-141.805256388,-31.2000000002,5.)) ;
#2219=CARTESIAN_POINT('Axis2P3D Location',(-144.2392498,-34.7189429561,5.)) ;
#2223=CARTESIAN_POINT('Vertex',(-144.239249799,-36.3189429566,5.)) ;
#2225=CARTESIAN_POINT('Vertex',(-144.239249799,-33.1189429555,5.)) ;
#2228=CARTESIAN_POINT('Axis2P3D Location',(-144.239249798,-34.7189429561,5.)) ;
#2237=CARTESIAN_POINT('Axis2P3D Location',(-150.850046396,-30.5,5.)) ;
#2241=CARTESIAN_POINT('Vertex',(-150.850046396,-32.0999999996,5.)) ;
#2243=CARTESIAN_POINT('Vertex',(-150.850046396,-28.9000000004,5.)) ;
#2246=CARTESIAN_POINT('Axis2P3D Location',(-150.850046396,-30.5,5.)) ;
#2255=CARTESIAN_POINT('Axis2P3D Location',(-138.850046396,-45.,5.)) ;
#2259=CARTESIAN_POINT('Vertex',(-138.850046396,-46.5999999996,5.)) ;
#2261=CARTESIAN_POINT('Vertex',(-138.850046396,-43.4000000004,5.)) ;
#2264=CARTESIAN_POINT('Axis2P3D Location',(-138.850046396,-45.,5.)) ;
#2273=CARTESIAN_POINT('Axis2P3D Location',(-136.201044321,-55.,5.)) ;
#2277=CARTESIAN_POINT('Vertex',(-136.201044321,-56.5999999996,5.)) ;
#2279=CARTESIAN_POINT('Vertex',(-136.201044321,-53.4000000004,5.)) ;
#2282=CARTESIAN_POINT('Axis2P3D Location',(-136.201044321,-55.,5.)) ;
#2291=CARTESIAN_POINT('Axis2P3D Location',(-130.055947636,-20.8596500447,5.)) ;
#2295=CARTESIAN_POINT('Vertex',(-130.055947635,-22.4596500453,5.)) ;
#2297=CARTESIAN_POINT('Vertex',(-130.055947635,-19.2596500441,5.)) ;
#2300=CARTESIAN_POINT('Axis2P3D Location',(-130.055947634,-20.8596500447,5.)) ;
#2309=CARTESIAN_POINT('Axis2P3D Location',(-128.742604448,-44.,5.)) ;
#2313=CARTESIAN_POINT('Vertex',(-128.742604448,-45.5999999996,5.)) ;
#2315=CARTESIAN_POINT('Vertex',(-128.742604448,-42.4000000004,5.)) ;
#2318=CARTESIAN_POINT('Axis2P3D Location',(-128.742604448,-44.,5.)) ;
#2327=CARTESIAN_POINT('Axis2P3D Location',(-114.850046396,-15.,5.)) ;
#2331=CARTESIAN_POINT('Vertex',(-114.850046396,-16.5999999996,5.)) ;
#2333=CARTESIAN_POINT('Vertex',(-114.850046396,-13.4000000004,5.)) ;
#2336=CARTESIAN_POINT('Axis2P3D Location',(-114.850046396,-15.,5.)) ;
#2345=CARTESIAN_POINT('Axis2P3D Location',(-114.850046396,-45.,5.)) ;
#2349=CARTESIAN_POINT('Vertex',(-114.850046396,-46.5999999996,5.)) ;
#2351=CARTESIAN_POINT('Vertex',(-114.850046396,-43.4000000004,5.)) ;
#2354=CARTESIAN_POINT('Axis2P3D Location',(-114.850046396,-45.,5.)) ;
#2363=CARTESIAN_POINT('Axis2P3D Location',(-144.2392498,34.7189429561,5.)) ;
#2367=CARTESIAN_POINT('Vertex',(-144.239249799,33.1189429555,5.)) ;
#2369=CARTESIAN_POINT('Vertex',(-144.239249799,36.3189429566,5.)) ;
#2372=CARTESIAN_POINT('Axis2P3D Location',(-144.239249798,34.7189429561,5.)) ;
#2381=CARTESIAN_POINT('Axis2P3D Location',(-131.805756352,31.2000000002,5.)) ;
#2385=CARTESIAN_POINT('Vertex',(-131.805756351,29.5999999996,5.)) ;
#2387=CARTESIAN_POINT('Vertex',(-131.805756351,32.8000000007,5.)) ;
#2390=CARTESIAN_POINT('Axis2P3D Location',(-131.80575635,31.2000000002,5.)) ;
#2400=CARTESIAN_POINT('Control Point',(-151.01839905,23.5,5.)) ;
#2401=CARTESIAN_POINT('Control Point',(-151.01839905,23.68589946,5.)) ;
#2402=CARTESIAN_POINT('Control Point',(-150.991400137,23.8717983234,5.)) ;
#2403=CARTESIAN_POINT('Control Point',(-150.937387944,24.0524853318,5.)) ;
#2404=CARTESIAN_POINT('Control Point',(-150.77847711,24.3929239252,5.)) ;
#2405=CARTESIAN_POINT('Control Point',(-150.529289374,24.6740907552,5.)) ;
#2406=CARTESIAN_POINT('Control Point',(-150.38497429,24.7954920326,5.)) ;
#2407=CARTESIAN_POINT('Control Point',(-150.06529566,24.9928664512,5.)) ;
#2408=CARTESIAN_POINT('Control Point',(-149.70267999,25.0911476235,5.)) ;
#2409=CARTESIAN_POINT('Control Point',(-149.515413808,25.1134297116,5.)) ;
#2410=CARTESIAN_POINT('Control Point',(-149.139858402,25.1029786553,5.)) ;
#2411=CARTESIAN_POINT('Control Point',(-148.78279406,24.9861267462,5.)) ;
#2412=CARTESIAN_POINT('Control Point',(-148.614021433,24.9019785826,5.)) ;
#2413=CARTESIAN_POINT('Control Point',(-148.305814219,24.6871311879,5.)) ;
#2414=CARTESIAN_POINT('Control Point',(-148.071458999,24.393486938,5.)) ;
#2415=CARTESIAN_POINT('Control Point',(-147.976556581,24.2305187128,5.)) ;
#2416=CARTESIAN_POINT('Control Point',(-147.878238596,23.9851322151,5.)) ;
#2417=CARTESIAN_POINT('Control Point',(-147.83189454,23.7272011508,5.)) ;
#2418=CARTESIAN_POINT('Control Point',(-147.822876609,23.65141045,5.)) ;
#2419=CARTESIAN_POINT('Control Point',(-147.818399051,23.5757051755,5.)) ;
#2420=CARTESIAN_POINT('Control Point',(-147.818399051,23.5,5.)) ;
#2421=CARTESIAN_POINT('Vertex',(-151.018399051,23.5,5.)) ;
#2423=CARTESIAN_POINT('Vertex',(-147.818399051,23.5,5.)) ;
#2427=CARTESIAN_POINT('Control Point',(-147.818399051,23.5,5.)) ;
#2428=CARTESIAN_POINT('Control Point',(-147.818399051,23.31410054,5.)) ;
#2429=CARTESIAN_POINT('Control Point',(-147.845397965,23.1282016766,5.)) ;
#2430=CARTESIAN_POINT('Control Point',(-147.899410158,22.9475146682,5.)) ;
#2431=CARTESIAN_POINT('Control Point',(-148.058320992,22.6070760748,5.)) ;
#2432=CARTESIAN_POINT('Control Point',(-148.307508728,22.3259092448,5.)) ;
#2433=CARTESIAN_POINT('Control Point',(-148.451823812,22.2045079675,5.)) ;
#2434=CARTESIAN_POINT('Control Point',(-148.771502442,22.0071335488,5.)) ;
#2435=CARTESIAN_POINT('Control Point',(-149.134118111,21.9088523766,5.)) ;
#2436=CARTESIAN_POINT('Control Point',(-149.321384294,21.8865702884,5.)) ;
#2437=CARTESIAN_POINT('Control Point',(-149.6969397,21.8970213447,5.)) ;
#2438=CARTESIAN_POINT('Control Point',(-150.054004042,22.0138732538,5.)) ;
#2439=CARTESIAN_POINT('Control Point',(-150.222776669,22.0980214174,5.)) ;
#2440=CARTESIAN_POINT('Control Point',(-150.530983882,22.3128688121,5.)) ;
#2441=CARTESIAN_POINT('Control Point',(-150.765339103,22.606513062,5.)) ;
#2442=CARTESIAN_POINT('Control Point',(-150.86024152,22.7694812873,5.)) ;
#2443=CARTESIAN_POINT('Control Point',(-150.958559505,23.0148677849,5.)) ;
#2444=CARTESIAN_POINT('Control Point',(-151.004903562,23.2727988492,5.)) ;
#2445=CARTESIAN_POINT('Control Point',(-151.013921493,23.34858955,5.)) ;
#2446=CARTESIAN_POINT('Control Point',(-151.01839905,23.4242948245,5.)) ;
#2447=CARTESIAN_POINT('Control Point',(-151.01839905,23.5,5.)) ;
#2453=CARTESIAN_POINT('Axis2P3D Location',(-126.53944334,5.65685424954,5.)) ;
#2457=CARTESIAN_POINT('Vertex',(-126.53944334,4.05685424991,5.)) ;
#2459=CARTESIAN_POINT('Vertex',(-126.53944334,7.25685424916,5.)) ;
#2462=CARTESIAN_POINT('Axis2P3D Location',(-126.53944334,5.65685424954,5.)) ;
#2471=CARTESIAN_POINT('Axis2P3D Location',(-130.055947636,20.8596500447,5.)) ;
#2475=CARTESIAN_POINT('Vertex',(-130.055947635,19.2596500441,5.)) ;
#2477=CARTESIAN_POINT('Vertex',(-130.055947635,22.4596500453,5.)) ;
#2480=CARTESIAN_POINT('Axis2P3D Location',(-130.055947634,20.8596500447,5.)) ;
#2489=CARTESIAN_POINT('Axis2P3D Location',(-114.850046396,15.,5.)) ;
#2493=CARTESIAN_POINT('Vertex',(-114.850046396,13.4000000004,5.)) ;
#2495=CARTESIAN_POINT('Vertex',(-114.850046396,16.5999999996,5.)) ;
#2498=CARTESIAN_POINT('Axis2P3D Location',(-114.850046396,15.,5.)) ;
#2507=CARTESIAN_POINT('Axis2P3D Location',(-138.850046396,45.,5.)) ;
#2511=CARTESIAN_POINT('Vertex',(-138.850046396,43.4000000004,5.)) ;
#2513=CARTESIAN_POINT('Vertex',(-138.850046396,46.5999999996,5.)) ;
#2516=CARTESIAN_POINT('Axis2P3D Location',(-138.850046396,45.,5.)) ;
#2525=CARTESIAN_POINT('Axis2P3D Location',(-139.555947636,20.8596500447,5.)) ;
#2529=CARTESIAN_POINT('Vertex',(-139.555947635,19.2596500441,5.)) ;
#2531=CARTESIAN_POINT('Vertex',(-139.555947635,22.4596500453,5.)) ;
#2534=CARTESIAN_POINT('Axis2P3D Location',(-139.555947634,20.8596500447,5.)) ;
#2543=CARTESIAN_POINT('Axis2P3D Location',(-147.570216938,0.000714267604025,5.)) ;
#2547=CARTESIAN_POINT('Vertex',(-147.570216939,-1.59928573295,5.)) ;
#2549=CARTESIAN_POINT('Vertex',(-147.570216939,1.60071426816,5.)) ;
#2552=CARTESIAN_POINT('Axis2P3D Location',(-147.570216938,0.000714267604024,5.)) ;
#2561=CARTESIAN_POINT('Axis2P3D Location',(-119.161180479,-2.87547763378E-14,5.)) ;
#2565=CARTESIAN_POINT('Vertex',(-119.161180479,-1.59999999963,5.)) ;
#2567=CARTESIAN_POINT('Vertex',(-119.161180479,1.59999999963,5.)) ;
#2570=CARTESIAN_POINT('Axis2P3D Location',(-119.161180481,-2.86437540353E-14,5.)) ;
#2579=CARTESIAN_POINT('Axis2P3D Location',(-118.56950267,-14.,5.)) ;
#2583=CARTESIAN_POINT('Vertex',(-118.56950267,-15.0999999996,5.)) ;
#2585=CARTESIAN_POINT('Vertex',(-118.56950267,-12.9000000004,5.)) ;
#2588=CARTESIAN_POINT('Axis2P3D Location',(-118.56950267,-14.,5.)) ;
#2597=CARTESIAN_POINT('Axis2P3D Location',(-132.19629759,-2.93098878501E-14,5.)) ;
#2601=CARTESIAN_POINT('Vertex',(-132.19629759,-4.,5.)) ;
#2603=CARTESIAN_POINT('Vertex',(-132.19629759,4.,5.)) ;
#2606=CARTESIAN_POINT('Axis2P3D Location',(-132.19629759,-2.75335310107E-14,5.)) ;
#2615=CARTESIAN_POINT('Axis2P3D Location',(-131.749791971,6.55321635399,5.)) ;
#2619=CARTESIAN_POINT('Vertex',(-131.74979197,4.95321635343,5.)) ;
#2621=CARTESIAN_POINT('Vertex',(-131.74979197,8.15321635455,5.)) ;
#2624=CARTESIAN_POINT('Axis2P3D Location',(-131.749791971,6.55321635399,5.)) ;
#2633=CARTESIAN_POINT('Axis2P3D Location',(-126.53944334,-5.65685424954,5.)) ;
#2637=CARTESIAN_POINT('Vertex',(-126.53944334,-7.25685424916,5.)) ;
#2639=CARTESIAN_POINT('Vertex',(-126.53944334,-4.05685424991,5.)) ;
#2642=CARTESIAN_POINT('Axis2P3D Location',(-126.53944334,-5.65685424954,5.)) ;
#2651=CARTESIAN_POINT('Axis2P3D Location',(-128.742604448,44.,5.)) ;
#2655=CARTESIAN_POINT('Vertex',(-128.742604448,42.4000000004,5.)) ;
#2657=CARTESIAN_POINT('Vertex',(-128.742604448,45.5999999996,5.)) ;
#2660=CARTESIAN_POINT('Axis2P3D Location',(-128.742604448,44.,5.)) ;
#2669=CARTESIAN_POINT('Axis2P3D Location',(-114.850046396,45.,5.)) ;
#2673=CARTESIAN_POINT('Vertex',(-114.850046396,43.4000000004,5.)) ;
#2675=CARTESIAN_POINT('Vertex',(-114.850046396,46.5999999996,5.)) ;
#2678=CARTESIAN_POINT('Axis2P3D Location',(-114.850046396,45.,5.)) ;
#2687=CARTESIAN_POINT('Axis2P3D Location',(-138.850046396,-15.,5.)) ;
#2691=CARTESIAN_POINT('Vertex',(-138.850046396,-16.5999999996,5.)) ;
#2693=CARTESIAN_POINT('Vertex',(-138.850046396,-13.4000000004,5.)) ;
#2696=CARTESIAN_POINT('Axis2P3D Location',(-138.850046396,-15.,5.)) ;
#2705=CARTESIAN_POINT('Axis2P3D Location',(-131.805756352,-31.2000000002,5.)) ;
#2709=CARTESIAN_POINT('Vertex',(-131.805756351,-32.8000000007,5.)) ;
#2711=CARTESIAN_POINT('Vertex',(-131.805756351,-29.5999999996,5.)) ;
#2714=CARTESIAN_POINT('Axis2P3D Location',(-131.80575635,-31.2000000002,5.)) ;
#2723=CARTESIAN_POINT('Axis2P3D Location',(-147.950874114,-11.4000000004,5.)) ;
#2727=CARTESIAN_POINT('Vertex',(-147.950874114,-13.,5.)) ;
#2729=CARTESIAN_POINT('Vertex',(-147.950874114,-9.80000000075,5.)) ;
#2732=CARTESIAN_POINT('Axis2P3D Location',(-147.950874114,-11.4000000004,5.)) ;
#2741=CARTESIAN_POINT('Axis2P3D Location',(-149.418399051,-23.5,5.)) ;
#2745=CARTESIAN_POINT('Vertex',(-149.418399051,-25.0999999996,5.)) ;
#2747=CARTESIAN_POINT('Vertex',(-149.418399051,-21.9000000004,5.)) ;
#2750=CARTESIAN_POINT('Axis2P3D Location',(-149.418399051,-23.5,5.)) ;
#2759=CARTESIAN_POINT('Axis2P3D Location',(-148.850046396,-49.5,5.)) ;
#2763=CARTESIAN_POINT('Vertex',(-148.850046396,-51.0999999996,5.)) ;
#2765=CARTESIAN_POINT('Vertex',(-148.850046396,-47.9000000004,5.)) ;
#2768=CARTESIAN_POINT('Axis2P3D Location',(-148.850046396,-49.5,5.)) ;
#2777=CARTESIAN_POINT('Axis2P3D Location',(-145.200046396,-18.,5.)) ;
#2781=CARTESIAN_POINT('Vertex',(-145.200046396,-19.5999999996,5.)) ;
#2783=CARTESIAN_POINT('Vertex',(-145.200046396,-16.4000000004,5.)) ;
#2786=CARTESIAN_POINT('Axis2P3D Location',(-145.200046396,-18.,5.)) ;
#2795=CARTESIAN_POINT('Axis2P3D Location',(-131.749791971,-6.55321635399,5.)) ;
#2799=CARTESIAN_POINT('Vertex',(-131.74979197,-8.15321635455,5.)) ;
#2801=CARTESIAN_POINT('Vertex',(-131.74979197,-4.95321635343,5.)) ;
#2804=CARTESIAN_POINT('Axis2P3D Location',(-131.749791971,-6.55321635399,5.)) ;
#2813=CARTESIAN_POINT('Axis2P3D Location',(-137.853151839,-5.65685424954,5.)) ;
#2817=CARTESIAN_POINT('Vertex',(-137.853151839,-7.25685424916,5.)) ;
#2819=CARTESIAN_POINT('Vertex',(-137.853151839,-4.05685424991,5.)) ;
#2822=CARTESIAN_POINT('Axis2P3D Location',(-137.853151839,-5.65685424954,5.)) ;
#2831=CARTESIAN_POINT('Axis2P3D Location',(-148.850046396,51.5,5.)) ;
#2835=CARTESIAN_POINT('Vertex',(-148.850046396,49.9000000004,5.)) ;
#2837=CARTESIAN_POINT('Vertex',(-148.850046396,53.0999999996,5.)) ;
#2840=CARTESIAN_POINT('Axis2P3D Location',(-148.850046396,51.5,5.)) ;
#2849=CARTESIAN_POINT('Axis2P3D Location',(-136.201044321,55.,5.)) ;
#2853=CARTESIAN_POINT('Vertex',(-136.201044321,53.4000000004,5.)) ;
#2855=CARTESIAN_POINT('Vertex',(-136.201044321,56.5999999996,5.)) ;
#2858=CARTESIAN_POINT('Axis2P3D Location',(-136.201044321,55.,5.)) ;
#2867=CARTESIAN_POINT('Axis2P3D Location',(-141.805256388,31.2000000002,5.)) ;
#2871=CARTESIAN_POINT('Vertex',(-141.805256387,29.5999999996,5.)) ;
#2873=CARTESIAN_POINT('Vertex',(-141.805256387,32.8000000007,5.)) ;
#2876=CARTESIAN_POINT('Axis2P3D Location',(-141.805256388,31.2000000002,5.)) ;
#2885=CARTESIAN_POINT('Axis2P3D Location',(-153.850046396,36.5,5.)) ;
#2889=CARTESIAN_POINT('Vertex',(-153.850046396,34.9000000004,5.)) ;
#2891=CARTESIAN_POINT('Vertex',(-153.850046396,38.0999999996,5.)) ;
#2894=CARTESIAN_POINT('Axis2P3D Location',(-153.850046396,36.5,5.)) ;
#2903=CARTESIAN_POINT('Line Origine',(-149.345304891,30.9509509439,5.)) ;
#2907=CARTESIAN_POINT('Vertex',(-150.794891031,30.9009509433,5.)) ;
#2909=CARTESIAN_POINT('Vertex',(-147.895718749,31.0009509433,5.)) ;
#2912=CARTESIAN_POINT('Axis2P3D Location',(-150.850046396,32.5,5.)) ;
#2916=CARTESIAN_POINT('Vertex',(-150.905201761,34.0990490567,5.)) ;
#2919=CARTESIAN_POINT('Line Origine',(-149.45561562,34.1490490567,5.)) ;
#2923=CARTESIAN_POINT('Vertex',(-148.006029479,34.1990490567,5.)) ;
#2926=CARTESIAN_POINT('Axis2P3D Location',(-147.950874114,32.6000000006,5.)) ;
#2937=CARTESIAN_POINT('Axis2P3D Location',(-146.570931206,14.0014285352,5.)) ;
#2941=CARTESIAN_POINT('Vertex',(-146.570931206,12.9014285356,5.)) ;
#2943=CARTESIAN_POINT('Vertex',(-146.570931206,15.1014285348,5.)) ;
#2946=CARTESIAN_POINT('Axis2P3D Location',(-146.570931206,14.0014285352,5.)) ;
#2955=CARTESIAN_POINT('Axis2P3D Location',(-137.853151839,5.65685424954,5.)) ;
#2959=CARTESIAN_POINT('Vertex',(-137.853151839,4.05685424991,5.)) ;
#2961=CARTESIAN_POINT('Vertex',(-137.853151839,7.25685424916,5.)) ;
#2964=CARTESIAN_POINT('Axis2P3D Location',(-137.853151839,5.65685424954,5.)) ;
#2973=CARTESIAN_POINT('Axis2P3D Location',(-138.850046396,15.,5.)) ;
#2977=CARTESIAN_POINT('Vertex',(-138.850046396,13.4000000004,5.)) ;
#2979=CARTESIAN_POINT('Vertex',(-138.850046396,16.5999999996,5.)) ;
#2982=CARTESIAN_POINT('Axis2P3D Location',(-138.850046396,15.,5.)) ;
#2991=CARTESIAN_POINT('Axis2P3D Location',(-145.200046396,40.,5.)) ;
#2995=CARTESIAN_POINT('Vertex',(-145.200046396,38.4000000004,5.)) ;
#2997=CARTESIAN_POINT('Vertex',(-145.200046396,41.5999999996,5.)) ;
#3000=CARTESIAN_POINT('Axis2P3D Location',(-145.200046396,40.,5.)) ;
#3009=CARTESIAN_POINT('Axis2P3D Location',(-123.242604448,-44.,5.)) ;
#3013=CARTESIAN_POINT('Vertex',(-123.242604448,-45.5999999996,5.)) ;
#3015=CARTESIAN_POINT('Vertex',(-123.242604448,-42.4000000004,5.)) ;
#3018=CARTESIAN_POINT('Axis2P3D Location',(-123.242604448,-44.,5.)) ;
#3027=CARTESIAN_POINT('Axis2P3D Location',(-85.9205233818,-34.7980042221,5.)) ;
#3031=CARTESIAN_POINT('Vertex',(-85.9205233809,-36.3980042227,5.)) ;
#3033=CARTESIAN_POINT('Vertex',(-85.9205233809,-33.1980042215,5.)) ;
#3036=CARTESIAN_POINT('Axis2P3D Location',(-85.9205233799,-34.7980042221,5.)) ;
#3045=CARTESIAN_POINT('Axis2P3D Location',(43.5499536041,-18.,5.)) ;
#3049=CARTESIAN_POINT('Vertex',(43.5499536041,-19.5999999996,5.)) ;
#3051=CARTESIAN_POINT('Vertex',(43.5499536041,-16.4000000004,5.)) ;
#3054=CARTESIAN_POINT('Axis2P3D Location',(43.5499536041,-18.,5.)) ;
#3063=CARTESIAN_POINT('Axis2P3D Location',(44.4470319655,79.6222342309,5.)) ;
#3067=CARTESIAN_POINT('Vertex',(44.4470319655,78.0222342312,5.)) ;
#3069=CARTESIAN_POINT('Vertex',(44.4470319655,81.2222342305,5.)) ;
#3072=CARTESIAN_POINT('Axis2P3D Location',(44.4470319655,79.6222342309,5.)) ;
#3081=CARTESIAN_POINT('Axis2P3D Location',(17.0573955532,44.,5.)) ;
#3085=CARTESIAN_POINT('Vertex',(17.0573955532,42.4000000004,5.)) ;
#3087=CARTESIAN_POINT('Vertex',(17.0573955532,45.5999999996,5.)) ;
#3090=CARTESIAN_POINT('Axis2P3D Location',(17.0573955532,44.,5.)) ;
#3099=CARTESIAN_POINT('Axis2P3D Location',(58.4470319655,71.6222342309,5.)) ;
#3103=CARTESIAN_POINT('Vertex',(58.4470319655,70.0222342312,5.)) ;
#3105=CARTESIAN_POINT('Vertex',(58.4470319655,73.2222342305,5.)) ;
#3108=CARTESIAN_POINT('Axis2P3D Location',(58.4470319655,71.6222342309,5.)) ;
#3117=CARTESIAN_POINT('Axis2P3D Location',(38.5573955532,44.,5.)) ;
#3121=CARTESIAN_POINT('Vertex',(38.5573955532,42.4000000004,5.)) ;
#3123=CARTESIAN_POINT('Vertex',(38.5573955532,45.5999999996,5.)) ;
#3126=CARTESIAN_POINT('Axis2P3D Location',(38.5573955532,44.,5.)) ;
#3135=CARTESIAN_POINT('Axis2P3D Location',(17.0573955532,-44.,5.)) ;
#3139=CARTESIAN_POINT('Vertex',(17.0573955532,-45.5999999996,5.)) ;
#3141=CARTESIAN_POINT('Vertex',(17.0573955532,-42.4000000004,5.)) ;
#3144=CARTESIAN_POINT('Axis2P3D Location',(17.0573955532,-44.,5.)) ;
#3153=CARTESIAN_POINT('Axis2P3D Location',(38.5573955532,-44.,5.)) ;
#3157=CARTESIAN_POINT('Vertex',(38.5573955532,-45.5999999996,5.)) ;
#3159=CARTESIAN_POINT('Vertex',(38.5573955532,-42.4000000004,5.)) ;
#3162=CARTESIAN_POINT('Axis2P3D Location',(38.5573955532,-44.,5.)) ;
#3171=CARTESIAN_POINT('Axis2P3D Location',(141.352878604,-79.6222342309,5.)) ;
#3175=CARTESIAN_POINT('Vertex',(141.352878604,-81.2222342305,5.)) ;
#3177=CARTESIAN_POINT('Vertex',(141.352878604,-78.0222342312,5.)) ;
#3180=CARTESIAN_POINT('Axis2P3D Location',(141.352878604,-79.6222342309,5.)) ;
#3189=CARTESIAN_POINT('Axis2P3D Location',(127.352878604,-71.6222342309,5.)) ;
#3193=CARTESIAN_POINT('Vertex',(127.352878604,-73.2222342305,5.)) ;
#3195=CARTESIAN_POINT('Vertex',(127.352878604,-70.0222342312,5.)) ;
#3198=CARTESIAN_POINT('Axis2P3D Location',(127.352878604,-71.6222342309,5.)) ;
#3207=CARTESIAN_POINT('Axis2P3D Location',(-35.7426044475,-44.,5.)) ;
#3211=CARTESIAN_POINT('Vertex',(-35.7426044475,-45.5999999996,5.)) ;
#3213=CARTESIAN_POINT('Vertex',(-35.7426044475,-42.4000000004,5.)) ;
#3216=CARTESIAN_POINT('Axis2P3D Location',(-35.7426044475,-44.,5.)) ;
#3225=CARTESIAN_POINT('Axis2P3D Location',(-70.4426044468,-44.,5.)) ;
#3229=CARTESIAN_POINT('Vertex',(-70.4426044468,-45.5999999996,5.)) ;
#3231=CARTESIAN_POINT('Vertex',(-70.4426044468,-42.4000000004,5.)) ;
#3234=CARTESIAN_POINT('Axis2P3D Location',(-70.4426044468,-44.,5.)) ;
#3243=CARTESIAN_POINT('Axis2P3D Location',(91.357395554,44.,5.)) ;
#3247=CARTESIAN_POINT('Vertex',(91.3573955521,42.4000000004,5.)) ;
#3249=CARTESIAN_POINT('Vertex',(91.3573955521,45.5999999996,5.)) ;
#3252=CARTESIAN_POINT('Axis2P3D Location',(91.3573955521,44.,5.)) ;
#3261=CARTESIAN_POINT('Axis2P3D Location',(97.3528786041,-71.6222342309,5.)) ;
#3265=CARTESIAN_POINT('Vertex',(97.3528786041,-73.2222342305,5.)) ;
#3267=CARTESIAN_POINT('Vertex',(97.3528786041,-70.0222342312,5.)) ;
#3270=CARTESIAN_POINT('Axis2P3D Location',(97.3528786041,-71.6222342309,5.)) ;
#3279=CARTESIAN_POINT('Axis2P3D Location',(91.357395554,-44.,5.)) ;
#3283=CARTESIAN_POINT('Vertex',(91.3573955521,-45.5999999996,5.)) ;
#3285=CARTESIAN_POINT('Vertex',(91.3573955521,-42.4000000004,5.)) ;
#3288=CARTESIAN_POINT('Axis2P3D Location',(91.3573955521,-44.,5.)) ;
#3297=CARTESIAN_POINT('Axis2P3D Location',(137.049953604,-18.,5.)) ;
#3301=CARTESIAN_POINT('Vertex',(137.049953604,-19.5999999996,5.)) ;
#3303=CARTESIAN_POINT('Vertex',(137.049953604,-16.4000000004,5.)) ;
#3306=CARTESIAN_POINT('Axis2P3D Location',(137.049953604,-18.,5.)) ;
#3315=CARTESIAN_POINT('Axis2P3D Location',(92.5499536041,-18.,5.)) ;
#3319=CARTESIAN_POINT('Vertex',(92.5499536041,-19.5999999996,5.)) ;
#3321=CARTESIAN_POINT('Vertex',(92.5499536041,-16.4000000004,5.)) ;
#3324=CARTESIAN_POINT('Axis2P3D Location',(92.5499536041,-18.,5.)) ;
#3333=CARTESIAN_POINT('Axis2P3D Location',(88.0499536041,-18.,5.)) ;
#3337=CARTESIAN_POINT('Vertex',(88.0499536041,-19.5999999996,5.)) ;
#3339=CARTESIAN_POINT('Vertex',(88.0499536041,-16.4000000004,5.)) ;
#3342=CARTESIAN_POINT('Axis2P3D Location',(88.0499536041,-18.,5.)) ;
#3351=CARTESIAN_POINT('Axis2P3D Location',(-35.7426044475,44.,5.)) ;
#3355=CARTESIAN_POINT('Vertex',(-35.7426044475,42.4000000004,5.)) ;
#3357=CARTESIAN_POINT('Vertex',(-35.7426044475,45.5999999996,5.)) ;
#3360=CARTESIAN_POINT('Axis2P3D Location',(-35.7426044475,44.,5.)) ;
#3369=CARTESIAN_POINT('Axis2P3D Location',(-70.4426044468,44.,5.)) ;
#3373=CARTESIAN_POINT('Vertex',(-70.4426044468,42.4000000004,5.)) ;
#3375=CARTESIAN_POINT('Vertex',(-70.4426044468,45.5999999996,5.)) ;
#3378=CARTESIAN_POINT('Axis2P3D Location',(-70.4426044468,44.,5.)) ;
#3387=CARTESIAN_POINT('Axis2P3D Location',(43.5499536041,40.,5.)) ;
#3391=CARTESIAN_POINT('Vertex',(43.5499536041,38.4000000004,5.)) ;
#3393=CARTESIAN_POINT('Vertex',(43.5499536041,41.5999999996,5.)) ;
#3396=CARTESIAN_POINT('Axis2P3D Location',(43.5499536041,40.,5.)) ;
#3405=CARTESIAN_POINT('Axis2P3D Location',(92.5499536041,40.,5.)) ;
#3409=CARTESIAN_POINT('Vertex',(92.5499536041,38.4000000004,5.)) ;
#3411=CARTESIAN_POINT('Vertex',(92.5499536041,41.5999999996,5.)) ;
#3414=CARTESIAN_POINT('Axis2P3D Location',(92.5499536041,40.,5.)) ;
#3423=CARTESIAN_POINT('Axis2P3D Location',(88.0499536041,40.,5.)) ;
#3427=CARTESIAN_POINT('Vertex',(88.0499536041,38.4000000004,5.)) ;
#3429=CARTESIAN_POINT('Vertex',(88.0499536041,41.5999999996,5.)) ;
#3432=CARTESIAN_POINT('Axis2P3D Location',(88.0499536041,40.,5.)) ;
#3441=CARTESIAN_POINT('Axis2P3D Location',(137.049953604,40.,5.)) ;
#3445=CARTESIAN_POINT('Vertex',(137.049953604,38.4000000004,5.)) ;
#3447=CARTESIAN_POINT('Vertex',(137.049953604,41.5999999996,5.)) ;
#3450=CARTESIAN_POINT('Axis2P3D Location',(137.049953604,40.,5.)) ;
#3459=CARTESIAN_POINT('Axis2P3D Location',(-134.920523382,23.2019957779,5.)) ;
#3463=CARTESIAN_POINT('Vertex',(-134.920523381,21.6019957773,5.)) ;
#3465=CARTESIAN_POINT('Vertex',(-134.920523381,24.8019957785,5.)) ;
#3468=CARTESIAN_POINT('Axis2P3D Location',(-134.92052338,23.2019957779,5.)) ;
#3477=CARTESIAN_POINT('Axis2P3D Location',(-85.9205233818,23.2019957779,5.)) ;
#3481=CARTESIAN_POINT('Vertex',(-85.9205233809,21.6019957773,5.)) ;
#3483=CARTESIAN_POINT('Vertex',(-85.9205233809,24.8019957785,5.)) ;
#3486=CARTESIAN_POINT('Axis2P3D Location',(-85.9205233799,23.2019957779,5.)) ;
#3495=CARTESIAN_POINT('Axis2P3D Location',(-123.242604448,44.,5.)) ;
#3499=CARTESIAN_POINT('Vertex',(-123.242604448,42.4000000004,5.)) ;
#3501=CARTESIAN_POINT('Vertex',(-123.242604448,45.5999999996,5.)) ;
#3504=CARTESIAN_POINT('Axis2P3D Location',(-123.242604448,44.,5.)) ;
#3513=CARTESIAN_POINT('Line Origine',(-12.0104026794,-2.84217094304E-14,5.)) ;
#3517=CARTESIAN_POINT('Vertex',(-12.0104026794,-12.5,5.)) ;
#3519=CARTESIAN_POINT('Vertex',(-12.0104026794,12.5,5.)) ;
#3522=CARTESIAN_POINT('Axis2P3D Location',(-20.0104026794,-12.5,5.)) ;
#3526=CARTESIAN_POINT('Vertex',(-28.0104026794,-12.5,5.)) ;
#3529=CARTESIAN_POINT('Line Origine',(-28.0104026794,-2.84217094304E-14,5.)) ;
#3533=CARTESIAN_POINT('Vertex',(-28.0104026794,12.5,5.)) ;
#3536=CARTESIAN_POINT('Axis2P3D Location',(-20.0104026794,12.5,5.)) ;
#3547=CARTESIAN_POINT('Axis2P3D Location',(-53.9431838989,-16.1513215955,5.)) ;
#3551=CARTESIAN_POINT('Vertex',(-52.6441457932,-15.4013215952,5.)) ;
#3553=CARTESIAN_POINT('Vertex',(-55.2422220046,-16.9013215952,5.)) ;
#3556=CARTESIAN_POINT('Line Origine',(-45.9338361267,-27.0239188708,5.)) ;
#3560=CARTESIAN_POINT('Vertex',(-39.2235264619,-38.6465161461,5.)) ;
#3563=CARTESIAN_POINT('Axis2P3D Location',(-40.5225645684,-39.3965161447,5.)) ;
#3567=CARTESIAN_POINT('Vertex',(-41.8216026733,-40.1465161461,5.)) ;
#3570=CARTESIAN_POINT('Line Origine',(-48.5319123399,-28.5239188708,5.)) ;
#3581=CARTESIAN_POINT('Line Origine',(-45.9338361267,27.0239188708,5.)) ;
#3585=CARTESIAN_POINT('Vertex',(-52.6441457932,15.4013215952,5.)) ;
#3587=CARTESIAN_POINT('Vertex',(-39.2235264619,38.6465161461,5.)) ;
#3590=CARTESIAN_POINT('Axis2P3D Location',(-53.9431838989,16.1513215955,5.)) ;
#3594=CARTESIAN_POINT('Vertex',(-55.2422220046,16.9013215952,5.)) ;
#3597=CARTESIAN_POINT('Line Origine',(-48.5319123399,28.5239188708,5.)) ;
#3601=CARTESIAN_POINT('Vertex',(-41.8216026733,40.1465161461,5.)) ;
#3604=CARTESIAN_POINT('Axis2P3D Location',(-40.5225645684,39.3965161447,5.)) ;
#3615=CARTESIAN_POINT('Line Origine',(-77.2107485291,-27.0239188708,5.)) ;
#3619=CARTESIAN_POINT('Vertex',(-70.5004388625,-15.4013215952,5.)) ;
#3621=CARTESIAN_POINT('Vertex',(-83.9210581938,-38.6465161461,5.)) ;
#3624=CARTESIAN_POINT('Axis2P3D Location',(-69.2014007568,-16.1513215955,5.)) ;
#3628=CARTESIAN_POINT('Vertex',(-67.9023626512,-16.9013215952,5.)) ;
#3631=CARTESIAN_POINT('Line Origine',(-74.6126723159,-28.5239188708,5.)) ;
#3635=CARTESIAN_POINT('Vertex',(-81.3229819825,-40.1465161461,5.)) ;
#3638=CARTESIAN_POINT('Axis2P3D Location',(-82.6220200873,-39.3965161447,5.)) ;
#3649=CARTESIAN_POINT('Axis2P3D Location',(-69.2014007568,16.1513215955,5.)) ;
#3653=CARTESIAN_POINT('Vertex',(-70.5004388625,15.4013215952,5.)) ;
#3655=CARTESIAN_POINT('Vertex',(-67.9023626512,16.9013215952,5.)) ;
#3658=CARTESIAN_POINT('Line Origine',(-77.2107485291,27.0239188708,5.)) ;
#3662=CARTESIAN_POINT('Vertex',(-83.9210581938,38.6465161461,5.)) ;
#3665=CARTESIAN_POINT('Axis2P3D Location',(-82.6220200873,39.3965161447,5.)) ;
#3669=CARTESIAN_POINT('Vertex',(-81.3229819825,40.1465161461,5.)) ;
#3672=CARTESIAN_POINT('Line Origine',(-74.6126723159,28.5239188708,5.)) ;
#3683=CARTESIAN_POINT('Axis2P3D Location',(85.9816583097,46.,5.)) ;
#3687=CARTESIAN_POINT('Vertex',(85.9816583097,44.6500000004,5.)) ;
#3689=CARTESIAN_POINT('Vertex',(85.9816583097,47.3499999996,5.)) ;
#3692=CARTESIAN_POINT('Axis2P3D Location',(85.9816583078,46.,5.)) ;
#3701=CARTESIAN_POINT('Axis2P3D Location',(85.9816583097,-40.,5.)) ;
#3705=CARTESIAN_POINT('Vertex',(85.9816583097,-41.3499999996,5.)) ;
#3707=CARTESIAN_POINT('Vertex',(85.9816583097,-38.6500000004,5.)) ;
#3710=CARTESIAN_POINT('Axis2P3D Location',(85.9816583078,-40.,5.)) ;
#3719=CARTESIAN_POINT('Axis2P3D Location',(-16.0183416903,46.,5.)) ;
#3723=CARTESIAN_POINT('Vertex',(-16.0183416903,44.6500000004,5.)) ;
#3725=CARTESIAN_POINT('Vertex',(-16.0183416903,47.3499999996,5.)) ;
#3728=CARTESIAN_POINT('Axis2P3D Location',(-16.0183416922,46.,5.)) ;
#3737=CARTESIAN_POINT('Axis2P3D Location',(41.9816583097,46.,5.)) ;
#3741=CARTESIAN_POINT('Vertex',(41.9816583097,44.6500000004,5.)) ;
#3743=CARTESIAN_POINT('Vertex',(41.9816583097,47.3499999996,5.)) ;
#3746=CARTESIAN_POINT('Axis2P3D Location',(41.9816583078,46.,5.)) ;
#3755=CARTESIAN_POINT('Axis2P3D Location',(143.98165831,46.,5.)) ;
#3759=CARTESIAN_POINT('Vertex',(143.98165831,44.6500000004,5.)) ;
#3761=CARTESIAN_POINT('Vertex',(143.98165831,47.3499999996,5.)) ;
#3764=CARTESIAN_POINT('Axis2P3D Location',(143.981658308,46.,5.)) ;
#3773=CARTESIAN_POINT('Axis2P3D Location',(41.9816583097,-40.,5.)) ;
#3777=CARTESIAN_POINT('Vertex',(41.9816583097,-41.3499999996,5.)) ;
#3779=CARTESIAN_POINT('Vertex',(41.9816583097,-38.6500000004,5.)) ;
#3782=CARTESIAN_POINT('Axis2P3D Location',(41.9816583078,-40.,5.)) ;
#3791=CARTESIAN_POINT('Axis2P3D Location',(-16.0183416903,-40.,5.)) ;
#3795=CARTESIAN_POINT('Vertex',(-16.0183416903,-41.3499999996,5.)) ;
#3797=CARTESIAN_POINT('Vertex',(-16.0183416903,-38.6500000004,5.)) ;
#3800=CARTESIAN_POINT('Axis2P3D Location',(-16.0183416922,-40.,5.)) ;
#3809=CARTESIAN_POINT('Axis2P3D Location',(143.98165831,-40.,5.)) ;
#3813=CARTESIAN_POINT('Vertex',(143.98165831,-41.3499999996,5.)) ;
#3815=CARTESIAN_POINT('Vertex',(143.98165831,-38.6500000004,5.)) ;
#3818=CARTESIAN_POINT('Axis2P3D Location',(143.981658308,-40.,5.)) ;
#3827=CARTESIAN_POINT('Axis2P3D Location',(2.79776202206E-14,96.7802352905,5.)) ;
#3831=CARTESIAN_POINT('Vertex',(2.71969078861E-14,92.5302352905,5.)) ;
#3833=CARTESIAN_POINT('Vertex',(2.92788074446E-14,101.030235291,5.)) ;
#3836=CARTESIAN_POINT('Axis2P3D Location',(2.88657986403E-14,96.7802352905,5.)) ;
#3845=CARTESIAN_POINT('Axis2P3D Location',(2.79776202206E-14,-96.7802352905,5.)) ;
#3849=CARTESIAN_POINT('Vertex',(2.71969078861E-14,-101.030235291,5.)) ;
#3851=CARTESIAN_POINT('Vertex',(2.92788074446E-14,-92.5302352905,5.)) ;
#3854=CARTESIAN_POINT('Axis2P3D Location',(2.88657986403E-14,-96.7802352905,5.)) ;
#3863=CARTESIAN_POINT('Line Origine',(61.5946314707,53.6500000004,5.)) ;
#3867=CARTESIAN_POINT('Vertex',(72.0946314713,53.65,5.)) ;
#3869=CARTESIAN_POINT('Vertex',(51.0946314713,53.65,5.)) ;
#3872=CARTESIAN_POINT('Axis2P3D Location',(72.0946314708,51.6500000004,5.)) ;
#3876=CARTESIAN_POINT('Vertex',(74.0946314713,51.65,5.)) ;
#3879=CARTESIAN_POINT('Line Origine',(74.0946314707,47.1500000004,5.)) ;
#3883=CARTESIAN_POINT('Vertex',(74.0946314713,42.65,5.)) ;
#3886=CARTESIAN_POINT('Axis2P3D Location',(72.0946314708,42.6500000003,5.)) ;
#3890=CARTESIAN_POINT('Vertex',(72.0946314713,40.65,5.)) ;
#3893=CARTESIAN_POINT('Line Origine',(61.5946314707,40.6500000004,5.)) ;
#3897=CARTESIAN_POINT('Vertex',(51.0946314713,40.65,5.)) ;
#3900=CARTESIAN_POINT('Axis2P3D Location',(51.0946314707,42.6500000003,5.)) ;
#3904=CARTESIAN_POINT('Vertex',(49.0946314713,42.65,5.)) ;
#3907=CARTESIAN_POINT('Line Origine',(49.0946314707,47.1500000004,5.)) ;
#3911=CARTESIAN_POINT('Vertex',(49.0946314713,51.65,5.)) ;
#3914=CARTESIAN_POINT('Axis2P3D Location',(51.0946314707,51.6500000004,5.)) ;
#3929=CARTESIAN_POINT('Line Origine',(124.199955603,-53.6500000004,5.)) ;
#3933=CARTESIAN_POINT('Vertex',(113.699955604,-53.65,5.)) ;
#3935=CARTESIAN_POINT('Vertex',(134.699955604,-53.65,5.)) ;
#3938=CARTESIAN_POINT('Axis2P3D Location',(113.699955603,-51.6500000004,5.)) ;
#3942=CARTESIAN_POINT('Vertex',(111.699955604,-51.65,5.)) ;
#3945=CARTESIAN_POINT('Line Origine',(111.699955603,-47.1500000004,5.)) ;
#3949=CARTESIAN_POINT('Vertex',(111.699955604,-42.65,5.)) ;
#3952=CARTESIAN_POINT('Axis2P3D Location',(113.699955603,-42.6500000003,5.)) ;
#3956=CARTESIAN_POINT('Vertex',(113.699955604,-40.65,5.)) ;
#3959=CARTESIAN_POINT('Line Origine',(124.199955603,-40.6500000004,5.)) ;
#3963=CARTESIAN_POINT('Vertex',(134.699955604,-40.65,5.)) ;
#3966=CARTESIAN_POINT('Axis2P3D Location',(134.699955603,-42.6500000003,5.)) ;
#3970=CARTESIAN_POINT('Vertex',(136.699955604,-42.65,5.)) ;
#3973=CARTESIAN_POINT('Line Origine',(136.699955603,-47.1500000004,5.)) ;
#3977=CARTESIAN_POINT('Vertex',(136.699955604,-51.65,5.)) ;
#3980=CARTESIAN_POINT('Axis2P3D Location',(134.699955603,-51.6500000004,5.)) ;
#3995=CARTESIAN_POINT('Axis2P3D Location',(-155.,56.9000000004,5.)) ;
#3999=CARTESIAN_POINT('Vertex',(-155.,55.3000000007,5.)) ;
#4001=CARTESIAN_POINT('Vertex',(-155.,58.5,5.)) ;
#4004=CARTESIAN_POINT('Axis2P3D Location',(-155.,56.9000000004,5.)) ;
#4013=CARTESIAN_POINT('Axis2P3D Location',(-155.,-56.9000000004,5.)) ;
#4017=CARTESIAN_POINT('Vertex',(-155.,-58.5,5.)) ;
#4019=CARTESIAN_POINT('Vertex',(-155.,-55.3000000007,5.)) ;
#4022=CARTESIAN_POINT('Axis2P3D Location',(-155.,-56.9000000004,5.)) ;
#4031=CARTESIAN_POINT('Axis2P3D Location',(-60.2034474127,-22.,5.)) ;
#4035=CARTESIAN_POINT('Vertex',(-60.2034474127,-23.5999999996,5.)) ;
#4037=CARTESIAN_POINT('Vertex',(-60.2034474127,-20.4000000004,5.)) ;
#4040=CARTESIAN_POINT('Axis2P3D Location',(-60.2034474146,-22.,5.)) ;
#4049=CARTESIAN_POINT('Axis2P3D Location',(-60.2034474127,66.,5.)) ;
#4053=CARTESIAN_POINT('Vertex',(-60.2034474127,64.4000000004,5.)) ;
#4055=CARTESIAN_POINT('Vertex',(-60.2034474127,67.5999999996,5.)) ;
#4058=CARTESIAN_POINT('Axis2P3D Location',(-60.2034474146,66.,5.)) ;
#4067=CARTESIAN_POINT('Axis2P3D Location',(-60.2034474127,22.,5.)) ;
#4071=CARTESIAN_POINT('Vertex',(-60.2034474127,20.4000000004,5.)) ;
#4073=CARTESIAN_POINT('Vertex',(-60.2034474127,23.5999999996,5.)) ;
#4076=CARTESIAN_POINT('Axis2P3D Location',(-60.2034474146,22.,5.)) ;
#4085=CARTESIAN_POINT('Axis2P3D Location',(-104.203447413,22.,5.)) ;
#4089=CARTESIAN_POINT('Vertex',(-104.203447413,20.4000000004,5.)) ;
#4091=CARTESIAN_POINT('Vertex',(-104.203447413,23.5999999996,5.)) ;
#4094=CARTESIAN_POINT('Axis2P3D Location',(-104.203447415,22.,5.)) ;
#4103=CARTESIAN_POINT('Axis2P3D Location',(-104.203447413,66.,5.)) ;
#4107=CARTESIAN_POINT('Vertex',(-104.203447413,64.4000000004,5.)) ;
#4109=CARTESIAN_POINT('Vertex',(-104.203447413,67.5999999996,5.)) ;
#4112=CARTESIAN_POINT('Axis2P3D Location',(-104.203447415,66.,5.)) ;
#4121=CARTESIAN_POINT('Axis2P3D Location',(-104.203447413,-22.,5.)) ;
#4125=CARTESIAN_POINT('Vertex',(-104.203447413,-23.5999999996,5.)) ;
#4127=CARTESIAN_POINT('Vertex',(-104.203447413,-20.4000000004,5.)) ;
#4130=CARTESIAN_POINT('Axis2P3D Location',(-104.203447415,-22.,5.)) ;
#4139=CARTESIAN_POINT('Axis2P3D Location',(-60.2034474127,-66.,5.)) ;
#4143=CARTESIAN_POINT('Vertex',(-60.2034474127,-67.5999999996,5.)) ;
#4145=CARTESIAN_POINT('Vertex',(-60.2034474127,-64.4000000004,5.)) ;
#4148=CARTESIAN_POINT('Axis2P3D Location',(-60.2034474146,-66.,5.)) ;
#4157=CARTESIAN_POINT('Axis2P3D Location',(-104.203447413,-66.,5.)) ;
#4161=CARTESIAN_POINT('Vertex',(-104.203447413,-67.5999999996,5.)) ;
#4163=CARTESIAN_POINT('Vertex',(-104.203447413,-64.4000000004,5.)) ;
#4166=CARTESIAN_POINT('Axis2P3D Location',(-104.203447415,-66.,5.)) ;
#4175=CARTESIAN_POINT('Axis2P3D Location',(2.61802053452,-65.6715871394,5.)) ;
#4179=CARTESIAN_POINT('Vertex',(2.61802053452,-67.271587139,5.)) ;
#4181=CARTESIAN_POINT('Vertex',(2.61802053452,-64.0715871397,5.)) ;
#4184=CARTESIAN_POINT('Axis2P3D Location',(2.61802053452,-65.6715871394,5.)) ;
#4193=CARTESIAN_POINT('Axis2P3D Location',(46.6180205345,-65.6715871394,5.)) ;
#4197=CARTESIAN_POINT('Vertex',(46.6180205345,-67.271587139,5.)) ;
#4199=CARTESIAN_POINT('Vertex',(46.6180205345,-64.0715871397,5.)) ;
#4202=CARTESIAN_POINT('Axis2P3D Location',(46.6180205345,-65.6715871394,5.)) ;
#4211=CARTESIAN_POINT('Axis2P3D Location',(46.6180205345,-21.6715871394,5.)) ;
#4215=CARTESIAN_POINT('Vertex',(46.6180205345,-23.271587139,5.)) ;
#4217=CARTESIAN_POINT('Vertex',(46.6180205345,-20.0715871397,5.)) ;
#4220=CARTESIAN_POINT('Axis2P3D Location',(46.6180205345,-21.6715871394,5.)) ;
#4229=CARTESIAN_POINT('Axis2P3D Location',(46.6180205345,22.3284128606,5.)) ;
#4233=CARTESIAN_POINT('Vertex',(46.6180205345,20.728412861,5.)) ;
#4235=CARTESIAN_POINT('Vertex',(46.6180205345,23.9284128603,5.)) ;
#4238=CARTESIAN_POINT('Axis2P3D Location',(46.6180205345,22.3284128606,5.)) ;
#4247=CARTESIAN_POINT('Axis2P3D Location',(46.6180205345,66.3284128606,5.)) ;
#4251=CARTESIAN_POINT('Vertex',(46.6180205345,64.728412861,5.)) ;
#4253=CARTESIAN_POINT('Vertex',(46.6180205345,67.9284128603,5.)) ;
#4256=CARTESIAN_POINT('Axis2P3D Location',(46.6180205345,66.3284128606,5.)) ;
#4265=CARTESIAN_POINT('Axis2P3D Location',(2.61802053452,66.3284128606,5.)) ;
#4269=CARTESIAN_POINT('Vertex',(2.61802053452,64.728412861,5.)) ;
#4271=CARTESIAN_POINT('Vertex',(2.61802053452,67.9284128603,5.)) ;
#4274=CARTESIAN_POINT('Axis2P3D Location',(2.61802053452,66.3284128606,5.)) ;
#4283=CARTESIAN_POINT('Axis2P3D Location',(-78.1000464056,52.5,5.)) ;
#4287=CARTESIAN_POINT('Vertex',(-78.1000464056,50.9000000004,5.)) ;
#4289=CARTESIAN_POINT('Vertex',(-78.1000464056,54.0999999996,5.)) ;
#4292=CARTESIAN_POINT('Axis2P3D Location',(-78.1000464056,52.5,5.)) ;
#4301=CARTESIAN_POINT('Axis2P3D Location',(-88.1000464056,52.5,5.)) ;
#4305=CARTESIAN_POINT('Vertex',(-88.1000464056,50.9000000004,5.)) ;
#4307=CARTESIAN_POINT('Vertex',(-88.1000464056,54.0999999996,5.)) ;
#4310=CARTESIAN_POINT('Axis2P3D Location',(-88.1000464056,52.5,5.)) ;
#4319=CARTESIAN_POINT('Axis2P3D Location',(-58.1000464056,52.5,5.)) ;
#4323=CARTESIAN_POINT('Vertex',(-58.1000464056,50.9000000004,5.)) ;
#4325=CARTESIAN_POINT('Vertex',(-58.1000464056,54.0999999996,5.)) ;
#4328=CARTESIAN_POINT('Axis2P3D Location',(-58.1000464056,52.5,5.)) ;
#4337=CARTESIAN_POINT('Axis2P3D Location',(-108.100046406,52.5,5.)) ;
#4341=CARTESIAN_POINT('Vertex',(-108.100046406,50.9000000004,5.)) ;
#4343=CARTESIAN_POINT('Vertex',(-108.100046406,54.0999999996,5.)) ;
#4346=CARTESIAN_POINT('Axis2P3D Location',(-108.100046406,52.5,5.)) ;
#4355=CARTESIAN_POINT('Axis2P3D Location',(-78.1000464056,76.5,5.)) ;
#4359=CARTESIAN_POINT('Vertex',(-78.1000464056,74.9000000004,5.)) ;
#4361=CARTESIAN_POINT('Vertex',(-78.1000464056,78.0999999996,5.)) ;
#4364=CARTESIAN_POINT('Axis2P3D Location',(-78.1000464056,76.5,5.)) ;
#4373=CARTESIAN_POINT('Axis2P3D Location',(-108.100046406,76.5,5.)) ;
#4377=CARTESIAN_POINT('Vertex',(-108.100046406,74.9000000004,5.)) ;
#4379=CARTESIAN_POINT('Vertex',(-108.100046406,78.0999999996,5.)) ;
#4382=CARTESIAN_POINT('Axis2P3D Location',(-108.100046406,76.5,5.)) ;
#4391=CARTESIAN_POINT('Axis2P3D Location',(-58.1000464056,76.5,5.)) ;
#4395=CARTESIAN_POINT('Vertex',(-58.1000464056,74.9000000004,5.)) ;
#4397=CARTESIAN_POINT('Vertex',(-58.1000464056,78.0999999996,5.)) ;
#4400=CARTESIAN_POINT('Axis2P3D Location',(-58.1000464056,76.5,5.)) ;
#4409=CARTESIAN_POINT('Axis2P3D Location',(-88.1000464056,76.5,5.)) ;
#4413=CARTESIAN_POINT('Vertex',(-88.1000464056,74.9000000004,5.)) ;
#4415=CARTESIAN_POINT('Vertex',(-88.1000464056,78.0999999996,5.)) ;
#4418=CARTESIAN_POINT('Axis2P3D Location',(-88.1000464056,76.5,5.)) ;
#4427=CARTESIAN_POINT('Axis2P3D Location',(-78.1000464056,-52.5,5.)) ;
#4431=CARTESIAN_POINT('Vertex',(-78.1000464056,-54.0999999996,5.)) ;
#4433=CARTESIAN_POINT('Vertex',(-78.1000464056,-50.9000000004,5.)) ;
#4436=CARTESIAN_POINT('Axis2P3D Location',(-78.1000464056,-52.5,5.)) ;
#4445=CARTESIAN_POINT('Axis2P3D Location',(-78.1000464056,-76.5,5.)) ;
#4449=CARTESIAN_POINT('Vertex',(-78.1000464056,-78.0999999996,5.)) ;
#4451=CARTESIAN_POINT('Vertex',(-78.1000464056,-74.9000000004,5.)) ;
#4454=CARTESIAN_POINT('Axis2P3D Location',(-78.1000464056,-76.5,5.)) ;
#4463=CARTESIAN_POINT('Axis2P3D Location',(-88.1000464056,-76.5,5.)) ;
#4467=CARTESIAN_POINT('Vertex',(-88.1000464056,-78.0999999996,5.)) ;
#4469=CARTESIAN_POINT('Vertex',(-88.1000464056,-74.9000000004,5.)) ;
#4472=CARTESIAN_POINT('Axis2P3D Location',(-88.1000464056,-76.5,5.)) ;
#4481=CARTESIAN_POINT('Axis2P3D Location',(-88.1000464056,-52.5,5.)) ;
#4485=CARTESIAN_POINT('Vertex',(-88.1000464056,-54.0999999996,5.)) ;
#4487=CARTESIAN_POINT('Vertex',(-88.1000464056,-50.9000000004,5.)) ;
#4490=CARTESIAN_POINT('Axis2P3D Location',(-88.1000464056,-52.5,5.)) ;
#4499=CARTESIAN_POINT('Axis2P3D Location',(-108.100046406,-52.5,5.)) ;
#4503=CARTESIAN_POINT('Vertex',(-108.100046406,-54.0999999996,5.)) ;
#4505=CARTESIAN_POINT('Vertex',(-108.100046406,-50.9000000004,5.)) ;
#4508=CARTESIAN_POINT('Axis2P3D Location',(-108.100046406,-52.5,5.)) ;
#4517=CARTESIAN_POINT('Axis2P3D Location',(-108.100046406,-76.5,5.)) ;
#4521=CARTESIAN_POINT('Vertex',(-108.100046406,-78.0999999996,5.)) ;
#4523=CARTESIAN_POINT('Vertex',(-108.100046406,-74.9000000004,5.)) ;
#4526=CARTESIAN_POINT('Axis2P3D Location',(-108.100046406,-76.5,5.)) ;
#4535=CARTESIAN_POINT('Axis2P3D Location',(-58.1000464056,-76.5,5.)) ;
#4539=CARTESIAN_POINT('Vertex',(-58.1000464056,-78.0999999996,5.)) ;
#4541=CARTESIAN_POINT('Vertex',(-58.1000464056,-74.9000000004,5.)) ;
#4544=CARTESIAN_POINT('Axis2P3D Location',(-58.1000464056,-76.5,5.)) ;
#4553=CARTESIAN_POINT('Axis2P3D Location',(-58.1000464056,-52.5,5.)) ;
#4557=CARTESIAN_POINT('Vertex',(-58.1000464056,-54.0999999996,5.)) ;
#4559=CARTESIAN_POINT('Vertex',(-58.1000464056,-50.9000000004,5.)) ;
#4562=CARTESIAN_POINT('Axis2P3D Location',(-58.1000464056,-52.5,5.)) ;
#4571=CARTESIAN_POINT('Axis2P3D Location',(-61.5722923279,-2.6645352591E-14,5.)) ;
#4575=CARTESIAN_POINT('Vertex',(-61.5722923279,-11.,5.)) ;
#4577=CARTESIAN_POINT('Vertex',(-61.5722923279,11.,5.)) ;
#4580=CARTESIAN_POINT('Axis2P3D Location',(-61.5722923279,-3.01980662698E-14,5.)) ;
#4589=CARTESIAN_POINT('Axis2P3D Location',(-109.917172482,19.600159388,5.)) ;
#4593=CARTESIAN_POINT('Vertex',(-109.917172482,17.600159388,5.)) ;
#4595=CARTESIAN_POINT('Vertex',(-109.917172482,21.600159388,5.)) ;
#4598=CARTESIAN_POINT('Axis2P3D Location',(-109.917172482,19.600159388,5.)) ;
#4607=CARTESIAN_POINT('Axis2P3D Location',(-109.917316442,45.1002393942,5.)) ;
#4611=CARTESIAN_POINT('Vertex',(-109.917316442,43.1002393942,5.)) ;
#4613=CARTESIAN_POINT('Vertex',(-109.917316442,47.1002393942,5.)) ;
#4616=CARTESIAN_POINT('Axis2P3D Location',(-109.917316442,45.1002393942,5.)) ;
#4625=CARTESIAN_POINT('Axis2P3D Location',(-109.917536616,84.0999393854,5.)) ;
#4629=CARTESIAN_POINT('Vertex',(-109.917536616,82.0999393854,5.)) ;
#4631=CARTESIAN_POINT('Vertex',(-109.917536616,86.0999393854,5.)) ;
#4634=CARTESIAN_POINT('Axis2P3D Location',(-109.917536616,84.0999393854,5.)) ;
#4643=CARTESIAN_POINT('Axis2P3D Location',(-109.91658817,-83.8996806033,5.)) ;
#4647=CARTESIAN_POINT('Vertex',(-109.91658817,-85.8996806033,5.)) ;
#4649=CARTESIAN_POINT('Vertex',(-109.91658817,-81.8996806033,5.)) ;
#4652=CARTESIAN_POINT('Axis2P3D Location',(-109.91658817,-83.8996806033,5.)) ;
#4661=CARTESIAN_POINT('Axis2P3D Location',(-109.916808344,-44.8999806121,5.)) ;
#4665=CARTESIAN_POINT('Vertex',(-109.916808344,-46.8999806121,5.)) ;
#4667=CARTESIAN_POINT('Vertex',(-109.916808344,-42.8999806121,5.)) ;
#4670=CARTESIAN_POINT('Axis2P3D Location',(-109.916808344,-44.8999806121,5.)) ;
#4679=CARTESIAN_POINT('Axis2P3D Location',(-109.916952308,-19.399540605,5.)) ;
#4683=CARTESIAN_POINT('Vertex',(-109.916952308,-21.399540605,5.)) ;
#4685=CARTESIAN_POINT('Vertex',(-109.916952308,-17.399540605,5.)) ;
#4688=CARTESIAN_POINT('Axis2P3D Location',(-109.916952308,-19.399540605,5.)) ;
#4697=CARTESIAN_POINT('Line Origine',(-138.16456604,66.5383300781,5.)) ;
#4701=CARTESIAN_POINT('Vertex',(-138.16456604,63.9662923068,5.)) ;
#4703=CARTESIAN_POINT('Vertex',(-138.16456604,69.1103678495,5.)) ;
#4706=CARTESIAN_POINT('Axis2P3D Location',(-138.46456604,63.9662923065,5.)) ;
#4710=CARTESIAN_POINT('Vertex',(-138.566873673,63.6842760872,5.)) ;
#4713=CARTESIAN_POINT('Line Origine',(-142.111850455,64.9702949729,5.)) ;
#4717=CARTESIAN_POINT('Vertex',(-145.656827238,66.2563138585,5.)) ;
#4720=CARTESIAN_POINT('Axis2P3D Location',(-145.554519604,66.5383300781,5.)) ;
#4724=CARTESIAN_POINT('Vertex',(-145.656827238,66.8203462978,5.)) ;
#4727=CARTESIAN_POINT('Line Origine',(-142.111850455,68.1063651834,5.)) ;
#4731=CARTESIAN_POINT('Vertex',(-138.566873673,69.392384069,5.)) ;
#4734=CARTESIAN_POINT('Axis2P3D Location',(-138.46456604,69.1103678497,5.)) ;
#4747=CARTESIAN_POINT('Axis2P3D Location',(-81.961180479,3.88105991789E-10,5.)) ;
#4751=CARTESIAN_POINT('Vertex',(-81.9618059568,1.59999987775,5.)) ;
#4753=CARTESIAN_POINT('Vertex',(-81.9611804803,-1.6,5.)) ;
#4756=CARTESIAN_POINT('Line Origine',(-80.9663051842,1.60038679,5.)) ;
#4760=CARTESIAN_POINT('Vertex',(-79.9708044103,1.60077370176,5.)) ;
#4763=CARTESIAN_POINT('Axis2P3D Location',(-79.9701825529,0.000773822889427,5.)) ;
#4767=CARTESIAN_POINT('Vertex',(-79.969560697,-1.59922605655,5.)) ;
#4770=CARTESIAN_POINT('Line Origine',(-80.9652151251,-1.59961302765,5.)) ;
#4781=CARTESIAN_POINT('Axis2P3D Location',(-57.4702169374,-12.9896667898,5.)) ;
#4785=CARTESIAN_POINT('Vertex',(-55.9702169374,-12.9896667898,5.)) ;
#4787=CARTESIAN_POINT('Vertex',(-58.9702169374,-12.9896667898,5.)) ;
#4790=CARTESIAN_POINT('Axis2P3D Location',(-57.4702169374,-12.9896667898,5.)) ;
#4799=CARTESIAN_POINT('Axis2P3D Location',(-57.4701481704,12.991095325,5.)) ;
#4803=CARTESIAN_POINT('Vertex',(-55.9701481704,12.991095325,5.)) ;
#4805=CARTESIAN_POINT('Vertex',(-58.9701481704,12.991095325,5.)) ;
#4808=CARTESIAN_POINT('Axis2P3D Location',(-57.4701481704,12.991095325,5.)) ;
#4817=CARTESIAN_POINT('Axis2P3D Location',(137.015533447,12.,5.)) ;
#4821=CARTESIAN_POINT('Vertex',(137.015533447,10.4000000004,5.)) ;
#4823=CARTESIAN_POINT('Vertex',(137.015533447,13.5999999996,5.)) ;
#4826=CARTESIAN_POINT('Axis2P3D Location',(137.015533447,12.,5.)) ;
#4835=CARTESIAN_POINT('Axis2P3D Location',(137.015533447,-2.87547763378E-14,5.)) ;
#4839=CARTESIAN_POINT('Vertex',(137.015533447,-1.59999999963,5.)) ;
#4841=CARTESIAN_POINT('Vertex',(137.015533447,1.59999999963,5.)) ;
#4844=CARTESIAN_POINT('Axis2P3D Location',(137.015533447,-2.8088642523E-14,5.)) ;
#4853=CARTESIAN_POINT('Axis2P3D Location',(137.015533447,-12.,5.)) ;
#4857=CARTESIAN_POINT('Vertex',(137.015533447,-13.5999999996,5.)) ;
#4859=CARTESIAN_POINT('Vertex',(137.015533447,-10.4000000004,5.)) ;
#4862=CARTESIAN_POINT('Axis2P3D Location',(137.015533447,-12.,5.)) ;
#4871=CARTESIAN_POINT('Axis2P3D Location',(84.899956177,81.2500017965,5.)) ;
#4875=CARTESIAN_POINT('Vertex',(84.8999561779,79.650001796,5.)) ;
#4877=CARTESIAN_POINT('Vertex',(84.8999561779,82.8500017971,5.)) ;
#4880=CARTESIAN_POINT('Axis2P3D Location',(84.8999561789,81.2500017965,5.)) ;
#4889=CARTESIAN_POINT('Axis2P3D Location',(88.4470319655,71.6222342309,5.)) ;
#4893=CARTESIAN_POINT('Vertex',(88.4470319655,70.0222342312,5.)) ;
#4895=CARTESIAN_POINT('Vertex',(88.4470319655,73.2222342305,5.)) ;
#4898=CARTESIAN_POINT('Axis2P3D Location',(88.4470319655,71.6222342309,5.)) ;
#4907=CARTESIAN_POINT('Axis2P3D Location',(-97.836647545,-20.8596500447,5.)) ;
#4911=CARTESIAN_POINT('Vertex',(-97.8366475459,-18.9096500445,5.)) ;
#4913=CARTESIAN_POINT('Vertex',(-97.8366475459,-22.8096500449,5.)) ;
#4916=CARTESIAN_POINT('Axis2P3D Location',(-97.836647545,-20.8596500447,5.)) ;
#4925=CARTESIAN_POINT('Axis2P3D Location',(-97.836647545,20.8596500447,5.)) ;
#4929=CARTESIAN_POINT('Vertex',(-97.8366475459,22.8096500449,5.)) ;
#4931=CARTESIAN_POINT('Vertex',(-97.8366475459,18.9096500445,5.)) ;
#4934=CARTESIAN_POINT('Axis2P3D Location',(-97.836647545,20.8596500447,5.)) ;
#4944=CARTESIAN_POINT('Axis2P3D Location',(130.,-90.,0.)) ;
#4949=CARTESIAN_POINT('Axis2P3D Location',(130.,-90.,0.)) ;
#4953=CARTESIAN_POINT('Vertex',(130.,-120.,0.)) ;
#4956=CARTESIAN_POINT('Line Origine',(130.,-120.,0.)) ;
#4968=CARTESIAN_POINT('Axis2P3D Location',(123.033248256,120.,0.)) ;
#4973=CARTESIAN_POINT('Line Origine',(123.033248256,115.,2.5)) ;
#4977=CARTESIAN_POINT('Vertex',(123.033248256,115.,0.)) ;
#4980=CARTESIAN_POINT('Line Origine',(123.033248256,104.5,0.)) ;
#4984=CARTESIAN_POINT('Vertex',(123.033248256,94.,0.)) ;
#4987=CARTESIAN_POINT('Line Origine',(123.033248256,94.,2.5)) ;
#4999=CARTESIAN_POINT('Axis2P3D Location',(118.033248256,94.,6.76551797443)) ;
#5004=CARTESIAN_POINT('Line Origine',(118.033248256,89.,6.76551797427)) ;
#5008=CARTESIAN_POINT('Vertex',(118.033248256,89.,0.)) ;
#5011=CARTESIAN_POINT('Axis2P3D Location',(118.033248256,94.,1.58530077954E-10)) ;
#5023=CARTESIAN_POINT('Axis2P3D Location',(93.0332482558,89.,0.)) ;
#5028=CARTESIAN_POINT('Line Origine',(93.0332482558,89.,0.)) ;
#5032=CARTESIAN_POINT('Vertex',(68.0332482558,89.,0.)) ;
#5035=CARTESIAN_POINT('Line Origine',(68.0332482558,89.,2.5)) ;
#5047=CARTESIAN_POINT('Axis2P3D Location',(68.0332482558,94.,6.76551797443)) ;
#5052=CARTESIAN_POINT('Line Origine',(63.0332482558,94.,6.76551797427)) ;
#5056=CARTESIAN_POINT('Vertex',(63.0332482558,94.,0.)) ;
#5059=CARTESIAN_POINT('Axis2P3D Location',(68.0332482558,94.,1.58530077954E-10)) ;
#5071=CARTESIAN_POINT('Axis2P3D Location',(63.0332482558,120.,0.)) ;
#5076=CARTESIAN_POINT('Line Origine',(63.0332482558,104.5,0.)) ;
#5080=CARTESIAN_POINT('Vertex',(63.0332482558,115.,0.)) ;
#5083=CARTESIAN_POINT('Line Origine',(63.0332482558,115.,2.5)) ;
#5095=CARTESIAN_POINT('Axis2P3D Location',(58.0332482558,115.,4.56963984143E-16)) ;
#5100=CARTESIAN_POINT('Line Origine',(58.0332482558,120.,0.)) ;
#5104=CARTESIAN_POINT('Vertex',(58.0332482558,120.,2.77555756156E-16)) ;
#5107=CARTESIAN_POINT('Axis2P3D Location',(58.0332482558,115.,4.56963984143E-16)) ;
#5119=CARTESIAN_POINT('Axis2P3D Location',(4.64700993499,70.,5.)) ;
#5124=CARTESIAN_POINT('Line Origine',(4.64700993499,120.,5.)) ;
#5128=CARTESIAN_POINT('Vertex',(4.64700993511,120.,0.)) ;
#5131=CARTESIAN_POINT('Axis2P3D Location',(4.64700993499,70.,-8.881784197E-16)) ;
#5135=CARTESIAN_POINT('Vertex',(-4.56741681694,119.143609347,0.)) ;
#5138=CARTESIAN_POINT('Line Origine',(-4.56741681751,119.143609347,5.)) ;
#5150=CARTESIAN_POINT('Axis2P3D Location',(-80.,105.,0.)) ;
#5155=CARTESIAN_POINT('Line Origine',(-135.528656052,94.5883769902,2.5)) ;
#5159=CARTESIAN_POINT('Vertex',(-135.528656052,94.5883769903,-8.881784197E-16)) ;
#5162=CARTESIAN_POINT('Line Origine',(-70.0480364346,106.865993169,0.)) ;
#5174=CARTESIAN_POINT('Axis2P3D Location',(-130.,-65.1022113823,5.)) ;
#5179=CARTESIAN_POINT('Line Origine',(-160.,-65.1022113823,5.)) ;
#5183=CARTESIAN_POINT('Vertex',(-160.,-65.1022113822,0.)) ;
#5186=CARTESIAN_POINT('Axis2P3D Location',(-130.,-65.1022113823,-8.881784197E-16)) ;
#5190=CARTESIAN_POINT('Vertex',(-135.528656052,-94.5883769903,-8.881784197E-16)) ;
#5193=CARTESIAN_POINT('Line Origine',(-135.528656052,-94.5883769903,5.)) ;
#5205=CARTESIAN_POINT('Axis2P3D Location',(-80.,-105.,-1.7763568394E-15)) ;
#5210=CARTESIAN_POINT('Line Origine',(-70.0480364346,-106.865993169,-1.7763568394E-15)) ;
#5214=CARTESIAN_POINT('Vertex',(-4.56741681694,-119.143609347,-1.7763568394E-15)) ;
#5217=CARTESIAN_POINT('Line Origine',(-4.56741681694,-119.143609347,2.5)) ;
#5229=CARTESIAN_POINT('Line Origine',(63.0332482558,-115.,2.5)) ;
#5233=CARTESIAN_POINT('Vertex',(63.0332482558,-115.,0.)) ;
#5236=CARTESIAN_POINT('Line Origine',(63.0332482558,-104.5,0.)) ;
#5240=CARTESIAN_POINT('Vertex',(63.0332482558,-94.,0.)) ;
#5243=CARTESIAN_POINT('Line Origine',(63.0332482558,-94.,2.5)) ;
#5255=CARTESIAN_POINT('Axis2P3D Location',(68.0332482558,-94.,6.76551797443)) ;
#5260=CARTESIAN_POINT('Line Origine',(68.0332482558,-89.,6.76551797427)) ;
#5264=CARTESIAN_POINT('Vertex',(68.0332482558,-89.,0.)) ;
#5267=CARTESIAN_POINT('Axis2P3D Location',(68.0332482558,-94.,1.58530077954E-10)) ;
#5279=CARTESIAN_POINT('Axis2P3D Location',(93.0332482558,-89.,0.)) ;
#5284=CARTESIAN_POINT('Line Origine',(93.0332482558,-89.,0.)) ;
#5288=CARTESIAN_POINT('Vertex',(118.033248256,-89.,0.)) ;
#5291=CARTESIAN_POINT('Line Origine',(118.033248256,-89.,2.5)) ;
#5303=CARTESIAN_POINT('Axis2P3D Location',(118.033248256,-94.,6.76551797443)) ;
#5308=CARTESIAN_POINT('Line Origine',(123.033248256,-94.,6.76551797427)) ;
#5312=CARTESIAN_POINT('Vertex',(123.033248256,-94.,0.)) ;
#5315=CARTESIAN_POINT('Axis2P3D Location',(118.033248256,-94.,1.58530077954E-10)) ;
#5327=CARTESIAN_POINT('Line Origine',(123.033248256,-104.5,0.)) ;
#5331=CARTESIAN_POINT('Vertex',(123.033248256,-115.,0.)) ;
#5334=CARTESIAN_POINT('Line Origine',(123.033248256,-115.,2.5)) ;
#5346=CARTESIAN_POINT('Axis2P3D Location',(128.033248256,-115.,0.)) ;
#5351=CARTESIAN_POINT('Line Origine',(128.033248256,-120.,0.)) ;
#5355=CARTESIAN_POINT('Vertex',(128.033248255,-120.,0.)) ;
#5358=CARTESIAN_POINT('Axis2P3D Location',(128.033248256,-115.,0.)) ;
#5370=CARTESIAN_POINT('Axis2P3D Location',(-123.850051162,-15.,5.)) ;
#5375=CARTESIAN_POINT('Line Origine',(-123.850051162,-13.05,5.)) ;
#5379=CARTESIAN_POINT('Vertex',(-123.850051162,-13.05,0.)) ;
#5382=CARTESIAN_POINT('Axis2P3D Location',(-123.850051162,-15.,0.)) ;
#5386=CARTESIAN_POINT('Vertex',(-123.850051162,-16.95,0.)) ;
#5389=CARTESIAN_POINT('Line Origine',(-123.850051162,-16.95,5.)) ;
#5401=CARTESIAN_POINT('Axis2P3D Location',(-123.850051162,-15.,0.)) ;
#5413=CARTESIAN_POINT('Axis2P3D Location',(-123.850051162,-49.5,5.)) ;
#5418=CARTESIAN_POINT('Line Origine',(-123.850051162,-47.55,5.)) ;
#5422=CARTESIAN_POINT('Vertex',(-123.850051162,-47.55,0.)) ;
#5425=CARTESIAN_POINT('Axis2P3D Location',(-123.850051162,-49.5,0.)) ;
#5429=CARTESIAN_POINT('Vertex',(-123.850051162,-51.45,0.)) ;
#5432=CARTESIAN_POINT('Line Origine',(-123.850051162,-51.45,5.)) ;
#5444=CARTESIAN_POINT('Axis2P3D Location',(-123.850051162,-49.5,0.)) ;
#5456=CARTESIAN_POINT('Axis2P3D Location',(-123.850051162,-79.5,5.)) ;
#5461=CARTESIAN_POINT('Line Origine',(-123.850051162,-77.55,5.)) ;
#5465=CARTESIAN_POINT('Vertex',(-123.850051162,-77.55,0.)) ;
#5468=CARTESIAN_POINT('Axis2P3D Location',(-123.850051162,-79.5,0.)) ;
#5472=CARTESIAN_POINT('Vertex',(-123.850051162,-81.45,0.)) ;
#5475=CARTESIAN_POINT('Line Origine',(-123.850051162,-81.45,5.)) ;
#5487=CARTESIAN_POINT('Axis2P3D Location',(-123.850051162,-79.5,0.)) ;
#5499=CARTESIAN_POINT('Axis2P3D Location',(-99.8500511621,-49.5,5.)) ;
#5504=CARTESIAN_POINT('Line Origine',(-99.8500511621,-47.55,5.)) ;
#5508=CARTESIAN_POINT('Vertex',(-99.8500511621,-47.55,0.)) ;
#5511=CARTESIAN_POINT('Axis2P3D Location',(-99.8500511621,-49.5,0.)) ;
#5515=CARTESIAN_POINT('Vertex',(-99.8500511621,-51.45,0.)) ;
#5518=CARTESIAN_POINT('Line Origine',(-99.8500511621,-51.45,5.)) ;
#5530=CARTESIAN_POINT('Axis2P3D Location',(-99.8500511621,-49.5,0.)) ;
#5542=CARTESIAN_POINT('Axis2P3D Location',(-99.8500511621,-15.,5.)) ;
#5547=CARTESIAN_POINT('Line Origine',(-99.8500511621,-13.05,5.)) ;
#5551=CARTESIAN_POINT('Vertex',(-99.8500511621,-13.05,0.)) ;
#5554=CARTESIAN_POINT('Axis2P3D Location',(-99.8500511621,-15.,0.)) ;
#5558=CARTESIAN_POINT('Vertex',(-99.8500511621,-16.95,0.)) ;
#5561=CARTESIAN_POINT('Line Origine',(-99.8500511621,-16.95,5.)) ;
#5573=CARTESIAN_POINT('Axis2P3D Location',(-99.8500511621,-15.,0.)) ;
#5585=CARTESIAN_POINT('Axis2P3D Location',(-99.8500511621,-79.5,5.)) ;
#5590=CARTESIAN_POINT('Line Origine',(-99.8500511621,-77.55,5.)) ;
#5594=CARTESIAN_POINT('Vertex',(-99.8500511621,-77.55,0.)) ;
#5597=CARTESIAN_POINT('Axis2P3D Location',(-99.8500511621,-79.5,0.)) ;
#5601=CARTESIAN_POINT('Vertex',(-99.8500511621,-81.45,0.)) ;
#5604=CARTESIAN_POINT('Line Origine',(-99.8500511621,-81.45,5.)) ;
#5616=CARTESIAN_POINT('Axis2P3D Location',(-99.8500511621,-79.5,0.)) ;
#5628=CARTESIAN_POINT('Axis2P3D Location',(-123.850046396,79.5,5.)) ;
#5633=CARTESIAN_POINT('Line Origine',(-123.850046396,81.45,5.)) ;
#5637=CARTESIAN_POINT('Vertex',(-123.850046396,81.45,0.)) ;
#5640=CARTESIAN_POINT('Axis2P3D Location',(-123.850046396,79.5,0.)) ;
#5644=CARTESIAN_POINT('Vertex',(-123.850046396,77.55,0.)) ;
#5647=CARTESIAN_POINT('Line Origine',(-123.850046396,77.55,5.)) ;
#5659=CARTESIAN_POINT('Axis2P3D Location',(-123.850046396,79.5,0.)) ;
#5671=CARTESIAN_POINT('Axis2P3D Location',(-99.8500463963,49.5,5.)) ;
#5676=CARTESIAN_POINT('Line Origine',(-99.8500463963,51.45,5.)) ;
#5680=CARTESIAN_POINT('Vertex',(-99.8500463963,51.45,0.)) ;
#5683=CARTESIAN_POINT('Axis2P3D Location',(-99.8500463963,49.5,0.)) ;
#5687=CARTESIAN_POINT('Vertex',(-99.8500463963,47.55,0.)) ;
#5690=CARTESIAN_POINT('Line Origine',(-99.8500463963,47.55,5.)) ;
#5702=CARTESIAN_POINT('Axis2P3D Location',(-99.8500463963,49.5,0.)) ;
#5714=CARTESIAN_POINT('Axis2P3D Location',(-123.850046396,15.,5.)) ;
#5719=CARTESIAN_POINT('Line Origine',(-123.850046396,16.95,5.)) ;
#5723=CARTESIAN_POINT('Vertex',(-123.850046396,16.95,0.)) ;
#5726=CARTESIAN_POINT('Axis2P3D Location',(-123.850046396,15.,0.)) ;
#5730=CARTESIAN_POINT('Vertex',(-123.850046396,13.05,0.)) ;
#5733=CARTESIAN_POINT('Line Origine',(-123.850046396,13.05,5.)) ;
#5745=CARTESIAN_POINT('Axis2P3D Location',(-123.850046396,15.,0.)) ;
#5757=CARTESIAN_POINT('Axis2P3D Location',(-123.850046396,49.5,5.)) ;
#5762=CARTESIAN_POINT('Line Origine',(-123.850046396,51.45,5.)) ;
#5766=CARTESIAN_POINT('Vertex',(-123.850046396,51.45,0.)) ;
#5769=CARTESIAN_POINT('Axis2P3D Location',(-123.850046396,49.5,0.)) ;
#5773=CARTESIAN_POINT('Vertex',(-123.850046396,47.55,0.)) ;
#5776=CARTESIAN_POINT('Line Origine',(-123.850046396,47.55,5.)) ;
#5788=CARTESIAN_POINT('Axis2P3D Location',(-123.850046396,49.5,0.)) ;
#5800=CARTESIAN_POINT('Axis2P3D Location',(-99.8500463963,79.5,5.)) ;
#5805=CARTESIAN_POINT('Line Origine',(-99.8500463963,81.45,5.)) ;
#5809=CARTESIAN_POINT('Vertex',(-99.8500463963,81.45,0.)) ;
#5812=CARTESIAN_POINT('Axis2P3D Location',(-99.8500463963,79.5,0.)) ;
#5816=CARTESIAN_POINT('Vertex',(-99.8500463963,77.55,0.)) ;
#5819=CARTESIAN_POINT('Line Origine',(-99.8500463963,77.55,5.)) ;
#5831=CARTESIAN_POINT('Axis2P3D Location',(-99.8500463963,79.5,0.)) ;
#5843=CARTESIAN_POINT('Axis2P3D Location',(-99.8500463963,15.,5.)) ;
#5848=CARTESIAN_POINT('Line Origine',(-99.8500463963,16.95,5.)) ;
#5852=CARTESIAN_POINT('Vertex',(-99.8500463963,16.95,0.)) ;
#5855=CARTESIAN_POINT('Axis2P3D Location',(-99.8500463963,15.,0.)) ;
#5859=CARTESIAN_POINT('Vertex',(-99.8500463963,13.05,0.)) ;
#5862=CARTESIAN_POINT('Line Origine',(-99.8500463963,13.05,5.)) ;
#5874=CARTESIAN_POINT('Axis2P3D Location',(-99.8500463963,15.,0.)) ;
#5886=CARTESIAN_POINT('Axis2P3D Location',(83.039151205,-81.4694873774,2.5)) ;
#5891=CARTESIAN_POINT('Line Origine',(83.8126899924,-82.2833711606,2.5)) ;
#5895=CARTESIAN_POINT('Vertex',(83.8126899921,-82.2833711603,8.881784197E-16)) ;
#5898=CARTESIAN_POINT('Line Origine',(83.039151205,-81.4694873774,-8.881784197E-16)) ;
#5902=CARTESIAN_POINT('Vertex',(82.2656124179,-80.6556035946,-2.21306210984E-16)) ;
#5905=CARTESIAN_POINT('Line Origine',(82.2656124176,-80.6556035942,2.5)) ;
#5917=CARTESIAN_POINT('Axis2P3D Location',(85.2136835766,-79.4027486506,2.5)) ;
#5922=CARTESIAN_POINT('Line Origine',(84.4401447892,-78.5888648674,2.5)) ;
#5926=CARTESIAN_POINT('Vertex',(84.4401447892,-78.5888648674,-8.881784197E-16)) ;
#5929=CARTESIAN_POINT('Line Origine',(85.2136835766,-79.4027486506,-8.881784197E-16)) ;
#5933=CARTESIAN_POINT('Vertex',(85.9872223636,-80.2166324334,-8.881784197E-16)) ;
#5936=CARTESIAN_POINT('Line Origine',(85.987222364,-80.2166324338,2.5)) ;
#5948=CARTESIAN_POINT('Axis2P3D Location',(102.447031965,79.6222342312,5.)) ;
#5953=CARTESIAN_POINT('Axis2P3D Location',(102.447031965,79.6222342312,-3.5527136788E-15)) ;
#5957=CARTESIAN_POINT('Vertex',(101.719793917,78.1970588658,-3.5527136788E-15)) ;
#5959=CARTESIAN_POINT('Vertex',(101.287280454,78.5199745375,0.)) ;
#5962=CARTESIAN_POINT('Line Origine',(101.287280454,78.5199745369,5.)) ;
#5967=CARTESIAN_POINT('Line Origine',(103.606783476,80.7244939255,5.)) ;
#5971=CARTESIAN_POINT('Vertex',(103.606783476,80.7244939255,-8.881784197E-16)) ;
#5974=CARTESIAN_POINT('Axis2P3D Location',(102.447031965,79.6222342312,-8.881784197E-16)) ;
#5988=CARTESIAN_POINT('Axis2P3D Location',(100.513742561,79.3338587288,2.5)) ;
#5993=CARTESIAN_POINT('Line Origine',(100.513742561,79.3338587288,0.)) ;
#5997=CARTESIAN_POINT('Vertex',(99.7402046673,80.1477429208,-8.881784197E-16)) ;
#6000=CARTESIAN_POINT('Line Origine',(99.7402046679,80.1477429201,2.5)) ;
#6012=CARTESIAN_POINT('Axis2P3D Location',(50.6615337512,34.4430847168,0.)) ;
#6017=CARTESIAN_POINT('Axis2P3D Location',(50.6615337512,34.4430847168,0.)) ;
#6021=CARTESIAN_POINT('Vertex',(49.0615337512,34.4430847168,0.)) ;
#6023=CARTESIAN_POINT('Vertex',(52.2615337512,34.4430847168,0.)) ;
#6026=CARTESIAN_POINT('Line Origine',(52.2615337512,34.4430847168,0.)) ;
#6031=CARTESIAN_POINT('Line Origine',(49.0615337512,34.4430847168,0.)) ;
#6043=CARTESIAN_POINT('Axis2P3D Location',(52.2615337512,32.4430847168,4.)) ;
#6048=CARTESIAN_POINT('Line Origine',(52.2615337512,32.4430847168,0.)) ;
#6052=CARTESIAN_POINT('Vertex',(52.2615337512,30.4430847168,0.)) ;
#6055=CARTESIAN_POINT('Line Origine',(52.2615337512,30.4430847168,2.5)) ;
#6067=CARTESIAN_POINT('Axis2P3D Location',(50.6615337512,30.4430847168,0.)) ;
#6072=CARTESIAN_POINT('Axis2P3D Location',(50.6615337512,30.4430847168,0.)) ;
#6076=CARTESIAN_POINT('Vertex',(49.0615337512,30.4430847168,0.)) ;
#6079=CARTESIAN_POINT('Line Origine',(49.0615337512,30.4430847168,0.)) ;
#6091=CARTESIAN_POINT('Axis2P3D Location',(49.0615337512,32.4430847168,4.)) ;
#6096=CARTESIAN_POINT('Line Origine',(49.0615337512,32.4430847168,0.)) ;
#6108=CARTESIAN_POINT('Axis2P3D Location',(-13.4097690582,30.4430847168,0.)) ;
#6113=CARTESIAN_POINT('Axis2P3D Location',(-13.4097690582,30.4430847168,0.)) ;
#6117=CARTESIAN_POINT('Vertex',(-11.8097690582,30.4430847168,0.)) ;
#6119=CARTESIAN_POINT('Vertex',(-15.0097690582,30.4430847168,0.)) ;
#6122=CARTESIAN_POINT('Line Origine',(-15.0097690582,30.4430847168,0.)) ;
#6127=CARTESIAN_POINT('Line Origine',(-11.8097690582,30.4430847168,0.)) ;
#6139=CARTESIAN_POINT('Axis2P3D Location',(-15.0097690582,32.4430847168,4.)) ;
#6144=CARTESIAN_POINT('Line Origine',(-15.0097690582,32.4430847168,0.)) ;
#6148=CARTESIAN_POINT('Vertex',(-15.0097690582,34.4430847168,0.)) ;
#6151=CARTESIAN_POINT('Line Origine',(-15.0097690582,34.4430847168,2.5)) ;
#6163=CARTESIAN_POINT('Axis2P3D Location',(-13.4097690582,34.4430847168,0.)) ;
#6168=CARTESIAN_POINT('Axis2P3D Location',(-13.4097690582,34.4430847168,0.)) ;
#6172=CARTESIAN_POINT('Vertex',(-11.8097690582,34.4430847168,0.)) ;
#6175=CARTESIAN_POINT('Line Origine',(-11.8097690582,34.4430847168,0.)) ;
#6187=CARTESIAN_POINT('Axis2P3D Location',(-11.8097690582,32.4430847168,4.)) ;
#6192=CARTESIAN_POINT('Line Origine',(-11.8097690582,32.4430847168,0.)) ;
#6204=CARTESIAN_POINT('Line Origine',(49.0615337512,-32.4430847168,0.)) ;
#6208=CARTESIAN_POINT('Vertex',(49.0615337512,-34.4430847168,0.)) ;
#6210=CARTESIAN_POINT('Vertex',(49.0615337512,-30.4430847168,0.)) ;
#6213=CARTESIAN_POINT('Line Origine',(49.0615337512,-30.4430847168,2.5)) ;
#6218=CARTESIAN_POINT('Line Origine',(49.0615337512,-34.4430847168,2.5)) ;
#6230=CARTESIAN_POINT('Axis2P3D Location',(50.6615337512,-30.4430847168,0.)) ;
#6235=CARTESIAN_POINT('Axis2P3D Location',(50.6615337512,-30.4430847168,0.)) ;
#6239=CARTESIAN_POINT('Vertex',(52.2615337512,-30.4430847168,0.)) ;
#6242=CARTESIAN_POINT('Line Origine',(52.2615337512,-30.4430847168,0.)) ;
#6254=CARTESIAN_POINT('Line Origine',(52.2615337512,-32.4430847168,0.)) ;
#6258=CARTESIAN_POINT('Vertex',(52.2615337512,-34.4430847168,0.)) ;
#6261=CARTESIAN_POINT('Line Origine',(52.2615337512,-34.4430847168,2.5)) ;
#6273=CARTESIAN_POINT('Axis2P3D Location',(50.6615337512,-34.4430847168,0.)) ;
#6278=CARTESIAN_POINT('Axis2P3D Location',(50.6615337512,-34.4430847168,0.)) ;
#6290=CARTESIAN_POINT('Axis2P3D Location',(-13.4097690582,-34.4430847168,0.)) ;
#6295=CARTESIAN_POINT('Axis2P3D Location',(-13.4097690582,-34.4430847168,0.)) ;
#6299=CARTESIAN_POINT('Vertex',(-11.8097690582,-34.4430847168,0.)) ;
#6301=CARTESIAN_POINT('Vertex',(-15.0097690582,-34.4430847168,0.)) ;
#6304=CARTESIAN_POINT('Line Origine',(-15.0097690582,-34.4430847168,0.)) ;
#6309=CARTESIAN_POINT('Line Origine',(-11.8097690582,-34.4430847168,0.)) ;
#6321=CARTESIAN_POINT('Line Origine',(-15.0097690582,-32.4430847168,0.)) ;
#6325=CARTESIAN_POINT('Vertex',(-15.0097690582,-30.4430847168,0.)) ;
#6328=CARTESIAN_POINT('Line Origine',(-15.0097690582,-30.4430847168,2.5)) ;
#6340=CARTESIAN_POINT('Axis2P3D Location',(-13.4097690582,-30.4430847168,0.)) ;
#6345=CARTESIAN_POINT('Axis2P3D Location',(-13.4097690582,-30.4430847168,0.)) ;
#6349=CARTESIAN_POINT('Vertex',(-11.8097690582,-30.4430847168,0.)) ;
#6352=CARTESIAN_POINT('Line Origine',(-11.8097690582,-30.4430847168,0.)) ;
#6364=CARTESIAN_POINT('Line Origine',(-11.8097690582,-32.4430847168,0.)) ;
#6376=CARTESIAN_POINT('Axis2P3D Location',(-30.236647545,20.859650045,0.)) ;
#6381=CARTESIAN_POINT('Line Origine',(-31.836647545,20.859650045,0.)) ;
#6385=CARTESIAN_POINT('Vertex',(-31.836647545,20.859650045,0.)) ;
#6388=CARTESIAN_POINT('Axis2P3D Location',(-30.236647545,20.859650045,0.)) ;
#6392=CARTESIAN_POINT('Vertex',(-28.636647545,20.859650045,0.)) ;
#6395=CARTESIAN_POINT('Line Origine',(-28.636647545,20.859650045,0.)) ;
#6407=CARTESIAN_POINT('Axis2P3D Location',(-30.236647545,20.859650045,0.)) ;
#6419=CARTESIAN_POINT('Axis2P3D Location',(-30.236647545,-20.859650045,0.)) ;
#6424=CARTESIAN_POINT('Line Origine',(-31.836647545,-20.859650045,0.)) ;
#6428=CARTESIAN_POINT('Vertex',(-31.836647545,-20.859650045,0.)) ;
#6431=CARTESIAN_POINT('Axis2P3D Location',(-30.236647545,-20.859650045,0.)) ;
#6435=CARTESIAN_POINT('Vertex',(-28.636647545,-20.859650045,0.)) ;
#6438=CARTESIAN_POINT('Line Origine',(-28.636647545,-20.859650045,0.)) ;
#6450=CARTESIAN_POINT('Axis2P3D Location',(-30.236647545,-20.859650045,0.)) ;
#6462=CARTESIAN_POINT('Axis2P3D Location',(30.5388195197,2.69423372501E-12,0.)) ;
#6467=CARTESIAN_POINT('Line Origine',(30.5388195197,-1.6,0.)) ;
#6471=CARTESIAN_POINT('Vertex',(30.5388195197,-1.6,0.)) ;
#6474=CARTESIAN_POINT('Axis2P3D Location',(30.5388195197,2.69423372501E-12,0.)) ;
#6478=CARTESIAN_POINT('Vertex',(30.5388195197,1.6,-3.01898744547E-48)) ;
#6481=CARTESIAN_POINT('Line Origine',(30.5388195197,1.6,0.)) ;
#6493=CARTESIAN_POINT('Axis2P3D Location',(30.5388195197,2.69423372501E-12,0.)) ;
#6505=CARTESIAN_POINT('Axis2P3D Location',(17.9502080289,-6.55321635431,0.)) ;
#6510=CARTESIAN_POINT('Line Origine',(17.9502080289,-8.15321635431,0.)) ;
#6514=CARTESIAN_POINT('Vertex',(17.9502080289,-8.15321635431,0.)) ;
#6517=CARTESIAN_POINT('Axis2P3D Location',(17.9502080289,-6.55321635431,0.)) ;
#6521=CARTESIAN_POINT('Vertex',(17.9502080289,-4.95321635431,0.)) ;
#6524=CARTESIAN_POINT('Line Origine',(17.9502080289,-4.95321635431,0.)) ;
#6536=CARTESIAN_POINT('Axis2P3D Location',(17.9502080289,-6.55321635431,0.)) ;
#6548=CARTESIAN_POINT('Axis2P3D Location',(17.9502080289,6.55321635431,0.)) ;
#6553=CARTESIAN_POINT('Line Origine',(17.9502080289,4.95321635431,0.)) ;
#6557=CARTESIAN_POINT('Vertex',(17.9502080289,4.95321635431,0.)) ;
#6560=CARTESIAN_POINT('Axis2P3D Location',(17.9502080289,6.55321635431,0.)) ;
#6564=CARTESIAN_POINT('Vertex',(17.9502080289,8.15321635431,0.)) ;
#6567=CARTESIAN_POINT('Line Origine',(17.9502080289,8.15321635431,0.)) ;
#6579=CARTESIAN_POINT('Axis2P3D Location',(17.9502080289,6.55321635431,0.)) ;
#6591=CARTESIAN_POINT('Axis2P3D Location',(94.0277076716,7.50880024825E-10,0.)) ;
#6596=CARTESIAN_POINT('Line Origine',(94.0277076716,-1.59999999925,0.)) ;
#6600=CARTESIAN_POINT('Vertex',(94.0277076716,-1.59999999925,0.)) ;
#6603=CARTESIAN_POINT('Axis2P3D Location',(94.0277076716,7.50880024825E-10,0.)) ;
#6607=CARTESIAN_POINT('Vertex',(94.0277076716,1.60000000075,0.)) ;
#6610=CARTESIAN_POINT('Line Origine',(94.0277076716,1.60000000075,0.)) ;
#6622=CARTESIAN_POINT('Axis2P3D Location',(94.0277076716,7.50880024825E-10,0.)) ;
#6634=CARTESIAN_POINT('Axis2P3D Location',(-141.172292326,-2.59530469338E-09,0.)) ;
#6639=CARTESIAN_POINT('Line Origine',(-141.172292326,-1.6000000026,0.)) ;
#6643=CARTESIAN_POINT('Vertex',(-141.172292326,-1.6000000026,0.)) ;
#6646=CARTESIAN_POINT('Axis2P3D Location',(-141.172292326,-2.59530469338E-09,0.)) ;
#6650=CARTESIAN_POINT('Vertex',(-141.172292326,1.5999999974,0.)) ;
#6653=CARTESIAN_POINT('Line Origine',(-141.172292326,1.5999999974,0.)) ;
#6665=CARTESIAN_POINT('Axis2P3D Location',(-141.172292326,-2.59530469338E-09,0.)) ;
#6677=CARTESIAN_POINT('Axis2P3D Location',(-42.9722923284,7.50453199583E-10,0.)) ;
#6682=CARTESIAN_POINT('Line Origine',(-42.9722923284,-1.59999999925,0.)) ;
#6686=CARTESIAN_POINT('Vertex',(-42.9722923284,-1.59999999925,0.)) ;
#6689=CARTESIAN_POINT('Axis2P3D Location',(-42.9722923284,7.50453199583E-10,0.)) ;
#6693=CARTESIAN_POINT('Vertex',(-42.9722923284,1.60000000075,-6.03797489095E-48)) ;
#6696=CARTESIAN_POINT('Line Origine',(-42.9722923284,1.60000000075,0.)) ;
#6708=CARTESIAN_POINT('Axis2P3D Location',(-42.9722923284,7.50453199583E-10,0.)) ;
#6720=CARTESIAN_POINT('Axis2P3D Location',(-92.072292326,-49.1000000026,0.)) ;
#6725=CARTESIAN_POINT('Line Origine',(-92.072292326,-50.7000000026,0.)) ;
#6729=CARTESIAN_POINT('Vertex',(-92.072292326,-50.7000000026,0.)) ;
#6732=CARTESIAN_POINT('Axis2P3D Location',(-92.072292326,-49.1000000026,0.)) ;
#6736=CARTESIAN_POINT('Vertex',(-92.072292326,-47.5000000026,0.)) ;
#6739=CARTESIAN_POINT('Line Origine',(-92.072292326,-47.5000000026,0.)) ;
#6751=CARTESIAN_POINT('Axis2P3D Location',(-92.072292326,-49.1000000026,0.)) ;
#6763=CARTESIAN_POINT('Axis2P3D Location',(-92.0722923284,49.1000000008,0.)) ;
#6768=CARTESIAN_POINT('Line Origine',(-92.0722923284,47.5000000007,0.)) ;
#6772=CARTESIAN_POINT('Vertex',(-92.0722923284,47.5000000007,0.)) ;
#6775=CARTESIAN_POINT('Axis2P3D Location',(-92.0722923284,49.1000000008,0.)) ;
#6779=CARTESIAN_POINT('Vertex',(-92.0722923284,50.7000000008,0.)) ;
#6782=CARTESIAN_POINT('Line Origine',(-92.0722923284,50.7000000008,0.)) ;
#6794=CARTESIAN_POINT('Axis2P3D Location',(-92.0722923284,49.1000000008,0.)) ;
#6806=CARTESIAN_POINT('Axis2P3D Location',(44.9277076716,49.1000000008,0.)) ;
#6811=CARTESIAN_POINT('Line Origine',(44.9277076716,47.5000000007,0.)) ;
#6815=CARTESIAN_POINT('Vertex',(44.9277076716,47.5000000007,0.)) ;
#6818=CARTESIAN_POINT('Axis2P3D Location',(44.9277076716,49.1000000008,0.)) ;
#6822=CARTESIAN_POINT('Vertex',(44.9277076716,50.7000000008,0.)) ;
#6825=CARTESIAN_POINT('Line Origine',(44.9277076716,50.7000000008,0.)) ;
#6837=CARTESIAN_POINT('Axis2P3D Location',(44.9277076716,49.1000000008,0.)) ;
#6849=CARTESIAN_POINT('Axis2P3D Location',(44.927707674,-49.1000000026,0.)) ;
#6854=CARTESIAN_POINT('Line Origine',(44.927707674,-50.7000000026,0.)) ;
#6858=CARTESIAN_POINT('Vertex',(44.927707674,-50.7000000026,0.)) ;
#6861=CARTESIAN_POINT('Axis2P3D Location',(44.927707674,-49.1000000026,0.)) ;
#6865=CARTESIAN_POINT('Vertex',(44.927707674,-47.5000000026,0.)) ;
#6868=CARTESIAN_POINT('Line Origine',(44.927707674,-47.5000000026,0.)) ;
#6880=CARTESIAN_POINT('Axis2P3D Location',(44.927707674,-49.1000000026,0.)) ;
#6892=CARTESIAN_POINT('Axis2P3D Location',(-4.17229232603,-2.59488192045E-09,0.)) ;
#6897=CARTESIAN_POINT('Line Origine',(-4.17229232603,-1.60000000259,0.)) ;
#6901=CARTESIAN_POINT('Vertex',(-4.17229232603,-1.60000000259,0.)) ;
#6904=CARTESIAN_POINT('Axis2P3D Location',(-4.17229232603,-2.59488192045E-09,0.)) ;
#6908=CARTESIAN_POINT('Vertex',(-4.17229232603,1.59999999741,-3.77373430684E-48)) ;
#6911=CARTESIAN_POINT('Line Origine',(-4.17229232603,1.59999999741,0.)) ;
#6923=CARTESIAN_POINT('Axis2P3D Location',(-4.17229232603,-2.59488192045E-09,0.)) ;
#6935=CARTESIAN_POINT('Axis2P3D Location',(-134.920523381,-34.7980042219,5.)) ;
#6940=CARTESIAN_POINT('Line Origine',(-134.920523381,-33.1980042219,5.)) ;
#6944=CARTESIAN_POINT('Vertex',(-134.920523381,-33.1980042219,0.)) ;
#6947=CARTESIAN_POINT('Axis2P3D Location',(-134.920523381,-34.7980042219,0.)) ;
#6951=CARTESIAN_POINT('Vertex',(-134.920523381,-36.3980042219,0.)) ;
#6954=CARTESIAN_POINT('Line Origine',(-134.920523381,-36.3980042219,5.)) ;
#6966=CARTESIAN_POINT('Axis2P3D Location',(-134.920523381,-34.7980042219,0.)) ;
#6978=CARTESIAN_POINT('Axis2P3D Location',(150.,90.6910095215,5.)) ;
#6983=CARTESIAN_POINT('Line Origine',(150.,92.2910095215,5.)) ;
#6987=CARTESIAN_POINT('Vertex',(150.,92.2910095215,0.)) ;
#6990=CARTESIAN_POINT('Axis2P3D Location',(150.,90.6910095215,0.)) ;
#6994=CARTESIAN_POINT('Vertex',(150.,89.0910095215,0.)) ;
#6997=CARTESIAN_POINT('Line Origine',(150.,89.0910095215,5.)) ;
#7009=CARTESIAN_POINT('Axis2P3D Location',(150.,90.6910095215,0.)) ;
#7021=CARTESIAN_POINT('Axis2P3D Location',(-123.126899719,91.1570129395,5.)) ;
#7026=CARTESIAN_POINT('Line Origine',(-123.126899719,92.7570129395,5.)) ;
#7030=CARTESIAN_POINT('Vertex',(-123.126899719,92.7570129395,0.)) ;
#7033=CARTESIAN_POINT('Axis2P3D Location',(-123.126899719,91.1570129395,0.)) ;
#7037=CARTESIAN_POINT('Vertex',(-123.126899719,89.5570129395,0.)) ;
#7040=CARTESIAN_POINT('Line Origine',(-123.126899719,89.5570129395,5.)) ;
#7052=CARTESIAN_POINT('Axis2P3D Location',(-123.126899719,91.1570129395,0.)) ;
#7064=CARTESIAN_POINT('Axis2P3D Location',(150.,105.,5.)) ;
#7069=CARTESIAN_POINT('Line Origine',(150.,106.6,5.)) ;
#7073=CARTESIAN_POINT('Vertex',(150.,106.6,0.)) ;
#7076=CARTESIAN_POINT('Axis2P3D Location',(150.,105.,0.)) ;
#7080=CARTESIAN_POINT('Vertex',(150.,103.4,0.)) ;
#7083=CARTESIAN_POINT('Line Origine',(150.,103.4,5.)) ;
#7095=CARTESIAN_POINT('Axis2P3D Location',(150.,105.,0.)) ;
#7107=CARTESIAN_POINT('Axis2P3D Location',(-134.984603882,88.2,5.)) ;
#7112=CARTESIAN_POINT('Line Origine',(-134.984603882,89.8,5.)) ;
#7116=CARTESIAN_POINT('Vertex',(-134.984603882,89.8,0.)) ;
#7119=CARTESIAN_POINT('Axis2P3D Location',(-134.984603882,88.2,0.)) ;
#7123=CARTESIAN_POINT('Vertex',(-134.984603882,86.6,0.)) ;
#7126=CARTESIAN_POINT('Line Origine',(-134.984603882,86.6,5.)) ;
#7138=CARTESIAN_POINT('Axis2P3D Location',(-134.984603882,88.2,0.)) ;
#7150=CARTESIAN_POINT('Axis2P3D Location',(36.0494270325,-112.,5.)) ;
#7155=CARTESIAN_POINT('Line Origine',(36.0494270325,-110.4,5.)) ;
#7159=CARTESIAN_POINT('Vertex',(36.0494270325,-110.4,0.)) ;
#7162=CARTESIAN_POINT('Axis2P3D Location',(36.0494270325,-112.,0.)) ;
#7166=CARTESIAN_POINT('Vertex',(36.0494270325,-113.6,0.)) ;
#7169=CARTESIAN_POINT('Line Origine',(36.0494270325,-113.6,5.)) ;
#7181=CARTESIAN_POINT('Axis2P3D Location',(36.0494270325,-112.,0.)) ;
#7193=CARTESIAN_POINT('Axis2P3D Location',(36.0494270325,112.,5.)) ;
#7198=CARTESIAN_POINT('Line Origine',(36.0494270325,113.6,5.)) ;
#7202=CARTESIAN_POINT('Vertex',(36.0494270325,113.6,0.)) ;
#7205=CARTESIAN_POINT('Axis2P3D Location',(36.0494270325,112.,0.)) ;
#7209=CARTESIAN_POINT('Vertex',(36.0494270325,110.4,0.)) ;
#7212=CARTESIAN_POINT('Line Origine',(36.0494270325,110.4,5.)) ;
#7224=CARTESIAN_POINT('Axis2P3D Location',(36.0494270325,112.,0.)) ;
#7236=CARTESIAN_POINT('Axis2P3D Location',(150.,-90.6910095215,5.)) ;
#7241=CARTESIAN_POINT('Line Origine',(150.,-89.0910095215,5.)) ;
#7245=CARTESIAN_POINT('Vertex',(150.,-89.0910095215,0.)) ;
#7248=CARTESIAN_POINT('Axis2P3D Location',(150.,-90.6910095215,0.)) ;
#7252=CARTESIAN_POINT('Vertex',(150.,-92.2910095215,0.)) ;
#7255=CARTESIAN_POINT('Line Origine',(150.,-92.2910095215,5.)) ;
#7267=CARTESIAN_POINT('Axis2P3D Location',(150.,-90.6910095215,0.)) ;
#7279=CARTESIAN_POINT('Axis2P3D Location',(150.,-105.,5.)) ;
#7284=CARTESIAN_POINT('Line Origine',(150.,-103.4,5.)) ;
#7288=CARTESIAN_POINT('Vertex',(150.,-103.4,0.)) ;
#7291=CARTESIAN_POINT('Axis2P3D Location',(150.,-105.,0.)) ;
#7295=CARTESIAN_POINT('Vertex',(150.,-106.6,0.)) ;
#7298=CARTESIAN_POINT('Line Origine',(150.,-106.6,5.)) ;
#7310=CARTESIAN_POINT('Axis2P3D Location',(150.,-105.,0.)) ;
#7322=CARTESIAN_POINT('Axis2P3D Location',(-123.126899719,-91.1570129395,5.)) ;
#7327=CARTESIAN_POINT('Line Origine',(-123.126899719,-89.5570129395,5.)) ;
#7331=CARTESIAN_POINT('Vertex',(-123.126899719,-89.5570129395,0.)) ;
#7334=CARTESIAN_POINT('Axis2P3D Location',(-123.126899719,-91.1570129395,0.)) ;
#7338=CARTESIAN_POINT('Vertex',(-123.126899719,-92.7570129395,0.)) ;
#7341=CARTESIAN_POINT('Line Origine',(-123.126899719,-92.7570129395,5.)) ;
#7353=CARTESIAN_POINT('Axis2P3D Location',(-123.126899719,-91.1570129395,0.)) ;
#7365=CARTESIAN_POINT('Axis2P3D Location',(-134.984603882,-88.2,5.)) ;
#7370=CARTESIAN_POINT('Line Origine',(-134.984603882,-86.6,5.)) ;
#7374=CARTESIAN_POINT('Vertex',(-134.984603882,-86.6,0.)) ;
#7377=CARTESIAN_POINT('Axis2P3D Location',(-134.984603882,-88.2,0.)) ;
#7381=CARTESIAN_POINT('Vertex',(-134.984603882,-89.8,0.)) ;
#7384=CARTESIAN_POINT('Line Origine',(-134.984603882,-89.8,5.)) ;
#7396=CARTESIAN_POINT('Axis2P3D Location',(-134.984603882,-88.2,0.)) ;
#7408=CARTESIAN_POINT('Axis2P3D Location',(100.899956894,67.2500026151,5.)) ;
#7413=CARTESIAN_POINT('Line Origine',(100.899956894,68.8500026151,5.)) ;
#7417=CARTESIAN_POINT('Vertex',(100.899956894,68.8500026151,0.)) ;
#7420=CARTESIAN_POINT('Axis2P3D Location',(100.899956894,67.2500026151,0.)) ;
#7424=CARTESIAN_POINT('Vertex',(100.899956894,65.6500026151,0.)) ;
#7427=CARTESIAN_POINT('Line Origine',(100.899956894,65.6500026151,5.)) ;
#7439=CARTESIAN_POINT('Axis2P3D Location',(100.899956894,67.2500026151,0.)) ;
#7451=CARTESIAN_POINT('Axis2P3D Location',(108.034265395,57.5000877176,5.)) ;
#7456=CARTESIAN_POINT('Line Origine',(108.034265395,59.1000877176,5.)) ;
#7460=CARTESIAN_POINT('Vertex',(108.034265395,59.1000877176,0.)) ;
#7463=CARTESIAN_POINT('Axis2P3D Location',(108.034265395,57.5000877176,0.)) ;
#7467=CARTESIAN_POINT('Vertex',(108.034265395,55.9000877176,0.)) ;
#7470=CARTESIAN_POINT('Line Origine',(108.034265395,55.9000877176,5.)) ;
#7482=CARTESIAN_POINT('Axis2P3D Location',(108.034265395,57.5000877176,0.)) ;
#7494=CARTESIAN_POINT('Axis2P3D Location',(107.899953594,52.5,5.)) ;
#7499=CARTESIAN_POINT('Line Origine',(107.899953594,54.1,5.)) ;
#7503=CARTESIAN_POINT('Vertex',(107.899953594,54.1,0.)) ;
#7506=CARTESIAN_POINT('Axis2P3D Location',(107.899953594,52.5,0.)) ;
#7510=CARTESIAN_POINT('Vertex',(107.899953594,50.9,0.)) ;
#7513=CARTESIAN_POINT('Line Origine',(107.899953594,50.9,5.)) ;
#7525=CARTESIAN_POINT('Axis2P3D Location',(107.899953594,52.5,0.)) ;
#7537=CARTESIAN_POINT('Axis2P3D Location',(107.899953594,76.5,5.)) ;
#7542=CARTESIAN_POINT('Line Origine',(107.899953594,78.1,5.)) ;
#7546=CARTESIAN_POINT('Vertex',(107.899953594,78.1,0.)) ;
#7549=CARTESIAN_POINT('Axis2P3D Location',(107.899953594,76.5,0.)) ;
#7553=CARTESIAN_POINT('Vertex',(107.899953594,74.9,0.)) ;
#7556=CARTESIAN_POINT('Line Origine',(107.899953594,74.9,5.)) ;
#7568=CARTESIAN_POINT('Axis2P3D Location',(107.899953594,76.5,0.)) ;
#7580=CARTESIAN_POINT('Axis2P3D Location',(108.034400888,81.5000877172,5.)) ;
#7585=CARTESIAN_POINT('Line Origine',(108.034400888,83.1000877172,5.)) ;
#7589=CARTESIAN_POINT('Vertex',(108.034400888,83.1000877172,0.)) ;
#7592=CARTESIAN_POINT('Axis2P3D Location',(108.034400888,81.5000877172,0.)) ;
#7596=CARTESIAN_POINT('Vertex',(108.034400888,79.9000877172,0.)) ;
#7599=CARTESIAN_POINT('Line Origine',(108.034400888,79.9000877172,5.)) ;
#7611=CARTESIAN_POINT('Axis2P3D Location',(108.034400888,81.5000877172,0.)) ;
#7623=CARTESIAN_POINT('Axis2P3D Location',(77.8999535942,52.5,5.)) ;
#7628=CARTESIAN_POINT('Line Origine',(77.8999535942,54.1,5.)) ;
#7632=CARTESIAN_POINT('Vertex',(77.8999535942,54.1,0.)) ;
#7635=CARTESIAN_POINT('Axis2P3D Location',(77.8999535942,52.5,0.)) ;
#7639=CARTESIAN_POINT('Vertex',(77.8999535942,50.9,0.)) ;
#7642=CARTESIAN_POINT('Line Origine',(77.8999535942,50.9,5.)) ;
#7654=CARTESIAN_POINT('Axis2P3D Location',(77.8999535942,52.5,0.)) ;
#7666=CARTESIAN_POINT('Axis2P3D Location',(78.0342653959,57.5002570834,5.)) ;
#7671=CARTESIAN_POINT('Line Origine',(78.0342653959,59.1002570834,5.)) ;
#7675=CARTESIAN_POINT('Vertex',(78.0342653959,59.1002570834,0.)) ;
#7678=CARTESIAN_POINT('Axis2P3D Location',(78.0342653959,57.5002570834,0.)) ;
#7682=CARTESIAN_POINT('Vertex',(78.0342653959,55.9002570834,0.)) ;
#7685=CARTESIAN_POINT('Line Origine',(78.0342653959,55.9002570834,5.)) ;
#7697=CARTESIAN_POINT('Axis2P3D Location',(78.0342653959,57.5002570834,0.)) ;
#7709=CARTESIAN_POINT('Axis2P3D Location',(78.0344008886,81.500257083,5.)) ;
#7714=CARTESIAN_POINT('Line Origine',(78.0344008886,83.100257083,5.)) ;
#7718=CARTESIAN_POINT('Vertex',(78.0344008886,83.100257083,0.)) ;
#7721=CARTESIAN_POINT('Axis2P3D Location',(78.0344008886,81.500257083,0.)) ;
#7725=CARTESIAN_POINT('Vertex',(78.0344008886,79.900257083,0.)) ;
#7728=CARTESIAN_POINT('Line Origine',(78.0344008886,79.900257083,5.)) ;
#7740=CARTESIAN_POINT('Axis2P3D Location',(78.0344008886,81.500257083,0.)) ;
#7752=CARTESIAN_POINT('Axis2P3D Location',(84.8999568938,67.2500017969,5.)) ;
#7757=CARTESIAN_POINT('Line Origine',(84.8999568938,68.8500017969,5.)) ;
#7761=CARTESIAN_POINT('Vertex',(84.8999568938,68.8500017969,0.)) ;
#7764=CARTESIAN_POINT('Axis2P3D Location',(84.8999568938,67.2500017969,0.)) ;
#7768=CARTESIAN_POINT('Vertex',(84.8999568938,65.6500017969,0.)) ;
#7771=CARTESIAN_POINT('Line Origine',(84.8999568938,65.6500017969,5.)) ;
#7783=CARTESIAN_POINT('Axis2P3D Location',(84.8999568938,67.2500017969,0.)) ;
#7795=CARTESIAN_POINT('Axis2P3D Location',(77.8999535942,76.5,5.)) ;
#7800=CARTESIAN_POINT('Line Origine',(77.8999535942,78.1,5.)) ;
#7804=CARTESIAN_POINT('Vertex',(77.8999535942,78.1,0.)) ;
#7807=CARTESIAN_POINT('Axis2P3D Location',(77.8999535942,76.5,0.)) ;
#7811=CARTESIAN_POINT('Vertex',(77.8999535942,74.9,0.)) ;
#7814=CARTESIAN_POINT('Line Origine',(77.8999535942,74.9,5.)) ;
#7826=CARTESIAN_POINT('Axis2P3D Location',(77.8999535942,76.5,0.)) ;
#7838=CARTESIAN_POINT('Axis2P3D Location',(77.8999535942,-52.5,5.)) ;
#7843=CARTESIAN_POINT('Line Origine',(77.8999535942,-50.9,5.)) ;
#7847=CARTESIAN_POINT('Vertex',(77.8999535942,-50.9,0.)) ;
#7850=CARTESIAN_POINT('Axis2P3D Location',(77.8999535942,-52.5,0.)) ;
#7854=CARTESIAN_POINT('Vertex',(77.8999535942,-54.1,0.)) ;
#7857=CARTESIAN_POINT('Line Origine',(77.8999535942,-54.1,5.)) ;
#7869=CARTESIAN_POINT('Axis2P3D Location',(77.8999535942,-52.5,0.)) ;
#7881=CARTESIAN_POINT('Axis2P3D Location',(107.899953594,-76.5,5.)) ;
#7886=CARTESIAN_POINT('Line Origine',(107.899953594,-74.9,5.)) ;
#7890=CARTESIAN_POINT('Vertex',(107.899953594,-74.9,0.)) ;
#7893=CARTESIAN_POINT('Axis2P3D Location',(107.899953594,-76.5,0.)) ;
#7897=CARTESIAN_POINT('Vertex',(107.899953594,-78.1,0.)) ;
#7900=CARTESIAN_POINT('Line Origine',(107.899953594,-78.1,5.)) ;
#7912=CARTESIAN_POINT('Axis2P3D Location',(107.899953594,-76.5,0.)) ;
#7924=CARTESIAN_POINT('Axis2P3D Location',(100.899956894,-67.2500026151,5.)) ;
#7929=CARTESIAN_POINT('Line Origine',(100.899956894,-65.6500026151,5.)) ;
#7933=CARTESIAN_POINT('Vertex',(100.899956894,-65.6500026151,0.)) ;
#7936=CARTESIAN_POINT('Axis2P3D Location',(100.899956894,-67.2500026151,0.)) ;
#7940=CARTESIAN_POINT('Vertex',(100.899956894,-68.8500026151,0.)) ;
#7943=CARTESIAN_POINT('Line Origine',(100.899956894,-68.8500026151,5.)) ;
#7955=CARTESIAN_POINT('Axis2P3D Location',(100.899956894,-67.2500026151,0.)) ;
#7967=CARTESIAN_POINT('Axis2P3D Location',(108.034265395,-57.5000877176,5.)) ;
#7972=CARTESIAN_POINT('Line Origine',(108.034265395,-55.9000877176,5.)) ;
#7976=CARTESIAN_POINT('Vertex',(108.034265395,-55.9000877176,0.)) ;
#7979=CARTESIAN_POINT('Axis2P3D Location',(108.034265395,-57.5000877176,0.)) ;
#7983=CARTESIAN_POINT('Vertex',(108.034265395,-59.1000877176,0.)) ;
#7986=CARTESIAN_POINT('Line Origine',(108.034265395,-59.1000877176,5.)) ;
#7998=CARTESIAN_POINT('Axis2P3D Location',(108.034265395,-57.5000877176,0.)) ;
#8010=CARTESIAN_POINT('Axis2P3D Location',(107.899953594,-52.5,5.)) ;
#8015=CARTESIAN_POINT('Line Origine',(107.899953594,-50.9,5.)) ;
#8019=CARTESIAN_POINT('Vertex',(107.899953594,-50.9,0.)) ;
#8022=CARTESIAN_POINT('Axis2P3D Location',(107.899953594,-52.5,0.)) ;
#8026=CARTESIAN_POINT('Vertex',(107.899953594,-54.1,0.)) ;
#8029=CARTESIAN_POINT('Line Origine',(107.899953594,-54.1,5.)) ;
#8041=CARTESIAN_POINT('Axis2P3D Location',(107.899953594,-52.5,0.)) ;
#8053=CARTESIAN_POINT('Axis2P3D Location',(78.0344008886,-81.500257083,5.)) ;
#8058=CARTESIAN_POINT('Line Origine',(78.0344008886,-79.900257083,5.)) ;
#8062=CARTESIAN_POINT('Vertex',(78.0344008886,-79.900257083,0.)) ;
#8065=CARTESIAN_POINT('Axis2P3D Location',(78.0344008886,-81.500257083,0.)) ;
#8069=CARTESIAN_POINT('Vertex',(78.0344008886,-83.100257083,0.)) ;
#8072=CARTESIAN_POINT('Line Origine',(78.0344008886,-83.100257083,5.)) ;
#8084=CARTESIAN_POINT('Axis2P3D Location',(78.0344008886,-81.500257083,0.)) ;
#8096=CARTESIAN_POINT('Axis2P3D Location',(77.8999535942,-76.5,5.)) ;
#8101=CARTESIAN_POINT('Line Origine',(77.8999535942,-74.9,5.)) ;
#8105=CARTESIAN_POINT('Vertex',(77.8999535942,-74.9,0.)) ;
#8108=CARTESIAN_POINT('Axis2P3D Location',(77.8999535942,-76.5,0.)) ;
#8112=CARTESIAN_POINT('Vertex',(77.8999535942,-78.1,0.)) ;
#8115=CARTESIAN_POINT('Line Origine',(77.8999535942,-78.1,5.)) ;
#8127=CARTESIAN_POINT('Axis2P3D Location',(77.8999535942,-76.5,0.)) ;
#8139=CARTESIAN_POINT('Axis2P3D Location',(108.034400888,-81.5000877172,5.)) ;
#8144=CARTESIAN_POINT('Line Origine',(108.034400888,-79.9000877172,5.)) ;
#8148=CARTESIAN_POINT('Vertex',(108.034400888,-79.9000877172,0.)) ;
#8151=CARTESIAN_POINT('Axis2P3D Location',(108.034400888,-81.5000877172,0.)) ;
#8155=CARTESIAN_POINT('Vertex',(108.034400888,-83.1000877172,0.)) ;
#8158=CARTESIAN_POINT('Line Origine',(108.034400888,-83.1000877172,5.)) ;
#8170=CARTESIAN_POINT('Axis2P3D Location',(108.034400888,-81.5000877172,0.)) ;
#8182=CARTESIAN_POINT('Axis2P3D Location',(78.0342653959,-57.5002570834,5.)) ;
#8187=CARTESIAN_POINT('Line Origine',(78.0342653959,-55.9002570834,5.)) ;
#8191=CARTESIAN_POINT('Vertex',(78.0342653959,-55.9002570834,0.)) ;
#8194=CARTESIAN_POINT('Axis2P3D Location',(78.0342653959,-57.5002570834,0.)) ;
#8198=CARTESIAN_POINT('Vertex',(78.0342653959,-59.1002570834,0.)) ;
#8201=CARTESIAN_POINT('Line Origine',(78.0342653959,-59.1002570834,5.)) ;
#8213=CARTESIAN_POINT('Axis2P3D Location',(78.0342653959,-57.5002570834,0.)) ;
#8225=CARTESIAN_POINT('Axis2P3D Location',(84.8999568938,-67.2500017969,5.)) ;
#8230=CARTESIAN_POINT('Line Origine',(84.8999568938,-65.6500017969,5.)) ;
#8234=CARTESIAN_POINT('Vertex',(84.8999568938,-65.6500017969,0.)) ;
#8237=CARTESIAN_POINT('Axis2P3D Location',(84.8999568938,-67.2500017969,0.)) ;
#8241=CARTESIAN_POINT('Vertex',(84.8999568938,-68.8500017969,0.)) ;
#8244=CARTESIAN_POINT('Line Origine',(84.8999568938,-68.8500017969,5.)) ;
#8256=CARTESIAN_POINT('Axis2P3D Location',(84.8999568938,-67.2500017969,0.)) ;
#8268=CARTESIAN_POINT('Axis2P3D Location',(-35.2099461403,-71.5928277143,5.)) ;
#8273=CARTESIAN_POINT('Line Origine',(-35.4496347474,-73.174772521,5.)) ;
#8277=CARTESIAN_POINT('Vertex',(-35.4496347474,-73.174772521,-8.881784197E-16)) ;
#8280=CARTESIAN_POINT('Axis2P3D Location',(-35.2099461403,-71.5928277143,-8.881784197E-16)) ;
#8284=CARTESIAN_POINT('Vertex',(-34.9702575332,-70.0108829075,-8.881784197E-16)) ;
#8287=CARTESIAN_POINT('Line Origine',(-34.9702575332,-70.0108829075,5.)) ;
#8299=CARTESIAN_POINT('Axis2P3D Location',(-5.82329843249,-74.4270888319,3.5527136788E-15)) ;
#8304=CARTESIAN_POINT('Line Origine',(-5.82329843249,-74.4270888319,3.5527136788E-15)) ;
#8308=CARTESIAN_POINT('Vertex',(23.3236606682,-78.8432947562,3.5527136788E-15)) ;
#8311=CARTESIAN_POINT('Line Origine',(23.3236606682,-78.8432947562,2.5)) ;
#8323=CARTESIAN_POINT('Axis2P3D Location',(23.0839720612,-80.425239563,5.)) ;
#8328=CARTESIAN_POINT('Axis2P3D Location',(23.0839720612,-80.425239563,-8.881784197E-16)) ;
#8332=CARTESIAN_POINT('Vertex',(22.8442834541,-82.0071843697,-8.881784197E-16)) ;
#8335=CARTESIAN_POINT('Line Origine',(22.8442834541,-82.0071843697,5.)) ;
#8347=CARTESIAN_POINT('Axis2P3D Location',(-6.30267564666,-77.5909784454,1.7763568394E-15)) ;
#8352=CARTESIAN_POINT('Line Origine',(-6.30267564666,-77.5909784454,1.7763568394E-15)) ;
#8364=CARTESIAN_POINT('Axis2P3D Location',(-6.30267564666,-58.5909784454,3.5527136788E-15)) ;
#8369=CARTESIAN_POINT('Line Origine',(22.844283454,-63.0071843697,2.5)) ;
#8373=CARTESIAN_POINT('Vertex',(22.844283454,-63.0071843697,3.5527136788E-15)) ;
#8376=CARTESIAN_POINT('Line Origine',(-6.30267564666,-58.5909784454,3.5527136788E-15)) ;
#8380=CARTESIAN_POINT('Vertex',(-35.4496347474,-54.174772521,3.5527136788E-15)) ;
#8383=CARTESIAN_POINT('Line Origine',(-35.4496347474,-54.174772521,2.5)) ;
#8395=CARTESIAN_POINT('Axis2P3D Location',(-35.2099461403,-52.5928277143,5.)) ;
#8400=CARTESIAN_POINT('Axis2P3D Location',(-35.2099461403,-52.5928277143,-8.881784197E-16)) ;
#8404=CARTESIAN_POINT('Vertex',(-34.9702575332,-51.0108829075,-8.881784197E-16)) ;
#8407=CARTESIAN_POINT('Line Origine',(-34.9702575332,-51.0108829075,5.)) ;
#8419=CARTESIAN_POINT('Axis2P3D Location',(-5.82329843249,-55.4270888319,3.5527136788E-15)) ;
#8424=CARTESIAN_POINT('Line Origine',(-5.82329843249,-55.4270888319,3.5527136788E-15)) ;
#8428=CARTESIAN_POINT('Vertex',(23.3236606682,-59.8432947562,3.5527136788E-15)) ;
#8431=CARTESIAN_POINT('Line Origine',(23.3236606682,-59.8432947562,2.5)) ;
#8443=CARTESIAN_POINT('Axis2P3D Location',(23.0839720612,-61.425239563,5.)) ;
#8448=CARTESIAN_POINT('Axis2P3D Location',(23.0839720612,-61.425239563,-8.881784197E-16)) ;
#8460=CARTESIAN_POINT('Axis2P3D Location',(23.0839720612,61.425239563,5.)) ;
#8465=CARTESIAN_POINT('Line Origine',(22.8442834541,63.0071843697,5.)) ;
#8469=CARTESIAN_POINT('Vertex',(22.8442834541,63.0071843697,0.)) ;
#8472=CARTESIAN_POINT('Axis2P3D Location',(23.0839720612,61.425239563,0.)) ;
#8476=CARTESIAN_POINT('Vertex',(23.3236606683,59.8432947562,-8.881784197E-16)) ;
#8479=CARTESIAN_POINT('Line Origine',(23.3236606683,59.8432947562,5.)) ;
#8491=CARTESIAN_POINT('Axis2P3D Location',(-5.82329843249,55.4270888319,3.5527136788E-15)) ;
#8496=CARTESIAN_POINT('Line Origine',(-5.82329843249,55.4270888319,3.5527136788E-15)) ;
#8500=CARTESIAN_POINT('Vertex',(-34.9702575332,51.0108829075,3.5527136788E-15)) ;
#8503=CARTESIAN_POINT('Line Origine',(-34.9702575332,51.0108829075,2.5)) ;
#8515=CARTESIAN_POINT('Axis2P3D Location',(-35.2099461403,52.5928277143,5.)) ;
#8520=CARTESIAN_POINT('Axis2P3D Location',(-35.2099461403,52.5928277143,0.)) ;
#8524=CARTESIAN_POINT('Vertex',(-35.4496347474,54.174772521,-8.881784197E-16)) ;
#8527=CARTESIAN_POINT('Line Origine',(-35.4496347474,54.174772521,5.)) ;
#8539=CARTESIAN_POINT('Axis2P3D Location',(-6.30267564666,58.5909784454,1.7763568394E-15)) ;
#8544=CARTESIAN_POINT('Line Origine',(-6.30267564666,58.5909784454,1.7763568394E-15)) ;
#8556=CARTESIAN_POINT('Axis2P3D Location',(23.0839720612,80.425239563,5.)) ;
#8561=CARTESIAN_POINT('Line Origine',(22.8442834541,82.0071843697,5.)) ;
#8565=CARTESIAN_POINT('Vertex',(22.8442834541,82.0071843697,-8.881784197E-16)) ;
#8568=CARTESIAN_POINT('Axis2P3D Location',(23.0839720612,80.425239563,-8.881784197E-16)) ;
#8572=CARTESIAN_POINT('Vertex',(23.3236606683,78.8432947562,-8.881784197E-16)) ;
#8575=CARTESIAN_POINT('Line Origine',(23.3236606683,78.8432947562,5.)) ;
#8587=CARTESIAN_POINT('Axis2P3D Location',(-5.82329843249,74.4270888319,3.5527136788E-15)) ;
#8592=CARTESIAN_POINT('Line Origine',(-5.82329843249,74.4270888319,3.5527136788E-15)) ;
#8596=CARTESIAN_POINT('Vertex',(-34.9702575332,70.0108829075,3.5527136788E-15)) ;
#8599=CARTESIAN_POINT('Line Origine',(-34.9702575332,70.0108829075,2.5)) ;
#8611=CARTESIAN_POINT('Axis2P3D Location',(-35.2099461403,71.5928277143,5.)) ;
#8616=CARTESIAN_POINT('Axis2P3D Location',(-35.2099461403,71.5928277143,1.7763568394E-15)) ;
#8620=CARTESIAN_POINT('Vertex',(-35.4496347474,73.174772521,8.881784197E-16)) ;
#8623=CARTESIAN_POINT('Line Origine',(-35.4496347474,73.174772521,5.)) ;
#8635=CARTESIAN_POINT('Axis2P3D Location',(-6.30267564666,77.5909784454,3.5527136788E-15)) ;
#8640=CARTESIAN_POINT('Line Origine',(-6.30267564666,77.5909784454,3.5527136788E-15)) ;
#8652=CARTESIAN_POINT('Axis2P3D Location',(140.,-105.,5.)) ;
#8657=CARTESIAN_POINT('Line Origine',(140.,-103.4,5.)) ;
#8661=CARTESIAN_POINT('Vertex',(140.,-103.4,0.)) ;
#8664=CARTESIAN_POINT('Axis2P3D Location',(140.,-105.,0.)) ;
#8668=CARTESIAN_POINT('Vertex',(140.,-106.6,0.)) ;
#8671=CARTESIAN_POINT('Line Origine',(140.,-106.6,5.)) ;
#8683=CARTESIAN_POINT('Axis2P3D Location',(140.,-105.,0.)) ;
#8695=CARTESIAN_POINT('Axis2P3D Location',(19.9702262878,-112.,5.)) ;
#8700=CARTESIAN_POINT('Line Origine',(19.9702262878,-110.4,5.)) ;
#8704=CARTESIAN_POINT('Vertex',(19.9702262878,-110.4,0.)) ;
#8707=CARTESIAN_POINT('Axis2P3D Location',(19.9702262878,-112.,0.)) ;
#8711=CARTESIAN_POINT('Vertex',(19.9702262878,-113.6,0.)) ;
#8714=CARTESIAN_POINT('Line Origine',(19.9702262878,-113.6,5.)) ;
#8726=CARTESIAN_POINT('Axis2P3D Location',(19.9702262878,-112.,0.)) ;
#8738=CARTESIAN_POINT('Axis2P3D Location',(-140.,-85.,5.)) ;
#8743=CARTESIAN_POINT('Line Origine',(-140.,-83.4,5.)) ;
#8747=CARTESIAN_POINT('Vertex',(-140.,-83.4,0.)) ;
#8750=CARTESIAN_POINT('Axis2P3D Location',(-140.,-85.,0.)) ;
#8754=CARTESIAN_POINT('Vertex',(-140.,-86.6,0.)) ;
#8757=CARTESIAN_POINT('Line Origine',(-140.,-86.6,5.)) ;
#8769=CARTESIAN_POINT('Axis2P3D Location',(-140.,-85.,0.)) ;
#8781=CARTESIAN_POINT('Axis2P3D Location',(140.,105.,5.)) ;
#8786=CARTESIAN_POINT('Line Origine',(140.,106.6,5.)) ;
#8790=CARTESIAN_POINT('Vertex',(140.,106.6,0.)) ;
#8793=CARTESIAN_POINT('Axis2P3D Location',(140.,105.,0.)) ;
#8797=CARTESIAN_POINT('Vertex',(140.,103.4,0.)) ;
#8800=CARTESIAN_POINT('Line Origine',(140.,103.4,5.)) ;
#8812=CARTESIAN_POINT('Axis2P3D Location',(140.,105.,0.)) ;
#8824=CARTESIAN_POINT('Axis2P3D Location',(19.9702262878,112.,5.)) ;
#8829=CARTESIAN_POINT('Line Origine',(19.9702262878,113.6,5.)) ;
#8833=CARTESIAN_POINT('Vertex',(19.9702262878,113.6,0.)) ;
#8836=CARTESIAN_POINT('Axis2P3D Location',(19.9702262878,112.,0.)) ;
#8840=CARTESIAN_POINT('Vertex',(19.9702262878,110.4,0.)) ;
#8843=CARTESIAN_POINT('Line Origine',(19.9702262878,110.4,5.)) ;
#8855=CARTESIAN_POINT('Axis2P3D Location',(19.9702262878,112.,0.)) ;
#8867=CARTESIAN_POINT('Axis2P3D Location',(-140.,85.,5.)) ;
#8872=CARTESIAN_POINT('Line Origine',(-140.,86.6,5.)) ;
#8876=CARTESIAN_POINT('Vertex',(-140.,86.6,0.)) ;
#8879=CARTESIAN_POINT('Axis2P3D Location',(-140.,85.,0.)) ;
#8883=CARTESIAN_POINT('Vertex',(-140.,83.4,0.)) ;
#8886=CARTESIAN_POINT('Line Origine',(-140.,83.4,5.)) ;
#8898=CARTESIAN_POINT('Axis2P3D Location',(-140.,85.,0.)) ;
#8910=CARTESIAN_POINT('Axis2P3D Location',(118.361000061,-12.5,5.)) ;
#8915=CARTESIAN_POINT('Line Origine',(128.361000061,-12.5,5.)) ;
#8919=CARTESIAN_POINT('Vertex',(128.361000061,-12.5,0.)) ;
#8922=CARTESIAN_POINT('Axis2P3D Location',(118.361000061,-12.5,0.)) ;
#8926=CARTESIAN_POINT('Vertex',(108.361000061,-12.5,0.)) ;
#8929=CARTESIAN_POINT('Line Origine',(108.361000061,-12.5,5.)) ;
#8941=CARTESIAN_POINT('Axis2P3D Location',(108.361000061,4.08562073062E-14,3.5527136788E-15)) ;
#8946=CARTESIAN_POINT('Line Origine',(108.361000061,4.08562073062E-14,3.5527136788E-15)) ;
#8950=CARTESIAN_POINT('Vertex',(108.361000061,12.5,3.5527136788E-15)) ;
#8953=CARTESIAN_POINT('Line Origine',(108.361000061,12.5,2.5)) ;
#8965=CARTESIAN_POINT('Axis2P3D Location',(118.361000061,12.5,5.)) ;
#8970=CARTESIAN_POINT('Axis2P3D Location',(118.361000061,12.5,0.)) ;
#8974=CARTESIAN_POINT('Vertex',(128.361000061,12.5,0.)) ;
#8977=CARTESIAN_POINT('Line Origine',(128.361000061,12.5,5.)) ;
#8989=CARTESIAN_POINT('Axis2P3D Location',(128.361000061,4.79616346638E-14,3.5527136788E-15)) ;
#8994=CARTESIAN_POINT('Line Origine',(128.361000061,4.79616346638E-14,3.5527136788E-15)) ;
#9006=CARTESIAN_POINT('Axis2P3D Location',(55.361000061,6.75015598972E-14,2.5)) ;
#9011=CARTESIAN_POINT('Line Origine',(55.361000061,12.5,2.5)) ;
#9015=CARTESIAN_POINT('Vertex',(55.361000061,12.5,0.)) ;
#9018=CARTESIAN_POINT('Line Origine',(55.361000061,-12.5,2.5)) ;
#9022=CARTESIAN_POINT('Vertex',(55.361000061,-12.5,0.)) ;
#9025=CARTESIAN_POINT('Line Origine',(55.361000061,6.75015598972E-14,0.)) ;
#9037=CARTESIAN_POINT('Axis2P3D Location',(62.361000061,12.5,0.)) ;
#9042=CARTESIAN_POINT('Line Origine',(69.361000061,12.5,0.)) ;
#9046=CARTESIAN_POINT('Vertex',(69.361000061,12.5,0.)) ;
#9049=CARTESIAN_POINT('Axis2P3D Location',(62.361000061,12.5,0.)) ;
#9061=CARTESIAN_POINT('Axis2P3D Location',(69.361000061,4.4408920985E-14,2.5)) ;
#9066=CARTESIAN_POINT('Line Origine',(69.361000061,-12.5,2.5)) ;
#9070=CARTESIAN_POINT('Vertex',(69.361000061,-12.5,0.)) ;
#9073=CARTESIAN_POINT('Line Origine',(69.361000061,4.4408920985E-14,0.)) ;
#9085=CARTESIAN_POINT('Axis2P3D Location',(62.361000061,-12.5,0.)) ;
#9090=CARTESIAN_POINT('Axis2P3D Location',(62.361000061,-12.5,0.)) ;
#9102=CARTESIAN_POINT('Axis2P3D Location',(-92.9830398559,-7.5,5.)) ;
#9107=CARTESIAN_POINT('Line Origine',(-87.4830398559,-7.5,5.)) ;
#9111=CARTESIAN_POINT('Vertex',(-87.4830398559,-7.5,0.)) ;
#9114=CARTESIAN_POINT('Axis2P3D Location',(-92.9830398559,-7.5,0.)) ;
#9118=CARTESIAN_POINT('Vertex',(-98.4830398559,-7.5,0.)) ;
#9121=CARTESIAN_POINT('Line Origine',(-98.4830398559,-7.5,5.)) ;
#9133=CARTESIAN_POINT('Axis2P3D Location',(-98.4830398559,4.4408920985E-15,1.7763568394E-15)) ;
#9138=CARTESIAN_POINT('Line Origine',(-98.4830398559,4.4408920985E-15,1.7763568394E-15)) ;
#9142=CARTESIAN_POINT('Vertex',(-98.4830398559,7.5,1.7763568394E-15)) ;
#9145=CARTESIAN_POINT('Line Origine',(-98.4830398559,7.5,2.5)) ;
#9157=CARTESIAN_POINT('Axis2P3D Location',(-92.9830398559,7.5,5.)) ;
#9162=CARTESIAN_POINT('Axis2P3D Location',(-92.9830398559,7.5,0.)) ;
#9166=CARTESIAN_POINT('Vertex',(-87.4830398559,7.5,0.)) ;
#9169=CARTESIAN_POINT('Line Origine',(-87.4830398559,7.5,5.)) ;
#9181=CARTESIAN_POINT('Axis2P3D Location',(-87.4830398559,3.5527136788E-14,1.7763568394E-15)) ;
#9186=CARTESIAN_POINT('Line Origine',(-87.4830398559,3.5527136788E-14,1.7763568394E-15)) ;
#9198=CARTESIAN_POINT('Axis2P3D Location',(2.61802053452,-27.8561706543,5.)) ;
#9203=CARTESIAN_POINT('Line Origine',(4.21802053452,-27.8561706543,5.)) ;
#9207=CARTESIAN_POINT('Vertex',(4.21802053452,-27.8561706543,0.)) ;
#9210=CARTESIAN_POINT('Axis2P3D Location',(2.61802053452,-27.8561706543,0.)) ;
#9214=CARTESIAN_POINT('Vertex',(1.01802053452,-27.8561706543,0.)) ;
#9217=CARTESIAN_POINT('Line Origine',(1.01802053452,-27.8561706543,5.)) ;
#9229=CARTESIAN_POINT('Axis2P3D Location',(1.01802053452,3.5527136788E-15,1.7763568394E-15)) ;
#9234=CARTESIAN_POINT('Line Origine',(1.01802053452,3.5527136788E-15,1.7763568394E-15)) ;
#9238=CARTESIAN_POINT('Vertex',(1.01802053452,27.8561706543,0.)) ;
#9241=CARTESIAN_POINT('Line Origine',(1.01802053452,27.8561706543,2.5)) ;
#9253=CARTESIAN_POINT('Axis2P3D Location',(2.61802053452,27.8561706543,5.)) ;
#9258=CARTESIAN_POINT('Axis2P3D Location',(2.61802053452,27.8561706543,0.)) ;
#9262=CARTESIAN_POINT('Vertex',(4.21802053452,27.8561706543,0.)) ;
#9265=CARTESIAN_POINT('Line Origine',(4.21802053452,27.8561706543,5.)) ;
#9277=CARTESIAN_POINT('Axis2P3D Location',(4.21802053452,1.42108547152E-14,1.7763568394E-15)) ;
#9282=CARTESIAN_POINT('Line Origine',(4.21802053452,1.42108547152E-14,1.7763568394E-15)) ;
#9294=CARTESIAN_POINT('Axis2P3D Location',(13.6180205345,-27.8561706543,5.)) ;
#9299=CARTESIAN_POINT('Line Origine',(15.2180205345,-27.8561706543,5.)) ;
#9303=CARTESIAN_POINT('Vertex',(15.2180205345,-27.8561706543,0.)) ;
#9306=CARTESIAN_POINT('Axis2P3D Location',(13.6180205345,-27.8561706543,0.)) ;
#9310=CARTESIAN_POINT('Vertex',(12.0180205345,-27.8561706543,0.)) ;
#9313=CARTESIAN_POINT('Line Origine',(12.0180205345,-27.8561706543,5.)) ;
#9325=CARTESIAN_POINT('Axis2P3D Location',(12.0180205345,4.26325641456E-14,3.5527136788E-15)) ;
#9330=CARTESIAN_POINT('Line Origine',(12.0180205345,4.26325641456E-14,3.5527136788E-15)) ;
#9334=CARTESIAN_POINT('Vertex',(12.0180205345,27.8561706543,3.5527136788E-15)) ;
#9337=CARTESIAN_POINT('Line Origine',(12.0180205345,27.8561706543,2.5)) ;
#9349=CARTESIAN_POINT('Axis2P3D Location',(13.6180205345,27.8561706543,5.)) ;
#9354=CARTESIAN_POINT('Axis2P3D Location',(13.6180205345,27.8561706543,0.)) ;
#9358=CARTESIAN_POINT('Vertex',(15.2180205345,27.8561706543,0.)) ;
#9361=CARTESIAN_POINT('Line Origine',(15.2180205345,27.8561706543,5.)) ;
#9373=CARTESIAN_POINT('Axis2P3D Location',(15.2180205345,5.3290705182E-14,3.5527136788E-15)) ;
#9378=CARTESIAN_POINT('Line Origine',(15.2180205345,5.3290705182E-14,3.5527136788E-15)) ;
#9390=CARTESIAN_POINT('Axis2P3D Location',(35.6180205345,-27.8561706543,5.)) ;
#9395=CARTESIAN_POINT('Line Origine',(37.2180205345,-27.8561706543,5.)) ;
#9399=CARTESIAN_POINT('Vertex',(37.2180205345,-27.8561706543,0.)) ;
#9402=CARTESIAN_POINT('Axis2P3D Location',(35.6180205345,-27.8561706543,0.)) ;
#9406=CARTESIAN_POINT('Vertex',(34.0180205345,-27.8561706543,0.)) ;
#9409=CARTESIAN_POINT('Line Origine',(34.0180205345,-27.8561706543,5.)) ;
#9421=CARTESIAN_POINT('Axis2P3D Location',(34.0180205345,1.172395514E-13,3.5527136788E-15)) ;
#9426=CARTESIAN_POINT('Line Origine',(34.0180205345,1.172395514E-13,3.5527136788E-15)) ;
#9430=CARTESIAN_POINT('Vertex',(34.0180205345,27.8561706543,3.5527136788E-15)) ;
#9433=CARTESIAN_POINT('Line Origine',(34.0180205345,27.8561706543,2.5)) ;
#9445=CARTESIAN_POINT('Axis2P3D Location',(35.6180205345,27.8561706543,5.)) ;
#9450=CARTESIAN_POINT('Axis2P3D Location',(35.6180205345,27.8561706543,0.)) ;
#9454=CARTESIAN_POINT('Vertex',(37.2180205345,27.8561706543,0.)) ;
#9457=CARTESIAN_POINT('Line Origine',(37.2180205345,27.8561706543,5.)) ;
#9469=CARTESIAN_POINT('Axis2P3D Location',(37.2180205345,1.31450406116E-13,3.5527136788E-15)) ;
#9474=CARTESIAN_POINT('Line Origine',(37.2180205345,1.31450406116E-13,3.5527136788E-15)) ;
#9486=CARTESIAN_POINT('Axis2P3D Location',(24.6180205345,-27.8561706543,5.)) ;
#9491=CARTESIAN_POINT('Line Origine',(26.2180205345,-27.8561706543,5.)) ;
#9495=CARTESIAN_POINT('Vertex',(26.2180205345,-27.8561706543,0.)) ;
#9498=CARTESIAN_POINT('Axis2P3D Location',(24.6180205345,-27.8561706543,0.)) ;
#9502=CARTESIAN_POINT('Vertex',(23.0180205345,-27.8561706543,0.)) ;
#9505=CARTESIAN_POINT('Line Origine',(23.0180205345,-27.8561706543,5.)) ;
#9517=CARTESIAN_POINT('Axis2P3D Location',(23.0180205345,8.17124146124E-14,3.5527136788E-15)) ;
#9522=CARTESIAN_POINT('Line Origine',(23.0180205345,8.17124146124E-14,3.5527136788E-15)) ;
#9526=CARTESIAN_POINT('Vertex',(23.0180205345,27.8561706543,3.5527136788E-15)) ;
#9529=CARTESIAN_POINT('Line Origine',(23.0180205345,27.8561706543,2.5)) ;
#9541=CARTESIAN_POINT('Axis2P3D Location',(24.6180205345,27.8561706543,5.)) ;
#9546=CARTESIAN_POINT('Axis2P3D Location',(24.6180205345,27.8561706543,0.)) ;
#9550=CARTESIAN_POINT('Vertex',(26.2180205345,27.8561706543,0.)) ;
#9553=CARTESIAN_POINT('Line Origine',(26.2180205345,27.8561706543,5.)) ;
#9565=CARTESIAN_POINT('Axis2P3D Location',(26.2180205345,9.23705556488E-14,3.5527136788E-15)) ;
#9570=CARTESIAN_POINT('Line Origine',(26.2180205345,9.23705556488E-14,3.5527136788E-15)) ;
#9582=CARTESIAN_POINT('Axis2P3D Location',(-139.555947635,-20.859650045,5.)) ;
#9587=CARTESIAN_POINT('Line Origine',(-139.555947635,-19.259650045,5.)) ;
#9591=CARTESIAN_POINT('Vertex',(-139.555947635,-19.259650045,0.)) ;
#9594=CARTESIAN_POINT('Axis2P3D Location',(-139.555947635,-20.859650045,0.)) ;
#9598=CARTESIAN_POINT('Vertex',(-139.555947635,-22.459650045,0.)) ;
#9601=CARTESIAN_POINT('Line Origine',(-139.555947635,-22.459650045,5.)) ;
#9613=CARTESIAN_POINT('Axis2P3D Location',(-139.555947635,-20.859650045,0.)) ;
#9625=CARTESIAN_POINT('Axis2P3D Location',(-141.805256388,-31.2,5.)) ;
#9630=CARTESIAN_POINT('Line Origine',(-141.805256388,-29.6,5.)) ;
#9634=CARTESIAN_POINT('Vertex',(-141.805256388,-29.6,0.)) ;
#9637=CARTESIAN_POINT('Axis2P3D Location',(-141.805256388,-31.2,0.)) ;
#9641=CARTESIAN_POINT('Vertex',(-141.805256388,-32.8,0.)) ;
#9644=CARTESIAN_POINT('Line Origine',(-141.805256388,-32.8,5.)) ;
#9656=CARTESIAN_POINT('Axis2P3D Location',(-141.805256388,-31.2,0.)) ;
#9668=CARTESIAN_POINT('Axis2P3D Location',(-144.239249799,-34.7189429563,5.)) ;
#9673=CARTESIAN_POINT('Line Origine',(-144.239249799,-33.1189429563,5.)) ;
#9677=CARTESIAN_POINT('Vertex',(-144.239249799,-33.1189429563,0.)) ;
#9680=CARTESIAN_POINT('Axis2P3D Location',(-144.239249799,-34.7189429563,0.)) ;
#9684=CARTESIAN_POINT('Vertex',(-144.239249799,-36.3189429563,0.)) ;
#9687=CARTESIAN_POINT('Line Origine',(-144.239249799,-36.3189429563,5.)) ;
#9699=CARTESIAN_POINT('Axis2P3D Location',(-144.239249799,-34.7189429563,0.)) ;
#9711=CARTESIAN_POINT('Axis2P3D Location',(-150.850046396,-30.5,5.)) ;
#9716=CARTESIAN_POINT('Line Origine',(-150.850046396,-28.9,5.)) ;
#9720=CARTESIAN_POINT('Vertex',(-150.850046396,-28.9,0.)) ;
#9723=CARTESIAN_POINT('Axis2P3D Location',(-150.850046396,-30.5,0.)) ;
#9727=CARTESIAN_POINT('Vertex',(-150.850046396,-32.1,0.)) ;
#9730=CARTESIAN_POINT('Line Origine',(-150.850046396,-32.1,5.)) ;
#9742=CARTESIAN_POINT('Axis2P3D Location',(-150.850046396,-30.5,0.)) ;
#9754=CARTESIAN_POINT('Axis2P3D Location',(-138.850046396,-45.,5.)) ;
#9759=CARTESIAN_POINT('Line Origine',(-138.850046396,-43.4,5.)) ;
#9763=CARTESIAN_POINT('Vertex',(-138.850046396,-43.4,0.)) ;
#9766=CARTESIAN_POINT('Axis2P3D Location',(-138.850046396,-45.,0.)) ;
#9770=CARTESIAN_POINT('Vertex',(-138.850046396,-46.6,0.)) ;
#9773=CARTESIAN_POINT('Line Origine',(-138.850046396,-46.6,5.)) ;
#9785=CARTESIAN_POINT('Axis2P3D Location',(-138.850046396,-45.,0.)) ;
#9797=CARTESIAN_POINT('Axis2P3D Location',(-136.201044321,-55.,5.)) ;
#9802=CARTESIAN_POINT('Line Origine',(-136.201044321,-53.4,5.)) ;
#9806=CARTESIAN_POINT('Vertex',(-136.201044321,-53.4,0.)) ;
#9809=CARTESIAN_POINT('Axis2P3D Location',(-136.201044321,-55.,0.)) ;
#9813=CARTESIAN_POINT('Vertex',(-136.201044321,-56.6,0.)) ;
#9816=CARTESIAN_POINT('Line Origine',(-136.201044321,-56.6,5.)) ;
#9828=CARTESIAN_POINT('Axis2P3D Location',(-136.201044321,-55.,0.)) ;
#9840=CARTESIAN_POINT('Axis2P3D Location',(-130.055947635,-20.859650045,5.)) ;
#9845=CARTESIAN_POINT('Line Origine',(-130.055947635,-19.259650045,5.)) ;
#9849=CARTESIAN_POINT('Vertex',(-130.055947635,-19.259650045,0.)) ;
#9852=CARTESIAN_POINT('Axis2P3D Location',(-130.055947635,-20.859650045,0.)) ;
#9856=CARTESIAN_POINT('Vertex',(-130.055947635,-22.459650045,0.)) ;
#9859=CARTESIAN_POINT('Line Origine',(-130.055947635,-22.459650045,5.)) ;
#9871=CARTESIAN_POINT('Axis2P3D Location',(-130.055947635,-20.859650045,0.)) ;
#9883=CARTESIAN_POINT('Axis2P3D Location',(-128.742604447,-44.,5.)) ;
#9888=CARTESIAN_POINT('Line Origine',(-128.742604447,-42.4,5.)) ;
#9892=CARTESIAN_POINT('Vertex',(-128.742604447,-42.4,0.)) ;
#9895=CARTESIAN_POINT('Axis2P3D Location',(-128.742604447,-44.,0.)) ;
#9899=CARTESIAN_POINT('Vertex',(-128.742604447,-45.6,0.)) ;
#9902=CARTESIAN_POINT('Line Origine',(-128.742604447,-45.6,5.)) ;
#9914=CARTESIAN_POINT('Axis2P3D Location',(-128.742604447,-44.,0.)) ;
#9926=CARTESIAN_POINT('Axis2P3D Location',(-114.850046396,-15.,5.)) ;
#9931=CARTESIAN_POINT('Line Origine',(-114.850046396,-13.4,5.)) ;
#9935=CARTESIAN_POINT('Vertex',(-114.850046396,-13.4,0.)) ;
#9938=CARTESIAN_POINT('Axis2P3D Location',(-114.850046396,-15.,0.)) ;
#9942=CARTESIAN_POINT('Vertex',(-114.850046396,-16.6,0.)) ;
#9945=CARTESIAN_POINT('Line Origine',(-114.850046396,-16.6,5.)) ;
#9957=CARTESIAN_POINT('Axis2P3D Location',(-114.850046396,-15.,0.)) ;
#9969=CARTESIAN_POINT('Axis2P3D Location',(-114.850046396,-45.,5.)) ;
#9974=CARTESIAN_POINT('Line Origine',(-114.850046396,-43.4,5.)) ;
#9978=CARTESIAN_POINT('Vertex',(-114.850046396,-43.4,0.)) ;
#9981=CARTESIAN_POINT('Axis2P3D Location',(-114.850046396,-45.,0.)) ;
#9985=CARTESIAN_POINT('Vertex',(-114.850046396,-46.6,0.)) ;
#9988=CARTESIAN_POINT('Line Origine',(-114.850046396,-46.6,5.)) ;
#10000=CARTESIAN_POINT('Axis2P3D Location',(-114.850046396,-45.,0.)) ;
#10012=CARTESIAN_POINT('Axis2P3D Location',(-144.239249799,34.7189429563,5.)) ;
#10017=CARTESIAN_POINT('Line Origine',(-144.239249799,36.3189429563,5.)) ;
#10021=CARTESIAN_POINT('Vertex',(-144.239249799,36.3189429563,0.)) ;
#10024=CARTESIAN_POINT('Axis2P3D Location',(-144.239249799,34.7189429563,0.)) ;
#10028=CARTESIAN_POINT('Vertex',(-144.239249799,33.1189429563,0.)) ;
#10031=CARTESIAN_POINT('Line Origine',(-144.239249799,33.1189429563,5.)) ;
#10043=CARTESIAN_POINT('Axis2P3D Location',(-144.239249799,34.7189429563,0.)) ;
#10055=CARTESIAN_POINT('Axis2P3D Location',(-131.805756351,31.2,5.)) ;
#10060=CARTESIAN_POINT('Line Origine',(-131.805756351,32.8,5.)) ;
#10064=CARTESIAN_POINT('Vertex',(-131.805756351,32.8,0.)) ;
#10067=CARTESIAN_POINT('Axis2P3D Location',(-131.805756351,31.2,0.)) ;
#10071=CARTESIAN_POINT('Vertex',(-131.805756351,29.6,0.)) ;
#10074=CARTESIAN_POINT('Line Origine',(-131.805756351,29.6,5.)) ;
#10086=CARTESIAN_POINT('Axis2P3D Location',(-131.805756351,31.2,0.)) ;
#10098=CARTESIAN_POINT('Axis2P3D Location',(-126.539443341,5.6568542495,5.)) ;
#10103=CARTESIAN_POINT('Line Origine',(-126.539443341,7.2568542495,5.)) ;
#10107=CARTESIAN_POINT('Vertex',(-126.539443341,7.2568542495,0.)) ;
#10110=CARTESIAN_POINT('Axis2P3D Location',(-126.539443341,5.6568542495,0.)) ;
#10114=CARTESIAN_POINT('Vertex',(-126.539443341,4.0568542495,0.)) ;
#10117=CARTESIAN_POINT('Line Origine',(-126.539443341,4.0568542495,5.)) ;
#10129=CARTESIAN_POINT('Axis2P3D Location',(-126.539443341,5.6568542495,0.)) ;
#10141=CARTESIAN_POINT('Axis2P3D Location',(-130.055947635,20.859650045,5.)) ;
#10146=CARTESIAN_POINT('Line Origine',(-130.055947635,22.459650045,5.)) ;
#10150=CARTESIAN_POINT('Vertex',(-130.055947635,22.459650045,0.)) ;
#10153=CARTESIAN_POINT('Axis2P3D Location',(-130.055947635,20.859650045,0.)) ;
#10157=CARTESIAN_POINT('Vertex',(-130.055947635,19.259650045,0.)) ;
#10160=CARTESIAN_POINT('Line Origine',(-130.055947635,19.259650045,5.)) ;
#10172=CARTESIAN_POINT('Axis2P3D Location',(-130.055947635,20.859650045,0.)) ;
#10184=CARTESIAN_POINT('Axis2P3D Location',(-114.850046396,15.,5.)) ;
#10189=CARTESIAN_POINT('Line Origine',(-114.850046396,16.6,5.)) ;
#10193=CARTESIAN_POINT('Vertex',(-114.850046396,16.6,0.)) ;
#10196=CARTESIAN_POINT('Axis2P3D Location',(-114.850046396,15.,0.)) ;
#10200=CARTESIAN_POINT('Vertex',(-114.850046396,13.4,0.)) ;
#10203=CARTESIAN_POINT('Line Origine',(-114.850046396,13.4,5.)) ;
#10215=CARTESIAN_POINT('Axis2P3D Location',(-114.850046396,15.,0.)) ;
#10227=CARTESIAN_POINT('Axis2P3D Location',(-138.850046396,45.,5.)) ;
#10232=CARTESIAN_POINT('Line Origine',(-138.850046396,46.6,5.)) ;
#10236=CARTESIAN_POINT('Vertex',(-138.850046396,46.6,0.)) ;
#10239=CARTESIAN_POINT('Axis2P3D Location',(-138.850046396,45.,0.)) ;
#10243=CARTESIAN_POINT('Vertex',(-138.850046396,43.4,0.)) ;
#10246=CARTESIAN_POINT('Line Origine',(-138.850046396,43.4,5.)) ;
#10258=CARTESIAN_POINT('Axis2P3D Location',(-138.850046396,45.,0.)) ;
#10270=CARTESIAN_POINT('Axis2P3D Location',(-139.555947635,20.859650045,5.)) ;
#10275=CARTESIAN_POINT('Line Origine',(-139.555947635,22.459650045,5.)) ;
#10279=CARTESIAN_POINT('Vertex',(-139.555947635,22.459650045,0.)) ;
#10282=CARTESIAN_POINT('Axis2P3D Location',(-139.555947635,20.859650045,0.)) ;
#10286=CARTESIAN_POINT('Vertex',(-139.555947635,19.259650045,0.)) ;
#10289=CARTESIAN_POINT('Line Origine',(-139.555947635,19.259650045,5.)) ;
#10301=CARTESIAN_POINT('Axis2P3D Location',(-139.555947635,20.859650045,0.)) ;
#10313=CARTESIAN_POINT('Axis2P3D Location',(-147.570216938,0.000714267498611,5.)) ;
#10318=CARTESIAN_POINT('Line Origine',(-147.570216938,1.6007142675,5.)) ;
#10322=CARTESIAN_POINT('Vertex',(-147.570216938,1.6007142675,0.)) ;
#10325=CARTESIAN_POINT('Axis2P3D Location',(-147.570216938,0.000714267498611,0.)) ;
#10329=CARTESIAN_POINT('Vertex',(-147.570216938,-1.5992857325,0.)) ;
#10332=CARTESIAN_POINT('Line Origine',(-147.570216938,-1.5992857325,5.)) ;
#10344=CARTESIAN_POINT('Axis2P3D Location',(-147.570216938,0.000714267498611,0.)) ;
#10356=CARTESIAN_POINT('Axis2P3D Location',(-119.16118048,1.87133641916E-12,5.)) ;
#10361=CARTESIAN_POINT('Line Origine',(-119.16118048,1.6,5.)) ;
#10365=CARTESIAN_POINT('Vertex',(-119.16118048,1.6,0.)) ;
#10368=CARTESIAN_POINT('Axis2P3D Location',(-119.16118048,1.87133641916E-12,0.)) ;
#10372=CARTESIAN_POINT('Vertex',(-119.16118048,-1.6,0.)) ;
#10375=CARTESIAN_POINT('Line Origine',(-119.16118048,-1.6,5.)) ;
#10387=CARTESIAN_POINT('Axis2P3D Location',(-119.16118048,1.87133641916E-12,0.)) ;
#10399=CARTESIAN_POINT('Axis2P3D Location',(-118.569502671,-14.,5.)) ;
#10404=CARTESIAN_POINT('Line Origine',(-118.569502671,-12.9,5.)) ;
#10408=CARTESIAN_POINT('Vertex',(-118.569502671,-12.9,0.)) ;
#10411=CARTESIAN_POINT('Axis2P3D Location',(-118.569502671,-14.,0.)) ;
#10415=CARTESIAN_POINT('Vertex',(-118.569502671,-15.1,0.)) ;
#10418=CARTESIAN_POINT('Line Origine',(-118.569502671,-15.1,5.)) ;
#10430=CARTESIAN_POINT('Axis2P3D Location',(-118.569502671,-14.,0.)) ;
#10442=CARTESIAN_POINT('Axis2P3D Location',(-132.19629759,1.87938553609E-12,5.)) ;
#10447=CARTESIAN_POINT('Line Origine',(-132.19629759,4.,5.)) ;
#10451=CARTESIAN_POINT('Vertex',(-132.19629759,4.,0.)) ;
#10454=CARTESIAN_POINT('Axis2P3D Location',(-132.19629759,1.87938553609E-12,0.)) ;
#10458=CARTESIAN_POINT('Vertex',(-132.19629759,-4.,0.)) ;
#10461=CARTESIAN_POINT('Line Origine',(-132.19629759,-4.,5.)) ;
#10473=CARTESIAN_POINT('Axis2P3D Location',(-132.19629759,1.87938553609E-12,0.)) ;
#10485=CARTESIAN_POINT('Axis2P3D Location',(-131.749791971,6.55321635431,5.)) ;
#10490=CARTESIAN_POINT('Line Origine',(-131.749791971,8.15321635431,5.)) ;
#10494=CARTESIAN_POINT('Vertex',(-131.749791971,8.15321635431,0.)) ;
#10497=CARTESIAN_POINT('Axis2P3D Location',(-131.749791971,6.55321635431,0.)) ;
#10501=CARTESIAN_POINT('Vertex',(-131.749791971,4.95321635431,0.)) ;
#10504=CARTESIAN_POINT('Line Origine',(-131.749791971,4.95321635431,5.)) ;
#10516=CARTESIAN_POINT('Axis2P3D Location',(-131.749791971,6.55321635431,0.)) ;
#10528=CARTESIAN_POINT('Axis2P3D Location',(-126.539443341,-5.65685424949,5.)) ;
#10533=CARTESIAN_POINT('Line Origine',(-126.539443341,-4.05685424949,5.)) ;
#10537=CARTESIAN_POINT('Vertex',(-126.539443341,-4.05685424949,0.)) ;
#10540=CARTESIAN_POINT('Axis2P3D Location',(-126.539443341,-5.65685424949,0.)) ;
#10544=CARTESIAN_POINT('Vertex',(-126.539443341,-7.25685424949,0.)) ;
#10547=CARTESIAN_POINT('Line Origine',(-126.539443341,-7.25685424949,5.)) ;
#10559=CARTESIAN_POINT('Axis2P3D Location',(-126.539443341,-5.65685424949,0.)) ;
#10571=CARTESIAN_POINT('Axis2P3D Location',(-128.742604447,44.,5.)) ;
#10576=CARTESIAN_POINT('Line Origine',(-128.742604447,45.6,5.)) ;
#10580=CARTESIAN_POINT('Vertex',(-128.742604447,45.6,0.)) ;
#10583=CARTESIAN_POINT('Axis2P3D Location',(-128.742604447,44.,0.)) ;
#10587=CARTESIAN_POINT('Vertex',(-128.742604447,42.4,0.)) ;
#10590=CARTESIAN_POINT('Line Origine',(-128.742604447,42.4,5.)) ;
#10602=CARTESIAN_POINT('Axis2P3D Location',(-128.742604447,44.,0.)) ;
#10614=CARTESIAN_POINT('Axis2P3D Location',(-114.850046396,45.,5.)) ;
#10619=CARTESIAN_POINT('Line Origine',(-114.850046396,46.6,5.)) ;
#10623=CARTESIAN_POINT('Vertex',(-114.850046396,46.6,0.)) ;
#10626=CARTESIAN_POINT('Axis2P3D Location',(-114.850046396,45.,0.)) ;
#10630=CARTESIAN_POINT('Vertex',(-114.850046396,43.4,0.)) ;
#10633=CARTESIAN_POINT('Line Origine',(-114.850046396,43.4,5.)) ;
#10645=CARTESIAN_POINT('Axis2P3D Location',(-114.850046396,45.,0.)) ;
#10657=CARTESIAN_POINT('Axis2P3D Location',(-138.850046396,-15.,5.)) ;
#10662=CARTESIAN_POINT('Line Origine',(-138.850046396,-13.4,5.)) ;
#10666=CARTESIAN_POINT('Vertex',(-138.850046396,-13.4,0.)) ;
#10669=CARTESIAN_POINT('Axis2P3D Location',(-138.850046396,-15.,0.)) ;
#10673=CARTESIAN_POINT('Vertex',(-138.850046396,-16.6,0.)) ;
#10676=CARTESIAN_POINT('Line Origine',(-138.850046396,-16.6,5.)) ;
#10688=CARTESIAN_POINT('Axis2P3D Location',(-138.850046396,-15.,0.)) ;
#10700=CARTESIAN_POINT('Axis2P3D Location',(-131.805756351,-31.2,5.)) ;
#10705=CARTESIAN_POINT('Line Origine',(-131.805756351,-29.6,5.)) ;
#10709=CARTESIAN_POINT('Vertex',(-131.805756351,-29.6,0.)) ;
#10712=CARTESIAN_POINT('Axis2P3D Location',(-131.805756351,-31.2,0.)) ;
#10716=CARTESIAN_POINT('Vertex',(-131.805756351,-32.8,0.)) ;
#10719=CARTESIAN_POINT('Line Origine',(-131.805756351,-32.8,5.)) ;
#10731=CARTESIAN_POINT('Axis2P3D Location',(-131.805756351,-31.2,0.)) ;
#10743=CARTESIAN_POINT('Axis2P3D Location',(-147.950874114,-11.4,5.)) ;
#10748=CARTESIAN_POINT('Line Origine',(-147.950874114,-9.8,5.)) ;
#10752=CARTESIAN_POINT('Vertex',(-147.950874114,-9.8,0.)) ;
#10755=CARTESIAN_POINT('Axis2P3D Location',(-147.950874114,-11.4,0.)) ;
#10759=CARTESIAN_POINT('Vertex',(-147.950874114,-13.,0.)) ;
#10762=CARTESIAN_POINT('Line Origine',(-147.950874114,-13.,5.)) ;
#10774=CARTESIAN_POINT('Axis2P3D Location',(-147.950874114,-11.4,0.)) ;
#10786=CARTESIAN_POINT('Axis2P3D Location',(-149.418399051,-23.5,5.)) ;
#10791=CARTESIAN_POINT('Line Origine',(-149.418399051,-21.9,5.)) ;
#10795=CARTESIAN_POINT('Vertex',(-149.418399051,-21.9,0.)) ;
#10798=CARTESIAN_POINT('Axis2P3D Location',(-149.418399051,-23.5,0.)) ;
#10802=CARTESIAN_POINT('Vertex',(-149.418399051,-25.1,0.)) ;
#10805=CARTESIAN_POINT('Line Origine',(-149.418399051,-25.1,5.)) ;
#10817=CARTESIAN_POINT('Axis2P3D Location',(-149.418399051,-23.5,0.)) ;
#10829=CARTESIAN_POINT('Axis2P3D Location',(-148.850046396,-49.5,5.)) ;
#10834=CARTESIAN_POINT('Line Origine',(-148.850046396,-47.9,5.)) ;
#10838=CARTESIAN_POINT('Vertex',(-148.850046396,-47.9,0.)) ;
#10841=CARTESIAN_POINT('Axis2P3D Location',(-148.850046396,-49.5,0.)) ;
#10845=CARTESIAN_POINT('Vertex',(-148.850046396,-51.1,0.)) ;
#10848=CARTESIAN_POINT('Line Origine',(-148.850046396,-51.1,5.)) ;
#10860=CARTESIAN_POINT('Axis2P3D Location',(-148.850046396,-49.5,0.)) ;
#10872=CARTESIAN_POINT('Axis2P3D Location',(-145.200046396,-18.,5.)) ;
#10877=CARTESIAN_POINT('Line Origine',(-145.200046396,-16.4,5.)) ;
#10881=CARTESIAN_POINT('Vertex',(-145.200046396,-16.4,0.)) ;
#10884=CARTESIAN_POINT('Axis2P3D Location',(-145.200046396,-18.,0.)) ;
#10888=CARTESIAN_POINT('Vertex',(-145.200046396,-19.6,0.)) ;
#10891=CARTESIAN_POINT('Line Origine',(-145.200046396,-19.6,5.)) ;
#10903=CARTESIAN_POINT('Axis2P3D Location',(-145.200046396,-18.,0.)) ;
#10915=CARTESIAN_POINT('Axis2P3D Location',(-131.749791971,-6.55321635431,5.)) ;
#10920=CARTESIAN_POINT('Line Origine',(-131.749791971,-4.95321635431,5.)) ;
#10924=CARTESIAN_POINT('Vertex',(-131.749791971,-4.95321635431,0.)) ;
#10927=CARTESIAN_POINT('Axis2P3D Location',(-131.749791971,-6.55321635431,0.)) ;
#10931=CARTESIAN_POINT('Vertex',(-131.749791971,-8.15321635431,0.)) ;
#10934=CARTESIAN_POINT('Line Origine',(-131.749791971,-8.15321635431,5.)) ;
#10946=CARTESIAN_POINT('Axis2P3D Location',(-131.749791971,-6.55321635431,0.)) ;
#10958=CARTESIAN_POINT('Axis2P3D Location',(-137.85315184,-5.65685424949,5.)) ;
#10963=CARTESIAN_POINT('Line Origine',(-137.85315184,-4.05685424949,5.)) ;
#10967=CARTESIAN_POINT('Vertex',(-137.85315184,-4.05685424949,0.)) ;
#10970=CARTESIAN_POINT('Axis2P3D Location',(-137.85315184,-5.65685424949,0.)) ;
#10974=CARTESIAN_POINT('Vertex',(-137.85315184,-7.25685424949,0.)) ;
#10977=CARTESIAN_POINT('Line Origine',(-137.85315184,-7.25685424949,5.)) ;
#10989=CARTESIAN_POINT('Axis2P3D Location',(-137.85315184,-5.65685424949,0.)) ;
#11001=CARTESIAN_POINT('Axis2P3D Location',(-148.850046396,51.5,5.)) ;
#11006=CARTESIAN_POINT('Line Origine',(-148.850046396,53.1,5.)) ;
#11010=CARTESIAN_POINT('Vertex',(-148.850046396,53.1,0.)) ;
#11013=CARTESIAN_POINT('Axis2P3D Location',(-148.850046396,51.5,0.)) ;
#11017=CARTESIAN_POINT('Vertex',(-148.850046396,49.9,0.)) ;
#11020=CARTESIAN_POINT('Line Origine',(-148.850046396,49.9,5.)) ;
#11032=CARTESIAN_POINT('Axis2P3D Location',(-148.850046396,51.5,0.)) ;
#11044=CARTESIAN_POINT('Axis2P3D Location',(-136.201044321,55.,5.)) ;
#11049=CARTESIAN_POINT('Line Origine',(-136.201044321,56.6,5.)) ;
#11053=CARTESIAN_POINT('Vertex',(-136.201044321,56.6,0.)) ;
#11056=CARTESIAN_POINT('Axis2P3D Location',(-136.201044321,55.,0.)) ;
#11060=CARTESIAN_POINT('Vertex',(-136.201044321,53.4,0.)) ;
#11063=CARTESIAN_POINT('Line Origine',(-136.201044321,53.4,5.)) ;
#11075=CARTESIAN_POINT('Axis2P3D Location',(-136.201044321,55.,0.)) ;
#11087=CARTESIAN_POINT('Axis2P3D Location',(-141.805256388,31.2,5.)) ;
#11092=CARTESIAN_POINT('Line Origine',(-141.805256388,32.8,5.)) ;
#11096=CARTESIAN_POINT('Vertex',(-141.805256388,32.8,0.)) ;
#11099=CARTESIAN_POINT('Axis2P3D Location',(-141.805256388,31.2,0.)) ;
#11103=CARTESIAN_POINT('Vertex',(-141.805256388,29.6,0.)) ;
#11106=CARTESIAN_POINT('Line Origine',(-141.805256388,29.6,5.)) ;
#11118=CARTESIAN_POINT('Axis2P3D Location',(-141.805256388,31.2,0.)) ;
#11130=CARTESIAN_POINT('Axis2P3D Location',(-153.850046396,36.5,5.)) ;
#11135=CARTESIAN_POINT('Line Origine',(-153.850046396,38.1,5.)) ;
#11139=CARTESIAN_POINT('Vertex',(-153.850046396,38.1,0.)) ;
#11142=CARTESIAN_POINT('Axis2P3D Location',(-153.850046396,36.5,0.)) ;
#11146=CARTESIAN_POINT('Vertex',(-153.850046396,34.9,0.)) ;
#11149=CARTESIAN_POINT('Line Origine',(-153.850046396,34.9,5.)) ;
#11161=CARTESIAN_POINT('Axis2P3D Location',(-153.850046396,36.5,0.)) ;
#11173=CARTESIAN_POINT('Axis2P3D Location',(-149.34530489,30.9509509433,3.5527136788E-15)) ;
#11178=CARTESIAN_POINT('Line Origine',(-147.895718749,31.0009509433,2.5)) ;
#11182=CARTESIAN_POINT('Vertex',(-147.895718749,31.0009509433,3.5527136788E-15)) ;
#11185=CARTESIAN_POINT('Line Origine',(-149.34530489,30.9509509433,3.5527136788E-15)) ;
#11189=CARTESIAN_POINT('Vertex',(-150.794891031,30.9009509433,3.5527136788E-15)) ;
#11192=CARTESIAN_POINT('Line Origine',(-150.794891031,30.9009509433,2.5)) ;
#11204=CARTESIAN_POINT('Axis2P3D Location',(-150.850046396,32.5,5.)) ;
#11209=CARTESIAN_POINT('Axis2P3D Location',(-150.850046396,32.5,0.)) ;
#11213=CARTESIAN_POINT('Vertex',(-150.905201761,34.0990490567,0.)) ;
#11216=CARTESIAN_POINT('Line Origine',(-150.905201761,34.0990490567,5.)) ;
#11228=CARTESIAN_POINT('Axis2P3D Location',(-149.45561562,34.1490490567,1.7763568394E-15)) ;
#11233=CARTESIAN_POINT('Line Origine',(-149.45561562,34.1490490567,1.7763568394E-15)) ;
#11237=CARTESIAN_POINT('Vertex',(-148.006029479,34.1990490567,1.7763568394E-15)) ;
#11240=CARTESIAN_POINT('Line Origine',(-148.006029479,34.1990490567,2.5)) ;
#11252=CARTESIAN_POINT('Axis2P3D Location',(-147.950874114,32.6,5.)) ;
#11257=CARTESIAN_POINT('Axis2P3D Location',(-147.950874114,32.6,0.)) ;
#11269=CARTESIAN_POINT('Axis2P3D Location',(-146.570931206,14.001428535,5.)) ;
#11274=CARTESIAN_POINT('Line Origine',(-146.570931206,15.101428535,5.)) ;
#11278=CARTESIAN_POINT('Vertex',(-146.570931206,15.101428535,0.)) ;
#11281=CARTESIAN_POINT('Axis2P3D Location',(-146.570931206,14.001428535,0.)) ;
#11285=CARTESIAN_POINT('Vertex',(-146.570931206,12.901428535,0.)) ;
#11288=CARTESIAN_POINT('Line Origine',(-146.570931206,12.901428535,5.)) ;
#11300=CARTESIAN_POINT('Axis2P3D Location',(-146.570931206,14.001428535,0.)) ;
#11312=CARTESIAN_POINT('Axis2P3D Location',(-137.85315184,5.6568542495,5.)) ;
#11317=CARTESIAN_POINT('Line Origine',(-137.85315184,7.2568542495,5.)) ;
#11321=CARTESIAN_POINT('Vertex',(-137.85315184,7.2568542495,0.)) ;
#11324=CARTESIAN_POINT('Axis2P3D Location',(-137.85315184,5.6568542495,0.)) ;
#11328=CARTESIAN_POINT('Vertex',(-137.85315184,4.0568542495,0.)) ;
#11331=CARTESIAN_POINT('Line Origine',(-137.85315184,4.0568542495,5.)) ;
#11343=CARTESIAN_POINT('Axis2P3D Location',(-137.85315184,5.6568542495,0.)) ;
#11355=CARTESIAN_POINT('Axis2P3D Location',(-138.850046396,15.,5.)) ;
#11360=CARTESIAN_POINT('Line Origine',(-138.850046396,16.6,5.)) ;
#11364=CARTESIAN_POINT('Vertex',(-138.850046396,16.6,0.)) ;
#11367=CARTESIAN_POINT('Axis2P3D Location',(-138.850046396,15.,0.)) ;
#11371=CARTESIAN_POINT('Vertex',(-138.850046396,13.4,0.)) ;
#11374=CARTESIAN_POINT('Line Origine',(-138.850046396,13.4,5.)) ;
#11386=CARTESIAN_POINT('Axis2P3D Location',(-138.850046396,15.,0.)) ;
#11398=CARTESIAN_POINT('Axis2P3D Location',(-145.200046396,40.,5.)) ;
#11403=CARTESIAN_POINT('Line Origine',(-145.200046396,41.6,5.)) ;
#11407=CARTESIAN_POINT('Vertex',(-145.200046396,41.6,0.)) ;
#11410=CARTESIAN_POINT('Axis2P3D Location',(-145.200046396,40.,0.)) ;
#11414=CARTESIAN_POINT('Vertex',(-145.200046396,38.4,0.)) ;
#11417=CARTESIAN_POINT('Line Origine',(-145.200046396,38.4,5.)) ;
#11429=CARTESIAN_POINT('Axis2P3D Location',(-145.200046396,40.,0.)) ;
#11441=CARTESIAN_POINT('Axis2P3D Location',(-123.242604447,-44.,5.)) ;
#11446=CARTESIAN_POINT('Line Origine',(-123.242604447,-42.4,5.)) ;
#11450=CARTESIAN_POINT('Vertex',(-123.242604447,-42.4,0.)) ;
#11453=CARTESIAN_POINT('Axis2P3D Location',(-123.242604447,-44.,0.)) ;
#11457=CARTESIAN_POINT('Vertex',(-123.242604447,-45.6,0.)) ;
#11460=CARTESIAN_POINT('Line Origine',(-123.242604447,-45.6,5.)) ;
#11472=CARTESIAN_POINT('Axis2P3D Location',(-123.242604447,-44.,0.)) ;
#11484=CARTESIAN_POINT('Axis2P3D Location',(-85.9205233812,-34.7980042219,5.)) ;
#11489=CARTESIAN_POINT('Line Origine',(-85.9205233812,-33.1980042219,5.)) ;
#11493=CARTESIAN_POINT('Vertex',(-85.9205233812,-33.1980042219,0.)) ;
#11496=CARTESIAN_POINT('Axis2P3D Location',(-85.9205233812,-34.7980042219,0.)) ;
#11500=CARTESIAN_POINT('Vertex',(-85.9205233812,-36.3980042219,0.)) ;
#11503=CARTESIAN_POINT('Line Origine',(-85.9205233812,-36.3980042219,5.)) ;
#11515=CARTESIAN_POINT('Axis2P3D Location',(-85.9205233812,-34.7980042219,0.)) ;
#11527=CARTESIAN_POINT('Axis2P3D Location',(43.5499536037,-18.,5.)) ;
#11532=CARTESIAN_POINT('Line Origine',(43.5499536037,-16.4,5.)) ;
#11536=CARTESIAN_POINT('Vertex',(43.5499536037,-16.4,0.)) ;
#11539=CARTESIAN_POINT('Axis2P3D Location',(43.5499536037,-18.,0.)) ;
#11543=CARTESIAN_POINT('Vertex',(43.5499536037,-19.6,0.)) ;
#11546=CARTESIAN_POINT('Line Origine',(43.5499536037,-19.6,5.)) ;
#11558=CARTESIAN_POINT('Axis2P3D Location',(43.5499536037,-18.,0.)) ;
#11570=CARTESIAN_POINT('Axis2P3D Location',(44.4470319651,79.6222342312,5.)) ;
#11575=CARTESIAN_POINT('Line Origine',(44.4470319651,81.2222342312,5.)) ;
#11579=CARTESIAN_POINT('Vertex',(44.4470319651,81.2222342312,0.)) ;
#11582=CARTESIAN_POINT('Axis2P3D Location',(44.4470319651,79.6222342312,0.)) ;
#11586=CARTESIAN_POINT('Vertex',(44.4470319651,78.0222342312,0.)) ;
#11589=CARTESIAN_POINT('Line Origine',(44.4470319651,78.0222342312,5.)) ;
#11601=CARTESIAN_POINT('Axis2P3D Location',(44.4470319651,79.6222342312,0.)) ;
#11613=CARTESIAN_POINT('Axis2P3D Location',(17.0573955528,44.,5.)) ;
#11618=CARTESIAN_POINT('Line Origine',(17.0573955528,45.6,5.)) ;
#11622=CARTESIAN_POINT('Vertex',(17.0573955528,45.6,0.)) ;
#11625=CARTESIAN_POINT('Axis2P3D Location',(17.0573955528,44.,0.)) ;
#11629=CARTESIAN_POINT('Vertex',(17.0573955528,42.4,0.)) ;
#11632=CARTESIAN_POINT('Line Origine',(17.0573955528,42.4,5.)) ;
#11644=CARTESIAN_POINT('Axis2P3D Location',(17.0573955528,44.,0.)) ;
#11656=CARTESIAN_POINT('Axis2P3D Location',(58.4470319651,71.6222342312,5.)) ;
#11661=CARTESIAN_POINT('Line Origine',(58.4470319651,73.2222342312,5.)) ;
#11665=CARTESIAN_POINT('Vertex',(58.4470319651,73.2222342312,0.)) ;
#11668=CARTESIAN_POINT('Axis2P3D Location',(58.4470319651,71.6222342312,0.)) ;
#11672=CARTESIAN_POINT('Vertex',(58.4470319651,70.0222342312,0.)) ;
#11675=CARTESIAN_POINT('Line Origine',(58.4470319651,70.0222342312,5.)) ;
#11687=CARTESIAN_POINT('Axis2P3D Location',(58.4470319651,71.6222342312,0.)) ;
#11699=CARTESIAN_POINT('Axis2P3D Location',(38.5573955528,44.,5.)) ;
#11704=CARTESIAN_POINT('Line Origine',(38.5573955528,45.6,5.)) ;
#11708=CARTESIAN_POINT('Vertex',(38.5573955528,45.6,0.)) ;
#11711=CARTESIAN_POINT('Axis2P3D Location',(38.5573955528,44.,0.)) ;
#11715=CARTESIAN_POINT('Vertex',(38.5573955528,42.4,0.)) ;
#11718=CARTESIAN_POINT('Line Origine',(38.5573955528,42.4,5.)) ;
#11730=CARTESIAN_POINT('Axis2P3D Location',(38.5573955528,44.,0.)) ;
#11742=CARTESIAN_POINT('Axis2P3D Location',(17.0573955528,-44.,5.)) ;
#11747=CARTESIAN_POINT('Line Origine',(17.0573955528,-42.4,5.)) ;
#11751=CARTESIAN_POINT('Vertex',(17.0573955528,-42.4,0.)) ;
#11754=CARTESIAN_POINT('Axis2P3D Location',(17.0573955528,-44.,0.)) ;
#11758=CARTESIAN_POINT('Vertex',(17.0573955528,-45.6,0.)) ;
#11761=CARTESIAN_POINT('Line Origine',(17.0573955528,-45.6,5.)) ;
#11773=CARTESIAN_POINT('Axis2P3D Location',(17.0573955528,-44.,0.)) ;
#11785=CARTESIAN_POINT('Axis2P3D Location',(38.5573955528,-44.,5.)) ;
#11790=CARTESIAN_POINT('Line Origine',(38.5573955528,-42.4,5.)) ;
#11794=CARTESIAN_POINT('Vertex',(38.5573955528,-42.4,0.)) ;
#11797=CARTESIAN_POINT('Axis2P3D Location',(38.5573955528,-44.,0.)) ;
#11801=CARTESIAN_POINT('Vertex',(38.5573955528,-45.6,0.)) ;
#11804=CARTESIAN_POINT('Line Origine',(38.5573955528,-45.6,5.)) ;
#11816=CARTESIAN_POINT('Axis2P3D Location',(38.5573955528,-44.,0.)) ;
#11828=CARTESIAN_POINT('Axis2P3D Location',(141.352878604,-79.6222342312,5.)) ;
#11833=CARTESIAN_POINT('Line Origine',(141.352878604,-78.0222342312,5.)) ;
#11837=CARTESIAN_POINT('Vertex',(141.352878604,-78.0222342312,0.)) ;
#11840=CARTESIAN_POINT('Axis2P3D Location',(141.352878604,-79.6222342312,0.)) ;
#11844=CARTESIAN_POINT('Vertex',(141.352878604,-81.2222342312,0.)) ;
#11847=CARTESIAN_POINT('Line Origine',(141.352878604,-81.2222342312,5.)) ;
#11859=CARTESIAN_POINT('Axis2P3D Location',(141.352878604,-79.6222342312,0.)) ;
#11871=CARTESIAN_POINT('Axis2P3D Location',(127.352878604,-71.6222342312,5.)) ;
#11876=CARTESIAN_POINT('Line Origine',(127.352878604,-70.0222342312,5.)) ;
#11880=CARTESIAN_POINT('Vertex',(127.352878604,-70.0222342312,0.)) ;
#11883=CARTESIAN_POINT('Axis2P3D Location',(127.352878604,-71.6222342312,0.)) ;
#11887=CARTESIAN_POINT('Vertex',(127.352878604,-73.2222342312,0.)) ;
#11890=CARTESIAN_POINT('Line Origine',(127.352878604,-73.2222342312,5.)) ;
#11902=CARTESIAN_POINT('Axis2P3D Location',(127.352878604,-71.6222342312,0.)) ;
#11914=CARTESIAN_POINT('Axis2P3D Location',(-35.7426044472,-44.,5.)) ;
#11919=CARTESIAN_POINT('Line Origine',(-35.7426044472,-42.4,5.)) ;
#11923=CARTESIAN_POINT('Vertex',(-35.7426044472,-42.4,0.)) ;
#11926=CARTESIAN_POINT('Axis2P3D Location',(-35.7426044472,-44.,0.)) ;
#11930=CARTESIAN_POINT('Vertex',(-35.7426044472,-45.6,0.)) ;
#11933=CARTESIAN_POINT('Line Origine',(-35.7426044472,-45.6,5.)) ;
#11945=CARTESIAN_POINT('Axis2P3D Location',(-35.7426044472,-44.,0.)) ;
#11957=CARTESIAN_POINT('Axis2P3D Location',(-70.4426044472,-44.,5.)) ;
#11962=CARTESIAN_POINT('Line Origine',(-70.4426044472,-42.4,5.)) ;
#11966=CARTESIAN_POINT('Vertex',(-70.4426044472,-42.4,0.)) ;
#11969=CARTESIAN_POINT('Axis2P3D Location',(-70.4426044472,-44.,0.)) ;
#11973=CARTESIAN_POINT('Vertex',(-70.4426044472,-45.6,0.)) ;
#11976=CARTESIAN_POINT('Line Origine',(-70.4426044472,-45.6,5.)) ;
#11988=CARTESIAN_POINT('Axis2P3D Location',(-70.4426044472,-44.,0.)) ;
#12000=CARTESIAN_POINT('Axis2P3D Location',(91.3573955528,44.,5.)) ;
#12005=CARTESIAN_POINT('Line Origine',(91.3573955528,45.6,5.)) ;
#12009=CARTESIAN_POINT('Vertex',(91.3573955528,45.6,0.)) ;
#12012=CARTESIAN_POINT('Axis2P3D Location',(91.3573955528,44.,0.)) ;
#12016=CARTESIAN_POINT('Vertex',(91.3573955528,42.4,0.)) ;
#12019=CARTESIAN_POINT('Line Origine',(91.3573955528,42.4,5.)) ;
#12031=CARTESIAN_POINT('Axis2P3D Location',(91.3573955528,44.,0.)) ;
#12043=CARTESIAN_POINT('Axis2P3D Location',(97.3528786037,-71.6222342312,5.)) ;
#12048=CARTESIAN_POINT('Line Origine',(97.3528786037,-70.0222342312,5.)) ;
#12052=CARTESIAN_POINT('Vertex',(97.3528786037,-70.0222342312,0.)) ;
#12055=CARTESIAN_POINT('Axis2P3D Location',(97.3528786037,-71.6222342312,0.)) ;
#12059=CARTESIAN_POINT('Vertex',(97.3528786037,-73.2222342312,0.)) ;
#12062=CARTESIAN_POINT('Line Origine',(97.3528786037,-73.2222342312,5.)) ;
#12074=CARTESIAN_POINT('Axis2P3D Location',(97.3528786037,-71.6222342312,0.)) ;
#12086=CARTESIAN_POINT('Axis2P3D Location',(91.3573955528,-44.,5.)) ;
#12091=CARTESIAN_POINT('Line Origine',(91.3573955528,-42.4,5.)) ;
#12095=CARTESIAN_POINT('Vertex',(91.3573955528,-42.4,0.)) ;
#12098=CARTESIAN_POINT('Axis2P3D Location',(91.3573955528,-44.,0.)) ;
#12102=CARTESIAN_POINT('Vertex',(91.3573955528,-45.6,0.)) ;
#12105=CARTESIAN_POINT('Line Origine',(91.3573955528,-45.6,5.)) ;
#12117=CARTESIAN_POINT('Axis2P3D Location',(91.3573955528,-44.,0.)) ;
#12129=CARTESIAN_POINT('Axis2P3D Location',(137.049953604,-18.,5.)) ;
#12134=CARTESIAN_POINT('Line Origine',(137.049953604,-16.4,5.)) ;
#12138=CARTESIAN_POINT('Vertex',(137.049953604,-16.4,0.)) ;
#12141=CARTESIAN_POINT('Axis2P3D Location',(137.049953604,-18.,0.)) ;
#12145=CARTESIAN_POINT('Vertex',(137.049953604,-19.6,0.)) ;
#12148=CARTESIAN_POINT('Line Origine',(137.049953604,-19.6,5.)) ;
#12160=CARTESIAN_POINT('Axis2P3D Location',(137.049953604,-18.,0.)) ;
#12172=CARTESIAN_POINT('Axis2P3D Location',(92.5499536037,-18.,5.)) ;
#12177=CARTESIAN_POINT('Line Origine',(92.5499536037,-16.4,5.)) ;
#12181=CARTESIAN_POINT('Vertex',(92.5499536037,-16.4,0.)) ;
#12184=CARTESIAN_POINT('Axis2P3D Location',(92.5499536037,-18.,0.)) ;
#12188=CARTESIAN_POINT('Vertex',(92.5499536037,-19.6,0.)) ;
#12191=CARTESIAN_POINT('Line Origine',(92.5499536037,-19.6,5.)) ;
#12203=CARTESIAN_POINT('Axis2P3D Location',(92.5499536037,-18.,0.)) ;
#12215=CARTESIAN_POINT('Axis2P3D Location',(88.0499536037,-18.,5.)) ;
#12220=CARTESIAN_POINT('Line Origine',(88.0499536037,-16.4,5.)) ;
#12224=CARTESIAN_POINT('Vertex',(88.0499536037,-16.4,0.)) ;
#12227=CARTESIAN_POINT('Axis2P3D Location',(88.0499536037,-18.,0.)) ;
#12231=CARTESIAN_POINT('Vertex',(88.0499536037,-19.6,0.)) ;
#12234=CARTESIAN_POINT('Line Origine',(88.0499536037,-19.6,5.)) ;
#12246=CARTESIAN_POINT('Axis2P3D Location',(88.0499536037,-18.,0.)) ;
#12258=CARTESIAN_POINT('Axis2P3D Location',(-35.7426044472,44.,5.)) ;
#12263=CARTESIAN_POINT('Line Origine',(-35.7426044472,45.6,5.)) ;
#12267=CARTESIAN_POINT('Vertex',(-35.7426044472,45.6,0.)) ;
#12270=CARTESIAN_POINT('Axis2P3D Location',(-35.7426044472,44.,0.)) ;
#12274=CARTESIAN_POINT('Vertex',(-35.7426044472,42.4,0.)) ;
#12277=CARTESIAN_POINT('Line Origine',(-35.7426044472,42.4,5.)) ;
#12289=CARTESIAN_POINT('Axis2P3D Location',(-35.7426044472,44.,0.)) ;
#12301=CARTESIAN_POINT('Axis2P3D Location',(-70.4426044472,44.,5.)) ;
#12306=CARTESIAN_POINT('Line Origine',(-70.4426044472,45.6,5.)) ;
#12310=CARTESIAN_POINT('Vertex',(-70.4426044472,45.6,0.)) ;
#12313=CARTESIAN_POINT('Axis2P3D Location',(-70.4426044472,44.,0.)) ;
#12317=CARTESIAN_POINT('Vertex',(-70.4426044472,42.4,0.)) ;
#12320=CARTESIAN_POINT('Line Origine',(-70.4426044472,42.4,5.)) ;
#12332=CARTESIAN_POINT('Axis2P3D Location',(-70.4426044472,44.,0.)) ;
#12344=CARTESIAN_POINT('Axis2P3D Location',(43.5499536037,40.,5.)) ;
#12349=CARTESIAN_POINT('Line Origine',(43.5499536037,41.6,5.)) ;
#12353=CARTESIAN_POINT('Vertex',(43.5499536037,41.6,0.)) ;
#12356=CARTESIAN_POINT('Axis2P3D Location',(43.5499536037,40.,0.)) ;
#12360=CARTESIAN_POINT('Vertex',(43.5499536037,38.4,0.)) ;
#12363=CARTESIAN_POINT('Line Origine',(43.5499536037,38.4,5.)) ;
#12375=CARTESIAN_POINT('Axis2P3D Location',(43.5499536037,40.,0.)) ;
#12387=CARTESIAN_POINT('Axis2P3D Location',(92.5499536037,40.,5.)) ;
#12392=CARTESIAN_POINT('Line Origine',(92.5499536037,41.6,5.)) ;
#12396=CARTESIAN_POINT('Vertex',(92.5499536037,41.6,0.)) ;
#12399=CARTESIAN_POINT('Axis2P3D Location',(92.5499536037,40.,0.)) ;
#12403=CARTESIAN_POINT('Vertex',(92.5499536037,38.4,0.)) ;
#12406=CARTESIAN_POINT('Line Origine',(92.5499536037,38.4,5.)) ;
#12418=CARTESIAN_POINT('Axis2P3D Location',(92.5499536037,40.,0.)) ;
#12430=CARTESIAN_POINT('Axis2P3D Location',(88.0499536037,40.,5.)) ;
#12435=CARTESIAN_POINT('Line Origine',(88.0499536037,41.6,5.)) ;
#12439=CARTESIAN_POINT('Vertex',(88.0499536037,41.6,0.)) ;
#12442=CARTESIAN_POINT('Axis2P3D Location',(88.0499536037,40.,0.)) ;
#12446=CARTESIAN_POINT('Vertex',(88.0499536037,38.4,0.)) ;
#12449=CARTESIAN_POINT('Line Origine',(88.0499536037,38.4,5.)) ;
#12461=CARTESIAN_POINT('Axis2P3D Location',(88.0499536037,40.,0.)) ;
#12473=CARTESIAN_POINT('Axis2P3D Location',(137.049953604,40.,5.)) ;
#12478=CARTESIAN_POINT('Line Origine',(137.049953604,41.6,5.)) ;
#12482=CARTESIAN_POINT('Vertex',(137.049953604,41.6,0.)) ;
#12485=CARTESIAN_POINT('Axis2P3D Location',(137.049953604,40.,0.)) ;
#12489=CARTESIAN_POINT('Vertex',(137.049953604,38.4,0.)) ;
#12492=CARTESIAN_POINT('Line Origine',(137.049953604,38.4,5.)) ;
#12504=CARTESIAN_POINT('Axis2P3D Location',(137.049953604,40.,0.)) ;
#12516=CARTESIAN_POINT('Axis2P3D Location',(-134.920523381,23.2019957781,5.)) ;
#12521=CARTESIAN_POINT('Line Origine',(-134.920523381,24.8019957781,5.)) ;
#12525=CARTESIAN_POINT('Vertex',(-134.920523381,24.8019957781,0.)) ;
#12528=CARTESIAN_POINT('Axis2P3D Location',(-134.920523381,23.2019957781,0.)) ;
#12532=CARTESIAN_POINT('Vertex',(-134.920523381,21.6019957781,0.)) ;
#12535=CARTESIAN_POINT('Line Origine',(-134.920523381,21.6019957781,5.)) ;
#12547=CARTESIAN_POINT('Axis2P3D Location',(-134.920523381,23.2019957781,0.)) ;
#12559=CARTESIAN_POINT('Axis2P3D Location',(-85.9205233812,23.2019957781,5.)) ;
#12564=CARTESIAN_POINT('Line Origine',(-85.9205233812,24.8019957781,5.)) ;
#12568=CARTESIAN_POINT('Vertex',(-85.9205233812,24.8019957781,0.)) ;
#12571=CARTESIAN_POINT('Axis2P3D Location',(-85.9205233812,23.2019957781,0.)) ;
#12575=CARTESIAN_POINT('Vertex',(-85.9205233812,21.6019957781,0.)) ;
#12578=CARTESIAN_POINT('Line Origine',(-85.9205233812,21.6019957781,5.)) ;
#12590=CARTESIAN_POINT('Axis2P3D Location',(-85.9205233812,23.2019957781,0.)) ;
#12602=CARTESIAN_POINT('Axis2P3D Location',(-123.242604447,44.,5.)) ;
#12607=CARTESIAN_POINT('Line Origine',(-123.242604447,45.6,5.)) ;
#12611=CARTESIAN_POINT('Vertex',(-123.242604447,45.6,0.)) ;
#12614=CARTESIAN_POINT('Axis2P3D Location',(-123.242604447,44.,0.)) ;
#12618=CARTESIAN_POINT('Vertex',(-123.242604447,42.4,0.)) ;
#12621=CARTESIAN_POINT('Line Origine',(-123.242604447,42.4,5.)) ;
#12633=CARTESIAN_POINT('Axis2P3D Location',(-123.242604447,44.,0.)) ;
#12645=CARTESIAN_POINT('Axis2P3D Location',(-12.0104026794,-5.3290705182E-15,1.7763568394E-15)) ;
#12650=CARTESIAN_POINT('Line Origine',(-12.0104026794,12.5,2.5)) ;
#12654=CARTESIAN_POINT('Vertex',(-12.0104026794,12.5,1.7763568394E-15)) ;
#12657=CARTESIAN_POINT('Line Origine',(-12.0104026794,-5.3290705182E-15,1.7763568394E-15)) ;
#12661=CARTESIAN_POINT('Vertex',(-12.0104026794,-12.5,1.7763568394E-15)) ;
#12664=CARTESIAN_POINT('Line Origine',(-12.0104026794,-12.5,2.5)) ;
#12676=CARTESIAN_POINT('Axis2P3D Location',(-20.0104026794,-12.5,5.)) ;
#12681=CARTESIAN_POINT('Axis2P3D Location',(-20.0104026794,-12.5,0.)) ;
#12685=CARTESIAN_POINT('Vertex',(-28.0104026794,-12.5,0.)) ;
#12688=CARTESIAN_POINT('Line Origine',(-28.0104026794,-12.5,5.)) ;
#12700=CARTESIAN_POINT('Axis2P3D Location',(-28.0104026794,-1.06581410364E-14,1.7763568394E-15)) ;
#12705=CARTESIAN_POINT('Line Origine',(-28.0104026794,-1.06581410364E-14,1.7763568394E-15)) ;
#12709=CARTESIAN_POINT('Vertex',(-28.0104026794,12.5,1.7763568394E-15)) ;
#12712=CARTESIAN_POINT('Line Origine',(-28.0104026794,12.5,2.5)) ;
#12724=CARTESIAN_POINT('Axis2P3D Location',(-20.0104026794,12.5,5.)) ;
#12729=CARTESIAN_POINT('Axis2P3D Location',(-20.0104026794,12.5,0.)) ;
#12741=CARTESIAN_POINT('Axis2P3D Location',(-53.9431838989,-16.1513215952,5.)) ;
#12746=CARTESIAN_POINT('Line Origine',(-55.2422220046,-16.9013215952,5.)) ;
#12750=CARTESIAN_POINT('Vertex',(-55.2422220046,-16.9013215952,0.)) ;
#12753=CARTESIAN_POINT('Axis2P3D Location',(-53.9431838989,-16.1513215952,0.)) ;
#12757=CARTESIAN_POINT('Vertex',(-52.6441457932,-15.4013215952,-8.881784197E-16)) ;
#12760=CARTESIAN_POINT('Line Origine',(-52.6441457932,-15.4013215952,5.)) ;
#12772=CARTESIAN_POINT('Axis2P3D Location',(-45.1441457932,-28.391702652,1.7763568394E-15)) ;
#12777=CARTESIAN_POINT('Line Origine',(-45.9338361276,-27.0239188706,1.7763568394E-15)) ;
#12781=CARTESIAN_POINT('Vertex',(-39.2235264619,-38.6465161461,1.7763568394E-15)) ;
#12784=CARTESIAN_POINT('Line Origine',(-39.2235264619,-38.6465161461,2.5)) ;
#12796=CARTESIAN_POINT('Axis2P3D Location',(-40.5225645676,-39.3965161461,0.)) ;
#12801=CARTESIAN_POINT('Line Origine',(-41.8216026733,-40.1465161461,0.)) ;
#12805=CARTESIAN_POINT('Vertex',(-41.8216026733,-40.1465161461,3.5527136788E-15)) ;
#12808=CARTESIAN_POINT('Axis2P3D Location',(-40.5225645676,-39.3965161461,0.)) ;
#12820=CARTESIAN_POINT('Axis2P3D Location',(-47.7422220046,-29.891702652,3.5527136788E-15)) ;
#12825=CARTESIAN_POINT('Line Origine',(-48.531912339,-28.5239188706,3.5527136788E-15)) ;
#12837=CARTESIAN_POINT('Axis2P3D Location',(-45.1441457932,28.391702652,1.7763568394E-15)) ;
#12842=CARTESIAN_POINT('Line Origine',(-39.2235264619,38.6465161461,2.5)) ;
#12846=CARTESIAN_POINT('Vertex',(-39.2235264619,38.6465161461,1.7763568394E-15)) ;
#12849=CARTESIAN_POINT('Line Origine',(-45.9338361276,27.0239188706,1.7763568394E-15)) ;
#12853=CARTESIAN_POINT('Vertex',(-52.6441457932,15.4013215952,0.)) ;
#12856=CARTESIAN_POINT('Line Origine',(-52.6441457932,15.4013215952,2.5)) ;
#12868=CARTESIAN_POINT('Axis2P3D Location',(-53.9431838989,16.1513215952,5.)) ;
#12873=CARTESIAN_POINT('Axis2P3D Location',(-53.9431838989,16.1513215952,0.)) ;
#12877=CARTESIAN_POINT('Vertex',(-55.2422220046,16.9013215952,0.)) ;
#12880=CARTESIAN_POINT('Line Origine',(-55.2422220046,16.9013215952,5.)) ;
#12892=CARTESIAN_POINT('Axis2P3D Location',(-47.7422220046,29.891702652,3.5527136788E-15)) ;
#12897=CARTESIAN_POINT('Line Origine',(-48.531912339,28.5239188706,3.5527136788E-15)) ;
#12901=CARTESIAN_POINT('Vertex',(-41.8216026733,40.1465161461,3.5527136788E-15)) ;
#12904=CARTESIAN_POINT('Line Origine',(-41.8216026733,40.1465161461,2.5)) ;
#12916=CARTESIAN_POINT('Axis2P3D Location',(-40.5225645676,39.3965161461,0.)) ;
#12921=CARTESIAN_POINT('Axis2P3D Location',(-40.5225645676,39.3965161461,0.)) ;
#12933=CARTESIAN_POINT('Axis2P3D Location',(-78.0004388625,-28.391702652,1.7763568394E-15)) ;
#12938=CARTESIAN_POINT('Line Origine',(-83.9210581938,-38.6465161461,2.5)) ;
#12942=CARTESIAN_POINT('Vertex',(-83.9210581938,-38.6465161461,1.7763568394E-15)) ;
#12945=CARTESIAN_POINT('Line Origine',(-77.2107485282,-27.0239188706,1.7763568394E-15)) ;
#12949=CARTESIAN_POINT('Vertex',(-70.5004388625,-15.4013215952,0.)) ;
#12952=CARTESIAN_POINT('Line Origine',(-70.5004388625,-15.4013215952,2.5)) ;
#12964=CARTESIAN_POINT('Axis2P3D Location',(-69.2014007568,-16.1513215952,5.)) ;
#12969=CARTESIAN_POINT('Axis2P3D Location',(-69.2014007568,-16.1513215952,0.)) ;
#12973=CARTESIAN_POINT('Vertex',(-67.9023626512,-16.9013215952,0.)) ;
#12976=CARTESIAN_POINT('Line Origine',(-67.9023626512,-16.9013215952,5.)) ;
#12988=CARTESIAN_POINT('Axis2P3D Location',(-75.4023626512,-29.891702652,1.7763568394E-15)) ;
#12993=CARTESIAN_POINT('Line Origine',(-74.6126723168,-28.5239188706,1.7763568394E-15)) ;
#12997=CARTESIAN_POINT('Vertex',(-81.3229819825,-40.1465161461,1.7763568394E-15)) ;
#13000=CARTESIAN_POINT('Line Origine',(-81.3229819825,-40.1465161461,2.5)) ;
#13012=CARTESIAN_POINT('Axis2P3D Location',(-82.6220200881,-39.3965161461,0.)) ;
#13017=CARTESIAN_POINT('Axis2P3D Location',(-82.6220200881,-39.3965161461,0.)) ;
#13029=CARTESIAN_POINT('Axis2P3D Location',(-69.2014007568,16.1513215952,5.)) ;
#13034=CARTESIAN_POINT('Line Origine',(-67.9023626512,16.9013215952,5.)) ;
#13038=CARTESIAN_POINT('Vertex',(-67.9023626512,16.9013215952,0.)) ;
#13041=CARTESIAN_POINT('Axis2P3D Location',(-69.2014007568,16.1513215952,0.)) ;
#13045=CARTESIAN_POINT('Vertex',(-70.5004388625,15.4013215952,0.)) ;
#13048=CARTESIAN_POINT('Line Origine',(-70.5004388625,15.4013215952,5.)) ;
#13060=CARTESIAN_POINT('Axis2P3D Location',(-78.0004388625,28.391702652,0.)) ;
#13065=CARTESIAN_POINT('Line Origine',(-77.2107485282,27.0239188706,0.)) ;
#13069=CARTESIAN_POINT('Vertex',(-83.9210581938,38.6465161461,0.)) ;
#13072=CARTESIAN_POINT('Line Origine',(-83.9210581938,38.6465161461,2.5)) ;
#13084=CARTESIAN_POINT('Axis2P3D Location',(-82.6220200881,39.3965161461,0.)) ;
#13089=CARTESIAN_POINT('Line Origine',(-81.3229819825,40.1465161461,0.)) ;
#13093=CARTESIAN_POINT('Vertex',(-81.3229819825,40.1465161461,3.5527136788E-15)) ;
#13096=CARTESIAN_POINT('Axis2P3D Location',(-82.6220200881,39.3965161461,0.)) ;
#13108=CARTESIAN_POINT('Axis2P3D Location',(-75.4023626512,29.891702652,3.5527136788E-15)) ;
#13113=CARTESIAN_POINT('Line Origine',(-74.6126723168,28.5239188706,3.5527136788E-15)) ;
#13125=CARTESIAN_POINT('Axis2P3D Location',(85.9816583088,46.,5.)) ;
#13130=CARTESIAN_POINT('Line Origine',(85.9816583088,47.35,5.)) ;
#13134=CARTESIAN_POINT('Vertex',(85.9816583088,47.35,0.)) ;
#13137=CARTESIAN_POINT('Axis2P3D Location',(85.9816583088,46.,0.)) ;
#13141=CARTESIAN_POINT('Vertex',(85.9816583088,44.65,0.)) ;
#13144=CARTESIAN_POINT('Line Origine',(85.9816583088,44.65,5.)) ;
#13156=CARTESIAN_POINT('Axis2P3D Location',(85.9816583088,46.,0.)) ;
#13168=CARTESIAN_POINT('Axis2P3D Location',(85.9816583088,-40.,5.)) ;
#13173=CARTESIAN_POINT('Line Origine',(85.9816583088,-38.65,5.)) ;
#13177=CARTESIAN_POINT('Vertex',(85.9816583088,-38.65,0.)) ;
#13180=CARTESIAN_POINT('Axis2P3D Location',(85.9816583088,-40.,0.)) ;
#13184=CARTESIAN_POINT('Vertex',(85.9816583088,-41.35,0.)) ;
#13187=CARTESIAN_POINT('Line Origine',(85.9816583088,-41.35,5.)) ;
#13199=CARTESIAN_POINT('Axis2P3D Location',(85.9816583088,-40.,0.)) ;
#13211=CARTESIAN_POINT('Axis2P3D Location',(-16.0183416912,46.,5.)) ;
#13216=CARTESIAN_POINT('Line Origine',(-16.0183416912,47.35,5.)) ;
#13220=CARTESIAN_POINT('Vertex',(-16.0183416912,47.35,0.)) ;
#13223=CARTESIAN_POINT('Axis2P3D Location',(-16.0183416912,46.,0.)) ;
#13227=CARTESIAN_POINT('Vertex',(-16.0183416912,44.65,0.)) ;
#13230=CARTESIAN_POINT('Line Origine',(-16.0183416912,44.65,5.)) ;
#13242=CARTESIAN_POINT('Axis2P3D Location',(-16.0183416912,46.,0.)) ;
#13254=CARTESIAN_POINT('Axis2P3D Location',(41.9816583088,46.,5.)) ;
#13259=CARTESIAN_POINT('Line Origine',(41.9816583088,47.35,5.)) ;
#13263=CARTESIAN_POINT('Vertex',(41.9816583088,47.35,0.)) ;
#13266=CARTESIAN_POINT('Axis2P3D Location',(41.9816583088,46.,0.)) ;
#13270=CARTESIAN_POINT('Vertex',(41.9816583088,44.65,0.)) ;
#13273=CARTESIAN_POINT('Line Origine',(41.9816583088,44.65,5.)) ;
#13285=CARTESIAN_POINT('Axis2P3D Location',(41.9816583088,46.,0.)) ;
#13297=CARTESIAN_POINT('Axis2P3D Location',(143.981658309,46.,5.)) ;
#13302=CARTESIAN_POINT('Line Origine',(143.981658309,47.35,5.)) ;
#13306=CARTESIAN_POINT('Vertex',(143.981658309,47.35,0.)) ;
#13309=CARTESIAN_POINT('Axis2P3D Location',(143.981658309,46.,0.)) ;
#13313=CARTESIAN_POINT('Vertex',(143.981658309,44.65,0.)) ;
#13316=CARTESIAN_POINT('Line Origine',(143.981658309,44.65,5.)) ;
#13328=CARTESIAN_POINT('Axis2P3D Location',(143.981658309,46.,0.)) ;
#13340=CARTESIAN_POINT('Axis2P3D Location',(41.9816583088,-40.,5.)) ;
#13345=CARTESIAN_POINT('Line Origine',(41.9816583088,-38.65,5.)) ;
#13349=CARTESIAN_POINT('Vertex',(41.9816583088,-38.65,0.)) ;
#13352=CARTESIAN_POINT('Axis2P3D Location',(41.9816583088,-40.,0.)) ;
#13356=CARTESIAN_POINT('Vertex',(41.9816583088,-41.35,0.)) ;
#13359=CARTESIAN_POINT('Line Origine',(41.9816583088,-41.35,5.)) ;
#13371=CARTESIAN_POINT('Axis2P3D Location',(41.9816583088,-40.,0.)) ;
#13383=CARTESIAN_POINT('Axis2P3D Location',(-16.0183416912,-40.,5.)) ;
#13388=CARTESIAN_POINT('Line Origine',(-16.0183416912,-38.65,5.)) ;
#13392=CARTESIAN_POINT('Vertex',(-16.0183416912,-38.65,0.)) ;
#13395=CARTESIAN_POINT('Axis2P3D Location',(-16.0183416912,-40.,0.)) ;
#13399=CARTESIAN_POINT('Vertex',(-16.0183416912,-41.35,0.)) ;
#13402=CARTESIAN_POINT('Line Origine',(-16.0183416912,-41.35,5.)) ;
#13414=CARTESIAN_POINT('Axis2P3D Location',(-16.0183416912,-40.,0.)) ;
#13426=CARTESIAN_POINT('Axis2P3D Location',(143.981658309,-40.,5.)) ;
#13431=CARTESIAN_POINT('Line Origine',(143.981658309,-38.65,5.)) ;
#13435=CARTESIAN_POINT('Vertex',(143.981658309,-38.65,0.)) ;
#13438=CARTESIAN_POINT('Axis2P3D Location',(143.981658309,-40.,0.)) ;
#13442=CARTESIAN_POINT('Vertex',(143.981658309,-41.35,0.)) ;
#13445=CARTESIAN_POINT('Line Origine',(143.981658309,-41.35,5.)) ;
#13457=CARTESIAN_POINT('Axis2P3D Location',(143.981658309,-40.,0.)) ;
#13469=CARTESIAN_POINT('Axis2P3D Location',(6.2172489379E-15,96.7802352905,5.)) ;
#13474=CARTESIAN_POINT('Line Origine',(6.18631771328E-15,101.030235291,5.)) ;
#13478=CARTESIAN_POINT('Vertex',(5.14536793401E-15,101.030235291,0.)) ;
#13481=CARTESIAN_POINT('Axis2P3D Location',(6.2172489379E-15,96.7802352905,0.)) ;
#13485=CARTESIAN_POINT('Vertex',(6.76865505216E-15,92.5302352905,0.)) ;
#13488=CARTESIAN_POINT('Line Origine',(6.76865505216E-15,92.5302352905,5.)) ;
#13500=CARTESIAN_POINT('Axis2P3D Location',(6.2172489379E-15,96.7802352905,0.)) ;
#13512=CARTESIAN_POINT('Axis2P3D Location',(6.2172489379E-15,-96.7802352905,5.)) ;
#13517=CARTESIAN_POINT('Line Origine',(-5.66584282364E-15,-92.5302352905,5.)) ;
#13521=CARTESIAN_POINT('Vertex',(-6.70679260292E-15,-92.5302352905,0.)) ;
#13524=CARTESIAN_POINT('Axis2P3D Location',(6.2172489379E-15,-96.7802352905,0.)) ;
#13528=CARTESIAN_POINT('Vertex',(1.86208155891E-14,-101.030235291,0.)) ;
#13531=CARTESIAN_POINT('Line Origine',(1.86208155891E-14,-101.030235291,5.)) ;
#13543=CARTESIAN_POINT('Axis2P3D Location',(6.2172489379E-15,-96.7802352905,0.)) ;
#13555=CARTESIAN_POINT('Axis2P3D Location',(61.5946314713,53.65,1.7763568394E-15)) ;
#13560=CARTESIAN_POINT('Line Origine',(51.0946314713,53.65,2.5)) ;
#13564=CARTESIAN_POINT('Vertex',(51.0946314713,53.65,1.7763568394E-15)) ;
#13567=CARTESIAN_POINT('Line Origine',(61.5946314713,53.65,1.7763568394E-15)) ;
#13571=CARTESIAN_POINT('Vertex',(72.0946314713,53.65,1.7763568394E-15)) ;
#13574=CARTESIAN_POINT('Line Origine',(72.0946314713,53.65,2.5)) ;
#13586=CARTESIAN_POINT('Axis2P3D Location',(72.0946314713,51.65,6.85509146001)) ;
#13591=CARTESIAN_POINT('Line Origine',(74.0946314713,51.65,6.85509146005)) ;
#13595=CARTESIAN_POINT('Vertex',(74.0946314713,51.65,1.7763568394E-15)) ;
#13598=CARTESIAN_POINT('Axis2P3D Location',(72.0946314713,51.65,-3.49524853505E-11)) ;
#13610=CARTESIAN_POINT('Axis2P3D Location',(74.0946314713,47.15,1.7763568394E-15)) ;
#13615=CARTESIAN_POINT('Line Origine',(74.0946314713,47.15,1.7763568394E-15)) ;
#13619=CARTESIAN_POINT('Vertex',(74.0946314713,42.65,1.7763568394E-15)) ;
#13622=CARTESIAN_POINT('Line Origine',(74.0946314713,42.65,2.5)) ;
#13634=CARTESIAN_POINT('Axis2P3D Location',(72.0946314713,42.65,6.85509146001)) ;
#13639=CARTESIAN_POINT('Line Origine',(72.0946314713,40.65,6.85509146005)) ;
#13643=CARTESIAN_POINT('Vertex',(72.0946314713,40.65,1.7763568394E-15)) ;
#13646=CARTESIAN_POINT('Axis2P3D Location',(72.0946314713,42.65,-3.4852121189E-11)) ;
#13658=CARTESIAN_POINT('Axis2P3D Location',(61.5946314713,40.65,1.7763568394E-15)) ;
#13663=CARTESIAN_POINT('Line Origine',(61.5946314713,40.65,1.7763568394E-15)) ;
#13667=CARTESIAN_POINT('Vertex',(51.0946314713,40.65,1.7763568394E-15)) ;
#13670=CARTESIAN_POINT('Line Origine',(51.0946314713,40.65,2.5)) ;
#13682=CARTESIAN_POINT('Axis2P3D Location',(51.0946314713,42.65,6.85509146001)) ;
#13687=CARTESIAN_POINT('Line Origine',(49.0946314713,42.65,6.85509146005)) ;
#13691=CARTESIAN_POINT('Vertex',(49.0946314713,42.65,1.7763568394E-15)) ;
#13694=CARTESIAN_POINT('Axis2P3D Location',(51.0946314713,42.65,-3.4852121189E-11)) ;
#13706=CARTESIAN_POINT('Axis2P3D Location',(49.0946314713,47.15,1.7763568394E-15)) ;
#13711=CARTESIAN_POINT('Line Origine',(49.0946314713,47.15,1.7763568394E-15)) ;
#13715=CARTESIAN_POINT('Vertex',(49.0946314713,51.65,1.7763568394E-15)) ;
#13718=CARTESIAN_POINT('Line Origine',(49.0946314713,51.65,2.5)) ;
#13730=CARTESIAN_POINT('Axis2P3D Location',(51.0946314713,51.65,6.85509146001)) ;
#13735=CARTESIAN_POINT('Axis2P3D Location',(51.0946314713,51.65,-3.4852121189E-11)) ;
#13747=CARTESIAN_POINT('Axis2P3D Location',(124.199955604,-53.65,1.7763568394E-15)) ;
#13752=CARTESIAN_POINT('Line Origine',(134.699955604,-53.65,2.5)) ;
#13756=CARTESIAN_POINT('Vertex',(134.699955604,-53.65,1.7763568394E-15)) ;
#13759=CARTESIAN_POINT('Line Origine',(124.199955604,-53.65,1.7763568394E-15)) ;
#13763=CARTESIAN_POINT('Vertex',(113.699955604,-53.65,1.7763568394E-15)) ;
#13766=CARTESIAN_POINT('Line Origine',(113.699955604,-53.65,2.5)) ;
#13778=CARTESIAN_POINT('Axis2P3D Location',(113.699955604,-51.65,6.85509146001)) ;
#13783=CARTESIAN_POINT('Line Origine',(111.699955604,-51.65,6.85509146005)) ;
#13787=CARTESIAN_POINT('Vertex',(111.699955604,-51.65,1.7763568394E-15)) ;
#13790=CARTESIAN_POINT('Axis2P3D Location',(113.699955604,-51.65,-3.49524853505E-11)) ;
#13802=CARTESIAN_POINT('Axis2P3D Location',(111.699955604,-47.15,1.7763568394E-15)) ;
#13807=CARTESIAN_POINT('Line Origine',(111.699955604,-47.15,1.7763568394E-15)) ;
#13811=CARTESIAN_POINT('Vertex',(111.699955604,-42.65,1.7763568394E-15)) ;
#13814=CARTESIAN_POINT('Line Origine',(111.699955604,-42.65,2.5)) ;
#13826=CARTESIAN_POINT('Axis2P3D Location',(113.699955604,-42.65,6.85509146001)) ;
#13831=CARTESIAN_POINT('Line Origine',(113.699955604,-40.65,6.85509146005)) ;
#13835=CARTESIAN_POINT('Vertex',(113.699955604,-40.65,1.7763568394E-15)) ;
#13838=CARTESIAN_POINT('Axis2P3D Location',(113.699955604,-42.65,-3.4852121189E-11)) ;
#13850=CARTESIAN_POINT('Axis2P3D Location',(124.199955604,-40.65,1.7763568394E-15)) ;
#13855=CARTESIAN_POINT('Line Origine',(124.199955604,-40.65,1.7763568394E-15)) ;
#13859=CARTESIAN_POINT('Vertex',(134.699955604,-40.65,1.7763568394E-15)) ;
#13862=CARTESIAN_POINT('Line Origine',(134.699955604,-40.65,2.5)) ;
#13874=CARTESIAN_POINT('Axis2P3D Location',(134.699955604,-42.65,6.85509146001)) ;
#13879=CARTESIAN_POINT('Line Origine',(136.699955604,-42.65,6.85509146005)) ;
#13883=CARTESIAN_POINT('Vertex',(136.699955604,-42.65,1.7763568394E-15)) ;
#13886=CARTESIAN_POINT('Axis2P3D Location',(134.699955604,-42.65,-3.4852121189E-11)) ;
#13898=CARTESIAN_POINT('Axis2P3D Location',(136.699955604,-47.15,1.7763568394E-15)) ;
#13903=CARTESIAN_POINT('Line Origine',(136.699955604,-47.15,1.7763568394E-15)) ;
#13907=CARTESIAN_POINT('Vertex',(136.699955604,-51.65,1.7763568394E-15)) ;
#13910=CARTESIAN_POINT('Line Origine',(136.699955604,-51.65,2.5)) ;
#13922=CARTESIAN_POINT('Axis2P3D Location',(134.699955604,-51.65,6.85509146001)) ;
#13927=CARTESIAN_POINT('Axis2P3D Location',(134.699955604,-51.65,-3.49524853505E-11)) ;
#13939=CARTESIAN_POINT('Axis2P3D Location',(-155.,56.9,5.)) ;
#13944=CARTESIAN_POINT('Line Origine',(-155.,58.5,5.)) ;
#13948=CARTESIAN_POINT('Vertex',(-155.,58.5,0.)) ;
#13951=CARTESIAN_POINT('Axis2P3D Location',(-155.,56.9,0.)) ;
#13955=CARTESIAN_POINT('Vertex',(-155.,55.3,0.)) ;
#13958=CARTESIAN_POINT('Line Origine',(-155.,55.3,5.)) ;
#13970=CARTESIAN_POINT('Axis2P3D Location',(-155.,56.9,0.)) ;
#13982=CARTESIAN_POINT('Axis2P3D Location',(-155.,-56.9,5.)) ;
#13987=CARTESIAN_POINT('Line Origine',(-155.,-55.3,5.)) ;
#13991=CARTESIAN_POINT('Vertex',(-155.,-55.3,0.)) ;
#13994=CARTESIAN_POINT('Axis2P3D Location',(-155.,-56.9,0.)) ;
#13998=CARTESIAN_POINT('Vertex',(-155.,-58.5,0.)) ;
#14001=CARTESIAN_POINT('Line Origine',(-155.,-58.5,5.)) ;
#14013=CARTESIAN_POINT('Axis2P3D Location',(-155.,-56.9,0.)) ;
#14025=CARTESIAN_POINT('Axis2P3D Location',(-60.2034474134,-22.,5.)) ;
#14030=CARTESIAN_POINT('Line Origine',(-60.2034474134,-20.4,5.)) ;
#14034=CARTESIAN_POINT('Vertex',(-60.2034474134,-20.4,0.)) ;
#14037=CARTESIAN_POINT('Axis2P3D Location',(-60.2034474134,-22.,0.)) ;
#14041=CARTESIAN_POINT('Vertex',(-60.2034474134,-23.6,0.)) ;
#14044=CARTESIAN_POINT('Line Origine',(-60.2034474134,-23.6,5.)) ;
#14056=CARTESIAN_POINT('Axis2P3D Location',(-60.2034474134,-22.,0.)) ;
#14068=CARTESIAN_POINT('Axis2P3D Location',(-60.2034474134,66.,5.)) ;
#14073=CARTESIAN_POINT('Line Origine',(-60.2034474134,67.6,5.)) ;
#14077=CARTESIAN_POINT('Vertex',(-60.2034474134,67.6,0.)) ;
#14080=CARTESIAN_POINT('Axis2P3D Location',(-60.2034474134,66.,0.)) ;
#14084=CARTESIAN_POINT('Vertex',(-60.2034474134,64.4,0.)) ;
#14087=CARTESIAN_POINT('Line Origine',(-60.2034474134,64.4,5.)) ;
#14099=CARTESIAN_POINT('Axis2P3D Location',(-60.2034474134,66.,0.)) ;
#14111=CARTESIAN_POINT('Axis2P3D Location',(-60.2034474134,22.,5.)) ;
#14116=CARTESIAN_POINT('Line Origine',(-60.2034474134,23.6,5.)) ;
#14120=CARTESIAN_POINT('Vertex',(-60.2034474134,23.6,0.)) ;
#14123=CARTESIAN_POINT('Axis2P3D Location',(-60.2034474134,22.,0.)) ;
#14127=CARTESIAN_POINT('Vertex',(-60.2034474134,20.4,0.)) ;
#14130=CARTESIAN_POINT('Line Origine',(-60.2034474134,20.4,5.)) ;
#14142=CARTESIAN_POINT('Axis2P3D Location',(-60.2034474134,22.,0.)) ;
#14154=CARTESIAN_POINT('Axis2P3D Location',(-104.203447413,22.,5.)) ;
#14159=CARTESIAN_POINT('Line Origine',(-104.203447413,23.6,5.)) ;
#14163=CARTESIAN_POINT('Vertex',(-104.203447413,23.6,0.)) ;
#14166=CARTESIAN_POINT('Axis2P3D Location',(-104.203447413,22.,0.)) ;
#14170=CARTESIAN_POINT('Vertex',(-104.203447413,20.4,0.)) ;
#14173=CARTESIAN_POINT('Line Origine',(-104.203447413,20.4,5.)) ;
#14185=CARTESIAN_POINT('Axis2P3D Location',(-104.203447413,22.,0.)) ;
#14197=CARTESIAN_POINT('Axis2P3D Location',(-104.203447413,66.,5.)) ;
#14202=CARTESIAN_POINT('Line Origine',(-104.203447413,67.6,5.)) ;
#14206=CARTESIAN_POINT('Vertex',(-104.203447413,67.6,0.)) ;
#14209=CARTESIAN_POINT('Axis2P3D Location',(-104.203447413,66.,0.)) ;
#14213=CARTESIAN_POINT('Vertex',(-104.203447413,64.4,0.)) ;
#14216=CARTESIAN_POINT('Line Origine',(-104.203447413,64.4,5.)) ;
#14228=CARTESIAN_POINT('Axis2P3D Location',(-104.203447413,66.,0.)) ;
#14240=CARTESIAN_POINT('Axis2P3D Location',(-104.203447413,-22.,5.)) ;
#14245=CARTESIAN_POINT('Line Origine',(-104.203447413,-20.4,5.)) ;
#14249=CARTESIAN_POINT('Vertex',(-104.203447413,-20.4,0.)) ;
#14252=CARTESIAN_POINT('Axis2P3D Location',(-104.203447413,-22.,0.)) ;
#14256=CARTESIAN_POINT('Vertex',(-104.203447413,-23.6,0.)) ;
#14259=CARTESIAN_POINT('Line Origine',(-104.203447413,-23.6,5.)) ;
#14271=CARTESIAN_POINT('Axis2P3D Location',(-104.203447413,-22.,0.)) ;
#14283=CARTESIAN_POINT('Axis2P3D Location',(-60.2034474134,-66.,5.)) ;
#14288=CARTESIAN_POINT('Line Origine',(-60.2034474134,-64.4,5.)) ;
#14292=CARTESIAN_POINT('Vertex',(-60.2034474134,-64.4,0.)) ;
#14295=CARTESIAN_POINT('Axis2P3D Location',(-60.2034474134,-66.,0.)) ;
#14299=CARTESIAN_POINT('Vertex',(-60.2034474134,-67.6,0.)) ;
#14302=CARTESIAN_POINT('Line Origine',(-60.2034474134,-67.6,5.)) ;
#14314=CARTESIAN_POINT('Axis2P3D Location',(-60.2034474134,-66.,0.)) ;
#14326=CARTESIAN_POINT('Axis2P3D Location',(-104.203447413,-66.,5.)) ;
#14331=CARTESIAN_POINT('Line Origine',(-104.203447413,-64.4,5.)) ;
#14335=CARTESIAN_POINT('Vertex',(-104.203447413,-64.4,0.)) ;
#14338=CARTESIAN_POINT('Axis2P3D Location',(-104.203447413,-66.,0.)) ;
#14342=CARTESIAN_POINT('Vertex',(-104.203447413,-67.6,0.)) ;
#14345=CARTESIAN_POINT('Line Origine',(-104.203447413,-67.6,5.)) ;
#14357=CARTESIAN_POINT('Axis2P3D Location',(-104.203447413,-66.,0.)) ;
#14369=CARTESIAN_POINT('Axis2P3D Location',(2.61802053452,-65.6715871394,5.)) ;
#14374=CARTESIAN_POINT('Line Origine',(2.61802053452,-64.0715871394,5.)) ;
#14378=CARTESIAN_POINT('Vertex',(2.61802053452,-64.0715871394,0.)) ;
#14381=CARTESIAN_POINT('Axis2P3D Location',(2.61802053452,-65.6715871394,0.)) ;
#14385=CARTESIAN_POINT('Vertex',(2.61802053452,-67.2715871394,0.)) ;
#14388=CARTESIAN_POINT('Line Origine',(2.61802053452,-67.2715871394,5.)) ;
#14400=CARTESIAN_POINT('Axis2P3D Location',(2.61802053452,-65.6715871394,0.)) ;
#14412=CARTESIAN_POINT('Axis2P3D Location',(46.6180205345,-65.6715871394,5.)) ;
#14417=CARTESIAN_POINT('Line Origine',(46.6180205345,-64.0715871394,5.)) ;
#14421=CARTESIAN_POINT('Vertex',(46.6180205345,-64.0715871394,0.)) ;
#14424=CARTESIAN_POINT('Axis2P3D Location',(46.6180205345,-65.6715871394,0.)) ;
#14428=CARTESIAN_POINT('Vertex',(46.6180205345,-67.2715871394,0.)) ;
#14431=CARTESIAN_POINT('Line Origine',(46.6180205345,-67.2715871394,5.)) ;
#14443=CARTESIAN_POINT('Axis2P3D Location',(46.6180205345,-65.6715871394,0.)) ;
#14455=CARTESIAN_POINT('Axis2P3D Location',(46.6180205345,-21.6715871394,5.)) ;
#14460=CARTESIAN_POINT('Line Origine',(46.6180205345,-20.0715871394,5.)) ;
#14464=CARTESIAN_POINT('Vertex',(46.6180205345,-20.0715871394,0.)) ;
#14467=CARTESIAN_POINT('Axis2P3D Location',(46.6180205345,-21.6715871394,0.)) ;
#14471=CARTESIAN_POINT('Vertex',(46.6180205345,-23.2715871394,0.)) ;
#14474=CARTESIAN_POINT('Line Origine',(46.6180205345,-23.2715871394,5.)) ;
#14486=CARTESIAN_POINT('Axis2P3D Location',(46.6180205345,-21.6715871394,0.)) ;
#14498=CARTESIAN_POINT('Axis2P3D Location',(46.6180205345,22.3284128606,5.)) ;
#14503=CARTESIAN_POINT('Line Origine',(46.6180205345,23.9284128606,5.)) ;
#14507=CARTESIAN_POINT('Vertex',(46.6180205345,23.9284128606,0.)) ;
#14510=CARTESIAN_POINT('Axis2P3D Location',(46.6180205345,22.3284128606,0.)) ;
#14514=CARTESIAN_POINT('Vertex',(46.6180205345,20.7284128606,0.)) ;
#14517=CARTESIAN_POINT('Line Origine',(46.6180205345,20.7284128606,5.)) ;
#14529=CARTESIAN_POINT('Axis2P3D Location',(46.6180205345,22.3284128606,0.)) ;
#14541=CARTESIAN_POINT('Axis2P3D Location',(46.6180205345,66.3284128606,5.)) ;
#14546=CARTESIAN_POINT('Line Origine',(46.6180205345,67.9284128606,5.)) ;
#14550=CARTESIAN_POINT('Vertex',(46.6180205345,67.9284128606,0.)) ;
#14553=CARTESIAN_POINT('Axis2P3D Location',(46.6180205345,66.3284128606,0.)) ;
#14557=CARTESIAN_POINT('Vertex',(46.6180205345,64.7284128606,0.)) ;
#14560=CARTESIAN_POINT('Line Origine',(46.6180205345,64.7284128606,5.)) ;
#14572=CARTESIAN_POINT('Axis2P3D Location',(46.6180205345,66.3284128606,0.)) ;
#14584=CARTESIAN_POINT('Axis2P3D Location',(2.61802053452,66.3284128606,5.)) ;
#14589=CARTESIAN_POINT('Line Origine',(2.61802053452,67.9284128606,5.)) ;
#14593=CARTESIAN_POINT('Vertex',(2.61802053452,67.9284128606,0.)) ;
#14596=CARTESIAN_POINT('Axis2P3D Location',(2.61802053452,66.3284128606,0.)) ;
#14600=CARTESIAN_POINT('Vertex',(2.61802053452,64.7284128606,0.)) ;
#14603=CARTESIAN_POINT('Line Origine',(2.61802053452,64.7284128606,5.)) ;
#14615=CARTESIAN_POINT('Axis2P3D Location',(2.61802053452,66.3284128606,0.)) ;
#14627=CARTESIAN_POINT('Axis2P3D Location',(-78.1000464058,52.5,5.)) ;
#14632=CARTESIAN_POINT('Line Origine',(-78.1000464058,54.1,5.)) ;
#14636=CARTESIAN_POINT('Vertex',(-78.1000464058,54.1,0.)) ;
#14639=CARTESIAN_POINT('Axis2P3D Location',(-78.1000464058,52.5,0.)) ;
#14643=CARTESIAN_POINT('Vertex',(-78.1000464058,50.9,0.)) ;
#14646=CARTESIAN_POINT('Line Origine',(-78.1000464058,50.9,5.)) ;
#14658=CARTESIAN_POINT('Axis2P3D Location',(-78.1000464058,52.5,0.)) ;
#14670=CARTESIAN_POINT('Axis2P3D Location',(-88.1000464058,52.5,5.)) ;
#14675=CARTESIAN_POINT('Line Origine',(-88.1000464058,54.1,5.)) ;
#14679=CARTESIAN_POINT('Vertex',(-88.1000464058,54.1,0.)) ;
#14682=CARTESIAN_POINT('Axis2P3D Location',(-88.1000464058,52.5,0.)) ;
#14686=CARTESIAN_POINT('Vertex',(-88.1000464058,50.9,0.)) ;
#14689=CARTESIAN_POINT('Line Origine',(-88.1000464058,50.9,5.)) ;
#14701=CARTESIAN_POINT('Axis2P3D Location',(-88.1000464058,52.5,0.)) ;
#14713=CARTESIAN_POINT('Axis2P3D Location',(-58.1000464058,52.5,5.)) ;
#14718=CARTESIAN_POINT('Line Origine',(-58.1000464058,54.1,5.)) ;
#14722=CARTESIAN_POINT('Vertex',(-58.1000464058,54.1,0.)) ;
#14725=CARTESIAN_POINT('Axis2P3D Location',(-58.1000464058,52.5,0.)) ;
#14729=CARTESIAN_POINT('Vertex',(-58.1000464058,50.9,0.)) ;
#14732=CARTESIAN_POINT('Line Origine',(-58.1000464058,50.9,5.)) ;
#14744=CARTESIAN_POINT('Axis2P3D Location',(-58.1000464058,52.5,0.)) ;
#14756=CARTESIAN_POINT('Axis2P3D Location',(-108.100046406,52.5,5.)) ;
#14761=CARTESIAN_POINT('Line Origine',(-108.100046406,54.1,5.)) ;
#14765=CARTESIAN_POINT('Vertex',(-108.100046406,54.1,0.)) ;
#14768=CARTESIAN_POINT('Axis2P3D Location',(-108.100046406,52.5,0.)) ;
#14772=CARTESIAN_POINT('Vertex',(-108.100046406,50.9,0.)) ;
#14775=CARTESIAN_POINT('Line Origine',(-108.100046406,50.9,5.)) ;
#14787=CARTESIAN_POINT('Axis2P3D Location',(-108.100046406,52.5,0.)) ;
#14799=CARTESIAN_POINT('Axis2P3D Location',(-78.1000464058,76.5,5.)) ;
#14804=CARTESIAN_POINT('Line Origine',(-78.1000464058,78.1,5.)) ;
#14808=CARTESIAN_POINT('Vertex',(-78.1000464058,78.1,0.)) ;
#14811=CARTESIAN_POINT('Axis2P3D Location',(-78.1000464058,76.5,0.)) ;
#14815=CARTESIAN_POINT('Vertex',(-78.1000464058,74.9,0.)) ;
#14818=CARTESIAN_POINT('Line Origine',(-78.1000464058,74.9,5.)) ;
#14830=CARTESIAN_POINT('Axis2P3D Location',(-78.1000464058,76.5,0.)) ;
#14842=CARTESIAN_POINT('Axis2P3D Location',(-108.100046406,76.5,5.)) ;
#14847=CARTESIAN_POINT('Line Origine',(-108.100046406,78.1,5.)) ;
#14851=CARTESIAN_POINT('Vertex',(-108.100046406,78.1,0.)) ;
#14854=CARTESIAN_POINT('Axis2P3D Location',(-108.100046406,76.5,0.)) ;
#14858=CARTESIAN_POINT('Vertex',(-108.100046406,74.9,0.)) ;
#14861=CARTESIAN_POINT('Line Origine',(-108.100046406,74.9,5.)) ;
#14873=CARTESIAN_POINT('Axis2P3D Location',(-108.100046406,76.5,0.)) ;
#14885=CARTESIAN_POINT('Axis2P3D Location',(-58.1000464058,76.5,5.)) ;
#14890=CARTESIAN_POINT('Line Origine',(-58.1000464058,78.1,5.)) ;
#14894=CARTESIAN_POINT('Vertex',(-58.1000464058,78.1,0.)) ;
#14897=CARTESIAN_POINT('Axis2P3D Location',(-58.1000464058,76.5,0.)) ;
#14901=CARTESIAN_POINT('Vertex',(-58.1000464058,74.9,0.)) ;
#14904=CARTESIAN_POINT('Line Origine',(-58.1000464058,74.9,5.)) ;
#14916=CARTESIAN_POINT('Axis2P3D Location',(-58.1000464058,76.5,0.)) ;
#14928=CARTESIAN_POINT('Axis2P3D Location',(-88.1000464058,76.5,5.)) ;
#14933=CARTESIAN_POINT('Line Origine',(-88.1000464058,78.1,5.)) ;
#14937=CARTESIAN_POINT('Vertex',(-88.1000464058,78.1,0.)) ;
#14940=CARTESIAN_POINT('Axis2P3D Location',(-88.1000464058,76.5,0.)) ;
#14944=CARTESIAN_POINT('Vertex',(-88.1000464058,74.9,0.)) ;
#14947=CARTESIAN_POINT('Line Origine',(-88.1000464058,74.9,5.)) ;
#14959=CARTESIAN_POINT('Axis2P3D Location',(-88.1000464058,76.5,0.)) ;
#14971=CARTESIAN_POINT('Axis2P3D Location',(-78.1000464058,-52.5,5.)) ;
#14976=CARTESIAN_POINT('Line Origine',(-78.1000464058,-50.9,5.)) ;
#14980=CARTESIAN_POINT('Vertex',(-78.1000464058,-50.9,0.)) ;
#14983=CARTESIAN_POINT('Axis2P3D Location',(-78.1000464058,-52.5,0.)) ;
#14987=CARTESIAN_POINT('Vertex',(-78.1000464058,-54.1,0.)) ;
#14990=CARTESIAN_POINT('Line Origine',(-78.1000464058,-54.1,5.)) ;
#15002=CARTESIAN_POINT('Axis2P3D Location',(-78.1000464058,-52.5,0.)) ;
#15014=CARTESIAN_POINT('Axis2P3D Location',(-78.1000464058,-76.5,5.)) ;
#15019=CARTESIAN_POINT('Line Origine',(-78.1000464058,-74.9,5.)) ;
#15023=CARTESIAN_POINT('Vertex',(-78.1000464058,-74.9,0.)) ;
#15026=CARTESIAN_POINT('Axis2P3D Location',(-78.1000464058,-76.5,0.)) ;
#15030=CARTESIAN_POINT('Vertex',(-78.1000464058,-78.1,0.)) ;
#15033=CARTESIAN_POINT('Line Origine',(-78.1000464058,-78.1,5.)) ;
#15045=CARTESIAN_POINT('Axis2P3D Location',(-78.1000464058,-76.5,0.)) ;
#15057=CARTESIAN_POINT('Axis2P3D Location',(-88.1000464058,-76.5,5.)) ;
#15062=CARTESIAN_POINT('Line Origine',(-88.1000464058,-74.9,5.)) ;
#15066=CARTESIAN_POINT('Vertex',(-88.1000464058,-74.9,0.)) ;
#15069=CARTESIAN_POINT('Axis2P3D Location',(-88.1000464058,-76.5,0.)) ;
#15073=CARTESIAN_POINT('Vertex',(-88.1000464058,-78.1,0.)) ;
#15076=CARTESIAN_POINT('Line Origine',(-88.1000464058,-78.1,5.)) ;
#15088=CARTESIAN_POINT('Axis2P3D Location',(-88.1000464058,-76.5,0.)) ;
#15100=CARTESIAN_POINT('Axis2P3D Location',(-88.1000464058,-52.5,5.)) ;
#15105=CARTESIAN_POINT('Line Origine',(-88.1000464058,-50.9,5.)) ;
#15109=CARTESIAN_POINT('Vertex',(-88.1000464058,-50.9,0.)) ;
#15112=CARTESIAN_POINT('Axis2P3D Location',(-88.1000464058,-52.5,0.)) ;
#15116=CARTESIAN_POINT('Vertex',(-88.1000464058,-54.1,0.)) ;
#15119=CARTESIAN_POINT('Line Origine',(-88.1000464058,-54.1,5.)) ;
#15131=CARTESIAN_POINT('Axis2P3D Location',(-88.1000464058,-52.5,0.)) ;
#15143=CARTESIAN_POINT('Axis2P3D Location',(-108.100046406,-52.5,5.)) ;
#15148=CARTESIAN_POINT('Line Origine',(-108.100046406,-50.9,5.)) ;
#15152=CARTESIAN_POINT('Vertex',(-108.100046406,-50.9,0.)) ;
#15155=CARTESIAN_POINT('Axis2P3D Location',(-108.100046406,-52.5,0.)) ;
#15159=CARTESIAN_POINT('Vertex',(-108.100046406,-54.1,0.)) ;
#15162=CARTESIAN_POINT('Line Origine',(-108.100046406,-54.1,5.)) ;
#15174=CARTESIAN_POINT('Axis2P3D Location',(-108.100046406,-52.5,0.)) ;
#15186=CARTESIAN_POINT('Axis2P3D Location',(-108.100046406,-76.5,5.)) ;
#15191=CARTESIAN_POINT('Line Origine',(-108.100046406,-74.9,5.)) ;
#15195=CARTESIAN_POINT('Vertex',(-108.100046406,-74.9,0.)) ;
#15198=CARTESIAN_POINT('Axis2P3D Location',(-108.100046406,-76.5,0.)) ;
#15202=CARTESIAN_POINT('Vertex',(-108.100046406,-78.1,0.)) ;
#15205=CARTESIAN_POINT('Line Origine',(-108.100046406,-78.1,5.)) ;
#15217=CARTESIAN_POINT('Axis2P3D Location',(-108.100046406,-76.5,0.)) ;
#15229=CARTESIAN_POINT('Axis2P3D Location',(-58.1000464058,-76.5,5.)) ;
#15234=CARTESIAN_POINT('Line Origine',(-58.1000464058,-74.9,5.)) ;
#15238=CARTESIAN_POINT('Vertex',(-58.1000464058,-74.9,0.)) ;
#15241=CARTESIAN_POINT('Axis2P3D Location',(-58.1000464058,-76.5,0.)) ;
#15245=CARTESIAN_POINT('Vertex',(-58.1000464058,-78.1,0.)) ;
#15248=CARTESIAN_POINT('Line Origine',(-58.1000464058,-78.1,5.)) ;
#15260=CARTESIAN_POINT('Axis2P3D Location',(-58.1000464058,-76.5,0.)) ;
#15272=CARTESIAN_POINT('Axis2P3D Location',(-58.1000464058,-52.5,5.)) ;
#15277=CARTESIAN_POINT('Line Origine',(-58.1000464058,-50.9,5.)) ;
#15281=CARTESIAN_POINT('Vertex',(-58.1000464058,-50.9,0.)) ;
#15284=CARTESIAN_POINT('Axis2P3D Location',(-58.1000464058,-52.5,0.)) ;
#15288=CARTESIAN_POINT('Vertex',(-58.1000464058,-54.1,0.)) ;
#15291=CARTESIAN_POINT('Line Origine',(-58.1000464058,-54.1,5.)) ;
#15303=CARTESIAN_POINT('Axis2P3D Location',(-58.1000464058,-52.5,0.)) ;
#15315=CARTESIAN_POINT('Axis2P3D Location',(-61.5722923279,-2.03392858111E-13,5.)) ;
#15320=CARTESIAN_POINT('Line Origine',(-61.5722923279,11.,5.)) ;
#15324=CARTESIAN_POINT('Vertex',(-61.5722923279,11.,0.)) ;
#15327=CARTESIAN_POINT('Axis2P3D Location',(-61.5722923279,-2.03392858111E-13,0.)) ;
#15331=CARTESIAN_POINT('Vertex',(-61.5722923279,-11.,0.)) ;
#15334=CARTESIAN_POINT('Line Origine',(-61.5722923279,-11.,5.)) ;
#15346=CARTESIAN_POINT('Axis2P3D Location',(-61.5722923279,-2.03392858111E-13,0.)) ;
#15358=CARTESIAN_POINT('Axis2P3D Location',(-109.917172481,19.6001593873,5.)) ;
#15363=CARTESIAN_POINT('Line Origine',(-109.917172481,21.6001593873,5.)) ;
#15367=CARTESIAN_POINT('Vertex',(-109.917172481,21.6001593873,0.)) ;
#15370=CARTESIAN_POINT('Axis2P3D Location',(-109.917172481,19.6001593873,0.)) ;
#15374=CARTESIAN_POINT('Vertex',(-109.917172481,17.6001593873,0.)) ;
#15377=CARTESIAN_POINT('Line Origine',(-109.917172481,17.6001593873,5.)) ;
#15389=CARTESIAN_POINT('Axis2P3D Location',(-109.917172481,19.6001593873,0.)) ;
#15401=CARTESIAN_POINT('Axis2P3D Location',(-109.917316443,45.1002393945,5.)) ;
#15406=CARTESIAN_POINT('Line Origine',(-109.917316443,47.1002393945,5.)) ;
#15410=CARTESIAN_POINT('Vertex',(-109.917316443,47.1002393945,0.)) ;
#15413=CARTESIAN_POINT('Axis2P3D Location',(-109.917316443,45.1002393945,0.)) ;
#15417=CARTESIAN_POINT('Vertex',(-109.917316443,43.1002393945,0.)) ;
#15420=CARTESIAN_POINT('Line Origine',(-109.917316443,43.1002393945,5.)) ;
#15432=CARTESIAN_POINT('Axis2P3D Location',(-109.917316443,45.1002393945,0.)) ;
#15444=CARTESIAN_POINT('Axis2P3D Location',(-109.917536617,84.0999393862,5.)) ;
#15449=CARTESIAN_POINT('Line Origine',(-109.917536617,86.0999393862,5.)) ;
#15453=CARTESIAN_POINT('Vertex',(-109.917536617,86.0999393862,0.)) ;
#15456=CARTESIAN_POINT('Axis2P3D Location',(-109.917536617,84.0999393862,0.)) ;
#15460=CARTESIAN_POINT('Vertex',(-109.917536617,82.0999393862,0.)) ;
#15463=CARTESIAN_POINT('Line Origine',(-109.917536617,82.0999393862,5.)) ;
#15475=CARTESIAN_POINT('Axis2P3D Location',(-109.917536617,84.0999393862,0.)) ;
#15487=CARTESIAN_POINT('Axis2P3D Location',(-109.91658817,-83.8996806035,5.)) ;
#15492=CARTESIAN_POINT('Line Origine',(-109.91658817,-81.8996806035,5.)) ;
#15496=CARTESIAN_POINT('Vertex',(-109.91658817,-81.8996806035,0.)) ;
#15499=CARTESIAN_POINT('Axis2P3D Location',(-109.91658817,-83.8996806035,0.)) ;
#15503=CARTESIAN_POINT('Vertex',(-109.91658817,-85.8996806035,0.)) ;
#15506=CARTESIAN_POINT('Line Origine',(-109.91658817,-85.8996806035,5.)) ;
#15518=CARTESIAN_POINT('Axis2P3D Location',(-109.91658817,-83.8996806035,0.)) ;
#15530=CARTESIAN_POINT('Axis2P3D Location',(-109.916808344,-44.8999806117,5.)) ;
#15535=CARTESIAN_POINT('Line Origine',(-109.916808344,-42.8999806117,5.)) ;
#15539=CARTESIAN_POINT('Vertex',(-109.916808344,-42.8999806117,0.)) ;
#15542=CARTESIAN_POINT('Axis2P3D Location',(-109.916808344,-44.8999806117,0.)) ;
#15546=CARTESIAN_POINT('Vertex',(-109.916808344,-46.8999806117,0.)) ;
#15549=CARTESIAN_POINT('Line Origine',(-109.916808344,-46.8999806117,5.)) ;
#15561=CARTESIAN_POINT('Axis2P3D Location',(-109.916808344,-44.8999806117,0.)) ;
#15573=CARTESIAN_POINT('Axis2P3D Location',(-109.916952308,-19.3995406045,5.)) ;
#15578=CARTESIAN_POINT('Line Origine',(-109.916952308,-17.3995406045,5.)) ;
#15582=CARTESIAN_POINT('Vertex',(-109.916952308,-17.3995406045,0.)) ;
#15585=CARTESIAN_POINT('Axis2P3D Location',(-109.916952308,-19.3995406045,0.)) ;
#15589=CARTESIAN_POINT('Vertex',(-109.916952308,-21.3995406045,0.)) ;
#15592=CARTESIAN_POINT('Line Origine',(-109.916952308,-21.3995406045,5.)) ;
#15604=CARTESIAN_POINT('Axis2P3D Location',(-109.916952308,-19.3995406045,0.)) ;
#15616=CARTESIAN_POINT('Axis2P3D Location',(-138.16456604,66.5383300781,1.)) ;
#15621=CARTESIAN_POINT('Line Origine',(-138.16456604,69.1103678495,2.5)) ;
#15625=CARTESIAN_POINT('Vertex',(-138.16456604,69.1103678495,0.)) ;
#15628=CARTESIAN_POINT('Line Origine',(-138.16456604,66.5383300781,0.)) ;
#15632=CARTESIAN_POINT('Vertex',(-138.16456604,63.9662923068,0.)) ;
#15635=CARTESIAN_POINT('Line Origine',(-138.16456604,63.9662923068,2.5)) ;
#15647=CARTESIAN_POINT('Axis2P3D Location',(-138.46456604,63.9662923071,6.72)) ;
#15652=CARTESIAN_POINT('Line Origine',(-138.566873673,63.6842760874,6.72000000067)) ;
#15656=CARTESIAN_POINT('Vertex',(-138.566873673,63.6842760872,0.)) ;
#15659=CARTESIAN_POINT('Axis2P3D Location',(-138.46456604,63.9662923071,-6.7055427877E-10)) ;
#15671=CARTESIAN_POINT('Axis2P3D Location',(-142.2993927,65.0383300781,1.)) ;
#15676=CARTESIAN_POINT('Line Origine',(-142.111850455,64.9702949728,0.)) ;
#15680=CARTESIAN_POINT('Vertex',(-145.656827238,66.2563138585,0.)) ;
#15683=CARTESIAN_POINT('Line Origine',(-145.656827238,66.2563138585,2.5)) ;
#15695=CARTESIAN_POINT('Axis2P3D Location',(-145.554519605,66.5383300781,8.49340480217)) ;
#15700=CARTESIAN_POINT('Line Origine',(-145.656827238,66.8203462978,8.49340480193)) ;
#15704=CARTESIAN_POINT('Vertex',(-145.656827238,66.8203462978,0.)) ;
#15707=CARTESIAN_POINT('Axis2P3D Location',(-145.554519605,66.5383300781,2.39342767827E-10)) ;
#15719=CARTESIAN_POINT('Axis2P3D Location',(-142.2993927,68.0383300781,1.)) ;
#15724=CARTESIAN_POINT('Line Origine',(-142.111850455,68.1063651834,0.)) ;
#15728=CARTESIAN_POINT('Vertex',(-138.566873673,69.392384069,0.)) ;
#15731=CARTESIAN_POINT('Line Origine',(-138.566873673,69.392384069,2.5)) ;
#15743=CARTESIAN_POINT('Axis2P3D Location',(-138.46456604,69.1103678492,6.72)) ;
#15748=CARTESIAN_POINT('Axis2P3D Location',(-138.46456604,69.1103678492,-6.70552502413E-10)) ;
#15760=CARTESIAN_POINT('Axis2P3D Location',(-81.9611804803,3.0364044612E-12,0.)) ;
#15765=CARTESIAN_POINT('Axis2P3D Location',(-81.9611804803,3.0364044612E-12,0.)) ;
#15769=CARTESIAN_POINT('Vertex',(-81.9611804803,-1.6,0.)) ;
#15771=CARTESIAN_POINT('Vertex',(-81.9611804803,1.6,0.)) ;
#15774=CARTESIAN_POINT('Line Origine',(-81.9611804803,1.6,0.)) ;
#15779=CARTESIAN_POINT('Line Origine',(-81.9611804803,-1.6,0.)) ;
#15791=CARTESIAN_POINT('Axis2P3D Location',(-80.9663033742,1.60038679046,4.)) ;
#15796=CARTESIAN_POINT('Line Origine',(-80.9663033742,1.60038679046,-8.881784197E-16)) ;
#15800=CARTESIAN_POINT('Vertex',(-79.9708044103,1.60077370176,-8.881784197E-16)) ;
#15803=CARTESIAN_POINT('Line Origine',(-79.9708044103,1.60077370176,2.5)) ;
#15815=CARTESIAN_POINT('Axis2P3D Location',(-79.970182554,0.000773822605834,0.)) ;
#15820=CARTESIAN_POINT('Axis2P3D Location',(-79.970182554,0.000773822605834,0.)) ;
#15824=CARTESIAN_POINT('Vertex',(-79.969560697,-1.59922605655,0.)) ;
#15827=CARTESIAN_POINT('Line Origine',(-79.969560697,-1.59922605655,0.)) ;
#15839=CARTESIAN_POINT('Axis2P3D Location',(-80.9650596601,-1.59961296785,4.)) ;
#15844=CARTESIAN_POINT('Line Origine',(-80.9652151239,-1.59961302827,-8.881784197E-16)) ;
#15856=CARTESIAN_POINT('Axis2P3D Location',(-57.4702169383,-12.9896667893,0.)) ;
#15861=CARTESIAN_POINT('Line Origine',(-58.9702169383,-12.9896667893,0.)) ;
#15865=CARTESIAN_POINT('Vertex',(-58.9702169383,-12.9896667893,0.)) ;
#15868=CARTESIAN_POINT('Axis2P3D Location',(-57.4702169383,-12.9896667893,0.)) ;
#15872=CARTESIAN_POINT('Vertex',(-55.9702169383,-12.9896667893,0.)) ;
#15875=CARTESIAN_POINT('Line Origine',(-55.9702169383,-12.9896667893,0.)) ;
#15887=CARTESIAN_POINT('Axis2P3D Location',(-57.4702169383,-12.9896667893,0.)) ;
#15899=CARTESIAN_POINT('Axis2P3D Location',(-57.4701481699,12.9910953242,0.)) ;
#15904=CARTESIAN_POINT('Line Origine',(-58.9701481699,12.9910953242,0.)) ;
#15908=CARTESIAN_POINT('Vertex',(-58.9701481699,12.9910953242,0.)) ;
#15911=CARTESIAN_POINT('Axis2P3D Location',(-57.4701481699,12.9910953242,0.)) ;
#15915=CARTESIAN_POINT('Vertex',(-55.9701481699,12.9910953242,0.)) ;
#15918=CARTESIAN_POINT('Line Origine',(-55.9701481699,12.9910953242,0.)) ;
#15930=CARTESIAN_POINT('Axis2P3D Location',(-57.4701481699,12.9910953242,0.)) ;
#15942=CARTESIAN_POINT('Axis2P3D Location',(137.015533447,12.,5.)) ;
#15947=CARTESIAN_POINT('Line Origine',(137.015533447,13.6,5.)) ;
#15951=CARTESIAN_POINT('Vertex',(137.015533447,13.6,-3.5527136788E-15)) ;
#15954=CARTESIAN_POINT('Axis2P3D Location',(137.015533447,12.,0.)) ;
#15958=CARTESIAN_POINT('Vertex',(137.015533447,10.4,-1.7763568394E-15)) ;
#15961=CARTESIAN_POINT('Line Origine',(137.015533447,10.4,5.)) ;
#15973=CARTESIAN_POINT('Axis2P3D Location',(137.015533447,12.,-2.6645352591E-15)) ;
#15985=CARTESIAN_POINT('Axis2P3D Location',(137.015533447,3.33066907388E-15,5.)) ;
#15990=CARTESIAN_POINT('Line Origine',(137.015533447,1.6,5.)) ;
#15994=CARTESIAN_POINT('Vertex',(137.015533447,1.6,-2.6645352591E-15)) ;
#15997=CARTESIAN_POINT('Axis2P3D Location',(137.015533447,5.55111512313E-16,0.)) ;
#16001=CARTESIAN_POINT('Vertex',(137.015533447,-1.6,-8.881784197E-16)) ;
#16004=CARTESIAN_POINT('Line Origine',(137.015533447,-1.6,5.)) ;
#16016=CARTESIAN_POINT('Axis2P3D Location',(137.015533447,5.55111512313E-16,-1.7763568394E-15)) ;
#16028=CARTESIAN_POINT('Axis2P3D Location',(137.015533447,-12.,5.)) ;
#16033=CARTESIAN_POINT('Line Origine',(137.015533447,-10.4,5.)) ;
#16037=CARTESIAN_POINT('Vertex',(137.015533447,-10.4,-3.5527136788E-15)) ;
#16040=CARTESIAN_POINT('Axis2P3D Location',(137.015533447,-12.,0.)) ;
#16044=CARTESIAN_POINT('Vertex',(137.015533447,-13.6,-1.7763568394E-15)) ;
#16047=CARTESIAN_POINT('Line Origine',(137.015533447,-13.6,5.)) ;
#16059=CARTESIAN_POINT('Axis2P3D Location',(137.015533447,-12.,-2.6645352591E-15)) ;
#16071=CARTESIAN_POINT('Axis2P3D Location',(84.8999561779,81.2500017969,5.)) ;
#16076=CARTESIAN_POINT('Line Origine',(84.8999561779,82.8500017969,5.)) ;
#16080=CARTESIAN_POINT('Vertex',(84.8999561779,82.8500017969,-5.3290705182E-15)) ;
#16083=CARTESIAN_POINT('Axis2P3D Location',(84.8999561779,81.2500017969,0.)) ;
#16087=CARTESIAN_POINT('Vertex',(84.8999561779,79.6500017969,-3.5527136788E-15)) ;
#16090=CARTESIAN_POINT('Line Origine',(84.8999561779,79.6500017969,5.)) ;
#16102=CARTESIAN_POINT('Axis2P3D Location',(84.8999561779,81.2500017969,-4.4408920985E-15)) ;
#16114=CARTESIAN_POINT('Axis2P3D Location',(88.4470319651,71.6222342312,5.)) ;
#16119=CARTESIAN_POINT('Line Origine',(88.4470319651,73.2222342312,5.)) ;
#16123=CARTESIAN_POINT('Vertex',(88.4470319655,73.2222342305,0.)) ;
#16126=CARTESIAN_POINT('Axis2P3D Location',(88.4470319651,71.6222342312,1.7763568394E-15)) ;
#16130=CARTESIAN_POINT('Vertex',(88.4470319655,70.0222342312,0.)) ;
#16133=CARTESIAN_POINT('Line Origine',(88.4470319651,70.0222342312,5.)) ;
#16145=CARTESIAN_POINT('Axis2P3D Location',(88.4470319651,71.6222342312,0.)) ;
#16157=CARTESIAN_POINT('Axis2P3D Location',(-97.836647545,-20.859650045,0.)) ;
#16162=CARTESIAN_POINT('Line Origine',(-97.836647545,-22.809650045,0.)) ;
#16166=CARTESIAN_POINT('Vertex',(-97.836647545,-22.809650045,0.)) ;
#16169=CARTESIAN_POINT('Axis2P3D Location',(-97.836647545,-20.859650045,0.)) ;
#16173=CARTESIAN_POINT('Vertex',(-97.836647545,-18.909650045,0.)) ;
#16176=CARTESIAN_POINT('Line Origine',(-97.836647545,-18.909650045,0.)) ;
#16188=CARTESIAN_POINT('Axis2P3D Location',(-97.836647545,-20.859650045,0.)) ;
#16200=CARTESIAN_POINT('Axis2P3D Location',(-97.836647545,20.859650045,0.)) ;
#16205=CARTESIAN_POINT('Line Origine',(-97.836647545,18.909650045,0.)) ;
#16209=CARTESIAN_POINT('Vertex',(-97.836647545,18.909650045,0.)) ;
#16212=CARTESIAN_POINT('Axis2P3D Location',(-97.836647545,20.859650045,0.)) ;
#16216=CARTESIAN_POINT('Vertex',(-97.836647545,22.809650045,0.)) ;
#16219=CARTESIAN_POINT('Line Origine',(-97.836647545,22.809650045,0.)) ;
#16231=CARTESIAN_POINT('Axis2P3D Location',(-97.836647545,20.859650045,0.)) ;
#16243=CARTESIAN_POINT('Axis2P3D Location',(-149.418399051,23.5,5.)) ;
#16248=CARTESIAN_POINT('Axis2P3D Location',(-149.418399051,23.5,1.7763568394E-15)) ;
#16252=CARTESIAN_POINT('Vertex',(-147.818399051,23.5,1.7763568394E-15)) ;
#16254=CARTESIAN_POINT('Vertex',(-151.018399051,23.5,1.7763568394E-15)) ;
#16257=CARTESIAN_POINT('Line Origine',(-151.018399051,23.5,5.)) ;
#16262=CARTESIAN_POINT('Line Origine',(-147.818399051,23.5,5.)) ;
#16274=CARTESIAN_POINT('Axis2P3D Location',(-149.418399051,23.5,0.)) ;
#16286=CARTESIAN_POINT('Axis2P3D Location',(100.899956178,81.2500026151,5.)) ;
#16291=CARTESIAN_POINT('Axis2P3D Location',(100.899956178,81.2500026151,0.)) ;
#16295=CARTESIAN_POINT('Vertex',(102.059707688,82.3522623094,8.881784197E-16)) ;
#16298=CARTESIAN_POINT('Line Origine',(102.059707688,82.3522623094,5.)) ;
#16310=CARTESIAN_POINT('Axis2P3D Location',(102.833245582,81.5383781174,2.5)) ;
#16315=CARTESIAN_POINT('Line Origine',(102.833245582,81.5383781174,0.)) ;
#16327=CARTESIAN_POINT('Axis2P3D Location',(100.899956178,-81.2500026151,5.)) ;
#16332=CARTESIAN_POINT('Axis2P3D Location',(100.899956178,-81.2500026151,1.7763568394E-15)) ;
#16336=CARTESIAN_POINT('Vertex',(99.4414797084,-81.9079132382,1.7763568394E-15)) ;
#16338=CARTESIAN_POINT('Vertex',(102.358432647,-80.5920919919,1.7763568394E-15)) ;
#16341=CARTESIAN_POINT('Line Origine',(102.358432647,-80.5920919919,5.)) ;
#16346=CARTESIAN_POINT('Line Origine',(99.4414797084,-81.9079132382,5.)) ;
#16358=CARTESIAN_POINT('Axis2P3D Location',(100.899956178,-81.2500026151,-8.881784197E-16)) ;
#16370=CARTESIAN_POINT('Axis2P3D Location',(83.3528786037,-79.6222342312,5.)) ;
#16375=CARTESIAN_POINT('Axis2P3D Location',(83.3528786037,-79.6222342312,2.6645352591E-15)) ;
#16379=CARTESIAN_POINT('Vertex',(83.4866979263,-78.1282153595,1.7763568394E-15)) ;
#16382=CARTESIAN_POINT('Axis2P3D Location',(83.3528786037,-79.6222342312,-8.881784197E-16)) ;
#16396=CARTESIAN_POINT('Axis2P3D Location',(84.8999561779,-81.2500017969,5.)) ;
#16401=CARTESIAN_POINT('Axis2P3D Location',(84.8999561779,-81.2500017969,0.)) ;
#16413=CARTESIAN_POINT('Axis2P3D Location',(67.3235049675,-120.,2.5)) ;
#16418=CARTESIAN_POINT('Line Origine',(129.016624127,-120.,0.)) ;
#16430=CARTESIAN_POINT('Axis2P3D Location',(58.0332482558,-115.,5.)) ;
#16435=CARTESIAN_POINT('Line Origine',(58.0332482558,-120.,5.)) ;
#16439=CARTESIAN_POINT('Vertex',(58.0332482558,-120.,0.)) ;
#16442=CARTESIAN_POINT('Axis2P3D Location',(58.0332482558,-115.,0.)) ;
#16454=CARTESIAN_POINT('Line Origine',(4.64700993511,-120.,2.5)) ;
#16458=CARTESIAN_POINT('Vertex',(4.64700993511,-120.,0.)) ;
#16461=CARTESIAN_POINT('Line Origine',(31.340129095,-120.,0.)) ;
#16473=CARTESIAN_POINT('Axis2P3D Location',(4.647009935,-70.,5.)) ;
#16478=CARTESIAN_POINT('Axis2P3D Location',(4.647009935,-70.,-8.881784197E-16)) ;
#16490=CARTESIAN_POINT('Axis2P3D Location',(-160.,-2.84217094304E-14,2.5)) ;
#16495=CARTESIAN_POINT('Line Origine',(-160.,65.1022113822,2.5)) ;
#16499=CARTESIAN_POINT('Vertex',(-160.,65.1022113822,0.)) ;
#16502=CARTESIAN_POINT('Line Origine',(-160.,-2.84217094304E-14,0.)) ;
#16514=CARTESIAN_POINT('Axis2P3D Location',(-130.,65.1022113823,5.)) ;
#16519=CARTESIAN_POINT('Axis2P3D Location',(-130.,65.1022113823,-8.881784197E-16)) ;
#16531=CARTESIAN_POINT('Axis2P3D Location',(67.3235049675,120.,2.5)) ;
#16536=CARTESIAN_POINT('Line Origine',(31.340129095,120.,0.)) ;
#16548=CARTESIAN_POINT('Axis2P3D Location',(128.033248256,115.,5.)) ;
#16553=CARTESIAN_POINT('Line Origine',(128.033248256,120.,5.)) ;
#16557=CARTESIAN_POINT('Vertex',(128.033248255,120.,0.)) ;
#16560=CARTESIAN_POINT('Axis2P3D Location',(128.033248256,115.,0.)) ;
#16572=CARTESIAN_POINT('Line Origine',(130.,120.,2.5)) ;
#16576=CARTESIAN_POINT('Vertex',(130.,120.,0.)) ;
#16579=CARTESIAN_POINT('Line Origine',(129.016624127,120.,0.)) ;
#16591=CARTESIAN_POINT('Axis2P3D Location',(130.,90.,0.)) ;
#16596=CARTESIAN_POINT('Axis2P3D Location',(130.,90.,0.)) ;
#16608=CARTESIAN_POINT('Axis2P3D Location',(0.,-2.84217094304E-14,0.)) ;
#17592=CARTESIAN_POINT('NONE',(0.,0.,0.)) ;
#17593=CARTESIAN_POINT('NONE',(567.100046396,810.,-5.)) ;
#17605=CARTESIAN_POINT('NONE',(0.,0.,0.)) ;
#17606=CARTESIAN_POINT('NONE',(0.,0.,0.)) ;
#71=DIRECTION('Axis2P3D Direction',(1.,2.36847578587E-16,-0.)) ;
#72=DIRECTION('Axis2P3D XDirection',(-2.36847578587E-16,1.,0.)) ;
#76=DIRECTION('Vector Direction',(-3.15796771449E-16,1.,0.)) ;
#85=DIRECTION('Vector Direction',(0.,0.,1.)) ;
#92=DIRECTION('Vector Direction',(-3.15796771449E-16,1.,0.)) ;
#99=DIRECTION('Vector Direction',(0.,0.,1.)) ;
#111=DIRECTION('Axis2P3D Direction',(-5.55111512313E-18,-7.40148683083E-18,1.)) ;
#112=DIRECTION('Axis2P3D XDirection',(1.,0.,5.55111512313E-18)) ;
#116=DIRECTION('Axis2P3D Direction',(-5.55111512313E-18,-7.40148683083E-18,1.)) ;
#123=DIRECTION('Axis2P3D Direction',(-5.55111512313E-18,-7.40148683083E-18,1.)) ;
#130=DIRECTION('Vector Direction',(-1.,0.,0.)) ;
#137=DIRECTION('Axis2P3D Direction',(-5.55111512313E-18,-7.40148683083E-18,1.)) ;
#144=DIRECTION('Vector Direction',(0.,1.,0.)) ;
#151=DIRECTION('Axis2P3D Direction',(-5.55111512313E-18,-7.40148683083E-18,1.)) ;
#158=DIRECTION('Vector Direction',(1.,0.,1.7763568394E-17)) ;
#165=DIRECTION('Axis2P3D Direction',(-5.55111512313E-18,-7.40148683083E-18,1.)) ;
#172=DIRECTION('Vector Direction',(0.,-1.,0.)) ;
#195=DIRECTION('Vector Direction',(-1.,0.,0.)) ;
#212=DIRECTION('Vector Direction',(0.982872186934,0.184288535054,6.66583388225E-18)) ;
#219=DIRECTION('Axis2P3D Direction',(-5.55111512313E-18,-7.40148683083E-18,1.)) ;
#226=DIRECTION('Vector Direction',(0.,-1.,-1.3642830264E-17)) ;
#249=DIRECTION('Vector Direction',(-0.982872186934,0.184288535054,-6.66583388225E-18)) ;
#256=DIRECTION('Axis2P3D Direction',(-5.55111512313E-18,-7.40148683083E-18,1.)) ;
#263=DIRECTION('Vector Direction',(1.,0.,0.)) ;
#270=DIRECTION('Axis2P3D Direction',(-5.55111512313E-18,-7.40148683083E-18,1.)) ;
#277=DIRECTION('Vector Direction',(0.,-1.,0.)) ;
#284=DIRECTION('Axis2P3D Direction',(-5.55111512313E-18,-7.40148683083E-18,1.)) ;
#291=DIRECTION('Vector Direction',(-1.,0.,-1.7763568394E-17)) ;
#298=DIRECTION('Axis2P3D Direction',(-5.55111512313E-18,-7.40148683083E-18,1.)) ;
#305=DIRECTION('Vector Direction',(0.,1.,0.)) ;
#328=DIRECTION('Vector Direction',(1.,0.,0.)) ;
#363=DIRECTION('Axis2P3D Direction',(-5.55111512313E-18,-7.40148683083E-18,1.)) ;
#372=DIRECTION('Axis2P3D Direction',(-5.55111512313E-18,-7.40148683083E-18,1.)) ;
#381=DIRECTION('Axis2P3D Direction',(-5.55111512313E-18,-7.40148683083E-18,1.)) ;
#390=DIRECTION('Axis2P3D Direction',(-5.55111512313E-18,-7.40148683083E-18,1.)) ;
#399=DIRECTION('Axis2P3D Direction',(-5.55111512313E-18,-7.40148683083E-18,1.)) ;
#408=DIRECTION('Axis2P3D Direction',(-5.55111512313E-18,-7.40148683083E-18,1.)) ;
#417=DIRECTION('Axis2P3D Direction',(-5.55111512313E-18,-7.40148683083E-18,1.)) ;
#426=DIRECTION('Axis2P3D Direction',(-5.55111512313E-18,-7.40148683083E-18,1.)) ;
#435=DIRECTION('Axis2P3D Direction',(-5.55111512313E-18,-7.40148683083E-18,1.)) ;
#444=DIRECTION('Axis2P3D Direction',(-5.55111512313E-18,-7.40148683083E-18,1.)) ;
#453=DIRECTION('Axis2P3D Direction',(-5.55111512313E-18,-7.40148683083E-18,1.)) ;
#462=DIRECTION('Axis2P3D Direction',(-5.55111512313E-18,-7.40148683083E-18,1.)) ;
#471=DIRECTION('Axis2P3D Direction',(-5.55111512313E-18,-7.40148683083E-18,1.)) ;
#480=DIRECTION('Axis2P3D Direction',(-5.55111512313E-18,-7.40148683083E-18,1.)) ;
#489=DIRECTION('Axis2P3D Direction',(-5.55111512313E-18,-7.40148683083E-18,1.)) ;
#498=DIRECTION('Axis2P3D Direction',(-5.55111512313E-18,-7.40148683083E-18,1.)) ;
#507=DIRECTION('Axis2P3D Direction',(-5.55111512313E-18,-7.40148683083E-18,1.)) ;
#516=DIRECTION('Axis2P3D Direction',(-5.55111512313E-18,-7.40148683083E-18,1.)) ;
#525=DIRECTION('Axis2P3D Direction',(-5.55111512313E-18,-7.40148683083E-18,1.)) ;
#534=DIRECTION('Axis2P3D Direction',(-5.55111512313E-18,-7.40148683083E-18,1.)) ;
#543=DIRECTION('Axis2P3D Direction',(-5.55111512313E-18,-7.40148683083E-18,1.)) ;
#552=DIRECTION('Axis2P3D Direction',(-5.55111512313E-18,-7.40148683083E-18,1.)) ;
#561=DIRECTION('Axis2P3D Direction',(-5.55111512313E-18,-7.40148683083E-18,1.)) ;
#570=DIRECTION('Axis2P3D Direction',(-5.55111512313E-18,-7.40148683083E-18,1.)) ;
#606=DIRECTION('Vector Direction',(0.688912909087,-0.724844123721,0.)) ;
#648=DIRECTION('Vector Direction',(-0.688912909087,0.724844123721,0.)) ;
#714=DIRECTION('Vector Direction',(0.688912309344,-0.724844693734,0.)) ;
#723=DIRECTION('Axis2P3D Direction',(-5.55111512313E-18,-7.40148683083E-18,1.)) ;
#730=DIRECTION('Axis2P3D Direction',(-5.55111512313E-18,-7.40148683083E-18,1.)) ;
#737=DIRECTION('Vector Direction',(0.68891230893,-0.724844694128,0.)) ;
#774=DIRECTION('Axis2P3D Direction',(-5.55111512313E-18,-7.40148683083E-18,1.)) ;
#783=DIRECTION('Vector Direction',(0.,1.,0.)) ;
#790=DIRECTION('Axis2P3D Direction',(-5.55111512313E-18,-7.40148683083E-18,1.)) ;
#797=DIRECTION('Vector Direction',(0.,-1.,0.)) ;
#808=DIRECTION('Axis2P3D Direction',(-5.55111512313E-18,-7.40148683083E-18,1.)) ;
#817=DIRECTION('Vector Direction',(0.,-1.,0.)) ;
#824=DIRECTION('Axis2P3D Direction',(-5.55111512313E-18,-7.40148683083E-18,1.)) ;
#831=DIRECTION('Vector Direction',(0.,1.,0.)) ;
#842=DIRECTION('Vector Direction',(0.,-1.,0.)) ;
#851=DIRECTION('Axis2P3D Direction',(-5.55111512313E-18,-7.40148683083E-18,1.)) ;
#858=DIRECTION('Vector Direction',(0.,1.,0.)) ;
#865=DIRECTION('Axis2P3D Direction',(-5.55111512313E-18,-7.40148683083E-18,1.)) ;
#876=DIRECTION('Axis2P3D Direction',(-5.55111512313E-18,-7.40148683083E-18,1.)) ;
#885=DIRECTION('Vector Direction',(0.,-1.,0.)) ;
#892=DIRECTION('Axis2P3D Direction',(-5.55111512313E-18,-7.40148683083E-18,1.)) ;
#899=DIRECTION('Vector Direction',(0.,1.,0.)) ;
#910=DIRECTION('Axis2P3D Direction',(-5.55111512313E-18,-7.40148683083E-18,1.)) ;
#919=DIRECTION('Axis2P3D Direction',(-5.55111512313E-18,-7.40148683083E-18,1.)) ;
#928=DIRECTION('Axis2P3D Direction',(-5.55111512313E-18,-7.40148683083E-18,1.)) ;
#937=DIRECTION('Axis2P3D Direction',(-5.55111512313E-18,-7.40148683083E-18,1.)) ;
#946=DIRECTION('Axis2P3D Direction',(-5.55111512313E-18,-7.40148683083E-18,1.)) ;
#955=DIRECTION('Axis2P3D Direction',(-5.55111512313E-18,-7.40148683083E-18,1.)) ;
#964=DIRECTION('Axis2P3D Direction',(-5.55111512313E-18,-7.40148683083E-18,1.)) ;
#973=DIRECTION('Axis2P3D Direction',(-5.55111512313E-18,-7.40148683083E-18,1.)) ;
#982=DIRECTION('Axis2P3D Direction',(-5.55111512313E-18,-7.40148683083E-18,1.)) ;
#991=DIRECTION('Axis2P3D Direction',(-5.55111512313E-18,-7.40148683083E-18,1.)) ;
#1000=DIRECTION('Axis2P3D Direction',(-5.55111512313E-18,-7.40148683083E-18,1.)) ;
#1009=DIRECTION('Axis2P3D Direction',(-5.55111512313E-18,-7.40148683083E-18,1.)) ;
#1018=DIRECTION('Axis2P3D Direction',(-5.55111512313E-18,-7.40148683083E-18,1.)) ;
#1027=DIRECTION('Axis2P3D Direction',(-5.55111512313E-18,-7.40148683083E-18,1.)) ;
#1036=DIRECTION('Axis2P3D Direction',(-5.55111512313E-18,-7.40148683083E-18,1.)) ;
#1045=DIRECTION('Axis2P3D Direction',(-5.55111512313E-18,-7.40148683083E-18,1.)) ;
#1054=DIRECTION('Axis2P3D Direction',(-5.55111512313E-18,-7.40148683083E-18,1.)) ;
#1063=DIRECTION('Axis2P3D Direction',(-5.55111512313E-18,-7.40148683083E-18,1.)) ;
#1072=DIRECTION('Axis2P3D Direction',(-5.55111512313E-18,-7.40148683083E-18,1.)) ;
#1081=DIRECTION('Axis2P3D Direction',(-5.55111512313E-18,-7.40148683083E-18,1.)) ;
#1090=DIRECTION('Axis2P3D Direction',(-5.55111512313E-18,-7.40148683083E-18,1.)) ;
#1099=DIRECTION('Axis2P3D Direction',(-5.55111512313E-18,-7.40148683083E-18,1.)) ;
#1108=DIRECTION('Axis2P3D Direction',(-5.55111512313E-18,-7.40148683083E-18,1.)) ;
#1117=DIRECTION('Axis2P3D Direction',(-5.55111512313E-18,-7.40148683083E-18,1.)) ;
#1126=DIRECTION('Axis2P3D Direction',(-5.55111512313E-18,-7.40148683083E-18,1.)) ;
#1135=DIRECTION('Axis2P3D Direction',(-5.55111512313E-18,-7.40148683083E-18,1.)) ;
#1144=DIRECTION('Axis2P3D Direction',(-5.55111512313E-18,-7.40148683083E-18,1.)) ;
#1153=DIRECTION('Axis2P3D Direction',(-5.55111512313E-18,-7.40148683083E-18,1.)) ;
#1162=DIRECTION('Axis2P3D Direction',(-5.55111512313E-18,-7.40148683083E-18,1.)) ;
#1171=DIRECTION('Axis2P3D Direction',(-5.55111512313E-18,-7.40148683083E-18,1.)) ;
#1180=DIRECTION('Axis2P3D Direction',(-5.55111512313E-18,-7.40148683083E-18,1.)) ;
#1189=DIRECTION('Axis2P3D Direction',(-5.55111512313E-18,-7.40148683083E-18,1.)) ;
#1198=DIRECTION('Axis2P3D Direction',(-5.55111512313E-18,-7.40148683083E-18,1.)) ;
#1207=DIRECTION('Axis2P3D Direction',(-5.55111512313E-18,-7.40148683083E-18,1.)) ;
#1216=DIRECTION('Axis2P3D Direction',(-5.55111512313E-18,-7.40148683083E-18,1.)) ;
#1225=DIRECTION('Axis2P3D Direction',(-5.55111512313E-18,-7.40148683083E-18,1.)) ;
#1234=DIRECTION('Axis2P3D Direction',(-5.55111512313E-18,-7.40148683083E-18,1.)) ;
#1243=DIRECTION('Axis2P3D Direction',(-5.55111512313E-18,-7.40148683083E-18,1.)) ;
#1252=DIRECTION('Axis2P3D Direction',(-5.55111512313E-18,-7.40148683083E-18,1.)) ;
#1261=DIRECTION('Axis2P3D Direction',(-5.55111512313E-18,-7.40148683083E-18,1.)) ;
#1270=DIRECTION('Axis2P3D Direction',(-5.55111512313E-18,-7.40148683083E-18,1.)) ;
#1279=DIRECTION('Axis2P3D Direction',(-5.55111512313E-18,-7.40148683083E-18,1.)) ;
#1288=DIRECTION('Axis2P3D Direction',(-5.55111512313E-18,-7.40148683083E-18,1.)) ;
#1297=DIRECTION('Axis2P3D Direction',(-5.55111512313E-18,-7.40148683083E-18,1.)) ;
#1306=DIRECTION('Axis2P3D Direction',(-5.55111512313E-18,-7.40148683083E-18,1.)) ;
#1315=DIRECTION('Axis2P3D Direction',(-5.55111512313E-18,-7.40148683083E-18,1.)) ;
#1324=DIRECTION('Axis2P3D Direction',(-5.55111512313E-18,-7.40148683083E-18,1.)) ;
#1333=DIRECTION('Axis2P3D Direction',(-5.55111512313E-18,-7.40148683083E-18,1.)) ;
#1342=DIRECTION('Axis2P3D Direction',(-5.55111512313E-18,-7.40148683083E-18,1.)) ;
#1351=DIRECTION('Axis2P3D Direction',(-5.55111512313E-18,-7.40148683083E-18,1.)) ;
#1360=DIRECTION('Axis2P3D Direction',(-5.55111512313E-18,-7.40148683083E-18,1.)) ;
#1369=DIRECTION('Axis2P3D Direction',(-5.55111512313E-18,-7.40148683083E-18,1.)) ;
#1378=DIRECTION('Axis2P3D Direction',(-5.55111512313E-18,-7.40148683083E-18,1.)) ;
#1387=DIRECTION('Axis2P3D Direction',(-5.55111512313E-18,-7.40148683083E-18,1.)) ;
#1396=DIRECTION('Axis2P3D Direction',(-5.55111512313E-18,-7.40148683083E-18,1.)) ;
#1405=DIRECTION('Axis2P3D Direction',(-5.55111512313E-18,-7.40148683083E-18,1.)) ;
#1414=DIRECTION('Axis2P3D Direction',(-5.55111512313E-18,-7.40148683083E-18,1.)) ;
#1423=DIRECTION('Axis2P3D Direction',(-5.55111512313E-18,-7.40148683083E-18,1.)) ;
#1432=DIRECTION('Axis2P3D Direction',(-5.55111512313E-18,-7.40148683083E-18,1.)) ;
#1441=DIRECTION('Axis2P3D Direction',(-5.55111512313E-18,-7.40148683083E-18,1.)) ;
#1450=DIRECTION('Axis2P3D Direction',(-5.55111512313E-18,-7.40148683083E-18,1.)) ;
#1459=DIRECTION('Axis2P3D Direction',(-5.55111512313E-18,-7.40148683083E-18,1.)) ;
#1468=DIRECTION('Axis2P3D Direction',(-5.55111512313E-18,-7.40148683083E-18,1.)) ;
#1477=DIRECTION('Axis2P3D Direction',(-5.55111512313E-18,-7.40148683083E-18,1.)) ;
#1486=DIRECTION('Axis2P3D Direction',(-5.55111512313E-18,-7.40148683083E-18,1.)) ;
#1495=DIRECTION('Axis2P3D Direction',(-5.55111512313E-18,-7.40148683083E-18,1.)) ;
#1504=DIRECTION('Axis2P3D Direction',(-5.55111512313E-18,-7.40148683083E-18,1.)) ;
#1513=DIRECTION('Axis2P3D Direction',(-5.55111512313E-18,-7.40148683083E-18,1.)) ;
#1522=DIRECTION('Axis2P3D Direction',(-5.55111512313E-18,-7.40148683083E-18,1.)) ;
#1531=DIRECTION('Axis2P3D Direction',(-5.55111512313E-18,-7.40148683083E-18,1.)) ;
#1540=DIRECTION('Axis2P3D Direction',(-5.55111512313E-18,-7.40148683083E-18,1.)) ;
#1549=DIRECTION('Axis2P3D Direction',(-5.55111512313E-18,-7.40148683083E-18,1.)) ;
#1558=DIRECTION('Axis2P3D Direction',(-5.55111512313E-18,-7.40148683083E-18,1.)) ;
#1567=DIRECTION('Axis2P3D Direction',(-5.55111512313E-18,-7.40148683083E-18,1.)) ;
#1576=DIRECTION('Axis2P3D Direction',(-5.55111512313E-18,-7.40148683083E-18,1.)) ;
#1585=DIRECTION('Axis2P3D Direction',(-5.55111512313E-18,-7.40148683083E-18,1.)) ;
#1594=DIRECTION('Axis2P3D Direction',(-5.55111512313E-18,-7.40148683083E-18,1.)) ;
#1603=DIRECTION('Axis2P3D Direction',(-5.55111512313E-18,-7.40148683083E-18,1.)) ;
#1612=DIRECTION('Axis2P3D Direction',(-5.55111512313E-18,-7.40148683083E-18,1.)) ;
#1621=DIRECTION('Axis2P3D Direction',(-5.55111512313E-18,-7.40148683083E-18,1.)) ;
#1630=DIRECTION('Axis2P3D Direction',(-5.55111512313E-18,-7.40148683083E-18,1.)) ;
#1639=DIRECTION('Axis2P3D Direction',(-5.55111512313E-18,-7.40148683083E-18,1.)) ;
#1648=DIRECTION('Axis2P3D Direction',(-5.55111512313E-18,-7.40148683083E-18,1.)) ;
#1657=DIRECTION('Axis2P3D Direction',(-5.55111512313E-18,-7.40148683083E-18,1.)) ;
#1666=DIRECTION('Axis2P3D Direction',(-5.55111512313E-18,-7.40148683083E-18,1.)) ;
#1675=DIRECTION('Axis2P3D Direction',(-5.55111512313E-18,-7.40148683083E-18,1.)) ;
#1684=DIRECTION('Axis2P3D Direction',(-5.55111512313E-18,-7.40148683083E-18,1.)) ;
#1693=DIRECTION('Axis2P3D Direction',(-5.55111512313E-18,-7.40148683083E-18,1.)) ;
#1702=DIRECTION('Axis2P3D Direction',(-5.55111512313E-18,-7.40148683083E-18,1.)) ;
#1711=DIRECTION('Vector Direction',(-0.988715504222,0.149805379447,0.)) ;
#1718=DIRECTION('Axis2P3D Direction',(-5.55111512313E-18,-7.40148683083E-18,1.)) ;
#1725=DIRECTION('Vector Direction',(0.988715504227,-0.149805379416,0.)) ;
#1736=DIRECTION('Vector Direction',(0.988715504227,-0.149805379416,-1.50642777354E-17)) ;
#1745=DIRECTION('Axis2P3D Direction',(-5.55111512313E-18,-7.40148683083E-18,1.)) ;
#1752=DIRECTION('Vector Direction',(-0.988715504222,0.149805379447,0.)) ;
#1759=DIRECTION('Axis2P3D Direction',(-5.55111512313E-18,-7.40148683083E-18,1.)) ;
#1770=DIRECTION('Axis2P3D Direction',(-5.55111512313E-18,-7.40148683083E-18,1.)) ;
#1779=DIRECTION('Vector Direction',(0.988715504222,0.149805379447,0.)) ;
#1786=DIRECTION('Axis2P3D Direction',(-5.55111512313E-18,-7.40148683083E-18,1.)) ;
#1793=DIRECTION('Vector Direction',(-0.988715504227,-0.149805379416,-1.50642777354E-17)) ;
#1804=DIRECTION('Axis2P3D Direction',(-5.55111512313E-18,-7.40148683083E-18,1.)) ;
#1813=DIRECTION('Vector Direction',(0.988715504222,0.149805379447,0.)) ;
#1820=DIRECTION('Axis2P3D Direction',(-5.55111512313E-18,-7.40148683083E-18,1.)) ;
#1827=DIRECTION('Vector Direction',(-0.988715504227,-0.149805379416,0.)) ;
#1838=DIRECTION('Axis2P3D Direction',(-5.55111512313E-18,-7.40148683083E-18,1.)) ;
#1847=DIRECTION('Axis2P3D Direction',(-5.55111512313E-18,-7.40148683083E-18,1.)) ;
#1856=DIRECTION('Axis2P3D Direction',(-5.55111512313E-18,-7.40148683083E-18,1.)) ;
#1865=DIRECTION('Axis2P3D Direction',(-5.55111512313E-18,-7.40148683083E-18,1.)) ;
#1874=DIRECTION('Axis2P3D Direction',(-5.55111512313E-18,-7.40148683083E-18,1.)) ;
#1883=DIRECTION('Axis2P3D Direction',(-5.55111512313E-18,-7.40148683083E-18,1.)) ;
#1892=DIRECTION('Axis2P3D Direction',(-5.55111512313E-18,-7.40148683083E-18,1.)) ;
#1901=DIRECTION('Axis2P3D Direction',(-5.55111512313E-18,-7.40148683083E-18,1.)) ;
#1910=DIRECTION('Axis2P3D Direction',(-5.55111512313E-18,-7.40148683083E-18,1.)) ;
#1919=DIRECTION('Axis2P3D Direction',(-5.55111512313E-18,-7.40148683083E-18,1.)) ;
#1928=DIRECTION('Axis2P3D Direction',(-5.55111512313E-18,-7.40148683083E-18,1.)) ;
#1937=DIRECTION('Axis2P3D Direction',(-5.55111512313E-18,-7.40148683083E-18,1.)) ;
#1946=DIRECTION('Axis2P3D Direction',(-5.55111512313E-18,-7.40148683083E-18,1.)) ;
#1955=DIRECTION('Vector Direction',(0.,-1.,0.)) ;
#1962=DIRECTION('Axis2P3D Direction',(-5.55111512313E-18,-7.40148683083E-18,1.)) ;
#1969=DIRECTION('Vector Direction',(0.,1.,0.)) ;
#1980=DIRECTION('Vector Direction',(0.,-1.,0.)) ;
#1989=DIRECTION('Axis2P3D Direction',(-5.55111512313E-18,-7.40148683083E-18,1.)) ;
#1996=DIRECTION('Vector Direction',(0.,1.,0.)) ;
#2003=DIRECTION('Axis2P3D Direction',(-5.55111512313E-18,-7.40148683083E-18,1.)) ;
#2014=DIRECTION('Axis2P3D Direction',(-5.55111512313E-18,-7.40148683083E-18,1.)) ;
#2023=DIRECTION('Vector Direction',(0.,-1.,0.)) ;
#2030=DIRECTION('Axis2P3D Direction',(-5.55111512313E-18,-7.40148683083E-18,1.)) ;
#2037=DIRECTION('Vector Direction',(0.,1.,0.)) ;
#2048=DIRECTION('Axis2P3D Direction',(-5.55111512313E-18,-7.40148683083E-18,1.)) ;
#2057=DIRECTION('Vector Direction',(0.,-1.,0.)) ;
#2064=DIRECTION('Axis2P3D Direction',(-5.55111512313E-18,-7.40148683083E-18,1.)) ;
#2071=DIRECTION('Vector Direction',(0.,1.,0.)) ;
#2082=DIRECTION('Axis2P3D Direction',(-5.55111512313E-18,-7.40148683083E-18,1.)) ;
#2091=DIRECTION('Vector Direction',(0.,-1.,0.)) ;
#2098=DIRECTION('Axis2P3D Direction',(-5.55111512313E-18,-7.40148683083E-18,1.)) ;
#2105=DIRECTION('Vector Direction',(0.,1.,0.)) ;
#2116=DIRECTION('Axis2P3D Direction',(-5.55111512313E-18,-7.40148683083E-18,1.)) ;
#2125=DIRECTION('Vector Direction',(0.,-1.,0.)) ;
#2132=DIRECTION('Axis2P3D Direction',(-5.55111512313E-18,-7.40148683083E-18,1.)) ;
#2139=DIRECTION('Vector Direction',(0.,1.,0.)) ;
#2150=DIRECTION('Axis2P3D Direction',(-5.55111512313E-18,-7.40148683083E-18,1.)) ;
#2159=DIRECTION('Vector Direction',(0.,-1.,0.)) ;
#2166=DIRECTION('Axis2P3D Direction',(-5.55111512313E-18,-7.40148683083E-18,1.)) ;
#2173=DIRECTION('Vector Direction',(0.,1.,0.)) ;
#2184=DIRECTION('Axis2P3D Direction',(-5.55111512313E-18,-7.40148683083E-18,1.)) ;
#2193=DIRECTION('Axis2P3D Direction',(-5.55111512313E-18,-7.40148683083E-18,1.)) ;
#2202=DIRECTION('Axis2P3D Direction',(-5.55111512313E-18,-7.40148683083E-18,1.)) ;
#2211=DIRECTION('Axis2P3D Direction',(-5.55111512313E-18,-7.40148683083E-18,1.)) ;
#2220=DIRECTION('Axis2P3D Direction',(-5.55111512313E-18,-7.40148683083E-18,1.)) ;
#2229=DIRECTION('Axis2P3D Direction',(-5.55111512313E-18,-7.40148683083E-18,1.)) ;
#2238=DIRECTION('Axis2P3D Direction',(-5.55111512313E-18,-7.40148683083E-18,1.)) ;
#2247=DIRECTION('Axis2P3D Direction',(-5.55111512313E-18,-7.40148683083E-18,1.)) ;
#2256=DIRECTION('Axis2P3D Direction',(-5.55111512313E-18,-7.40148683083E-18,1.)) ;
#2265=DIRECTION('Axis2P3D Direction',(-5.55111512313E-18,-7.40148683083E-18,1.)) ;
#2274=DIRECTION('Axis2P3D Direction',(-5.55111512313E-18,-7.40148683083E-18,1.)) ;
#2283=DIRECTION('Axis2P3D Direction',(-5.55111512313E-18,-7.40148683083E-18,1.)) ;
#2292=DIRECTION('Axis2P3D Direction',(-5.55111512313E-18,-7.40148683083E-18,1.)) ;
#2301=DIRECTION('Axis2P3D Direction',(-5.55111512313E-18,-7.40148683083E-18,1.)) ;
#2310=DIRECTION('Axis2P3D Direction',(-5.55111512313E-18,-7.40148683083E-18,1.)) ;
#2319=DIRECTION('Axis2P3D Direction',(-5.55111512313E-18,-7.40148683083E-18,1.)) ;
#2328=DIRECTION('Axis2P3D Direction',(-5.55111512313E-18,-7.40148683083E-18,1.)) ;
#2337=DIRECTION('Axis2P3D Direction',(-5.55111512313E-18,-7.40148683083E-18,1.)) ;
#2346=DIRECTION('Axis2P3D Direction',(-5.55111512313E-18,-7.40148683083E-18,1.)) ;
#2355=DIRECTION('Axis2P3D Direction',(-5.55111512313E-18,-7.40148683083E-18,1.)) ;
#2364=DIRECTION('Axis2P3D Direction',(-5.55111512313E-18,-7.40148683083E-18,1.)) ;
#2373=DIRECTION('Axis2P3D Direction',(-5.55111512313E-18,-7.40148683083E-18,1.)) ;
#2382=DIRECTION('Axis2P3D Direction',(-5.55111512313E-18,-7.40148683083E-18,1.)) ;
#2391=DIRECTION('Axis2P3D Direction',(-5.55111512313E-18,-7.40148683083E-18,1.)) ;
#2454=DIRECTION('Axis2P3D Direction',(-5.55111512313E-18,-7.40148683083E-18,1.)) ;
#2463=DIRECTION('Axis2P3D Direction',(-5.55111512313E-18,-7.40148683083E-18,1.)) ;
#2472=DIRECTION('Axis2P3D Direction',(-5.55111512313E-18,-7.40148683083E-18,1.)) ;
#2481=DIRECTION('Axis2P3D Direction',(-5.55111512313E-18,-7.40148683083E-18,1.)) ;
#2490=DIRECTION('Axis2P3D Direction',(-5.55111512313E-18,-7.40148683083E-18,1.)) ;
#2499=DIRECTION('Axis2P3D Direction',(-5.55111512313E-18,-7.40148683083E-18,1.)) ;
#2508=DIRECTION('Axis2P3D Direction',(-5.55111512313E-18,-7.40148683083E-18,1.)) ;
#2517=DIRECTION('Axis2P3D Direction',(-5.55111512313E-18,-7.40148683083E-18,1.)) ;
#2526=DIRECTION('Axis2P3D Direction',(-5.55111512313E-18,-7.40148683083E-18,1.)) ;
#2535=DIRECTION('Axis2P3D Direction',(-5.55111512313E-18,-7.40148683083E-18,1.)) ;
#2544=DIRECTION('Axis2P3D Direction',(-5.55111512313E-18,-7.40148683083E-18,1.)) ;
#2553=DIRECTION('Axis2P3D Direction',(-5.55111512313E-18,-7.40148683083E-18,1.)) ;
#2562=DIRECTION('Axis2P3D Direction',(-5.55111512313E-18,-7.40148683083E-18,1.)) ;
#2571=DIRECTION('Axis2P3D Direction',(-5.55111512313E-18,-7.40148683083E-18,1.)) ;
#2580=DIRECTION('Axis2P3D Direction',(-5.55111512313E-18,-7.40148683083E-18,1.)) ;
#2589=DIRECTION('Axis2P3D Direction',(-5.55111512313E-18,-7.40148683083E-18,1.)) ;
#2598=DIRECTION('Axis2P3D Direction',(-5.55111512313E-18,-7.40148683083E-18,1.)) ;
#2607=DIRECTION('Axis2P3D Direction',(-5.55111512313E-18,-7.40148683083E-18,1.)) ;
#2616=DIRECTION('Axis2P3D Direction',(-5.55111512313E-18,-7.40148683083E-18,1.)) ;
#2625=DIRECTION('Axis2P3D Direction',(-5.55111512313E-18,-7.40148683083E-18,1.)) ;
#2634=DIRECTION('Axis2P3D Direction',(-5.55111512313E-18,-7.40148683083E-18,1.)) ;
#2643=DIRECTION('Axis2P3D Direction',(-5.55111512313E-18,-7.40148683083E-18,1.)) ;
#2652=DIRECTION('Axis2P3D Direction',(-5.55111512313E-18,-7.40148683083E-18,1.)) ;
#2661=DIRECTION('Axis2P3D Direction',(-5.55111512313E-18,-7.40148683083E-18,1.)) ;
#2670=DIRECTION('Axis2P3D Direction',(-5.55111512313E-18,-7.40148683083E-18,1.)) ;
#2679=DIRECTION('Axis2P3D Direction',(-5.55111512313E-18,-7.40148683083E-18,1.)) ;
#2688=DIRECTION('Axis2P3D Direction',(-5.55111512313E-18,-7.40148683083E-18,1.)) ;
#2697=DIRECTION('Axis2P3D Direction',(-5.55111512313E-18,-7.40148683083E-18,1.)) ;
#2706=DIRECTION('Axis2P3D Direction',(-5.55111512313E-18,-7.40148683083E-18,1.)) ;
#2715=DIRECTION('Axis2P3D Direction',(-5.55111512313E-18,-7.40148683083E-18,1.)) ;
#2724=DIRECTION('Axis2P3D Direction',(-5.55111512313E-18,-7.40148683083E-18,1.)) ;
#2733=DIRECTION('Axis2P3D Direction',(-5.55111512313E-18,-7.40148683083E-18,1.)) ;
#2742=DIRECTION('Axis2P3D Direction',(-5.55111512313E-18,-7.40148683083E-18,1.)) ;
#2751=DIRECTION('Axis2P3D Direction',(-5.55111512313E-18,-7.40148683083E-18,1.)) ;
#2760=DIRECTION('Axis2P3D Direction',(-5.55111512313E-18,-7.40148683083E-18,1.)) ;
#2769=DIRECTION('Axis2P3D Direction',(-5.55111512313E-18,-7.40148683083E-18,1.)) ;
#2778=DIRECTION('Axis2P3D Direction',(-5.55111512313E-18,-7.40148683083E-18,1.)) ;
#2787=DIRECTION('Axis2P3D Direction',(-5.55111512313E-18,-7.40148683083E-18,1.)) ;
#2796=DIRECTION('Axis2P3D Direction',(-5.55111512313E-18,-7.40148683083E-18,1.)) ;
#2805=DIRECTION('Axis2P3D Direction',(-5.55111512313E-18,-7.40148683083E-18,1.)) ;
#2814=DIRECTION('Axis2P3D Direction',(-5.55111512313E-18,-7.40148683083E-18,1.)) ;
#2823=DIRECTION('Axis2P3D Direction',(-5.55111512313E-18,-7.40148683083E-18,1.)) ;
#2832=DIRECTION('Axis2P3D Direction',(-5.55111512313E-18,-7.40148683083E-18,1.)) ;
#2841=DIRECTION('Axis2P3D Direction',(-5.55111512313E-18,-7.40148683083E-18,1.)) ;
#2850=DIRECTION('Axis2P3D Direction',(-5.55111512313E-18,-7.40148683083E-18,1.)) ;
#2859=DIRECTION('Axis2P3D Direction',(-5.55111512313E-18,-7.40148683083E-18,1.)) ;
#2868=DIRECTION('Axis2P3D Direction',(-5.55111512313E-18,-7.40148683083E-18,1.)) ;
#2877=DIRECTION('Axis2P3D Direction',(-5.55111512313E-18,-7.40148683083E-18,1.)) ;
#2886=DIRECTION('Axis2P3D Direction',(-5.55111512313E-18,-7.40148683083E-18,1.)) ;
#2895=DIRECTION('Axis2P3D Direction',(-5.55111512313E-18,-7.40148683083E-18,1.)) ;
#2904=DIRECTION('Vector Direction',(0.999405660436,0.0344721030541,0.)) ;
#2913=DIRECTION('Axis2P3D Direction',(-5.55111512313E-18,-7.40148683083E-18,1.)) ;
#2920=DIRECTION('Vector Direction',(-0.999405660414,-0.0344721036954,0.)) ;
#2927=DIRECTION('Axis2P3D Direction',(-5.55111512313E-18,-7.40148683083E-18,1.)) ;
#2938=DIRECTION('Axis2P3D Direction',(-5.55111512313E-18,-7.40148683083E-18,1.)) ;
#2947=DIRECTION('Axis2P3D Direction',(-5.55111512313E-18,-7.40148683083E-18,1.)) ;
#2956=DIRECTION('Axis2P3D Direction',(-5.55111512313E-18,-7.40148683083E-18,1.)) ;
#2965=DIRECTION('Axis2P3D Direction',(-5.55111512313E-18,-7.40148683083E-18,1.)) ;
#2974=DIRECTION('Axis2P3D Direction',(-5.55111512313E-18,-7.40148683083E-18,1.)) ;
#2983=DIRECTION('Axis2P3D Direction',(-5.55111512313E-18,-7.40148683083E-18,1.)) ;
#2992=DIRECTION('Axis2P3D Direction',(-5.55111512313E-18,-7.40148683083E-18,1.)) ;
#3001=DIRECTION('Axis2P3D Direction',(-5.55111512313E-18,-7.40148683083E-18,1.)) ;
#3010=DIRECTION('Axis2P3D Direction',(-5.55111512313E-18,-7.40148683083E-18,1.)) ;
#3019=DIRECTION('Axis2P3D Direction',(-5.55111512313E-18,-7.40148683083E-18,1.)) ;
#3028=DIRECTION('Axis2P3D Direction',(-5.55111512313E-18,-7.40148683083E-18,1.)) ;
#3037=DIRECTION('Axis2P3D Direction',(-5.55111512313E-18,-7.40148683083E-18,1.)) ;
#3046=DIRECTION('Axis2P3D Direction',(-5.55111512313E-18,-7.40148683083E-18,1.)) ;
#3055=DIRECTION('Axis2P3D Direction',(-5.55111512313E-18,-7.40148683083E-18,1.)) ;
#3064=DIRECTION('Axis2P3D Direction',(-5.55111512313E-18,-7.40148683083E-18,1.)) ;
#3073=DIRECTION('Axis2P3D Direction',(-5.55111512313E-18,-7.40148683083E-18,1.)) ;
#3082=DIRECTION('Axis2P3D Direction',(-5.55111512313E-18,-7.40148683083E-18,1.)) ;
#3091=DIRECTION('Axis2P3D Direction',(-5.55111512313E-18,-7.40148683083E-18,1.)) ;
#3100=DIRECTION('Axis2P3D Direction',(-5.55111512313E-18,-7.40148683083E-18,1.)) ;
#3109=DIRECTION('Axis2P3D Direction',(-5.55111512313E-18,-7.40148683083E-18,1.)) ;
#3118=DIRECTION('Axis2P3D Direction',(-5.55111512313E-18,-7.40148683083E-18,1.)) ;
#3127=DIRECTION('Axis2P3D Direction',(-5.55111512313E-18,-7.40148683083E-18,1.)) ;
#3136=DIRECTION('Axis2P3D Direction',(-5.55111512313E-18,-7.40148683083E-18,1.)) ;
#3145=DIRECTION('Axis2P3D Direction',(-5.55111512313E-18,-7.40148683083E-18,1.)) ;
#3154=DIRECTION('Axis2P3D Direction',(-5.55111512313E-18,-7.40148683083E-18,1.)) ;
#3163=DIRECTION('Axis2P3D Direction',(-5.55111512313E-18,-7.40148683083E-18,1.)) ;
#3172=DIRECTION('Axis2P3D Direction',(-5.55111512313E-18,-7.40148683083E-18,1.)) ;
#3181=DIRECTION('Axis2P3D Direction',(-5.55111512313E-18,-7.40148683083E-18,1.)) ;
#3190=DIRECTION('Axis2P3D Direction',(-5.55111512313E-18,-7.40148683083E-18,1.)) ;
#3199=DIRECTION('Axis2P3D Direction',(-5.55111512313E-18,-7.40148683083E-18,1.)) ;
#3208=DIRECTION('Axis2P3D Direction',(-5.55111512313E-18,-7.40148683083E-18,1.)) ;
#3217=DIRECTION('Axis2P3D Direction',(-5.55111512313E-18,-7.40148683083E-18,1.)) ;
#3226=DIRECTION('Axis2P3D Direction',(-5.55111512313E-18,-7.40148683083E-18,1.)) ;
#3235=DIRECTION('Axis2P3D Direction',(-5.55111512313E-18,-7.40148683083E-18,1.)) ;
#3244=DIRECTION('Axis2P3D Direction',(-5.55111512313E-18,-7.40148683083E-18,1.)) ;
#3253=DIRECTION('Axis2P3D Direction',(-5.55111512313E-18,-7.40148683083E-18,1.)) ;
#3262=DIRECTION('Axis2P3D Direction',(-5.55111512313E-18,-7.40148683083E-18,1.)) ;
#3271=DIRECTION('Axis2P3D Direction',(-5.55111512313E-18,-7.40148683083E-18,1.)) ;
#3280=DIRECTION('Axis2P3D Direction',(-5.55111512313E-18,-7.40148683083E-18,1.)) ;
#3289=DIRECTION('Axis2P3D Direction',(-5.55111512313E-18,-7.40148683083E-18,1.)) ;
#3298=DIRECTION('Axis2P3D Direction',(-5.55111512313E-18,-7.40148683083E-18,1.)) ;
#3307=DIRECTION('Axis2P3D Direction',(-5.55111512313E-18,-7.40148683083E-18,1.)) ;
#3316=DIRECTION('Axis2P3D Direction',(-5.55111512313E-18,-7.40148683083E-18,1.)) ;
#3325=DIRECTION('Axis2P3D Direction',(-5.55111512313E-18,-7.40148683083E-18,1.)) ;
#3334=DIRECTION('Axis2P3D Direction',(-5.55111512313E-18,-7.40148683083E-18,1.)) ;
#3343=DIRECTION('Axis2P3D Direction',(-5.55111512313E-18,-7.40148683083E-18,1.)) ;
#3352=DIRECTION('Axis2P3D Direction',(-5.55111512313E-18,-7.40148683083E-18,1.)) ;
#3361=DIRECTION('Axis2P3D Direction',(-5.55111512313E-18,-7.40148683083E-18,1.)) ;
#3370=DIRECTION('Axis2P3D Direction',(-5.55111512313E-18,-7.40148683083E-18,1.)) ;
#3379=DIRECTION('Axis2P3D Direction',(-5.55111512313E-18,-7.40148683083E-18,1.)) ;
#3388=DIRECTION('Axis2P3D Direction',(-5.55111512313E-18,-7.40148683083E-18,1.)) ;
#3397=DIRECTION('Axis2P3D Direction',(-5.55111512313E-18,-7.40148683083E-18,1.)) ;
#3406=DIRECTION('Axis2P3D Direction',(-5.55111512313E-18,-7.40148683083E-18,1.)) ;
#3415=DIRECTION('Axis2P3D Direction',(-5.55111512313E-18,-7.40148683083E-18,1.)) ;
#3424=DIRECTION('Axis2P3D Direction',(-5.55111512313E-18,-7.40148683083E-18,1.)) ;
#3433=DIRECTION('Axis2P3D Direction',(-5.55111512313E-18,-7.40148683083E-18,1.)) ;
#3442=DIRECTION('Axis2P3D Direction',(-5.55111512313E-18,-7.40148683083E-18,1.)) ;
#3451=DIRECTION('Axis2P3D Direction',(-5.55111512313E-18,-7.40148683083E-18,1.)) ;
#3460=DIRECTION('Axis2P3D Direction',(-5.55111512313E-18,-7.40148683083E-18,1.)) ;
#3469=DIRECTION('Axis2P3D Direction',(-5.55111512313E-18,-7.40148683083E-18,1.)) ;
#3478=DIRECTION('Axis2P3D Direction',(-5.55111512313E-18,-7.40148683083E-18,1.)) ;
#3487=DIRECTION('Axis2P3D Direction',(-5.55111512313E-18,-7.40148683083E-18,1.)) ;
#3496=DIRECTION('Axis2P3D Direction',(-5.55111512313E-18,-7.40148683083E-18,1.)) ;
#3505=DIRECTION('Axis2P3D Direction',(-5.55111512313E-18,-7.40148683083E-18,1.)) ;
#3514=DIRECTION('Vector Direction',(0.,1.,0.)) ;
#3523=DIRECTION('Axis2P3D Direction',(-5.55111512313E-18,-7.40148683083E-18,1.)) ;
#3530=DIRECTION('Vector Direction',(0.,-1.,0.)) ;
#3537=DIRECTION('Axis2P3D Direction',(-5.55111512313E-18,-7.40148683083E-18,1.)) ;
#3548=DIRECTION('Axis2P3D Direction',(-5.55111512313E-18,-7.40148683083E-18,1.)) ;
#3557=DIRECTION('Vector Direction',(-0.500000000004,0.866025403782,0.)) ;
#3564=DIRECTION('Axis2P3D Direction',(-5.55111512313E-18,-7.40148683083E-18,1.)) ;
#3571=DIRECTION('Vector Direction',(0.500000000004,-0.866025403782,0.)) ;
#3582=DIRECTION('Vector Direction',(0.500000000004,0.866025403782,0.)) ;
#3591=DIRECTION('Axis2P3D Direction',(-5.55111512313E-18,-7.40148683083E-18,1.)) ;
#3598=DIRECTION('Vector Direction',(-0.500000000004,-0.866025403782,0.)) ;
#3605=DIRECTION('Axis2P3D Direction',(-5.55111512313E-18,-7.40148683083E-18,1.)) ;
#3616=DIRECTION('Vector Direction',(-0.500000000004,-0.866025403782,-3.30900682667E-17)) ;
#3625=DIRECTION('Axis2P3D Direction',(-5.55111512313E-18,-7.40148683083E-18,1.)) ;
#3632=DIRECTION('Vector Direction',(0.500000000004,0.866025403782,3.30900682667E-17)) ;
#3639=DIRECTION('Axis2P3D Direction',(-5.55111512313E-18,-7.40148683083E-18,1.)) ;
#3650=DIRECTION('Axis2P3D Direction',(-5.55111512313E-18,-7.40148683083E-18,1.)) ;
#3659=DIRECTION('Vector Direction',(0.500000000004,-0.866025403782,3.30900682667E-17)) ;
#3666=DIRECTION('Axis2P3D Direction',(-5.55111512313E-18,-7.40148683083E-18,1.)) ;
#3673=DIRECTION('Vector Direction',(-0.500000000004,0.866025403782,-3.30900682667E-17)) ;
#3684=DIRECTION('Axis2P3D Direction',(-5.55111512313E-18,-7.40148683083E-18,1.)) ;
#3693=DIRECTION('Axis2P3D Direction',(-5.55111512313E-18,-7.40148683083E-18,1.)) ;
#3702=DIRECTION('Axis2P3D Direction',(-5.55111512313E-18,-7.40148683083E-18,1.)) ;
#3711=DIRECTION('Axis2P3D Direction',(-5.55111512313E-18,-7.40148683083E-18,1.)) ;
#3720=DIRECTION('Axis2P3D Direction',(-5.55111512313E-18,-7.40148683083E-18,1.)) ;
#3729=DIRECTION('Axis2P3D Direction',(-5.55111512313E-18,-7.40148683083E-18,1.)) ;
#3738=DIRECTION('Axis2P3D Direction',(-5.55111512313E-18,-7.40148683083E-18,1.)) ;
#3747=DIRECTION('Axis2P3D Direction',(-5.55111512313E-18,-7.40148683083E-18,1.)) ;
#3756=DIRECTION('Axis2P3D Direction',(-5.55111512313E-18,-7.40148683083E-18,1.)) ;
#3765=DIRECTION('Axis2P3D Direction',(-5.55111512313E-18,-7.40148683083E-18,1.)) ;
#3774=DIRECTION('Axis2P3D Direction',(-5.55111512313E-18,-7.40148683083E-18,1.)) ;
#3783=DIRECTION('Axis2P3D Direction',(-5.55111512313E-18,-7.40148683083E-18,1.)) ;
#3792=DIRECTION('Axis2P3D Direction',(-5.55111512313E-18,-7.40148683083E-18,1.)) ;
#3801=DIRECTION('Axis2P3D Direction',(-5.55111512313E-18,-7.40148683083E-18,1.)) ;
#3810=DIRECTION('Axis2P3D Direction',(-5.55111512313E-18,-7.40148683083E-18,1.)) ;
#3819=DIRECTION('Axis2P3D Direction',(-5.55111512313E-18,-7.40148683083E-18,1.)) ;
#3828=DIRECTION('Axis2P3D Direction',(-5.55111512313E-18,-7.40148683083E-18,1.)) ;
#3837=DIRECTION('Axis2P3D Direction',(-5.55111512313E-18,-7.40148683083E-18,1.)) ;
#3846=DIRECTION('Axis2P3D Direction',(-5.55111512313E-18,-7.40148683083E-18,1.)) ;
#3855=DIRECTION('Axis2P3D Direction',(-5.55111512313E-18,-7.40148683083E-18,1.)) ;
#3864=DIRECTION('Vector Direction',(-1.,0.,0.)) ;
#3873=DIRECTION('Axis2P3D Direction',(-5.55111512313E-18,-7.40148683083E-18,1.)) ;
#3880=DIRECTION('Vector Direction',(0.,1.,0.)) ;
#3887=DIRECTION('Axis2P3D Direction',(-5.55111512313E-18,-7.40148683083E-18,1.)) ;
#3894=DIRECTION('Vector Direction',(1.,0.,0.)) ;
#3901=DIRECTION('Axis2P3D Direction',(-5.55111512313E-18,-7.40148683083E-18,1.)) ;
#3908=DIRECTION('Vector Direction',(0.,-1.,0.)) ;
#3915=DIRECTION('Axis2P3D Direction',(-5.55111512313E-18,-7.40148683083E-18,1.)) ;
#3930=DIRECTION('Vector Direction',(1.,0.,0.)) ;
#3939=DIRECTION('Axis2P3D Direction',(-5.55111512313E-18,-7.40148683083E-18,1.)) ;
#3946=DIRECTION('Vector Direction',(0.,-1.,0.)) ;
#3953=DIRECTION('Axis2P3D Direction',(-5.55111512313E-18,-7.40148683083E-18,1.)) ;
#3960=DIRECTION('Vector Direction',(-1.,0.,0.)) ;
#3967=DIRECTION('Axis2P3D Direction',(-5.55111512313E-18,-7.40148683083E-18,1.)) ;
#3974=DIRECTION('Vector Direction',(0.,1.,0.)) ;
#3981=DIRECTION('Axis2P3D Direction',(-5.55111512313E-18,-7.40148683083E-18,1.)) ;
#3996=DIRECTION('Axis2P3D Direction',(-5.55111512313E-18,-7.40148683083E-18,1.)) ;
#4005=DIRECTION('Axis2P3D Direction',(-5.55111512313E-18,-7.40148683083E-18,1.)) ;
#4014=DIRECTION('Axis2P3D Direction',(-5.55111512313E-18,-7.40148683083E-18,1.)) ;
#4023=DIRECTION('Axis2P3D Direction',(-5.55111512313E-18,-7.40148683083E-18,1.)) ;
#4032=DIRECTION('Axis2P3D Direction',(-5.55111512313E-18,-7.40148683083E-18,1.)) ;
#4041=DIRECTION('Axis2P3D Direction',(-5.55111512313E-18,-7.40148683083E-18,1.)) ;
#4050=DIRECTION('Axis2P3D Direction',(-5.55111512313E-18,-7.40148683083E-18,1.)) ;
#4059=DIRECTION('Axis2P3D Direction',(-5.55111512313E-18,-7.40148683083E-18,1.)) ;
#4068=DIRECTION('Axis2P3D Direction',(-5.55111512313E-18,-7.40148683083E-18,1.)) ;
#4077=DIRECTION('Axis2P3D Direction',(-5.55111512313E-18,-7.40148683083E-18,1.)) ;
#4086=DIRECTION('Axis2P3D Direction',(-5.55111512313E-18,-7.40148683083E-18,1.)) ;
#4095=DIRECTION('Axis2P3D Direction',(-5.55111512313E-18,-7.40148683083E-18,1.)) ;
#4104=DIRECTION('Axis2P3D Direction',(-5.55111512313E-18,-7.40148683083E-18,1.)) ;
#4113=DIRECTION('Axis2P3D Direction',(-5.55111512313E-18,-7.40148683083E-18,1.)) ;
#4122=DIRECTION('Axis2P3D Direction',(-5.55111512313E-18,-7.40148683083E-18,1.)) ;
#4131=DIRECTION('Axis2P3D Direction',(-5.55111512313E-18,-7.40148683083E-18,1.)) ;
#4140=DIRECTION('Axis2P3D Direction',(-5.55111512313E-18,-7.40148683083E-18,1.)) ;
#4149=DIRECTION('Axis2P3D Direction',(-5.55111512313E-18,-7.40148683083E-18,1.)) ;
#4158=DIRECTION('Axis2P3D Direction',(-5.55111512313E-18,-7.40148683083E-18,1.)) ;
#4167=DIRECTION('Axis2P3D Direction',(-5.55111512313E-18,-7.40148683083E-18,1.)) ;
#4176=DIRECTION('Axis2P3D Direction',(-5.55111512313E-18,-7.40148683083E-18,1.)) ;
#4185=DIRECTION('Axis2P3D Direction',(-5.55111512313E-18,-7.40148683083E-18,1.)) ;
#4194=DIRECTION('Axis2P3D Direction',(-5.55111512313E-18,-7.40148683083E-18,1.)) ;
#4203=DIRECTION('Axis2P3D Direction',(-5.55111512313E-18,-7.40148683083E-18,1.)) ;
#4212=DIRECTION('Axis2P3D Direction',(-5.55111512313E-18,-7.40148683083E-18,1.)) ;
#4221=DIRECTION('Axis2P3D Direction',(-5.55111512313E-18,-7.40148683083E-18,1.)) ;
#4230=DIRECTION('Axis2P3D Direction',(-5.55111512313E-18,-7.40148683083E-18,1.)) ;
#4239=DIRECTION('Axis2P3D Direction',(-5.55111512313E-18,-7.40148683083E-18,1.)) ;
#4248=DIRECTION('Axis2P3D Direction',(-5.55111512313E-18,-7.40148683083E-18,1.)) ;
#4257=DIRECTION('Axis2P3D Direction',(-5.55111512313E-18,-7.40148683083E-18,1.)) ;
#4266=DIRECTION('Axis2P3D Direction',(-5.55111512313E-18,-7.40148683083E-18,1.)) ;
#4275=DIRECTION('Axis2P3D Direction',(-5.55111512313E-18,-7.40148683083E-18,1.)) ;
#4284=DIRECTION('Axis2P3D Direction',(-5.55111512313E-18,-7.40148683083E-18,1.)) ;
#4293=DIRECTION('Axis2P3D Direction',(-5.55111512313E-18,-7.40148683083E-18,1.)) ;
#4302=DIRECTION('Axis2P3D Direction',(-5.55111512313E-18,-7.40148683083E-18,1.)) ;
#4311=DIRECTION('Axis2P3D Direction',(-5.55111512313E-18,-7.40148683083E-18,1.)) ;
#4320=DIRECTION('Axis2P3D Direction',(-5.55111512313E-18,-7.40148683083E-18,1.)) ;
#4329=DIRECTION('Axis2P3D Direction',(-5.55111512313E-18,-7.40148683083E-18,1.)) ;
#4338=DIRECTION('Axis2P3D Direction',(-5.55111512313E-18,-7.40148683083E-18,1.)) ;
#4347=DIRECTION('Axis2P3D Direction',(-5.55111512313E-18,-7.40148683083E-18,1.)) ;
#4356=DIRECTION('Axis2P3D Direction',(-5.55111512313E-18,-7.40148683083E-18,1.)) ;
#4365=DIRECTION('Axis2P3D Direction',(-5.55111512313E-18,-7.40148683083E-18,1.)) ;
#4374=DIRECTION('Axis2P3D Direction',(-5.55111512313E-18,-7.40148683083E-18,1.)) ;
#4383=DIRECTION('Axis2P3D Direction',(-5.55111512313E-18,-7.40148683083E-18,1.)) ;
#4392=DIRECTION('Axis2P3D Direction',(-5.55111512313E-18,-7.40148683083E-18,1.)) ;
#4401=DIRECTION('Axis2P3D Direction',(-5.55111512313E-18,-7.40148683083E-18,1.)) ;
#4410=DIRECTION('Axis2P3D Direction',(-5.55111512313E-18,-7.40148683083E-18,1.)) ;
#4419=DIRECTION('Axis2P3D Direction',(-5.55111512313E-18,-7.40148683083E-18,1.)) ;
#4428=DIRECTION('Axis2P3D Direction',(-5.55111512313E-18,-7.40148683083E-18,1.)) ;
#4437=DIRECTION('Axis2P3D Direction',(-5.55111512313E-18,-7.40148683083E-18,1.)) ;
#4446=DIRECTION('Axis2P3D Direction',(-5.55111512313E-18,-7.40148683083E-18,1.)) ;
#4455=DIRECTION('Axis2P3D Direction',(-5.55111512313E-18,-7.40148683083E-18,1.)) ;
#4464=DIRECTION('Axis2P3D Direction',(-5.55111512313E-18,-7.40148683083E-18,1.)) ;
#4473=DIRECTION('Axis2P3D Direction',(-5.55111512313E-18,-7.40148683083E-18,1.)) ;
#4482=DIRECTION('Axis2P3D Direction',(-5.55111512313E-18,-7.40148683083E-18,1.)) ;
#4491=DIRECTION('Axis2P3D Direction',(-5.55111512313E-18,-7.40148683083E-18,1.)) ;
#4500=DIRECTION('Axis2P3D Direction',(-5.55111512313E-18,-7.40148683083E-18,1.)) ;
#4509=DIRECTION('Axis2P3D Direction',(-5.55111512313E-18,-7.40148683083E-18,1.)) ;
#4518=DIRECTION('Axis2P3D Direction',(-5.55111512313E-18,-7.40148683083E-18,1.)) ;
#4527=DIRECTION('Axis2P3D Direction',(-5.55111512313E-18,-7.40148683083E-18,1.)) ;
#4536=DIRECTION('Axis2P3D Direction',(-5.55111512313E-18,-7.40148683083E-18,1.)) ;
#4545=DIRECTION('Axis2P3D Direction',(-5.55111512313E-18,-7.40148683083E-18,1.)) ;
#4554=DIRECTION('Axis2P3D Direction',(-5.55111512313E-18,-7.40148683083E-18,1.)) ;
#4563=DIRECTION('Axis2P3D Direction',(-5.55111512313E-18,-7.40148683083E-18,1.)) ;
#4572=DIRECTION('Axis2P3D Direction',(-5.55111512313E-18,-7.40148683083E-18,1.)) ;
#4581=DIRECTION('Axis2P3D Direction',(-5.55111512313E-18,-7.40148683083E-18,1.)) ;
#4590=DIRECTION('Axis2P3D Direction',(-5.55111512313E-18,-7.40148683083E-18,1.)) ;
#4599=DIRECTION('Axis2P3D Direction',(-5.55111512313E-18,-7.40148683083E-18,1.)) ;
#4608=DIRECTION('Axis2P3D Direction',(-5.55111512313E-18,-7.40148683083E-18,1.)) ;
#4617=DIRECTION('Axis2P3D Direction',(-5.55111512313E-18,-7.40148683083E-18,1.)) ;
#4626=DIRECTION('Axis2P3D Direction',(-5.55111512313E-18,-7.40148683083E-18,1.)) ;
#4635=DIRECTION('Axis2P3D Direction',(-5.55111512313E-18,-7.40148683083E-18,1.)) ;
#4644=DIRECTION('Axis2P3D Direction',(-5.55111512313E-18,-7.40148683083E-18,1.)) ;
#4653=DIRECTION('Axis2P3D Direction',(-5.55111512313E-18,-7.40148683083E-18,1.)) ;
#4662=DIRECTION('Axis2P3D Direction',(-5.55111512313E-18,-7.40148683083E-18,1.)) ;
#4671=DIRECTION('Axis2P3D Direction',(-5.55111512313E-18,-7.40148683083E-18,1.)) ;
#4680=DIRECTION('Axis2P3D Direction',(-5.55111512313E-18,-7.40148683083E-18,1.)) ;
#4689=DIRECTION('Axis2P3D Direction',(-5.55111512313E-18,-7.40148683083E-18,1.)) ;
#4698=DIRECTION('Vector Direction',(0.,1.,0.)) ;
#4707=DIRECTION('Axis2P3D Direction',(-5.55111512313E-18,-7.40148683083E-18,1.)) ;
#4714=DIRECTION('Vector Direction',(0.940054065662,-0.341025444261,0.)) ;
#4721=DIRECTION('Axis2P3D Direction',(-5.55111512313E-18,-7.40148683083E-18,1.)) ;
#4728=DIRECTION('Vector Direction',(-0.940054065662,-0.341025444261,0.)) ;
#4735=DIRECTION('Axis2P3D Direction',(-5.55111512313E-18,-7.40148683083E-18,1.)) ;
#4748=DIRECTION('Axis2P3D Direction',(-5.55111512313E-18,-7.40148683083E-18,1.)) ;
#4757=DIRECTION('Vector Direction',(-0.999999924472,-0.000388660085381,-4.46096264999E-16)) ;
#4764=DIRECTION('Axis2P3D Direction',(-5.55111512313E-18,-7.40148683083E-18,1.)) ;
#4771=DIRECTION('Vector Direction',(0.999999924471,0.000388660905268,4.46027420827E-16)) ;
#4782=DIRECTION('Axis2P3D Direction',(-5.55111512313E-18,-7.40148683083E-18,1.)) ;
#4791=DIRECTION('Axis2P3D Direction',(-5.55111512313E-18,-7.40148683083E-18,1.)) ;
#4800=DIRECTION('Axis2P3D Direction',(-5.55111512313E-18,-7.40148683083E-18,1.)) ;
#4809=DIRECTION('Axis2P3D Direction',(-5.55111512313E-18,-7.40148683083E-18,1.)) ;
#4818=DIRECTION('Axis2P3D Direction',(-5.55111512313E-18,-7.40148683083E-18,1.)) ;
#4827=DIRECTION('Axis2P3D Direction',(-5.55111512313E-18,-7.40148683083E-18,1.)) ;
#4836=DIRECTION('Axis2P3D Direction',(-5.55111512313E-18,-7.40148683083E-18,1.)) ;
#4845=DIRECTION('Axis2P3D Direction',(-5.55111512313E-18,-7.40148683083E-18,1.)) ;
#4854=DIRECTION('Axis2P3D Direction',(-5.55111512313E-18,-7.40148683083E-18,1.)) ;
#4863=DIRECTION('Axis2P3D Direction',(-5.55111512313E-18,-7.40148683083E-18,1.)) ;
#4872=DIRECTION('Axis2P3D Direction',(-5.55111512313E-18,-7.40148683083E-18,1.)) ;
#4881=DIRECTION('Axis2P3D Direction',(-5.55111512313E-18,-7.40148683083E-18,1.)) ;
#4890=DIRECTION('Axis2P3D Direction',(-5.55111512313E-18,-7.40148683083E-18,1.)) ;
#4899=DIRECTION('Axis2P3D Direction',(-5.55111512313E-18,-7.40148683083E-18,1.)) ;
#4908=DIRECTION('Axis2P3D Direction',(-5.55111512313E-18,-7.40148683083E-18,1.)) ;
#4917=DIRECTION('Axis2P3D Direction',(-5.55111512313E-18,-7.40148683083E-18,1.)) ;
#4926=DIRECTION('Axis2P3D Direction',(-5.55111512313E-18,-7.40148683083E-18,1.)) ;
#4935=DIRECTION('Axis2P3D Direction',(-5.55111512313E-18,-7.40148683083E-18,1.)) ;
#4945=DIRECTION('Axis2P3D Direction',(0.,0.,1.)) ;
#4946=DIRECTION('Axis2P3D XDirection',(9.47390314347E-16,-1.,0.)) ;
#4950=DIRECTION('Axis2P3D Direction',(0.,0.,1.)) ;
#4957=DIRECTION('Vector Direction',(0.,0.,1.)) ;
#4969=DIRECTION('Axis2P3D Direction',(-1.,2.29207334116E-16,0.)) ;
#4970=DIRECTION('Axis2P3D XDirection',(2.29207334116E-16,1.,0.)) ;
#4974=DIRECTION('Vector Direction',(0.,0.,-1.)) ;
#4981=DIRECTION('Vector Direction',(0.,-1.,0.)) ;
#4988=DIRECTION('Vector Direction',(0.,0.,-1.)) ;
#5000=DIRECTION('Axis2P3D Direction',(0.,-1.7763568394E-16,-1.)) ;
#5001=DIRECTION('Axis2P3D XDirection',(-1.22464679915E-16,1.,-1.7763568394E-16)) ;
#5005=DIRECTION('Vector Direction',(0.,-1.7763568394E-16,-1.)) ;
#5012=DIRECTION('Axis2P3D Direction',(0.,-1.7763568394E-16,-1.)) ;
#5024=DIRECTION('Axis2P3D Direction',(2.36847578587E-16,1.,0.)) ;
#5025=DIRECTION('Axis2P3D XDirection',(1.,-2.36847578587E-16,0.)) ;
#5029=DIRECTION('Vector Direction',(-1.,0.,0.)) ;
#5036=DIRECTION('Vector Direction',(0.,0.,-1.)) ;
#5048=DIRECTION('Axis2P3D Direction',(-0.,0.,-1.)) ;
#5049=DIRECTION('Axis2P3D XDirection',(1.,2.96463562296E-15,0.)) ;
#5053=DIRECTION('Vector Direction',(0.,0.,-1.)) ;
#5060=DIRECTION('Axis2P3D Direction',(-0.,0.,-1.)) ;
#5072=DIRECTION('Axis2P3D Direction',(1.,0.,0.)) ;
#5073=DIRECTION('Axis2P3D XDirection',(0.,-1.,0.)) ;
#5077=DIRECTION('Vector Direction',(0.,1.,0.)) ;
#5084=DIRECTION('Vector Direction',(0.,0.,1.)) ;
#5096=DIRECTION('Axis2P3D Direction',(2.0396354101E-31,3.58816455973E-17,1.)) ;
#5097=DIRECTION('Axis2P3D XDirection',(-5.806806566E-15,-1.,3.58816455973E-17)) ;
#5101=DIRECTION('Vector Direction',(0.,3.58809870704E-17,1.)) ;
#5108=DIRECTION('Axis2P3D Direction',(2.0396354101E-31,3.58816455973E-17,1.)) ;
#5120=DIRECTION('Axis2P3D Direction',(0.,0.,-1.)) ;
#5121=DIRECTION('Axis2P3D XDirection',(-0.18428853505,0.982872186934,0.)) ;
#5125=DIRECTION('Vector Direction',(0.,0.,-1.)) ;
#5132=DIRECTION('Axis2P3D Direction',(0.,0.,-1.)) ;
#5139=DIRECTION('Vector Direction',(0.,0.,-1.)) ;
#5151=DIRECTION('Axis2P3D Direction',(-0.18428853505,0.982872186934,0.)) ;
#5152=DIRECTION('Axis2P3D XDirection',(0.982872186934,0.18428853505,0.)) ;
#5156=DIRECTION('Vector Direction',(0.,0.,-1.)) ;
#5163=DIRECTION('Vector Direction',(-0.982872186934,-0.18428853505,0.)) ;
#5175=DIRECTION('Axis2P3D Direction',(-0.,0.,-1.)) ;
#5176=DIRECTION('Axis2P3D XDirection',(-0.18428853505,-0.982872186934,0.)) ;
#5180=DIRECTION('Vector Direction',(0.,0.,-1.)) ;
#5187=DIRECTION('Axis2P3D Direction',(-0.,0.,-1.)) ;
#5194=DIRECTION('Vector Direction',(0.,0.,-1.)) ;
#5206=DIRECTION('Axis2P3D Direction',(-0.18428853505,-0.982872186934,-0.)) ;
#5207=DIRECTION('Axis2P3D XDirection',(-0.982872186934,0.18428853505,0.)) ;
#5211=DIRECTION('Vector Direction',(0.982872186934,-0.18428853505,0.)) ;
#5218=DIRECTION('Vector Direction',(0.,0.,-1.)) ;
#5230=DIRECTION('Vector Direction',(0.,0.,-1.)) ;
#5237=DIRECTION('Vector Direction',(0.,1.,0.)) ;
#5244=DIRECTION('Vector Direction',(0.,0.,-1.)) ;
#5256=DIRECTION('Axis2P3D Direction',(-1.28785817384E-15,1.7763568394E-15,-1.)) ;
#5257=DIRECTION('Axis2P3D XDirection',(-2.71970626313E-15,-1.,-1.7763568394E-15)) ;
#5261=DIRECTION('Vector Direction',(-1.28785870857E-15,1.7763568394E-15,-1.)) ;
#5268=DIRECTION('Axis2P3D Direction',(-1.28785817384E-15,1.7763568394E-15,-1.)) ;
#5280=DIRECTION('Axis2P3D Direction',(-2.36847578587E-16,-1.,-0.)) ;
#5281=DIRECTION('Axis2P3D XDirection',(-1.,2.36847578587E-16,0.)) ;
#5285=DIRECTION('Vector Direction',(1.,0.,0.)) ;
#5292=DIRECTION('Vector Direction',(0.,0.,-1.)) ;
#5304=DIRECTION('Axis2P3D Direction',(1.7763568394E-16,0.,-1.)) ;
#5305=DIRECTION('Axis2P3D XDirection',(-1.,-1.22464679915E-16,-1.7763568394E-16)) ;
#5309=DIRECTION('Vector Direction',(1.7763568394E-16,0.,-1.)) ;
#5316=DIRECTION('Axis2P3D Direction',(1.7763568394E-16,0.,-1.)) ;
#5328=DIRECTION('Vector Direction',(-6.76707367391E-16,-1.,0.)) ;
#5335=DIRECTION('Vector Direction',(0.,0.,1.)) ;
#5347=DIRECTION('Axis2P3D Direction',(0.,0.,1.)) ;
#5348=DIRECTION('Axis2P3D XDirection',(1.22464679915E-16,1.,-0.)) ;
#5352=DIRECTION('Vector Direction',(0.,0.,1.)) ;
#5359=DIRECTION('Axis2P3D Direction',(0.,0.,1.)) ;
#5371=DIRECTION('Axis2P3D Direction',(0.,0.,-1.)) ;
#5372=DIRECTION('Axis2P3D XDirection',(-4.55476112667E-16,1.,0.)) ;
#5376=DIRECTION('Vector Direction',(0.,0.,-1.)) ;
#5383=DIRECTION('Axis2P3D Direction',(0.,0.,-1.)) ;
#5390=DIRECTION('Vector Direction',(0.,0.,-1.)) ;
#5402=DIRECTION('Axis2P3D Direction',(0.,0.,-1.)) ;
#5414=DIRECTION('Axis2P3D Direction',(0.,0.,-1.)) ;
#5415=DIRECTION('Axis2P3D XDirection',(-4.55476112667E-16,1.,0.)) ;
#5419=DIRECTION('Vector Direction',(0.,0.,-1.)) ;
#5426=DIRECTION('Axis2P3D Direction',(0.,0.,-1.)) ;
#5433=DIRECTION('Vector Direction',(0.,0.,-1.)) ;
#5445=DIRECTION('Axis2P3D Direction',(0.,0.,-1.)) ;
#5457=DIRECTION('Axis2P3D Direction',(0.,0.,-1.)) ;
#5458=DIRECTION('Axis2P3D XDirection',(-4.55476112667E-16,1.,0.)) ;
#5462=DIRECTION('Vector Direction',(0.,0.,-1.)) ;
#5469=DIRECTION('Axis2P3D Direction',(0.,0.,-1.)) ;
#5476=DIRECTION('Vector Direction',(0.,0.,-1.)) ;
#5488=DIRECTION('Axis2P3D Direction',(0.,0.,-1.)) ;
#5500=DIRECTION('Axis2P3D Direction',(0.,0.,-1.)) ;
#5501=DIRECTION('Axis2P3D XDirection',(-4.55476112667E-16,1.,0.)) ;
#5505=DIRECTION('Vector Direction',(0.,0.,-1.)) ;
#5512=DIRECTION('Axis2P3D Direction',(0.,0.,-1.)) ;
#5519=DIRECTION('Vector Direction',(0.,0.,-1.)) ;
#5531=DIRECTION('Axis2P3D Direction',(0.,0.,-1.)) ;
#5543=DIRECTION('Axis2P3D Direction',(0.,0.,-1.)) ;
#5544=DIRECTION('Axis2P3D XDirection',(-4.55476112667E-16,1.,0.)) ;
#5548=DIRECTION('Vector Direction',(0.,0.,-1.)) ;
#5555=DIRECTION('Axis2P3D Direction',(0.,0.,-1.)) ;
#5562=DIRECTION('Vector Direction',(0.,0.,-1.)) ;
#5574=DIRECTION('Axis2P3D Direction',(0.,0.,-1.)) ;
#5586=DIRECTION('Axis2P3D Direction',(0.,0.,-1.)) ;
#5587=DIRECTION('Axis2P3D XDirection',(-4.55476112667E-16,1.,0.)) ;
#5591=DIRECTION('Vector Direction',(0.,0.,-1.)) ;
#5598=DIRECTION('Axis2P3D Direction',(0.,0.,-1.)) ;
#5605=DIRECTION('Vector Direction',(0.,0.,-1.)) ;
#5617=DIRECTION('Axis2P3D Direction',(0.,0.,-1.)) ;
#5629=DIRECTION('Axis2P3D Direction',(0.,0.,-1.)) ;
#5630=DIRECTION('Axis2P3D XDirection',(-7.28761780267E-15,1.,0.)) ;
#5634=DIRECTION('Vector Direction',(0.,0.,-1.)) ;
#5641=DIRECTION('Axis2P3D Direction',(0.,0.,-1.)) ;
#5648=DIRECTION('Vector Direction',(0.,0.,-1.)) ;
#5660=DIRECTION('Axis2P3D Direction',(0.,0.,-1.)) ;
#5672=DIRECTION('Axis2P3D Direction',(0.,0.,-1.)) ;
#5673=DIRECTION('Axis2P3D XDirection',(-4.55476112667E-16,1.,0.)) ;
#5677=DIRECTION('Vector Direction',(0.,0.,-1.)) ;
#5684=DIRECTION('Axis2P3D Direction',(0.,0.,-1.)) ;
#5691=DIRECTION('Vector Direction',(0.,0.,-1.)) ;
#5703=DIRECTION('Axis2P3D Direction',(0.,0.,-1.)) ;
#5715=DIRECTION('Axis2P3D Direction',(0.,0.,-1.)) ;
#5716=DIRECTION('Axis2P3D XDirection',(-4.55476112667E-16,1.,0.)) ;
#5720=DIRECTION('Vector Direction',(0.,0.,-1.)) ;
#5727=DIRECTION('Axis2P3D Direction',(0.,0.,-1.)) ;
#5734=DIRECTION('Vector Direction',(0.,0.,-1.)) ;
#5746=DIRECTION('Axis2P3D Direction',(0.,0.,-1.)) ;
#5758=DIRECTION('Axis2P3D Direction',(0.,0.,-1.)) ;
#5759=DIRECTION('Axis2P3D XDirection',(-4.55476112667E-16,1.,0.)) ;
#5763=DIRECTION('Vector Direction',(0.,0.,-1.)) ;
#5770=DIRECTION('Axis2P3D Direction',(0.,0.,-1.)) ;
#5777=DIRECTION('Vector Direction',(0.,0.,-1.)) ;
#5789=DIRECTION('Axis2P3D Direction',(0.,0.,-1.)) ;
#5801=DIRECTION('Axis2P3D Direction',(0.,0.,-1.)) ;
#5802=DIRECTION('Axis2P3D XDirection',(-7.28761780267E-15,1.,0.)) ;
#5806=DIRECTION('Vector Direction',(0.,0.,-1.)) ;
#5813=DIRECTION('Axis2P3D Direction',(0.,0.,-1.)) ;
#5820=DIRECTION('Vector Direction',(0.,0.,-1.)) ;
#5832=DIRECTION('Axis2P3D Direction',(0.,0.,-1.)) ;
#5844=DIRECTION('Axis2P3D Direction',(0.,0.,-1.)) ;
#5845=DIRECTION('Axis2P3D XDirection',(-4.55476112667E-16,1.,0.)) ;
#5849=DIRECTION('Vector Direction',(0.,0.,-1.)) ;
#5856=DIRECTION('Axis2P3D Direction',(0.,0.,-1.)) ;
#5863=DIRECTION('Vector Direction',(0.,0.,-1.)) ;
#5875=DIRECTION('Axis2P3D Direction',(0.,0.,-1.)) ;
#5887=DIRECTION('Axis2P3D Direction',(0.724844123861,0.68891290894,0.)) ;
#5888=DIRECTION('Axis2P3D XDirection',(0.68891290894,-0.724844123861,0.)) ;
#5892=DIRECTION('Vector Direction',(0.,0.,-1.)) ;
#5899=DIRECTION('Vector Direction',(0.68891290894,-0.724844123861,0.)) ;
#5906=DIRECTION('Vector Direction',(0.,0.,-1.)) ;
#5918=DIRECTION('Axis2P3D Direction',(-0.724844123861,-0.68891290894,-0.)) ;
#5919=DIRECTION('Axis2P3D XDirection',(-0.68891290894,0.724844123861,0.)) ;
#5923=DIRECTION('Vector Direction',(0.,0.,-1.)) ;
#5930=DIRECTION('Vector Direction',(-0.68891290894,0.724844123861,0.)) ;
#5937=DIRECTION('Vector Direction',(0.,0.,-1.)) ;
#5949=DIRECTION('Axis2P3D Direction',(0.,0.,-1.)) ;
#5950=DIRECTION('Axis2P3D XDirection',(0.454523779818,0.890734603336,0.)) ;
#5954=DIRECTION('Axis2P3D Direction',(0.,0.,-1.)) ;
#5963=DIRECTION('Vector Direction',(0.,0.,-1.)) ;
#5968=DIRECTION('Vector Direction',(0.,0.,-1.)) ;
#5975=DIRECTION('Axis2P3D Direction',(0.,0.,-1.)) ;
#5989=DIRECTION('Axis2P3D Direction',(0.724844694121,0.688912308937,0.)) ;
#5990=DIRECTION('Axis2P3D XDirection',(0.688912308937,-0.724844694121,0.)) ;
#5994=DIRECTION('Vector Direction',(0.688912308937,-0.724844694121,0.)) ;
#6001=DIRECTION('Vector Direction',(0.,0.,-1.)) ;
#6013=DIRECTION('Axis2P3D Direction',(0.,0.,1.)) ;
#6014=DIRECTION('Axis2P3D XDirection',(1.,-4.56335677842E-15,0.)) ;
#6018=DIRECTION('Axis2P3D Direction',(0.,0.,1.)) ;
#6027=DIRECTION('Vector Direction',(0.,0.,1.)) ;
#6032=DIRECTION('Vector Direction',(0.,0.,1.)) ;
#6044=DIRECTION('Axis2P3D Direction',(-1.,-3.5527136788E-15,0.)) ;
#6045=DIRECTION('Axis2P3D XDirection',(3.5527136788E-15,-1.,0.)) ;
#6049=DIRECTION('Vector Direction',(3.5527136788E-15,-1.,0.)) ;
#6056=DIRECTION('Vector Direction',(0.,0.,1.)) ;
#6068=DIRECTION('Axis2P3D Direction',(0.,0.,1.)) ;
#6069=DIRECTION('Axis2P3D XDirection',(-1.,4.56335677842E-15,-0.)) ;
#6073=DIRECTION('Axis2P3D Direction',(0.,0.,1.)) ;
#6080=DIRECTION('Vector Direction',(0.,0.,1.)) ;
#6092=DIRECTION('Axis2P3D Direction',(1.,1.7763568394E-15,-0.)) ;
#6093=DIRECTION('Axis2P3D XDirection',(-1.7763568394E-15,1.,0.)) ;
#6097=DIRECTION('Vector Direction',(0.,1.,0.)) ;
#6109=DIRECTION('Axis2P3D Direction',(0.,0.,1.)) ;
#6110=DIRECTION('Axis2P3D XDirection',(-1.,6.89562922067E-14,-0.)) ;
#6114=DIRECTION('Axis2P3D Direction',(0.,0.,1.)) ;
#6123=DIRECTION('Vector Direction',(0.,0.,1.)) ;
#6128=DIRECTION('Vector Direction',(0.,0.,1.)) ;
#6140=DIRECTION('Axis2P3D Direction',(1.,3.99680288865E-15,-0.)) ;
#6141=DIRECTION('Axis2P3D XDirection',(-3.99680288865E-15,1.,0.)) ;
#6145=DIRECTION('Vector Direction',(-3.5527136788E-15,1.,0.)) ;
#6152=DIRECTION('Vector Direction',(0.,0.,1.)) ;
#6164=DIRECTION('Axis2P3D Direction',(0.,0.,1.)) ;
#6165=DIRECTION('Axis2P3D XDirection',(1.,-1.22464679915E-16,0.)) ;
#6169=DIRECTION('Axis2P3D Direction',(0.,0.,1.)) ;
#6176=DIRECTION('Vector Direction',(0.,0.,1.)) ;
#6188=DIRECTION('Axis2P3D Direction',(-1.,-3.99680288865E-15,0.)) ;
#6189=DIRECTION('Axis2P3D XDirection',(3.99680288865E-15,-1.,0.)) ;
#6193=DIRECTION('Vector Direction',(3.5527136788E-15,-1.,0.)) ;
#6205=DIRECTION('Vector Direction',(-1.7763568394E-15,1.,0.)) ;
#6214=DIRECTION('Vector Direction',(0.,0.,1.)) ;
#6219=DIRECTION('Vector Direction',(0.,0.,1.)) ;
#6231=DIRECTION('Axis2P3D Direction',(0.,0.,1.)) ;
#6232=DIRECTION('Axis2P3D XDirection',(1.,-2.34291072917E-15,0.)) ;
#6236=DIRECTION('Axis2P3D Direction',(0.,0.,1.)) ;
#6243=DIRECTION('Vector Direction',(0.,0.,1.)) ;
#6255=DIRECTION('Vector Direction',(3.5527136788E-15,-1.,0.)) ;
#6262=DIRECTION('Vector Direction',(0.,0.,1.)) ;
#6274=DIRECTION('Axis2P3D Direction',(0.,0.,1.)) ;
#6275=DIRECTION('Axis2P3D XDirection',(-1.,4.56335677842E-15,-0.)) ;
#6279=DIRECTION('Axis2P3D Direction',(0.,0.,1.)) ;
#6291=DIRECTION('Axis2P3D Direction',(0.,0.,1.)) ;
#6292=DIRECTION('Axis2P3D XDirection',(-1.,7.11767382559E-14,-0.)) ;
#6296=DIRECTION('Axis2P3D Direction',(0.,0.,1.)) ;
#6305=DIRECTION('Vector Direction',(0.,0.,1.)) ;
#6310=DIRECTION('Vector Direction',(0.,0.,1.)) ;
#6322=DIRECTION('Vector Direction',(-3.99680288865E-15,1.,0.)) ;
#6329=DIRECTION('Vector Direction',(0.,0.,1.)) ;
#6341=DIRECTION('Axis2P3D Direction',(0.,0.,1.)) ;
#6342=DIRECTION('Axis2P3D XDirection',(1.,-7.33971843052E-14,0.)) ;
#6346=DIRECTION('Axis2P3D Direction',(0.,0.,1.)) ;
#6353=DIRECTION('Vector Direction',(0.,0.,1.)) ;
#6365=DIRECTION('Vector Direction',(3.99680288865E-15,-1.,0.)) ;
#6377=DIRECTION('Axis2P3D Direction',(0.,0.,1.)) ;
#6378=DIRECTION('Axis2P3D XDirection',(-1.,0.,0.)) ;
#6382=DIRECTION('Vector Direction',(0.,0.,1.)) ;
#6389=DIRECTION('Axis2P3D Direction',(0.,0.,1.)) ;
#6396=DIRECTION('Vector Direction',(0.,0.,1.)) ;
#6408=DIRECTION('Axis2P3D Direction',(0.,0.,1.)) ;
#6420=DIRECTION('Axis2P3D Direction',(0.,0.,1.)) ;
#6421=DIRECTION('Axis2P3D XDirection',(-1.,0.,0.)) ;
#6425=DIRECTION('Vector Direction',(0.,0.,1.)) ;
#6432=DIRECTION('Axis2P3D Direction',(0.,0.,1.)) ;
#6439=DIRECTION('Vector Direction',(0.,0.,1.)) ;
#6451=DIRECTION('Axis2P3D Direction',(0.,0.,1.)) ;
#6463=DIRECTION('Axis2P3D Direction',(1.54074395551E-32,3.42113882892E-47,1.)) ;
#6464=DIRECTION('Axis2P3D XDirection',(0.,-1.,3.42113882892E-47)) ;
#6468=DIRECTION('Vector Direction',(0.,0.,1.)) ;
#6475=DIRECTION('Axis2P3D Direction',(1.54074395551E-32,3.42113882892E-47,1.)) ;
#6482=DIRECTION('Vector Direction',(0.,0.,1.)) ;
#6494=DIRECTION('Axis2P3D Direction',(1.54074395551E-32,3.42113882892E-47,1.)) ;
#6506=DIRECTION('Axis2P3D Direction',(0.,0.,1.)) ;
#6507=DIRECTION('Axis2P3D XDirection',(0.,-1.,0.)) ;
#6511=DIRECTION('Vector Direction',(0.,0.,1.)) ;
#6518=DIRECTION('Axis2P3D Direction',(0.,0.,1.)) ;
#6525=DIRECTION('Vector Direction',(0.,0.,1.)) ;
#6537=DIRECTION('Axis2P3D Direction',(0.,0.,1.)) ;
#6549=DIRECTION('Axis2P3D Direction',(0.,0.,1.)) ;
#6550=DIRECTION('Axis2P3D XDirection',(0.,-1.,0.)) ;
#6554=DIRECTION('Vector Direction',(0.,0.,1.)) ;
#6561=DIRECTION('Axis2P3D Direction',(0.,0.,1.)) ;
#6568=DIRECTION('Vector Direction',(0.,0.,1.)) ;
#6580=DIRECTION('Axis2P3D Direction',(0.,0.,1.)) ;
#6592=DIRECTION('Axis2P3D Direction',(0.,0.,1.)) ;
#6593=DIRECTION('Axis2P3D XDirection',(0.,-1.,0.)) ;
#6597=DIRECTION('Vector Direction',(0.,0.,1.)) ;
#6604=DIRECTION('Axis2P3D Direction',(0.,0.,1.)) ;
#6611=DIRECTION('Vector Direction',(0.,0.,1.)) ;
#6623=DIRECTION('Axis2P3D Direction',(0.,0.,1.)) ;
#6635=DIRECTION('Axis2P3D Direction',(0.,0.,1.)) ;
#6636=DIRECTION('Axis2P3D XDirection',(0.,-1.,0.)) ;
#6640=DIRECTION('Vector Direction',(0.,0.,1.)) ;
#6647=DIRECTION('Axis2P3D Direction',(0.,0.,1.)) ;
#6654=DIRECTION('Vector Direction',(0.,0.,1.)) ;
#6666=DIRECTION('Axis2P3D Direction',(0.,0.,1.)) ;
#6678=DIRECTION('Axis2P3D Direction',(3.08148791102E-32,1.36845553157E-46,1.)) ;
#6679=DIRECTION('Axis2P3D XDirection',(0.,-1.,1.36845553157E-46)) ;
#6683=DIRECTION('Vector Direction',(0.,0.,1.)) ;
#6690=DIRECTION('Axis2P3D Direction',(3.08148791102E-32,1.36845553157E-46,1.)) ;
#6697=DIRECTION('Vector Direction',(0.,0.,1.)) ;
#6709=DIRECTION('Axis2P3D Direction',(3.08148791102E-32,1.36845553157E-46,1.)) ;
#6721=DIRECTION('Axis2P3D Direction',(0.,0.,1.)) ;
#6722=DIRECTION('Axis2P3D XDirection',(0.,-1.,0.)) ;
#6726=DIRECTION('Vector Direction',(0.,0.,1.)) ;
#6733=DIRECTION('Axis2P3D Direction',(0.,0.,1.)) ;
#6740=DIRECTION('Vector Direction',(0.,0.,1.)) ;
#6752=DIRECTION('Axis2P3D Direction',(0.,0.,1.)) ;
#6764=DIRECTION('Axis2P3D Direction',(0.,0.,1.)) ;
#6765=DIRECTION('Axis2P3D XDirection',(0.,-1.,0.)) ;
#6769=DIRECTION('Vector Direction',(0.,0.,1.)) ;
#6776=DIRECTION('Axis2P3D Direction',(0.,0.,1.)) ;
#6783=DIRECTION('Vector Direction',(0.,0.,1.)) ;
#6795=DIRECTION('Axis2P3D Direction',(0.,0.,1.)) ;
#6807=DIRECTION('Axis2P3D Direction',(0.,0.,1.)) ;
#6808=DIRECTION('Axis2P3D XDirection',(0.,-1.,0.)) ;
#6812=DIRECTION('Vector Direction',(0.,0.,1.)) ;
#6819=DIRECTION('Axis2P3D Direction',(0.,0.,1.)) ;
#6826=DIRECTION('Vector Direction',(0.,0.,1.)) ;
#6838=DIRECTION('Axis2P3D Direction',(0.,0.,1.)) ;
#6850=DIRECTION('Axis2P3D Direction',(0.,0.,1.)) ;
#6851=DIRECTION('Axis2P3D XDirection',(0.,-1.,0.)) ;
#6855=DIRECTION('Vector Direction',(0.,0.,1.)) ;
#6862=DIRECTION('Axis2P3D Direction',(0.,0.,1.)) ;
#6869=DIRECTION('Vector Direction',(0.,0.,1.)) ;
#6881=DIRECTION('Axis2P3D Direction',(0.,0.,1.)) ;
#6893=DIRECTION('Axis2P3D Direction',(1.92592994439E-32,5.34552942018E-47,1.)) ;
#6894=DIRECTION('Axis2P3D XDirection',(0.,-1.,5.34552942018E-47)) ;
#6898=DIRECTION('Vector Direction',(0.,0.,1.)) ;
#6905=DIRECTION('Axis2P3D Direction',(1.92592994439E-32,5.34552942018E-47,1.)) ;
#6912=DIRECTION('Vector Direction',(0.,0.,1.)) ;
#6924=DIRECTION('Axis2P3D Direction',(1.92592994439E-32,5.34552942018E-47,1.)) ;
#6936=DIRECTION('Axis2P3D Direction',(0.,0.,-1.)) ;
#6937=DIRECTION('Axis2P3D XDirection',(0.,1.,0.)) ;
#6941=DIRECTION('Vector Direction',(0.,0.,-1.)) ;
#6948=DIRECTION('Axis2P3D Direction',(0.,0.,-1.)) ;
#6955=DIRECTION('Vector Direction',(0.,0.,-1.)) ;
#6967=DIRECTION('Axis2P3D Direction',(0.,0.,-1.)) ;
#6979=DIRECTION('Axis2P3D Direction',(0.,0.,-1.)) ;
#6980=DIRECTION('Axis2P3D XDirection',(-1.7763568394E-14,1.,0.)) ;
#6984=DIRECTION('Vector Direction',(0.,0.,-1.)) ;
#6991=DIRECTION('Axis2P3D Direction',(0.,0.,-1.)) ;
#6998=DIRECTION('Vector Direction',(0.,0.,-1.)) ;
#7010=DIRECTION('Axis2P3D Direction',(0.,0.,-1.)) ;
#7022=DIRECTION('Axis2P3D Direction',(0.,0.,-1.)) ;
#7023=DIRECTION('Axis2P3D XDirection',(0.,1.,0.)) ;
#7027=DIRECTION('Vector Direction',(0.,0.,-1.)) ;
#7034=DIRECTION('Axis2P3D Direction',(0.,0.,-1.)) ;
#7041=DIRECTION('Vector Direction',(0.,0.,-1.)) ;
#7053=DIRECTION('Axis2P3D Direction',(0.,0.,-1.)) ;
#7065=DIRECTION('Axis2P3D Direction',(0.,0.,-1.)) ;
#7066=DIRECTION('Axis2P3D XDirection',(0.,1.,0.)) ;
#7070=DIRECTION('Vector Direction',(0.,0.,-1.)) ;
#7077=DIRECTION('Axis2P3D Direction',(0.,0.,-1.)) ;
#7084=DIRECTION('Vector Direction',(0.,0.,-1.)) ;
#7096=DIRECTION('Axis2P3D Direction',(0.,0.,-1.)) ;
#7108=DIRECTION('Axis2P3D Direction',(0.,0.,-1.)) ;
#7109=DIRECTION('Axis2P3D XDirection',(0.,1.,0.)) ;
#7113=DIRECTION('Vector Direction',(0.,0.,-1.)) ;
#7120=DIRECTION('Axis2P3D Direction',(0.,0.,-1.)) ;
#7127=DIRECTION('Vector Direction',(0.,0.,-1.)) ;
#7139=DIRECTION('Axis2P3D Direction',(0.,0.,-1.)) ;
#7151=DIRECTION('Axis2P3D Direction',(0.,0.,-1.)) ;
#7152=DIRECTION('Axis2P3D XDirection',(-8.881784197E-15,1.,0.)) ;
#7156=DIRECTION('Vector Direction',(0.,0.,-1.)) ;
#7163=DIRECTION('Axis2P3D Direction',(0.,0.,-1.)) ;
#7170=DIRECTION('Vector Direction',(0.,0.,-1.)) ;
#7182=DIRECTION('Axis2P3D Direction',(0.,0.,-1.)) ;
#7194=DIRECTION('Axis2P3D Direction',(0.,0.,-1.)) ;
#7195=DIRECTION('Axis2P3D XDirection',(0.,1.,0.)) ;
#7199=DIRECTION('Vector Direction',(0.,0.,-1.)) ;
#7206=DIRECTION('Axis2P3D Direction',(0.,0.,-1.)) ;
#7213=DIRECTION('Vector Direction',(0.,0.,-1.)) ;
#7225=DIRECTION('Axis2P3D Direction',(0.,0.,-1.)) ;
#7237=DIRECTION('Axis2P3D Direction',(0.,0.,-1.)) ;
#7238=DIRECTION('Axis2P3D XDirection',(0.,1.,0.)) ;
#7242=DIRECTION('Vector Direction',(0.,0.,-1.)) ;
#7249=DIRECTION('Axis2P3D Direction',(0.,0.,-1.)) ;
#7256=DIRECTION('Vector Direction',(0.,0.,-1.)) ;
#7268=DIRECTION('Axis2P3D Direction',(0.,0.,-1.)) ;
#7280=DIRECTION('Axis2P3D Direction',(0.,0.,-1.)) ;
#7281=DIRECTION('Axis2P3D XDirection',(0.,1.,0.)) ;
#7285=DIRECTION('Vector Direction',(0.,0.,-1.)) ;
#7292=DIRECTION('Axis2P3D Direction',(0.,0.,-1.)) ;
#7299=DIRECTION('Vector Direction',(0.,0.,-1.)) ;
#7311=DIRECTION('Axis2P3D Direction',(0.,0.,-1.)) ;
#7323=DIRECTION('Axis2P3D Direction',(0.,0.,-1.)) ;
#7324=DIRECTION('Axis2P3D XDirection',(0.,1.,0.)) ;
#7328=DIRECTION('Vector Direction',(0.,0.,-1.)) ;
#7335=DIRECTION('Axis2P3D Direction',(0.,0.,-1.)) ;
#7342=DIRECTION('Vector Direction',(0.,0.,-1.)) ;
#7354=DIRECTION('Axis2P3D Direction',(0.,0.,-1.)) ;
#7366=DIRECTION('Axis2P3D Direction',(0.,0.,-1.)) ;
#7367=DIRECTION('Axis2P3D XDirection',(-3.15544362088E-30,1.,0.)) ;
#7371=DIRECTION('Vector Direction',(0.,0.,-1.)) ;
#7378=DIRECTION('Axis2P3D Direction',(0.,0.,-1.)) ;
#7385=DIRECTION('Vector Direction',(0.,0.,-1.)) ;
#7397=DIRECTION('Axis2P3D Direction',(0.,0.,-1.)) ;
#7409=DIRECTION('Axis2P3D Direction',(0.,0.,-1.)) ;
#7410=DIRECTION('Axis2P3D XDirection',(-8.881784197E-15,1.,0.)) ;
#7414=DIRECTION('Vector Direction',(0.,0.,-1.)) ;
#7421=DIRECTION('Axis2P3D Direction',(0.,0.,-1.)) ;
#7428=DIRECTION('Vector Direction',(0.,0.,-1.)) ;
#7440=DIRECTION('Axis2P3D Direction',(0.,0.,-1.)) ;
#7452=DIRECTION('Axis2P3D Direction',(0.,0.,-1.)) ;
#7453=DIRECTION('Axis2P3D XDirection',(0.,1.,0.)) ;
#7457=DIRECTION('Vector Direction',(0.,0.,-1.)) ;
#7464=DIRECTION('Axis2P3D Direction',(0.,0.,-1.)) ;
#7471=DIRECTION('Vector Direction',(0.,0.,-1.)) ;
#7483=DIRECTION('Axis2P3D Direction',(0.,0.,-1.)) ;
#7495=DIRECTION('Axis2P3D Direction',(0.,0.,-1.)) ;
#7496=DIRECTION('Axis2P3D XDirection',(0.,1.,0.)) ;
#7500=DIRECTION('Vector Direction',(0.,0.,-1.)) ;
#7507=DIRECTION('Axis2P3D Direction',(0.,0.,-1.)) ;
#7514=DIRECTION('Vector Direction',(0.,0.,-1.)) ;
#7526=DIRECTION('Axis2P3D Direction',(0.,0.,-1.)) ;
#7538=DIRECTION('Axis2P3D Direction',(0.,0.,-1.)) ;
#7539=DIRECTION('Axis2P3D XDirection',(0.,1.,0.)) ;
#7543=DIRECTION('Vector Direction',(0.,0.,-1.)) ;
#7550=DIRECTION('Axis2P3D Direction',(0.,0.,-1.)) ;
#7557=DIRECTION('Vector Direction',(0.,0.,-1.)) ;
#7569=DIRECTION('Axis2P3D Direction',(0.,0.,-1.)) ;
#7581=DIRECTION('Axis2P3D Direction',(0.,0.,-1.)) ;
#7582=DIRECTION('Axis2P3D XDirection',(0.,1.,0.)) ;
#7586=DIRECTION('Vector Direction',(0.,0.,-1.)) ;
#7593=DIRECTION('Axis2P3D Direction',(0.,0.,-1.)) ;
#7600=DIRECTION('Vector Direction',(0.,0.,-1.)) ;
#7612=DIRECTION('Axis2P3D Direction',(0.,0.,-1.)) ;
#7624=DIRECTION('Axis2P3D Direction',(0.,0.,-1.)) ;
#7625=DIRECTION('Axis2P3D XDirection',(0.,1.,0.)) ;
#7629=DIRECTION('Vector Direction',(0.,0.,-1.)) ;
#7636=DIRECTION('Axis2P3D Direction',(0.,0.,-1.)) ;
#7643=DIRECTION('Vector Direction',(0.,0.,-1.)) ;
#7655=DIRECTION('Axis2P3D Direction',(0.,0.,-1.)) ;
#7667=DIRECTION('Axis2P3D Direction',(0.,0.,-1.)) ;
#7668=DIRECTION('Axis2P3D XDirection',(0.,1.,0.)) ;
#7672=DIRECTION('Vector Direction',(0.,0.,-1.)) ;
#7679=DIRECTION('Axis2P3D Direction',(0.,0.,-1.)) ;
#7686=DIRECTION('Vector Direction',(0.,0.,-1.)) ;
#7698=DIRECTION('Axis2P3D Direction',(0.,0.,-1.)) ;
#7710=DIRECTION('Axis2P3D Direction',(0.,0.,-1.)) ;
#7711=DIRECTION('Axis2P3D XDirection',(-8.881784197E-15,1.,0.)) ;
#7715=DIRECTION('Vector Direction',(0.,0.,-1.)) ;
#7722=DIRECTION('Axis2P3D Direction',(0.,0.,-1.)) ;
#7729=DIRECTION('Vector Direction',(0.,0.,-1.)) ;
#7741=DIRECTION('Axis2P3D Direction',(0.,0.,-1.)) ;
#7753=DIRECTION('Axis2P3D Direction',(0.,0.,-1.)) ;
#7754=DIRECTION('Axis2P3D XDirection',(0.,1.,0.)) ;
#7758=DIRECTION('Vector Direction',(0.,0.,-1.)) ;
#7765=DIRECTION('Axis2P3D Direction',(0.,0.,-1.)) ;
#7772=DIRECTION('Vector Direction',(0.,0.,-1.)) ;
#7784=DIRECTION('Axis2P3D Direction',(0.,0.,-1.)) ;
#7796=DIRECTION('Axis2P3D Direction',(0.,0.,-1.)) ;
#7797=DIRECTION('Axis2P3D XDirection',(-8.881784197E-15,1.,0.)) ;
#7801=DIRECTION('Vector Direction',(0.,0.,-1.)) ;
#7808=DIRECTION('Axis2P3D Direction',(0.,0.,-1.)) ;
#7815=DIRECTION('Vector Direction',(0.,0.,-1.)) ;
#7827=DIRECTION('Axis2P3D Direction',(0.,0.,-1.)) ;
#7839=DIRECTION('Axis2P3D Direction',(0.,0.,-1.)) ;
#7840=DIRECTION('Axis2P3D XDirection',(-8.881784197E-15,1.,0.)) ;
#7844=DIRECTION('Vector Direction',(0.,0.,-1.)) ;
#7851=DIRECTION('Axis2P3D Direction',(0.,0.,-1.)) ;
#7858=DIRECTION('Vector Direction',(0.,0.,-1.)) ;
#7870=DIRECTION('Axis2P3D Direction',(0.,0.,-1.)) ;
#7882=DIRECTION('Axis2P3D Direction',(0.,0.,-1.)) ;
#7883=DIRECTION('Axis2P3D XDirection',(0.,1.,0.)) ;
#7887=DIRECTION('Vector Direction',(0.,0.,-1.)) ;
#7894=DIRECTION('Axis2P3D Direction',(0.,0.,-1.)) ;
#7901=DIRECTION('Vector Direction',(0.,0.,-1.)) ;
#7913=DIRECTION('Axis2P3D Direction',(0.,0.,-1.)) ;
#7925=DIRECTION('Axis2P3D Direction',(0.,0.,-1.)) ;
#7926=DIRECTION('Axis2P3D XDirection',(0.,1.,0.)) ;
#7930=DIRECTION('Vector Direction',(0.,0.,-1.)) ;
#7937=DIRECTION('Axis2P3D Direction',(0.,0.,-1.)) ;
#7944=DIRECTION('Vector Direction',(0.,0.,-1.)) ;
#7956=DIRECTION('Axis2P3D Direction',(0.,0.,-1.)) ;
#7968=DIRECTION('Axis2P3D Direction',(0.,0.,-1.)) ;
#7969=DIRECTION('Axis2P3D XDirection',(0.,1.,0.)) ;
#7973=DIRECTION('Vector Direction',(0.,0.,-1.)) ;
#7980=DIRECTION('Axis2P3D Direction',(0.,0.,-1.)) ;
#7987=DIRECTION('Vector Direction',(0.,0.,-1.)) ;
#7999=DIRECTION('Axis2P3D Direction',(0.,0.,-1.)) ;
#8011=DIRECTION('Axis2P3D Direction',(0.,0.,-1.)) ;
#8012=DIRECTION('Axis2P3D XDirection',(0.,1.,0.)) ;
#8016=DIRECTION('Vector Direction',(0.,0.,-1.)) ;
#8023=DIRECTION('Axis2P3D Direction',(0.,0.,-1.)) ;
#8030=DIRECTION('Vector Direction',(0.,0.,-1.)) ;
#8042=DIRECTION('Axis2P3D Direction',(0.,0.,-1.)) ;
#8054=DIRECTION('Axis2P3D Direction',(0.,0.,-1.)) ;
#8055=DIRECTION('Axis2P3D XDirection',(0.,1.,0.)) ;
#8059=DIRECTION('Vector Direction',(0.,0.,-1.)) ;
#8066=DIRECTION('Axis2P3D Direction',(0.,0.,-1.)) ;
#8073=DIRECTION('Vector Direction',(0.,0.,-1.)) ;
#8085=DIRECTION('Axis2P3D Direction',(0.,0.,-1.)) ;
#8097=DIRECTION('Axis2P3D Direction',(0.,0.,-1.)) ;
#8098=DIRECTION('Axis2P3D XDirection',(-8.881784197E-15,1.,0.)) ;
#8102=DIRECTION('Vector Direction',(0.,0.,-1.)) ;
#8109=DIRECTION('Axis2P3D Direction',(0.,0.,-1.)) ;
#8116=DIRECTION('Vector Direction',(0.,0.,-1.)) ;
#8128=DIRECTION('Axis2P3D Direction',(0.,0.,-1.)) ;
#8140=DIRECTION('Axis2P3D Direction',(0.,0.,-1.)) ;
#8141=DIRECTION('Axis2P3D XDirection',(0.,1.,0.)) ;
#8145=DIRECTION('Vector Direction',(0.,0.,-1.)) ;
#8152=DIRECTION('Axis2P3D Direction',(0.,0.,-1.)) ;
#8159=DIRECTION('Vector Direction',(0.,0.,-1.)) ;
#8171=DIRECTION('Axis2P3D Direction',(0.,0.,-1.)) ;
#8183=DIRECTION('Axis2P3D Direction',(0.,0.,-1.)) ;
#8184=DIRECTION('Axis2P3D XDirection',(0.,1.,0.)) ;
#8188=DIRECTION('Vector Direction',(0.,0.,-1.)) ;
#8195=DIRECTION('Axis2P3D Direction',(0.,0.,-1.)) ;
#8202=DIRECTION('Vector Direction',(0.,0.,-1.)) ;
#8214=DIRECTION('Axis2P3D Direction',(0.,0.,-1.)) ;
#8226=DIRECTION('Axis2P3D Direction',(0.,0.,-1.)) ;
#8227=DIRECTION('Axis2P3D XDirection',(0.,1.,0.)) ;
#8231=DIRECTION('Vector Direction',(0.,0.,-1.)) ;
#8238=DIRECTION('Axis2P3D Direction',(0.,0.,-1.)) ;
#8245=DIRECTION('Vector Direction',(0.,0.,-1.)) ;
#8257=DIRECTION('Axis2P3D Direction',(0.,0.,-1.)) ;
#8269=DIRECTION('Axis2P3D Direction',(0.,0.,-1.)) ;
#8270=DIRECTION('Axis2P3D XDirection',(-0.149805379428,-0.988715504225,0.)) ;
#8274=DIRECTION('Vector Direction',(0.,0.,-1.)) ;
#8281=DIRECTION('Axis2P3D Direction',(0.,0.,-1.)) ;
#8288=DIRECTION('Vector Direction',(0.,0.,-1.)) ;
#8300=DIRECTION('Axis2P3D Direction',(-0.149805379428,-0.988715504225,-0.)) ;
#8301=DIRECTION('Axis2P3D XDirection',(-0.988715504225,0.149805379428,0.)) ;
#8305=DIRECTION('Vector Direction',(0.988715504225,-0.149805379428,0.)) ;
#8312=DIRECTION('Vector Direction',(0.,0.,-1.)) ;
#8324=DIRECTION('Axis2P3D Direction',(-0.,0.,-1.)) ;
#8325=DIRECTION('Axis2P3D XDirection',(0.149805379428,0.988715504225,0.)) ;
#8329=DIRECTION('Axis2P3D Direction',(-0.,0.,-1.)) ;
#8336=DIRECTION('Vector Direction',(0.,0.,-1.)) ;
#8348=DIRECTION('Axis2P3D Direction',(0.149805379428,0.988715504225,0.)) ;
#8349=DIRECTION('Axis2P3D XDirection',(0.988715504225,-0.149805379428,0.)) ;
#8353=DIRECTION('Vector Direction',(-0.988715504225,0.149805379428,0.)) ;
#8365=DIRECTION('Axis2P3D Direction',(0.149805379428,0.988715504225,0.)) ;
#8366=DIRECTION('Axis2P3D XDirection',(0.988715504225,-0.149805379428,0.)) ;
#8370=DIRECTION('Vector Direction',(0.,0.,-1.)) ;
#8377=DIRECTION('Vector Direction',(-0.988715504225,0.149805379428,0.)) ;
#8384=DIRECTION('Vector Direction',(0.,0.,-1.)) ;
#8396=DIRECTION('Axis2P3D Direction',(0.,0.,-1.)) ;
#8397=DIRECTION('Axis2P3D XDirection',(-0.149805379428,-0.988715504225,0.)) ;
#8401=DIRECTION('Axis2P3D Direction',(0.,0.,-1.)) ;
#8408=DIRECTION('Vector Direction',(0.,0.,-1.)) ;
#8420=DIRECTION('Axis2P3D Direction',(-0.149805379428,-0.988715504225,-0.)) ;
#8421=DIRECTION('Axis2P3D XDirection',(-0.988715504225,0.149805379428,0.)) ;
#8425=DIRECTION('Vector Direction',(0.988715504225,-0.149805379428,0.)) ;
#8432=DIRECTION('Vector Direction',(0.,0.,-1.)) ;
#8444=DIRECTION('Axis2P3D Direction',(8.31586907268E-17,5.48847358797E-16,-1.)) ;
#8445=DIRECTION('Axis2P3D XDirection',(0.149805379428,0.988715504225,5.55111512313E-16)) ;
#8449=DIRECTION('Axis2P3D Direction',(8.31586907268E-17,5.48847358797E-16,-1.)) ;
#8461=DIRECTION('Axis2P3D Direction',(0.,0.,-1.)) ;
#8462=DIRECTION('Axis2P3D XDirection',(-0.149805379428,0.988715504225,-0.)) ;
#8466=DIRECTION('Vector Direction',(0.,0.,-1.)) ;
#8473=DIRECTION('Axis2P3D Direction',(0.,0.,-1.)) ;
#8480=DIRECTION('Vector Direction',(0.,0.,-1.)) ;
#8492=DIRECTION('Axis2P3D Direction',(-0.149805379428,0.988715504225,0.)) ;
#8493=DIRECTION('Axis2P3D XDirection',(0.988715504225,0.149805379428,0.)) ;
#8497=DIRECTION('Vector Direction',(-0.988715504225,-0.149805379428,0.)) ;
#8504=DIRECTION('Vector Direction',(0.,0.,-1.)) ;
#8516=DIRECTION('Axis2P3D Direction',(0.,0.,-1.)) ;
#8517=DIRECTION('Axis2P3D XDirection',(0.149805379428,-0.988715504225,0.)) ;
#8521=DIRECTION('Axis2P3D Direction',(0.,0.,-1.)) ;
#8528=DIRECTION('Vector Direction',(0.,0.,-1.)) ;
#8540=DIRECTION('Axis2P3D Direction',(0.149805379428,-0.988715504225,0.)) ;
#8541=DIRECTION('Axis2P3D XDirection',(-0.988715504225,-0.149805379428,0.)) ;
#8545=DIRECTION('Vector Direction',(0.988715504225,0.149805379428,0.)) ;
#8557=DIRECTION('Axis2P3D Direction',(0.,0.,-1.)) ;
#8558=DIRECTION('Axis2P3D XDirection',(-0.149805379428,0.988715504225,-0.)) ;
#8562=DIRECTION('Vector Direction',(0.,0.,-1.)) ;
#8569=DIRECTION('Axis2P3D Direction',(0.,0.,-1.)) ;
#8576=DIRECTION('Vector Direction',(0.,0.,-1.)) ;
#8588=DIRECTION('Axis2P3D Direction',(-0.149805379428,0.988715504225,0.)) ;
#8589=DIRECTION('Axis2P3D XDirection',(0.988715504225,0.149805379428,0.)) ;
#8593=DIRECTION('Vector Direction',(-0.988715504225,-0.149805379428,0.)) ;
#8600=DIRECTION('Vector Direction',(0.,0.,-1.)) ;
#8612=DIRECTION('Axis2P3D Direction',(-8.31586907268E-17,5.48847358797E-16,-1.)) ;
#8613=DIRECTION('Axis2P3D XDirection',(0.149805379428,-0.988715504225,-5.55111512313E-16)) ;
#8617=DIRECTION('Axis2P3D Direction',(-8.31586907268E-17,5.48847358797E-16,-1.)) ;
#8624=DIRECTION('Vector Direction',(-8.31583690797E-17,5.48847367554E-16,-1.)) ;
#8636=DIRECTION('Axis2P3D Direction',(0.149805379428,-0.988715504225,0.)) ;
#8637=DIRECTION('Axis2P3D XDirection',(-0.988715504225,-0.149805379428,0.)) ;
#8641=DIRECTION('Vector Direction',(0.988715504225,0.149805379428,0.)) ;
#8653=DIRECTION('Axis2P3D Direction',(0.,0.,-1.)) ;
#8654=DIRECTION('Axis2P3D XDirection',(0.,1.,0.)) ;
#8658=DIRECTION('Vector Direction',(0.,0.,-1.)) ;
#8665=DIRECTION('Axis2P3D Direction',(0.,0.,-1.)) ;
#8672=DIRECTION('Vector Direction',(0.,0.,-1.)) ;
#8684=DIRECTION('Axis2P3D Direction',(0.,0.,-1.)) ;
#8696=DIRECTION('Axis2P3D Direction',(0.,0.,-1.)) ;
#8697=DIRECTION('Axis2P3D XDirection',(0.,1.,0.)) ;
#8701=DIRECTION('Vector Direction',(0.,0.,-1.)) ;
#8708=DIRECTION('Axis2P3D Direction',(0.,0.,-1.)) ;
#8715=DIRECTION('Vector Direction',(0.,0.,-1.)) ;
#8727=DIRECTION('Axis2P3D Direction',(0.,0.,-1.)) ;
#8739=DIRECTION('Axis2P3D Direction',(0.,0.,-1.)) ;
#8740=DIRECTION('Axis2P3D XDirection',(0.,1.,0.)) ;
#8744=DIRECTION('Vector Direction',(0.,0.,-1.)) ;
#8751=DIRECTION('Axis2P3D Direction',(0.,0.,-1.)) ;
#8758=DIRECTION('Vector Direction',(0.,0.,-1.)) ;
#8770=DIRECTION('Axis2P3D Direction',(0.,0.,-1.)) ;
#8782=DIRECTION('Axis2P3D Direction',(0.,0.,-1.)) ;
#8783=DIRECTION('Axis2P3D XDirection',(0.,1.,0.)) ;
#8787=DIRECTION('Vector Direction',(0.,0.,-1.)) ;
#8794=DIRECTION('Axis2P3D Direction',(0.,0.,-1.)) ;
#8801=DIRECTION('Vector Direction',(0.,0.,-1.)) ;
#8813=DIRECTION('Axis2P3D Direction',(0.,0.,-1.)) ;
#8825=DIRECTION('Axis2P3D Direction',(0.,0.,-1.)) ;
#8826=DIRECTION('Axis2P3D XDirection',(-6.66133814775E-15,1.,0.)) ;
#8830=DIRECTION('Vector Direction',(0.,0.,-1.)) ;
#8837=DIRECTION('Axis2P3D Direction',(0.,0.,-1.)) ;
#8844=DIRECTION('Vector Direction',(0.,0.,-1.)) ;
#8856=DIRECTION('Axis2P3D Direction',(0.,0.,-1.)) ;
#8868=DIRECTION('Axis2P3D Direction',(0.,0.,-1.)) ;
#8869=DIRECTION('Axis2P3D XDirection',(0.,1.,0.)) ;
#8873=DIRECTION('Vector Direction',(0.,0.,-1.)) ;
#8880=DIRECTION('Axis2P3D Direction',(0.,0.,-1.)) ;
#8887=DIRECTION('Vector Direction',(0.,0.,-1.)) ;
#8899=DIRECTION('Axis2P3D Direction',(0.,0.,-1.)) ;
#8911=DIRECTION('Axis2P3D Direction',(-0.,0.,-1.)) ;
#8912=DIRECTION('Axis2P3D XDirection',(1.,6.55371731735E-16,0.)) ;
#8916=DIRECTION('Vector Direction',(0.,0.,-1.)) ;
#8923=DIRECTION('Axis2P3D Direction',(-0.,0.,-1.)) ;
#8930=DIRECTION('Vector Direction',(0.,0.,-1.)) ;
#8942=DIRECTION('Axis2P3D Direction',(1.,0.,0.)) ;
#8943=DIRECTION('Axis2P3D XDirection',(0.,-1.,0.)) ;
#8947=DIRECTION('Vector Direction',(0.,1.,0.)) ;
#8954=DIRECTION('Vector Direction',(0.,0.,-1.)) ;
#8966=DIRECTION('Axis2P3D Direction',(0.,0.,-1.)) ;
#8967=DIRECTION('Axis2P3D XDirection',(-1.,-1.22464679915E-16,0.)) ;
#8971=DIRECTION('Axis2P3D Direction',(0.,0.,-1.)) ;
#8978=DIRECTION('Vector Direction',(0.,0.,-1.)) ;
#8990=DIRECTION('Axis2P3D Direction',(-1.,0.,0.)) ;
#8991=DIRECTION('Axis2P3D XDirection',(0.,1.,0.)) ;
#8995=DIRECTION('Vector Direction',(0.,-1.,0.)) ;
#9007=DIRECTION('Axis2P3D Direction',(-1.,-5.68434188608E-16,0.)) ;
#9008=DIRECTION('Axis2P3D XDirection',(5.68434188608E-16,-1.,0.)) ;
#9012=DIRECTION('Vector Direction',(0.,0.,1.)) ;
#9019=DIRECTION('Vector Direction',(0.,0.,1.)) ;
#9026=DIRECTION('Vector Direction',(5.68434188608E-16,-1.,0.)) ;
#9038=DIRECTION('Axis2P3D Direction',(0.,-0.,1.)) ;
#9039=DIRECTION('Axis2P3D XDirection',(1.,2.03012210217E-15,0.)) ;
#9043=DIRECTION('Vector Direction',(0.,0.,1.)) ;
#9050=DIRECTION('Axis2P3D Direction',(0.,-0.,1.)) ;
#9062=DIRECTION('Axis2P3D Direction',(1.,0.,0.)) ;
#9063=DIRECTION('Axis2P3D XDirection',(0.,1.,0.)) ;
#9067=DIRECTION('Vector Direction',(0.,0.,1.)) ;
#9074=DIRECTION('Vector Direction',(0.,1.,0.)) ;
#9086=DIRECTION('Axis2P3D Direction',(0.,0.,1.)) ;
#9087=DIRECTION('Axis2P3D XDirection',(-1.,0.,0.)) ;
#9091=DIRECTION('Axis2P3D Direction',(0.,0.,1.)) ;
#9103=DIRECTION('Axis2P3D Direction',(-0.,0.,-1.)) ;
#9104=DIRECTION('Axis2P3D XDirection',(1.,3.31183264157E-15,0.)) ;
#9108=DIRECTION('Vector Direction',(0.,0.,-1.)) ;
#9115=DIRECTION('Axis2P3D Direction',(-0.,0.,-1.)) ;
#9122=DIRECTION('Vector Direction',(0.,0.,-1.)) ;
#9134=DIRECTION('Axis2P3D Direction',(1.,0.,0.)) ;
#9135=DIRECTION('Axis2P3D XDirection',(0.,-1.,0.)) ;
#9139=DIRECTION('Vector Direction',(0.,1.,0.)) ;
#9146=DIRECTION('Vector Direction',(0.,0.,-1.)) ;
#9158=DIRECTION('Axis2P3D Direction',(0.,0.,-1.)) ;
#9159=DIRECTION('Axis2P3D XDirection',(-1.,-5.08818948097E-15,0.)) ;
#9163=DIRECTION('Axis2P3D Direction',(0.,0.,-1.)) ;
#9170=DIRECTION('Vector Direction',(0.,0.,-1.)) ;
#9182=DIRECTION('Axis2P3D Direction',(-1.,0.,0.)) ;
#9183=DIRECTION('Axis2P3D XDirection',(0.,1.,0.)) ;
#9187=DIRECTION('Vector Direction',(0.,-1.,0.)) ;
#9199=DIRECTION('Axis2P3D Direction',(-0.,0.,-1.)) ;
#9200=DIRECTION('Axis2P3D XDirection',(1.,4.56335677842E-15,0.)) ;
#9204=DIRECTION('Vector Direction',(0.,0.,-1.)) ;
#9211=DIRECTION('Axis2P3D Direction',(-0.,0.,-1.)) ;
#9218=DIRECTION('Vector Direction',(0.,0.,-1.)) ;
#9230=DIRECTION('Axis2P3D Direction',(1.,3.67468178382E-15,0.)) ;
#9231=DIRECTION('Axis2P3D XDirection',(3.67468178382E-15,-1.,0.)) ;
#9235=DIRECTION('Vector Direction',(-3.67468178382E-15,1.,0.)) ;
#9242=DIRECTION('Vector Direction',(0.,0.,-1.)) ;
#9254=DIRECTION('Axis2P3D Direction',(0.,0.,-1.)) ;
#9255=DIRECTION('Axis2P3D XDirection',(-1.,-2.34291072917E-15,0.)) ;
#9259=DIRECTION('Axis2P3D Direction',(0.,0.,-1.)) ;
#9266=DIRECTION('Vector Direction',(0.,0.,-1.)) ;
#9278=DIRECTION('Axis2P3D Direction',(-1.,-3.66671067366E-15,-0.)) ;
#9279=DIRECTION('Axis2P3D XDirection',(-3.66671067366E-15,1.,0.)) ;
#9283=DIRECTION('Vector Direction',(3.66671067366E-15,-1.,0.)) ;
#9295=DIRECTION('Axis2P3D Direction',(-0.,0.,-1.)) ;
#9296=DIRECTION('Axis2P3D XDirection',(1.,4.56335677842E-15,0.)) ;
#9300=DIRECTION('Vector Direction',(0.,0.,-1.)) ;
#9307=DIRECTION('Axis2P3D Direction',(-0.,0.,-1.)) ;
#9314=DIRECTION('Vector Direction',(0.,0.,-1.)) ;
#9326=DIRECTION('Axis2P3D Direction',(1.,3.73047955494E-15,0.)) ;
#9327=DIRECTION('Axis2P3D XDirection',(3.73047955494E-15,-1.,0.)) ;
#9331=DIRECTION('Vector Direction',(-3.6985951143E-15,1.,0.)) ;
#9338=DIRECTION('Vector Direction',(0.,0.,-1.)) ;
#9350=DIRECTION('Axis2P3D Direction',(0.,0.,-1.)) ;
#9351=DIRECTION('Axis2P3D XDirection',(-1.,-4.56335677842E-15,0.)) ;
#9355=DIRECTION('Axis2P3D Direction',(0.,0.,-1.)) ;
#9362=DIRECTION('Vector Direction',(0.,0.,-1.)) ;
#9374=DIRECTION('Axis2P3D Direction',(-1.,-3.6985951143E-15,-0.)) ;
#9375=DIRECTION('Axis2P3D XDirection',(-3.6985951143E-15,1.,0.)) ;
#9379=DIRECTION('Vector Direction',(3.6985951143E-15,-1.,0.)) ;
#9391=DIRECTION('Axis2P3D Direction',(0.,0.,-1.)) ;
#9392=DIRECTION('Axis2P3D XDirection',(1.,-2.09798136934E-15,0.)) ;
#9396=DIRECTION('Vector Direction',(0.,0.,-1.)) ;
#9403=DIRECTION('Axis2P3D Direction',(0.,0.,-1.)) ;
#9410=DIRECTION('Vector Direction',(0.,0.,-1.)) ;
#9422=DIRECTION('Axis2P3D Direction',(1.,4.08120840199E-15,0.)) ;
#9423=DIRECTION('Axis2P3D XDirection',(4.08120840199E-15,-1.,0.)) ;
#9427=DIRECTION('Vector Direction',(-4.08120840199E-15,1.,0.)) ;
#9434=DIRECTION('Vector Direction',(0.,0.,-1.)) ;
#9446=DIRECTION('Axis2P3D Direction',(0.,0.,-1.)) ;
#9447=DIRECTION('Axis2P3D XDirection',(-1.,-2.34291072917E-15,0.)) ;
#9451=DIRECTION('Axis2P3D Direction',(0.,0.,-1.)) ;
#9458=DIRECTION('Vector Direction',(0.,0.,-1.)) ;
#9470=DIRECTION('Axis2P3D Direction',(-1.,-3.6985951143E-15,-0.)) ;
#9471=DIRECTION('Axis2P3D XDirection',(-3.6985951143E-15,1.,0.)) ;
#9475=DIRECTION('Vector Direction',(3.82613287687E-15,-1.,0.)) ;
#9487=DIRECTION('Axis2P3D Direction',(-0.,0.,-1.)) ;
#9488=DIRECTION('Axis2P3D XDirection',(1.,2.34291072917E-15,0.)) ;
#9492=DIRECTION('Vector Direction',(0.,0.,-1.)) ;
#9499=DIRECTION('Axis2P3D Direction',(-0.,0.,-1.)) ;
#9506=DIRECTION('Vector Direction',(0.,0.,-1.)) ;
#9518=DIRECTION('Axis2P3D Direction',(1.,3.57105735174E-15,0.)) ;
#9519=DIRECTION('Axis2P3D XDirection',(3.57105735174E-15,-1.,0.)) ;
#9523=DIRECTION('Vector Direction',(-3.57105735174E-15,1.,0.)) ;
#9530=DIRECTION('Vector Direction',(0.,0.,-1.)) ;
#9542=DIRECTION('Axis2P3D Direction',(0.,0.,-1.)) ;
#9543=DIRECTION('Axis2P3D XDirection',(-1.,-2.34291072917E-15,0.)) ;
#9547=DIRECTION('Axis2P3D Direction',(0.,0.,-1.)) ;
#9554=DIRECTION('Vector Direction',(0.,0.,-1.)) ;
#9566=DIRECTION('Axis2P3D Direction',(-1.,-3.63482623302E-15,-0.)) ;
#9567=DIRECTION('Axis2P3D XDirection',(-3.63482623302E-15,1.,0.)) ;
#9571=DIRECTION('Vector Direction',(3.6985951143E-15,-1.,0.)) ;
#9583=DIRECTION('Axis2P3D Direction',(0.,0.,-1.)) ;
#9584=DIRECTION('Axis2P3D XDirection',(0.,1.,0.)) ;
#9588=DIRECTION('Vector Direction',(0.,0.,-1.)) ;
#9595=DIRECTION('Axis2P3D Direction',(0.,0.,-1.)) ;
#9602=DIRECTION('Vector Direction',(0.,0.,-1.)) ;
#9614=DIRECTION('Axis2P3D Direction',(0.,0.,-1.)) ;
#9626=DIRECTION('Axis2P3D Direction',(0.,0.,-1.)) ;
#9627=DIRECTION('Axis2P3D XDirection',(0.,1.,0.)) ;
#9631=DIRECTION('Vector Direction',(0.,0.,-1.)) ;
#9638=DIRECTION('Axis2P3D Direction',(0.,0.,-1.)) ;
#9645=DIRECTION('Vector Direction',(0.,0.,-1.)) ;
#9657=DIRECTION('Axis2P3D Direction',(0.,0.,-1.)) ;
#9669=DIRECTION('Axis2P3D Direction',(0.,0.,-1.)) ;
#9670=DIRECTION('Axis2P3D XDirection',(0.,1.,0.)) ;
#9674=DIRECTION('Vector Direction',(0.,0.,-1.)) ;
#9681=DIRECTION('Axis2P3D Direction',(0.,0.,-1.)) ;
#9688=DIRECTION('Vector Direction',(0.,0.,-1.)) ;
#9700=DIRECTION('Axis2P3D Direction',(0.,0.,-1.)) ;
#9712=DIRECTION('Axis2P3D Direction',(0.,0.,-1.)) ;
#9713=DIRECTION('Axis2P3D XDirection',(0.,1.,0.)) ;
#9717=DIRECTION('Vector Direction',(0.,0.,-1.)) ;
#9724=DIRECTION('Axis2P3D Direction',(0.,0.,-1.)) ;
#9731=DIRECTION('Vector Direction',(0.,0.,-1.)) ;
#9743=DIRECTION('Axis2P3D Direction',(0.,0.,-1.)) ;
#9755=DIRECTION('Axis2P3D Direction',(0.,0.,-1.)) ;
#9756=DIRECTION('Axis2P3D XDirection',(0.,1.,0.)) ;
#9760=DIRECTION('Vector Direction',(0.,0.,-1.)) ;
#9767=DIRECTION('Axis2P3D Direction',(0.,0.,-1.)) ;
#9774=DIRECTION('Vector Direction',(0.,0.,-1.)) ;
#9786=DIRECTION('Axis2P3D Direction',(0.,0.,-1.)) ;
#9798=DIRECTION('Axis2P3D Direction',(0.,0.,-1.)) ;
#9799=DIRECTION('Axis2P3D XDirection',(0.,1.,0.)) ;
#9803=DIRECTION('Vector Direction',(0.,0.,-1.)) ;
#9810=DIRECTION('Axis2P3D Direction',(0.,0.,-1.)) ;
#9817=DIRECTION('Vector Direction',(0.,0.,-1.)) ;
#9829=DIRECTION('Axis2P3D Direction',(0.,0.,-1.)) ;
#9841=DIRECTION('Axis2P3D Direction',(0.,0.,-1.)) ;
#9842=DIRECTION('Axis2P3D XDirection',(0.,1.,0.)) ;
#9846=DIRECTION('Vector Direction',(0.,0.,-1.)) ;
#9853=DIRECTION('Axis2P3D Direction',(0.,0.,-1.)) ;
#9860=DIRECTION('Vector Direction',(0.,0.,-1.)) ;
#9872=DIRECTION('Axis2P3D Direction',(0.,0.,-1.)) ;
#9884=DIRECTION('Axis2P3D Direction',(0.,0.,-1.)) ;
#9885=DIRECTION('Axis2P3D XDirection',(0.,1.,0.)) ;
#9889=DIRECTION('Vector Direction',(0.,0.,-1.)) ;
#9896=DIRECTION('Axis2P3D Direction',(0.,0.,-1.)) ;
#9903=DIRECTION('Vector Direction',(0.,0.,-1.)) ;
#9915=DIRECTION('Axis2P3D Direction',(0.,0.,-1.)) ;
#9927=DIRECTION('Axis2P3D Direction',(0.,0.,-1.)) ;
#9928=DIRECTION('Axis2P3D XDirection',(0.,1.,0.)) ;
#9932=DIRECTION('Vector Direction',(0.,0.,-1.)) ;
#9939=DIRECTION('Axis2P3D Direction',(0.,0.,-1.)) ;
#9946=DIRECTION('Vector Direction',(0.,0.,-1.)) ;
#9958=DIRECTION('Axis2P3D Direction',(0.,0.,-1.)) ;
#9970=DIRECTION('Axis2P3D Direction',(0.,0.,-1.)) ;
#9971=DIRECTION('Axis2P3D XDirection',(0.,1.,0.)) ;
#9975=DIRECTION('Vector Direction',(0.,0.,-1.)) ;
#9982=DIRECTION('Axis2P3D Direction',(0.,0.,-1.)) ;
#9989=DIRECTION('Vector Direction',(0.,0.,-1.)) ;
#10001=DIRECTION('Axis2P3D Direction',(0.,0.,-1.)) ;
#10013=DIRECTION('Axis2P3D Direction',(0.,0.,-1.)) ;
#10014=DIRECTION('Axis2P3D XDirection',(0.,1.,0.)) ;
#10018=DIRECTION('Vector Direction',(0.,0.,-1.)) ;
#10025=DIRECTION('Axis2P3D Direction',(0.,0.,-1.)) ;
#10032=DIRECTION('Vector Direction',(0.,0.,-1.)) ;
#10044=DIRECTION('Axis2P3D Direction',(0.,0.,-1.)) ;
#10056=DIRECTION('Axis2P3D Direction',(0.,0.,-1.)) ;
#10057=DIRECTION('Axis2P3D XDirection',(0.,1.,0.)) ;
#10061=DIRECTION('Vector Direction',(0.,0.,-1.)) ;
#10068=DIRECTION('Axis2P3D Direction',(0.,0.,-1.)) ;
#10075=DIRECTION('Vector Direction',(0.,0.,-1.)) ;
#10087=DIRECTION('Axis2P3D Direction',(0.,0.,-1.)) ;
#10099=DIRECTION('Axis2P3D Direction',(0.,0.,-1.)) ;
#10100=DIRECTION('Axis2P3D XDirection',(0.,1.,0.)) ;
#10104=DIRECTION('Vector Direction',(0.,0.,-1.)) ;
#10111=DIRECTION('Axis2P3D Direction',(0.,0.,-1.)) ;
#10118=DIRECTION('Vector Direction',(0.,0.,-1.)) ;
#10130=DIRECTION('Axis2P3D Direction',(0.,0.,-1.)) ;
#10142=DIRECTION('Axis2P3D Direction',(0.,0.,-1.)) ;
#10143=DIRECTION('Axis2P3D XDirection',(0.,1.,0.)) ;
#10147=DIRECTION('Vector Direction',(0.,0.,-1.)) ;
#10154=DIRECTION('Axis2P3D Direction',(0.,0.,-1.)) ;
#10161=DIRECTION('Vector Direction',(0.,0.,-1.)) ;
#10173=DIRECTION('Axis2P3D Direction',(0.,0.,-1.)) ;
#10185=DIRECTION('Axis2P3D Direction',(0.,0.,-1.)) ;
#10186=DIRECTION('Axis2P3D XDirection',(0.,1.,0.)) ;
#10190=DIRECTION('Vector Direction',(0.,0.,-1.)) ;
#10197=DIRECTION('Axis2P3D Direction',(0.,0.,-1.)) ;
#10204=DIRECTION('Vector Direction',(0.,0.,-1.)) ;
#10216=DIRECTION('Axis2P3D Direction',(0.,0.,-1.)) ;
#10228=DIRECTION('Axis2P3D Direction',(0.,0.,-1.)) ;
#10229=DIRECTION('Axis2P3D XDirection',(0.,1.,0.)) ;
#10233=DIRECTION('Vector Direction',(0.,0.,-1.)) ;
#10240=DIRECTION('Axis2P3D Direction',(0.,0.,-1.)) ;
#10247=DIRECTION('Vector Direction',(0.,0.,-1.)) ;
#10259=DIRECTION('Axis2P3D Direction',(0.,0.,-1.)) ;
#10271=DIRECTION('Axis2P3D Direction',(0.,0.,-1.)) ;
#10272=DIRECTION('Axis2P3D XDirection',(0.,1.,0.)) ;
#10276=DIRECTION('Vector Direction',(0.,0.,-1.)) ;
#10283=DIRECTION('Axis2P3D Direction',(0.,0.,-1.)) ;
#10290=DIRECTION('Vector Direction',(0.,0.,-1.)) ;
#10302=DIRECTION('Axis2P3D Direction',(0.,0.,-1.)) ;
#10314=DIRECTION('Axis2P3D Direction',(0.,0.,-1.)) ;
#10315=DIRECTION('Axis2P3D XDirection',(0.,1.,0.)) ;
#10319=DIRECTION('Vector Direction',(0.,0.,-1.)) ;
#10326=DIRECTION('Axis2P3D Direction',(0.,0.,-1.)) ;
#10333=DIRECTION('Vector Direction',(0.,0.,-1.)) ;
#10345=DIRECTION('Axis2P3D Direction',(0.,0.,-1.)) ;
#10357=DIRECTION('Axis2P3D Direction',(0.,0.,-1.)) ;
#10358=DIRECTION('Axis2P3D XDirection',(0.,1.,0.)) ;
#10362=DIRECTION('Vector Direction',(0.,0.,-1.)) ;
#10369=DIRECTION('Axis2P3D Direction',(0.,0.,-1.)) ;
#10376=DIRECTION('Vector Direction',(0.,0.,-1.)) ;
#10388=DIRECTION('Axis2P3D Direction',(0.,0.,-1.)) ;
#10400=DIRECTION('Axis2P3D Direction',(0.,0.,-1.)) ;
#10401=DIRECTION('Axis2P3D XDirection',(-4.037174635E-16,1.,0.)) ;
#10405=DIRECTION('Vector Direction',(0.,0.,-1.)) ;
#10412=DIRECTION('Axis2P3D Direction',(0.,0.,-1.)) ;
#10419=DIRECTION('Vector Direction',(0.,0.,-1.)) ;
#10431=DIRECTION('Axis2P3D Direction',(0.,0.,-1.)) ;
#10443=DIRECTION('Axis2P3D Direction',(0.,0.,-1.)) ;
#10444=DIRECTION('Axis2P3D XDirection',(0.,1.,0.)) ;
#10448=DIRECTION('Vector Direction',(0.,0.,-1.)) ;
#10455=DIRECTION('Axis2P3D Direction',(0.,0.,-1.)) ;
#10462=DIRECTION('Vector Direction',(0.,0.,-1.)) ;
#10474=DIRECTION('Axis2P3D Direction',(0.,0.,-1.)) ;
#10486=DIRECTION('Axis2P3D Direction',(0.,0.,-1.)) ;
#10487=DIRECTION('Axis2P3D XDirection',(0.,1.,0.)) ;
#10491=DIRECTION('Vector Direction',(0.,0.,-1.)) ;
#10498=DIRECTION('Axis2P3D Direction',(0.,0.,-1.)) ;
#10505=DIRECTION('Vector Direction',(0.,0.,-1.)) ;
#10517=DIRECTION('Axis2P3D Direction',(0.,0.,-1.)) ;
#10529=DIRECTION('Axis2P3D Direction',(0.,0.,-1.)) ;
#10530=DIRECTION('Axis2P3D XDirection',(0.,1.,0.)) ;
#10534=DIRECTION('Vector Direction',(0.,0.,-1.)) ;
#10541=DIRECTION('Axis2P3D Direction',(0.,0.,-1.)) ;
#10548=DIRECTION('Vector Direction',(0.,0.,-1.)) ;
#10560=DIRECTION('Axis2P3D Direction',(0.,0.,-1.)) ;
#10572=DIRECTION('Axis2P3D Direction',(0.,0.,-1.)) ;
#10573=DIRECTION('Axis2P3D XDirection',(0.,1.,0.)) ;
#10577=DIRECTION('Vector Direction',(0.,0.,-1.)) ;
#10584=DIRECTION('Axis2P3D Direction',(0.,0.,-1.)) ;
#10591=DIRECTION('Vector Direction',(0.,0.,-1.)) ;
#10603=DIRECTION('Axis2P3D Direction',(0.,0.,-1.)) ;
#10615=DIRECTION('Axis2P3D Direction',(0.,0.,-1.)) ;
#10616=DIRECTION('Axis2P3D XDirection',(-8.881784197E-15,1.,0.)) ;
#10620=DIRECTION('Vector Direction',(0.,0.,-1.)) ;
#10627=DIRECTION('Axis2P3D Direction',(0.,0.,-1.)) ;
#10634=DIRECTION('Vector Direction',(0.,0.,-1.)) ;
#10646=DIRECTION('Axis2P3D Direction',(0.,0.,-1.)) ;
#10658=DIRECTION('Axis2P3D Direction',(0.,0.,-1.)) ;
#10659=DIRECTION('Axis2P3D XDirection',(0.,1.,0.)) ;
#10663=DIRECTION('Vector Direction',(0.,0.,-1.)) ;
#10670=DIRECTION('Axis2P3D Direction',(0.,0.,-1.)) ;
#10677=DIRECTION('Vector Direction',(0.,0.,-1.)) ;
#10689=DIRECTION('Axis2P3D Direction',(0.,0.,-1.)) ;
#10701=DIRECTION('Axis2P3D Direction',(0.,0.,-1.)) ;
#10702=DIRECTION('Axis2P3D XDirection',(0.,1.,0.)) ;
#10706=DIRECTION('Vector Direction',(0.,0.,-1.)) ;
#10713=DIRECTION('Axis2P3D Direction',(0.,0.,-1.)) ;
#10720=DIRECTION('Vector Direction',(0.,0.,-1.)) ;
#10732=DIRECTION('Axis2P3D Direction',(0.,0.,-1.)) ;
#10744=DIRECTION('Axis2P3D Direction',(0.,0.,-1.)) ;
#10745=DIRECTION('Axis2P3D XDirection',(0.,1.,0.)) ;
#10749=DIRECTION('Vector Direction',(0.,0.,-1.)) ;
#10756=DIRECTION('Axis2P3D Direction',(0.,0.,-1.)) ;
#10763=DIRECTION('Vector Direction',(0.,0.,-1.)) ;
#10775=DIRECTION('Axis2P3D Direction',(0.,0.,-1.)) ;
#10787=DIRECTION('Axis2P3D Direction',(0.,0.,-1.)) ;
#10788=DIRECTION('Axis2P3D XDirection',(0.,1.,0.)) ;
#10792=DIRECTION('Vector Direction',(0.,0.,-1.)) ;
#10799=DIRECTION('Axis2P3D Direction',(0.,0.,-1.)) ;
#10806=DIRECTION('Vector Direction',(0.,0.,-1.)) ;
#10818=DIRECTION('Axis2P3D Direction',(0.,0.,-1.)) ;
#10830=DIRECTION('Axis2P3D Direction',(0.,0.,-1.)) ;
#10831=DIRECTION('Axis2P3D XDirection',(0.,1.,0.)) ;
#10835=DIRECTION('Vector Direction',(0.,0.,-1.)) ;
#10842=DIRECTION('Axis2P3D Direction',(0.,0.,-1.)) ;
#10849=DIRECTION('Vector Direction',(0.,0.,-1.)) ;
#10861=DIRECTION('Axis2P3D Direction',(0.,0.,-1.)) ;
#10873=DIRECTION('Axis2P3D Direction',(0.,0.,-1.)) ;
#10874=DIRECTION('Axis2P3D XDirection',(0.,1.,0.)) ;
#10878=DIRECTION('Vector Direction',(0.,0.,-1.)) ;
#10885=DIRECTION('Axis2P3D Direction',(0.,0.,-1.)) ;
#10892=DIRECTION('Vector Direction',(0.,0.,-1.)) ;
#10904=DIRECTION('Axis2P3D Direction',(0.,0.,-1.)) ;
#10916=DIRECTION('Axis2P3D Direction',(0.,0.,-1.)) ;
#10917=DIRECTION('Axis2P3D XDirection',(0.,1.,0.)) ;
#10921=DIRECTION('Vector Direction',(0.,0.,-1.)) ;
#10928=DIRECTION('Axis2P3D Direction',(0.,0.,-1.)) ;
#10935=DIRECTION('Vector Direction',(0.,0.,-1.)) ;
#10947=DIRECTION('Axis2P3D Direction',(0.,0.,-1.)) ;
#10959=DIRECTION('Axis2P3D Direction',(0.,0.,-1.)) ;
#10960=DIRECTION('Axis2P3D XDirection',(0.,1.,0.)) ;
#10964=DIRECTION('Vector Direction',(0.,0.,-1.)) ;
#10971=DIRECTION('Axis2P3D Direction',(0.,0.,-1.)) ;
#10978=DIRECTION('Vector Direction',(0.,0.,-1.)) ;
#10990=DIRECTION('Axis2P3D Direction',(0.,0.,-1.)) ;
#11002=DIRECTION('Axis2P3D Direction',(0.,0.,-1.)) ;
#11003=DIRECTION('Axis2P3D XDirection',(0.,1.,0.)) ;
#11007=DIRECTION('Vector Direction',(0.,0.,-1.)) ;
#11014=DIRECTION('Axis2P3D Direction',(0.,0.,-1.)) ;
#11021=DIRECTION('Vector Direction',(0.,0.,-1.)) ;
#11033=DIRECTION('Axis2P3D Direction',(0.,0.,-1.)) ;
#11045=DIRECTION('Axis2P3D Direction',(0.,0.,-1.)) ;
#11046=DIRECTION('Axis2P3D XDirection',(0.,1.,0.)) ;
#11050=DIRECTION('Vector Direction',(0.,0.,-1.)) ;
#11057=DIRECTION('Axis2P3D Direction',(0.,0.,-1.)) ;
#11064=DIRECTION('Vector Direction',(0.,0.,-1.)) ;
#11076=DIRECTION('Axis2P3D Direction',(0.,0.,-1.)) ;
#11088=DIRECTION('Axis2P3D Direction',(0.,0.,-1.)) ;
#11089=DIRECTION('Axis2P3D XDirection',(0.,1.,0.)) ;
#11093=DIRECTION('Vector Direction',(0.,0.,-1.)) ;
#11100=DIRECTION('Axis2P3D Direction',(0.,0.,-1.)) ;
#11107=DIRECTION('Vector Direction',(0.,0.,-1.)) ;
#11119=DIRECTION('Axis2P3D Direction',(0.,0.,-1.)) ;
#11131=DIRECTION('Axis2P3D Direction',(0.,0.,-1.)) ;
#11132=DIRECTION('Axis2P3D XDirection',(0.,1.,0.)) ;
#11136=DIRECTION('Vector Direction',(0.,0.,-1.)) ;
#11143=DIRECTION('Axis2P3D Direction',(0.,0.,-1.)) ;
#11150=DIRECTION('Vector Direction',(0.,0.,-1.)) ;
#11162=DIRECTION('Axis2P3D Direction',(0.,0.,-1.)) ;
#11174=DIRECTION('Axis2P3D Direction',(-0.034472103178,0.999405660431,0.)) ;
#11175=DIRECTION('Axis2P3D XDirection',(0.999405660431,0.034472103178,0.)) ;
#11179=DIRECTION('Vector Direction',(0.,0.,-1.)) ;
#11186=DIRECTION('Vector Direction',(-0.999405660431,-0.034472103178,0.)) ;
#11193=DIRECTION('Vector Direction',(0.,0.,-1.)) ;
#11205=DIRECTION('Axis2P3D Direction',(0.,0.,-1.)) ;
#11206=DIRECTION('Axis2P3D XDirection',(0.034472103178,-0.999405660431,0.)) ;
#11210=DIRECTION('Axis2P3D Direction',(0.,0.,-1.)) ;
#11217=DIRECTION('Vector Direction',(0.,0.,-1.)) ;
#11229=DIRECTION('Axis2P3D Direction',(0.0344721031774,-0.999405660432,0.)) ;
#11230=DIRECTION('Axis2P3D XDirection',(-0.999405660432,-0.0344721031774,0.)) ;
#11234=DIRECTION('Vector Direction',(0.999405660432,0.0344721031774,0.)) ;
#11241=DIRECTION('Vector Direction',(0.,0.,-1.)) ;
#11253=DIRECTION('Axis2P3D Direction',(0.,0.,-1.)) ;
#11254=DIRECTION('Axis2P3D XDirection',(-0.034472103178,0.999405660431,-0.)) ;
#11258=DIRECTION('Axis2P3D Direction',(0.,0.,-1.)) ;
#11270=DIRECTION('Axis2P3D Direction',(0.,0.,-1.)) ;
#11271=DIRECTION('Axis2P3D XDirection',(-4.037174635E-16,1.,0.)) ;
#11275=DIRECTION('Vector Direction',(0.,0.,-1.)) ;
#11282=DIRECTION('Axis2P3D Direction',(0.,0.,-1.)) ;
#11289=DIRECTION('Vector Direction',(0.,0.,-1.)) ;
#11301=DIRECTION('Axis2P3D Direction',(0.,0.,-1.)) ;
#11313=DIRECTION('Axis2P3D Direction',(0.,0.,-1.)) ;
#11314=DIRECTION('Axis2P3D XDirection',(0.,1.,0.)) ;
#11318=DIRECTION('Vector Direction',(0.,0.,-1.)) ;
#11325=DIRECTION('Axis2P3D Direction',(0.,0.,-1.)) ;
#11332=DIRECTION('Vector Direction',(0.,0.,-1.)) ;
#11344=DIRECTION('Axis2P3D Direction',(0.,0.,-1.)) ;
#11356=DIRECTION('Axis2P3D Direction',(0.,0.,-1.)) ;
#11357=DIRECTION('Axis2P3D XDirection',(0.,1.,0.)) ;
#11361=DIRECTION('Vector Direction',(0.,0.,-1.)) ;
#11368=DIRECTION('Axis2P3D Direction',(0.,0.,-1.)) ;
#11375=DIRECTION('Vector Direction',(0.,0.,-1.)) ;
#11387=DIRECTION('Axis2P3D Direction',(0.,0.,-1.)) ;
#11399=DIRECTION('Axis2P3D Direction',(0.,0.,-1.)) ;
#11400=DIRECTION('Axis2P3D XDirection',(0.,1.,0.)) ;
#11404=DIRECTION('Vector Direction',(0.,0.,-1.)) ;
#11411=DIRECTION('Axis2P3D Direction',(0.,0.,-1.)) ;
#11418=DIRECTION('Vector Direction',(0.,0.,-1.)) ;
#11430=DIRECTION('Axis2P3D Direction',(0.,0.,-1.)) ;
#11442=DIRECTION('Axis2P3D Direction',(0.,0.,-1.)) ;
#11443=DIRECTION('Axis2P3D XDirection',(0.,1.,0.)) ;
#11447=DIRECTION('Vector Direction',(0.,0.,-1.)) ;
#11454=DIRECTION('Axis2P3D Direction',(0.,0.,-1.)) ;
#11461=DIRECTION('Vector Direction',(0.,0.,-1.)) ;
#11473=DIRECTION('Axis2P3D Direction',(0.,0.,-1.)) ;
#11485=DIRECTION('Axis2P3D Direction',(0.,0.,-1.)) ;
#11486=DIRECTION('Axis2P3D XDirection',(0.,1.,0.)) ;
#11490=DIRECTION('Vector Direction',(0.,0.,-1.)) ;
#11497=DIRECTION('Axis2P3D Direction',(0.,0.,-1.)) ;
#11504=DIRECTION('Vector Direction',(0.,0.,-1.)) ;
#11516=DIRECTION('Axis2P3D Direction',(0.,0.,-1.)) ;
#11528=DIRECTION('Axis2P3D Direction',(0.,0.,-1.)) ;
#11529=DIRECTION('Axis2P3D XDirection',(-4.4408920985E-15,1.,0.)) ;
#11533=DIRECTION('Vector Direction',(0.,0.,-1.)) ;
#11540=DIRECTION('Axis2P3D Direction',(0.,0.,-1.)) ;
#11547=DIRECTION('Vector Direction',(0.,0.,-1.)) ;
#11559=DIRECTION('Axis2P3D Direction',(0.,0.,-1.)) ;
#11571=DIRECTION('Axis2P3D Direction',(0.,0.,-1.)) ;
#11572=DIRECTION('Axis2P3D XDirection',(-8.881784197E-15,1.,0.)) ;
#11576=DIRECTION('Vector Direction',(0.,0.,-1.)) ;
#11583=DIRECTION('Axis2P3D Direction',(0.,0.,-1.)) ;
#11590=DIRECTION('Vector Direction',(0.,0.,-1.)) ;
#11602=DIRECTION('Axis2P3D Direction',(0.,0.,-1.)) ;
#11614=DIRECTION('Axis2P3D Direction',(0.,0.,-1.)) ;
#11615=DIRECTION('Axis2P3D XDirection',(-6.66133814775E-15,1.,0.)) ;
#11619=DIRECTION('Vector Direction',(0.,0.,-1.)) ;
#11626=DIRECTION('Axis2P3D Direction',(0.,0.,-1.)) ;
#11633=DIRECTION('Vector Direction',(0.,0.,-1.)) ;
#11645=DIRECTION('Axis2P3D Direction',(0.,0.,-1.)) ;
#11657=DIRECTION('Axis2P3D Direction',(0.,0.,-1.)) ;
#11658=DIRECTION('Axis2P3D XDirection',(-4.4408920985E-15,1.,0.)) ;
#11662=DIRECTION('Vector Direction',(0.,0.,-1.)) ;
#11669=DIRECTION('Axis2P3D Direction',(0.,0.,-1.)) ;
#11676=DIRECTION('Vector Direction',(0.,0.,-1.)) ;
#11688=DIRECTION('Axis2P3D Direction',(0.,0.,-1.)) ;
#11700=DIRECTION('Axis2P3D Direction',(0.,0.,-1.)) ;
#11701=DIRECTION('Axis2P3D XDirection',(-4.4408920985E-15,1.,0.)) ;
#11705=DIRECTION('Vector Direction',(0.,0.,-1.)) ;
#11712=DIRECTION('Axis2P3D Direction',(0.,0.,-1.)) ;
#11719=DIRECTION('Vector Direction',(0.,0.,-1.)) ;
#11731=DIRECTION('Axis2P3D Direction',(0.,0.,-1.)) ;
#11743=DIRECTION('Axis2P3D Direction',(0.,0.,-1.)) ;
#11744=DIRECTION('Axis2P3D XDirection',(0.,1.,0.)) ;
#11748=DIRECTION('Vector Direction',(0.,0.,-1.)) ;
#11755=DIRECTION('Axis2P3D Direction',(0.,0.,-1.)) ;
#11762=DIRECTION('Vector Direction',(0.,0.,-1.)) ;
#11774=DIRECTION('Axis2P3D Direction',(0.,0.,-1.)) ;
#11786=DIRECTION('Axis2P3D Direction',(0.,0.,-1.)) ;
#11787=DIRECTION('Axis2P3D XDirection',(0.,1.,0.)) ;
#11791=DIRECTION('Vector Direction',(0.,0.,-1.)) ;
#11798=DIRECTION('Axis2P3D Direction',(0.,0.,-1.)) ;
#11805=DIRECTION('Vector Direction',(0.,0.,-1.)) ;
#11817=DIRECTION('Axis2P3D Direction',(0.,0.,-1.)) ;
#11829=DIRECTION('Axis2P3D Direction',(0.,0.,-1.)) ;
#11830=DIRECTION('Axis2P3D XDirection',(0.,1.,0.)) ;
#11834=DIRECTION('Vector Direction',(0.,0.,-1.)) ;
#11841=DIRECTION('Axis2P3D Direction',(0.,0.,-1.)) ;
#11848=DIRECTION('Vector Direction',(0.,0.,-1.)) ;
#11860=DIRECTION('Axis2P3D Direction',(0.,0.,-1.)) ;
#11872=DIRECTION('Axis2P3D Direction',(0.,0.,-1.)) ;
#11873=DIRECTION('Axis2P3D XDirection',(0.,1.,0.)) ;
#11877=DIRECTION('Vector Direction',(0.,0.,-1.)) ;
#11884=DIRECTION('Axis2P3D Direction',(0.,0.,-1.)) ;
#11891=DIRECTION('Vector Direction',(0.,0.,-1.)) ;
#11903=DIRECTION('Axis2P3D Direction',(0.,0.,-1.)) ;
#11915=DIRECTION('Axis2P3D Direction',(0.,0.,-1.)) ;
#11916=DIRECTION('Axis2P3D XDirection',(0.,1.,0.)) ;
#11920=DIRECTION('Vector Direction',(0.,0.,-1.)) ;
#11927=DIRECTION('Axis2P3D Direction',(0.,0.,-1.)) ;
#11934=DIRECTION('Vector Direction',(0.,0.,-1.)) ;
#11946=DIRECTION('Axis2P3D Direction',(0.,0.,-1.)) ;
#11958=DIRECTION('Axis2P3D Direction',(0.,0.,-1.)) ;
#11959=DIRECTION('Axis2P3D XDirection',(0.,1.,0.)) ;
#11963=DIRECTION('Vector Direction',(0.,0.,-1.)) ;
#11970=DIRECTION('Axis2P3D Direction',(0.,0.,-1.)) ;
#11977=DIRECTION('Vector Direction',(0.,0.,-1.)) ;
#11989=DIRECTION('Axis2P3D Direction',(0.,0.,-1.)) ;
#12001=DIRECTION('Axis2P3D Direction',(0.,0.,-1.)) ;
#12002=DIRECTION('Axis2P3D XDirection',(0.,1.,0.)) ;
#12006=DIRECTION('Vector Direction',(0.,0.,-1.)) ;
#12013=DIRECTION('Axis2P3D Direction',(0.,0.,-1.)) ;
#12020=DIRECTION('Vector Direction',(0.,0.,-1.)) ;
#12032=DIRECTION('Axis2P3D Direction',(0.,0.,-1.)) ;
#12044=DIRECTION('Axis2P3D Direction',(0.,0.,-1.)) ;
#12045=DIRECTION('Axis2P3D XDirection',(-8.881784197E-15,1.,0.)) ;
#12049=DIRECTION('Vector Direction',(0.,0.,-1.)) ;
#12056=DIRECTION('Axis2P3D Direction',(0.,0.,-1.)) ;
#12063=DIRECTION('Vector Direction',(0.,0.,-1.)) ;
#12075=DIRECTION('Axis2P3D Direction',(0.,0.,-1.)) ;
#12087=DIRECTION('Axis2P3D Direction',(0.,0.,-1.)) ;
#12088=DIRECTION('Axis2P3D XDirection',(0.,1.,0.)) ;
#12092=DIRECTION('Vector Direction',(0.,0.,-1.)) ;
#12099=DIRECTION('Axis2P3D Direction',(0.,0.,-1.)) ;
#12106=DIRECTION('Vector Direction',(0.,0.,-1.)) ;
#12118=DIRECTION('Axis2P3D Direction',(0.,0.,-1.)) ;
#12130=DIRECTION('Axis2P3D Direction',(0.,0.,-1.)) ;
#12131=DIRECTION('Axis2P3D XDirection',(0.,1.,0.)) ;
#12135=DIRECTION('Vector Direction',(0.,0.,-1.)) ;
#12142=DIRECTION('Axis2P3D Direction',(0.,0.,-1.)) ;
#12149=DIRECTION('Vector Direction',(0.,0.,-1.)) ;
#12161=DIRECTION('Axis2P3D Direction',(0.,0.,-1.)) ;
#12173=DIRECTION('Axis2P3D Direction',(0.,0.,-1.)) ;
#12174=DIRECTION('Axis2P3D XDirection',(0.,1.,0.)) ;
#12178=DIRECTION('Vector Direction',(0.,0.,-1.)) ;
#12185=DIRECTION('Axis2P3D Direction',(0.,0.,-1.)) ;
#12192=DIRECTION('Vector Direction',(0.,0.,-1.)) ;
#12204=DIRECTION('Axis2P3D Direction',(0.,0.,-1.)) ;
#12216=DIRECTION('Axis2P3D Direction',(0.,0.,-1.)) ;
#12217=DIRECTION('Axis2P3D XDirection',(0.,1.,0.)) ;
#12221=DIRECTION('Vector Direction',(0.,0.,-1.)) ;
#12228=DIRECTION('Axis2P3D Direction',(0.,0.,-1.)) ;
#12235=DIRECTION('Vector Direction',(0.,0.,-1.)) ;
#12247=DIRECTION('Axis2P3D Direction',(0.,0.,-1.)) ;
#12259=DIRECTION('Axis2P3D Direction',(0.,0.,-1.)) ;
#12260=DIRECTION('Axis2P3D XDirection',(-8.881784197E-15,1.,0.)) ;
#12264=DIRECTION('Vector Direction',(0.,0.,-1.)) ;
#12271=DIRECTION('Axis2P3D Direction',(0.,0.,-1.)) ;
#12278=DIRECTION('Vector Direction',(0.,0.,-1.)) ;
#12290=DIRECTION('Axis2P3D Direction',(0.,0.,-1.)) ;
#12302=DIRECTION('Axis2P3D Direction',(0.,0.,-1.)) ;
#12303=DIRECTION('Axis2P3D XDirection',(0.,1.,0.)) ;
#12307=DIRECTION('Vector Direction',(0.,0.,-1.)) ;
#12314=DIRECTION('Axis2P3D Direction',(0.,0.,-1.)) ;
#12321=DIRECTION('Vector Direction',(0.,0.,-1.)) ;
#12333=DIRECTION('Axis2P3D Direction',(0.,0.,-1.)) ;
#12345=DIRECTION('Axis2P3D Direction',(0.,0.,-1.)) ;
#12346=DIRECTION('Axis2P3D XDirection',(-4.4408920985E-15,1.,0.)) ;
#12350=DIRECTION('Vector Direction',(0.,0.,-1.)) ;
#12357=DIRECTION('Axis2P3D Direction',(0.,0.,-1.)) ;
#12364=DIRECTION('Vector Direction',(0.,0.,-1.)) ;
#12376=DIRECTION('Axis2P3D Direction',(0.,0.,-1.)) ;
#12388=DIRECTION('Axis2P3D Direction',(0.,0.,-1.)) ;
#12389=DIRECTION('Axis2P3D XDirection',(0.,1.,0.)) ;
#12393=DIRECTION('Vector Direction',(0.,0.,-1.)) ;
#12400=DIRECTION('Axis2P3D Direction',(0.,0.,-1.)) ;
#12407=DIRECTION('Vector Direction',(0.,0.,-1.)) ;
#12419=DIRECTION('Axis2P3D Direction',(0.,0.,-1.)) ;
#12431=DIRECTION('Axis2P3D Direction',(0.,0.,-1.)) ;
#12432=DIRECTION('Axis2P3D XDirection',(-8.881784197E-15,1.,0.)) ;
#12436=DIRECTION('Vector Direction',(0.,0.,-1.)) ;
#12443=DIRECTION('Axis2P3D Direction',(0.,0.,-1.)) ;
#12450=DIRECTION('Vector Direction',(0.,0.,-1.)) ;
#12462=DIRECTION('Axis2P3D Direction',(0.,0.,-1.)) ;
#12474=DIRECTION('Axis2P3D Direction',(0.,0.,-1.)) ;
#12475=DIRECTION('Axis2P3D XDirection',(0.,1.,0.)) ;
#12479=DIRECTION('Vector Direction',(0.,0.,-1.)) ;
#12486=DIRECTION('Axis2P3D Direction',(0.,0.,-1.)) ;
#12493=DIRECTION('Vector Direction',(0.,0.,-1.)) ;
#12505=DIRECTION('Axis2P3D Direction',(0.,0.,-1.)) ;
#12517=DIRECTION('Axis2P3D Direction',(0.,0.,-1.)) ;
#12518=DIRECTION('Axis2P3D XDirection',(0.,1.,0.)) ;
#12522=DIRECTION('Vector Direction',(0.,0.,-1.)) ;
#12529=DIRECTION('Axis2P3D Direction',(0.,0.,-1.)) ;
#12536=DIRECTION('Vector Direction',(0.,0.,-1.)) ;
#12548=DIRECTION('Axis2P3D Direction',(0.,0.,-1.)) ;
#12560=DIRECTION('Axis2P3D Direction',(0.,0.,-1.)) ;
#12561=DIRECTION('Axis2P3D XDirection',(0.,1.,0.)) ;
#12565=DIRECTION('Vector Direction',(0.,0.,-1.)) ;
#12572=DIRECTION('Axis2P3D Direction',(0.,0.,-1.)) ;
#12579=DIRECTION('Vector Direction',(0.,0.,-1.)) ;
#12591=DIRECTION('Axis2P3D Direction',(0.,0.,-1.)) ;
#12603=DIRECTION('Axis2P3D Direction',(0.,0.,-1.)) ;
#12604=DIRECTION('Axis2P3D XDirection',(-8.881784197E-15,1.,0.)) ;
#12608=DIRECTION('Vector Direction',(0.,0.,-1.)) ;
#12615=DIRECTION('Axis2P3D Direction',(0.,0.,-1.)) ;
#12622=DIRECTION('Vector Direction',(0.,0.,-1.)) ;
#12634=DIRECTION('Axis2P3D Direction',(0.,0.,-1.)) ;
#12646=DIRECTION('Axis2P3D Direction',(-1.,-4.26325641456E-16,-0.)) ;
#12647=DIRECTION('Axis2P3D XDirection',(-4.26325641456E-16,1.,0.)) ;
#12651=DIRECTION('Vector Direction',(0.,0.,-1.)) ;
#12658=DIRECTION('Vector Direction',(4.26325641456E-16,-1.,0.)) ;
#12665=DIRECTION('Vector Direction',(0.,0.,-1.)) ;
#12677=DIRECTION('Axis2P3D Direction',(-0.,0.,-1.)) ;
#12678=DIRECTION('Axis2P3D XDirection',(1.,1.01064309961E-15,0.)) ;
#12682=DIRECTION('Axis2P3D Direction',(-0.,0.,-1.)) ;
#12689=DIRECTION('Vector Direction',(0.,0.,-1.)) ;
#12701=DIRECTION('Axis2P3D Direction',(1.,4.26325641456E-16,0.)) ;
#12702=DIRECTION('Axis2P3D XDirection',(4.26325641456E-16,-1.,0.)) ;
#12706=DIRECTION('Vector Direction',(-2.84217094304E-16,1.,0.)) ;
#12713=DIRECTION('Vector Direction',(0.,0.,-1.)) ;
#12725=DIRECTION('Axis2P3D Direction',(0.,0.,-1.)) ;
#12726=DIRECTION('Axis2P3D XDirection',(-1.,-7.8859849469E-16,0.)) ;
#12730=DIRECTION('Axis2P3D Direction',(0.,0.,-1.)) ;
#12742=DIRECTION('Axis2P3D Direction',(0.,0.,-1.)) ;
#12743=DIRECTION('Axis2P3D XDirection',(-0.866025403784,-0.5,0.)) ;
#12747=DIRECTION('Vector Direction',(0.,0.,-1.)) ;
#12754=DIRECTION('Axis2P3D Direction',(0.,0.,-1.)) ;
#12761=DIRECTION('Vector Direction',(0.,0.,-1.)) ;
#12773=DIRECTION('Axis2P3D Direction',(-0.866025403784,-0.5,-0.)) ;
#12774=DIRECTION('Axis2P3D XDirection',(-0.5,0.866025403784,0.)) ;
#12778=DIRECTION('Vector Direction',(0.5,-0.866025403784,0.)) ;
#12785=DIRECTION('Vector Direction',(0.,0.,1.)) ;
#12797=DIRECTION('Axis2P3D Direction',(0.,0.,1.)) ;
#12798=DIRECTION('Axis2P3D XDirection',(-0.866025403784,-0.5,0.)) ;
#12802=DIRECTION('Vector Direction',(0.,0.,1.)) ;
#12809=DIRECTION('Axis2P3D Direction',(0.,0.,1.)) ;
#12821=DIRECTION('Axis2P3D Direction',(0.866025403784,0.5,0.)) ;
#12822=DIRECTION('Axis2P3D XDirection',(0.5,-0.866025403784,0.)) ;
#12826=DIRECTION('Vector Direction',(-0.5,0.866025403784,0.)) ;
#12838=DIRECTION('Axis2P3D Direction',(-0.866025403784,0.5,0.)) ;
#12839=DIRECTION('Axis2P3D XDirection',(0.5,0.866025403784,0.)) ;
#12843=DIRECTION('Vector Direction',(0.,0.,1.)) ;
#12850=DIRECTION('Vector Direction',(-0.5,-0.866025403784,0.)) ;
#12857=DIRECTION('Vector Direction',(0.,0.,-1.)) ;
#12869=DIRECTION('Axis2P3D Direction',(0.,0.,-1.)) ;
#12870=DIRECTION('Axis2P3D XDirection',(0.866025403784,-0.5,0.)) ;
#12874=DIRECTION('Axis2P3D Direction',(0.,0.,-1.)) ;
#12881=DIRECTION('Vector Direction',(0.,0.,-1.)) ;
#12893=DIRECTION('Axis2P3D Direction',(0.866025403784,-0.5,0.)) ;
#12894=DIRECTION('Axis2P3D XDirection',(-0.5,-0.866025403784,0.)) ;
#12898=DIRECTION('Vector Direction',(0.5,0.866025403784,0.)) ;
#12905=DIRECTION('Vector Direction',(0.,0.,1.)) ;
#12917=DIRECTION('Axis2P3D Direction',(0.,0.,1.)) ;
#12918=DIRECTION('Axis2P3D XDirection',(0.866025403784,-0.5,0.)) ;
#12922=DIRECTION('Axis2P3D Direction',(0.,0.,1.)) ;
#12934=DIRECTION('Axis2P3D Direction',(0.866025403784,-0.5,0.)) ;
#12935=DIRECTION('Axis2P3D XDirection',(-0.5,-0.866025403784,0.)) ;
#12939=DIRECTION('Vector Direction',(0.,0.,1.)) ;
#12946=DIRECTION('Vector Direction',(0.5,0.866025403784,0.)) ;
#12953=DIRECTION('Vector Direction',(0.,0.,-1.)) ;
#12965=DIRECTION('Axis2P3D Direction',(0.,0.,-1.)) ;
#12966=DIRECTION('Axis2P3D XDirection',(-0.866025403784,0.5,-0.)) ;
#12970=DIRECTION('Axis2P3D Direction',(0.,0.,-1.)) ;
#12977=DIRECTION('Vector Direction',(0.,0.,-1.)) ;
#12989=DIRECTION('Axis2P3D Direction',(-0.866025403784,0.5,0.)) ;
#12990=DIRECTION('Axis2P3D XDirection',(0.5,0.866025403784,0.)) ;
#12994=DIRECTION('Vector Direction',(-0.5,-0.866025403784,0.)) ;
#13001=DIRECTION('Vector Direction',(0.,0.,1.)) ;
#13013=DIRECTION('Axis2P3D Direction',(0.,0.,1.)) ;
#13014=DIRECTION('Axis2P3D XDirection',(-0.866025403784,0.5,0.)) ;
#13018=DIRECTION('Axis2P3D Direction',(0.,0.,1.)) ;
#13030=DIRECTION('Axis2P3D Direction',(-0.,0.,-1.)) ;
#13031=DIRECTION('Axis2P3D XDirection',(0.866025403784,0.5,0.)) ;
#13035=DIRECTION('Vector Direction',(0.,0.,-1.)) ;
#13042=DIRECTION('Axis2P3D Direction',(-0.,0.,-1.)) ;
#13049=DIRECTION('Vector Direction',(0.,0.,-1.)) ;
#13061=DIRECTION('Axis2P3D Direction',(0.866025403784,0.5,0.)) ;
#13062=DIRECTION('Axis2P3D XDirection',(0.5,-0.866025403784,0.)) ;
#13066=DIRECTION('Vector Direction',(-0.5,0.866025403784,0.)) ;
#13073=DIRECTION('Vector Direction',(0.,0.,1.)) ;
#13085=DIRECTION('Axis2P3D Direction',(0.,-0.,1.)) ;
#13086=DIRECTION('Axis2P3D XDirection',(0.866025403784,0.5,0.)) ;
#13090=DIRECTION('Vector Direction',(0.,0.,1.)) ;
#13097=DIRECTION('Axis2P3D Direction',(0.,-0.,1.)) ;
#13109=DIRECTION('Axis2P3D Direction',(-0.866025403784,-0.5,-0.)) ;
#13110=DIRECTION('Axis2P3D XDirection',(-0.5,0.866025403784,0.)) ;
#13114=DIRECTION('Vector Direction',(0.5,-0.866025403784,0.)) ;
#13126=DIRECTION('Axis2P3D Direction',(0.,0.,-1.)) ;
#13127=DIRECTION('Axis2P3D XDirection',(0.,1.,0.)) ;
#13131=DIRECTION('Vector Direction',(0.,0.,-1.)) ;
#13138=DIRECTION('Axis2P3D Direction',(0.,0.,-1.)) ;
#13145=DIRECTION('Vector Direction',(0.,0.,-1.)) ;
#13157=DIRECTION('Axis2P3D Direction',(0.,0.,-1.)) ;
#13169=DIRECTION('Axis2P3D Direction',(0.,0.,-1.)) ;
#13170=DIRECTION('Axis2P3D XDirection',(0.,1.,0.)) ;
#13174=DIRECTION('Vector Direction',(0.,0.,-1.)) ;
#13181=DIRECTION('Axis2P3D Direction',(0.,0.,-1.)) ;
#13188=DIRECTION('Vector Direction',(0.,0.,-1.)) ;
#13200=DIRECTION('Axis2P3D Direction',(0.,0.,-1.)) ;
#13212=DIRECTION('Axis2P3D Direction',(0.,0.,-1.)) ;
#13213=DIRECTION('Axis2P3D XDirection',(-7.89491928622E-15,1.,0.)) ;
#13217=DIRECTION('Vector Direction',(0.,0.,-1.)) ;
#13224=DIRECTION('Axis2P3D Direction',(0.,0.,-1.)) ;
#13231=DIRECTION('Vector Direction',(0.,0.,-1.)) ;
#13243=DIRECTION('Axis2P3D Direction',(0.,0.,-1.)) ;
#13255=DIRECTION('Axis2P3D Direction',(0.,0.,-1.)) ;
#13256=DIRECTION('Axis2P3D XDirection',(-5.26327952415E-15,1.,0.)) ;
#13260=DIRECTION('Vector Direction',(0.,0.,-1.)) ;
#13267=DIRECTION('Axis2P3D Direction',(0.,0.,-1.)) ;
#13274=DIRECTION('Vector Direction',(0.,0.,-1.)) ;
#13286=DIRECTION('Axis2P3D Direction',(0.,0.,-1.)) ;
#13298=DIRECTION('Axis2P3D Direction',(0.,0.,-1.)) ;
#13299=DIRECTION('Axis2P3D XDirection',(0.,1.,0.)) ;
#13303=DIRECTION('Vector Direction',(0.,0.,-1.)) ;
#13310=DIRECTION('Axis2P3D Direction',(0.,0.,-1.)) ;
#13317=DIRECTION('Vector Direction',(0.,0.,-1.)) ;
#13329=DIRECTION('Axis2P3D Direction',(0.,0.,-1.)) ;
#13341=DIRECTION('Axis2P3D Direction',(0.,0.,-1.)) ;
#13342=DIRECTION('Axis2P3D XDirection',(-5.26327952415E-15,1.,0.)) ;
#13346=DIRECTION('Vector Direction',(0.,0.,-1.)) ;
#13353=DIRECTION('Axis2P3D Direction',(0.,0.,-1.)) ;
#13360=DIRECTION('Vector Direction',(0.,0.,-1.)) ;
#13372=DIRECTION('Axis2P3D Direction',(0.,0.,-1.)) ;
#13384=DIRECTION('Axis2P3D Direction',(0.,0.,-1.)) ;
#13385=DIRECTION('Axis2P3D XDirection',(0.,1.,0.)) ;
#13389=DIRECTION('Vector Direction',(0.,0.,-1.)) ;
#13396=DIRECTION('Axis2P3D Direction',(0.,0.,-1.)) ;
#13403=DIRECTION('Vector Direction',(0.,0.,-1.)) ;
#13415=DIRECTION('Axis2P3D Direction',(0.,0.,-1.)) ;
#13427=DIRECTION('Axis2P3D Direction',(0.,0.,-1.)) ;
#13428=DIRECTION('Axis2P3D XDirection',(0.,1.,0.)) ;
#13432=DIRECTION('Vector Direction',(0.,0.,-1.)) ;
#13439=DIRECTION('Axis2P3D Direction',(0.,0.,-1.)) ;
#13446=DIRECTION('Vector Direction',(0.,0.,-1.)) ;
#13458=DIRECTION('Axis2P3D Direction',(0.,0.,-1.)) ;
#13470=DIRECTION('Axis2P3D Direction',(0.,0.,-1.)) ;
#13471=DIRECTION('Axis2P3D XDirection',(-7.27793520434E-18,1.,0.)) ;
#13475=DIRECTION('Vector Direction',(0.,0.,-1.)) ;
#13482=DIRECTION('Axis2P3D Direction',(0.,0.,-1.)) ;
#13489=DIRECTION('Vector Direction',(0.,0.,-1.)) ;
#13501=DIRECTION('Axis2P3D Direction',(0.,0.,-1.)) ;
#13513=DIRECTION('Axis2P3D Direction',(0.,0.,-1.)) ;
#13514=DIRECTION('Axis2P3D XDirection',(-2.79602159095E-15,1.,0.)) ;
#13518=DIRECTION('Vector Direction',(0.,0.,-1.)) ;
#13525=DIRECTION('Axis2P3D Direction',(0.,0.,-1.)) ;
#13532=DIRECTION('Vector Direction',(0.,0.,-1.)) ;
#13544=DIRECTION('Axis2P3D Direction',(0.,0.,-1.)) ;
#13556=DIRECTION('Axis2P3D Direction',(-2.84217094304E-16,-1.,-0.)) ;
#13557=DIRECTION('Axis2P3D XDirection',(-1.,2.84217094304E-16,0.)) ;
#13561=DIRECTION('Vector Direction',(0.,0.,-1.)) ;
#13568=DIRECTION('Vector Direction',(1.,0.,0.)) ;
#13575=DIRECTION('Vector Direction',(0.,0.,-1.)) ;
#13587=DIRECTION('Axis2P3D Direction',(1.22567366809E-15,1.83851050213E-15,-1.)) ;
#13588=DIRECTION('Axis2P3D XDirection',(-1.,3.43024899889E-15,-1.22567366809E-15)) ;
#13592=DIRECTION('Vector Direction',(1.22567342942E-15,1.83851085467E-15,-1.)) ;
#13599=DIRECTION('Axis2P3D Direction',(1.22567366809E-15,1.83851050213E-15,-1.)) ;
#13611=DIRECTION('Axis2P3D Direction',(-1.,0.,0.)) ;
#13612=DIRECTION('Axis2P3D XDirection',(0.,1.,0.)) ;
#13616=DIRECTION('Vector Direction',(0.,-1.,0.)) ;
#13623=DIRECTION('Vector Direction',(0.,0.,-1.)) ;
#13635=DIRECTION('Axis2P3D Direction',(1.22567366809E-15,-2.22044604925E-15,-1.)) ;
#13636=DIRECTION('Axis2P3D XDirection',(-1.22464679915E-16,1.,-2.22044604925E-15)) ;
#13640=DIRECTION('Vector Direction',(1.22567342942E-15,-2.22044604925E-15,-1.)) ;
#13647=DIRECTION('Axis2P3D Direction',(1.22567366809E-15,-2.22044604925E-15,-1.)) ;
#13659=DIRECTION('Axis2P3D Direction',(2.84217094304E-16,1.,0.)) ;
#13660=DIRECTION('Axis2P3D XDirection',(1.,-2.84217094304E-16,0.)) ;
#13664=DIRECTION('Vector Direction',(-1.,0.,0.)) ;
#13671=DIRECTION('Vector Direction',(0.,0.,-1.)) ;
#13683=DIRECTION('Axis2P3D Direction',(-2.6645352591E-15,-1.83851050213E-15,-1.)) ;
#13684=DIRECTION('Axis2P3D XDirection',(1.,1.22464679915E-16,-2.6645352591E-15)) ;
#13688=DIRECTION('Vector Direction',(-2.6645352591E-15,-1.83851085467E-15,-1.)) ;
#13695=DIRECTION('Axis2P3D Direction',(-2.6645352591E-15,-1.83851050213E-15,-1.)) ;
#13707=DIRECTION('Axis2P3D Direction',(1.,0.,0.)) ;
#13708=DIRECTION('Axis2P3D XDirection',(0.,-1.,0.)) ;
#13712=DIRECTION('Vector Direction',(0.,1.,0.)) ;
#13719=DIRECTION('Vector Direction',(0.,0.,-1.)) ;
#13731=DIRECTION('Axis2P3D Direction',(-6.12836834043E-16,4.4408920985E-16,-1.)) ;
#13732=DIRECTION('Axis2P3D XDirection',(1.22464679915E-16,-1.,-4.4408920985E-16)) ;
#13736=DIRECTION('Axis2P3D Direction',(-6.12836834043E-16,4.4408920985E-16,-1.)) ;
#13748=DIRECTION('Axis2P3D Direction',(-0.,1.,0.)) ;
#13749=DIRECTION('Axis2P3D XDirection',(1.,0.,0.)) ;
#13753=DIRECTION('Vector Direction',(0.,0.,-1.)) ;
#13760=DIRECTION('Vector Direction',(-1.,0.,0.)) ;
#13767=DIRECTION('Vector Direction',(0.,0.,-1.)) ;
#13779=DIRECTION('Axis2P3D Direction',(-1.22567366809E-15,-1.83851050213E-15,-1.)) ;
#13780=DIRECTION('Axis2P3D XDirection',(1.,1.22464679915E-16,-1.22567366809E-15)) ;
#13784=DIRECTION('Vector Direction',(-1.22567342942E-15,-1.83851085467E-15,-1.)) ;
#13791=DIRECTION('Axis2P3D Direction',(-1.22567366809E-15,-1.83851050213E-15,-1.)) ;
#13803=DIRECTION('Axis2P3D Direction',(1.,0.,0.)) ;
#13804=DIRECTION('Axis2P3D XDirection',(0.,-1.,0.)) ;
#13808=DIRECTION('Vector Direction',(0.,1.,0.)) ;
#13815=DIRECTION('Vector Direction',(0.,0.,-1.)) ;
#13827=DIRECTION('Axis2P3D Direction',(-1.22567366809E-15,2.22044604925E-15,-1.)) ;
#13828=DIRECTION('Axis2P3D XDirection',(1.22464679915E-16,-1.,-2.22044604925E-15)) ;
#13832=DIRECTION('Vector Direction',(-1.22567342942E-15,2.22044604925E-15,-1.)) ;
#13839=DIRECTION('Axis2P3D Direction',(-1.22567366809E-15,2.22044604925E-15,-1.)) ;
#13851=DIRECTION('Axis2P3D Direction',(-0.,-1.,-0.)) ;
#13852=DIRECTION('Axis2P3D XDirection',(-1.,0.,0.)) ;
#13856=DIRECTION('Vector Direction',(1.,0.,0.)) ;
#13863=DIRECTION('Vector Direction',(0.,0.,-1.)) ;
#13875=DIRECTION('Axis2P3D Direction',(4.50322561433E-45,1.83851050213E-15,-1.)) ;
#13876=DIRECTION('Axis2P3D XDirection',(-1.,-1.22464679915E-16,-2.25152600163E-31)) ;
#13880=DIRECTION('Vector Direction',(0.,1.83851085467E-15,-1.)) ;
#13887=DIRECTION('Axis2P3D Direction',(4.50322561433E-45,1.83851050213E-15,-1.)) ;
#13899=DIRECTION('Axis2P3D Direction',(-1.,0.,0.)) ;
#13900=DIRECTION('Axis2P3D XDirection',(0.,1.,0.)) ;
#13904=DIRECTION('Vector Direction',(0.,-1.,0.)) ;
#13911=DIRECTION('Vector Direction',(0.,0.,-1.)) ;
#13923=DIRECTION('Axis2P3D Direction',(2.45134733617E-15,-1.83851050213E-15,-1.)) ;
#13924=DIRECTION('Axis2P3D XDirection',(-1.22464679915E-16,1.,-1.83851050213E-15)) ;
#13928=DIRECTION('Axis2P3D Direction',(2.45134733617E-15,-1.83851050213E-15,-1.)) ;
#13940=DIRECTION('Axis2P3D Direction',(0.,0.,-1.)) ;
#13941=DIRECTION('Axis2P3D XDirection',(0.,1.,0.)) ;
#13945=DIRECTION('Vector Direction',(0.,0.,-1.)) ;
#13952=DIRECTION('Axis2P3D Direction',(0.,0.,-1.)) ;
#13959=DIRECTION('Vector Direction',(0.,0.,-1.)) ;
#13971=DIRECTION('Axis2P3D Direction',(0.,0.,-1.)) ;
#13983=DIRECTION('Axis2P3D Direction',(0.,0.,-1.)) ;
#13984=DIRECTION('Axis2P3D XDirection',(0.,1.,0.)) ;
#13988=DIRECTION('Vector Direction',(0.,0.,-1.)) ;
#13995=DIRECTION('Axis2P3D Direction',(0.,0.,-1.)) ;
#14002=DIRECTION('Vector Direction',(0.,0.,-1.)) ;
#14014=DIRECTION('Axis2P3D Direction',(0.,0.,-1.)) ;
#14026=DIRECTION('Axis2P3D Direction',(0.,0.,-1.)) ;
#14027=DIRECTION('Axis2P3D XDirection',(0.,1.,0.)) ;
#14031=DIRECTION('Vector Direction',(0.,0.,-1.)) ;
#14038=DIRECTION('Axis2P3D Direction',(0.,0.,-1.)) ;
#14045=DIRECTION('Vector Direction',(0.,0.,-1.)) ;
#14057=DIRECTION('Axis2P3D Direction',(0.,0.,-1.)) ;
#14069=DIRECTION('Axis2P3D Direction',(0.,0.,-1.)) ;
#14070=DIRECTION('Axis2P3D XDirection',(-8.881784197E-15,1.,0.)) ;
#14074=DIRECTION('Vector Direction',(0.,0.,-1.)) ;
#14081=DIRECTION('Axis2P3D Direction',(0.,0.,-1.)) ;
#14088=DIRECTION('Vector Direction',(0.,0.,-1.)) ;
#14100=DIRECTION('Axis2P3D Direction',(0.,0.,-1.)) ;
#14112=DIRECTION('Axis2P3D Direction',(0.,0.,-1.)) ;
#14113=DIRECTION('Axis2P3D XDirection',(-4.4408920985E-15,1.,0.)) ;
#14117=DIRECTION('Vector Direction',(0.,0.,-1.)) ;
#14124=DIRECTION('Axis2P3D Direction',(0.,0.,-1.)) ;
#14131=DIRECTION('Vector Direction',(0.,0.,-1.)) ;
#14143=DIRECTION('Axis2P3D Direction',(0.,0.,-1.)) ;
#14155=DIRECTION('Axis2P3D Direction',(0.,0.,-1.)) ;
#14156=DIRECTION('Axis2P3D XDirection',(0.,1.,0.)) ;
#14160=DIRECTION('Vector Direction',(0.,0.,-1.)) ;
#14167=DIRECTION('Axis2P3D Direction',(0.,0.,-1.)) ;
#14174=DIRECTION('Vector Direction',(0.,0.,-1.)) ;
#14186=DIRECTION('Axis2P3D Direction',(0.,0.,-1.)) ;
#14198=DIRECTION('Axis2P3D Direction',(0.,0.,-1.)) ;
#14199=DIRECTION('Axis2P3D XDirection',(-8.881784197E-15,1.,0.)) ;
#14203=DIRECTION('Vector Direction',(0.,0.,-1.)) ;
#14210=DIRECTION('Axis2P3D Direction',(0.,0.,-1.)) ;
#14217=DIRECTION('Vector Direction',(0.,0.,-1.)) ;
#14229=DIRECTION('Axis2P3D Direction',(0.,0.,-1.)) ;
#14241=DIRECTION('Axis2P3D Direction',(0.,0.,-1.)) ;
#14242=DIRECTION('Axis2P3D XDirection',(0.,1.,0.)) ;
#14246=DIRECTION('Vector Direction',(0.,0.,-1.)) ;
#14253=DIRECTION('Axis2P3D Direction',(0.,0.,-1.)) ;
#14260=DIRECTION('Vector Direction',(0.,0.,-1.)) ;
#14272=DIRECTION('Axis2P3D Direction',(0.,0.,-1.)) ;
#14284=DIRECTION('Axis2P3D Direction',(0.,0.,-1.)) ;
#14285=DIRECTION('Axis2P3D XDirection',(0.,1.,0.)) ;
#14289=DIRECTION('Vector Direction',(0.,0.,-1.)) ;
#14296=DIRECTION('Axis2P3D Direction',(0.,0.,-1.)) ;
#14303=DIRECTION('Vector Direction',(0.,0.,-1.)) ;
#14315=DIRECTION('Axis2P3D Direction',(0.,0.,-1.)) ;
#14327=DIRECTION('Axis2P3D Direction',(0.,0.,-1.)) ;
#14328=DIRECTION('Axis2P3D XDirection',(0.,1.,0.)) ;
#14332=DIRECTION('Vector Direction',(0.,0.,-1.)) ;
#14339=DIRECTION('Axis2P3D Direction',(0.,0.,-1.)) ;
#14346=DIRECTION('Vector Direction',(0.,0.,-1.)) ;
#14358=DIRECTION('Axis2P3D Direction',(0.,0.,-1.)) ;
#14370=DIRECTION('Axis2P3D Direction',(0.,0.,-1.)) ;
#14371=DIRECTION('Axis2P3D XDirection',(-6.93889390391E-15,1.,0.)) ;
#14375=DIRECTION('Vector Direction',(0.,0.,-1.)) ;
#14382=DIRECTION('Axis2P3D Direction',(0.,0.,-1.)) ;
#14389=DIRECTION('Vector Direction',(0.,0.,-1.)) ;
#14401=DIRECTION('Axis2P3D Direction',(0.,0.,-1.)) ;
#14413=DIRECTION('Axis2P3D Direction',(0.,0.,-1.)) ;
#14414=DIRECTION('Axis2P3D XDirection',(-4.4408920985E-15,1.,0.)) ;
#14418=DIRECTION('Vector Direction',(0.,0.,-1.)) ;
#14425=DIRECTION('Axis2P3D Direction',(0.,0.,-1.)) ;
#14432=DIRECTION('Vector Direction',(0.,0.,-1.)) ;
#14444=DIRECTION('Axis2P3D Direction',(0.,0.,-1.)) ;
#14456=DIRECTION('Axis2P3D Direction',(0.,0.,-1.)) ;
#14457=DIRECTION('Axis2P3D XDirection',(0.,1.,0.)) ;
#14461=DIRECTION('Vector Direction',(0.,0.,-1.)) ;
#14468=DIRECTION('Axis2P3D Direction',(0.,0.,-1.)) ;
#14475=DIRECTION('Vector Direction',(0.,0.,-1.)) ;
#14487=DIRECTION('Axis2P3D Direction',(0.,0.,-1.)) ;
#14499=DIRECTION('Axis2P3D Direction',(0.,0.,-1.)) ;
#14500=DIRECTION('Axis2P3D XDirection',(-4.4408920985E-15,1.,0.)) ;
#14504=DIRECTION('Vector Direction',(0.,0.,-1.)) ;
#14511=DIRECTION('Axis2P3D Direction',(0.,0.,-1.)) ;
#14518=DIRECTION('Vector Direction',(0.,0.,-1.)) ;
#14530=DIRECTION('Axis2P3D Direction',(0.,0.,-1.)) ;
#14542=DIRECTION('Axis2P3D Direction',(0.,0.,-1.)) ;
#14543=DIRECTION('Axis2P3D XDirection',(-8.881784197E-15,1.,0.)) ;
#14547=DIRECTION('Vector Direction',(0.,0.,-1.)) ;
#14554=DIRECTION('Axis2P3D Direction',(0.,0.,-1.)) ;
#14561=DIRECTION('Vector Direction',(0.,0.,-1.)) ;
#14573=DIRECTION('Axis2P3D Direction',(0.,0.,-1.)) ;
#14585=DIRECTION('Axis2P3D Direction',(0.,0.,-1.)) ;
#14586=DIRECTION('Axis2P3D XDirection',(-6.24500451352E-14,1.,0.)) ;
#14590=DIRECTION('Vector Direction',(0.,0.,-1.)) ;
#14597=DIRECTION('Axis2P3D Direction',(0.,0.,-1.)) ;
#14604=DIRECTION('Vector Direction',(0.,0.,-1.)) ;
#14616=DIRECTION('Axis2P3D Direction',(0.,0.,-1.)) ;
#14628=DIRECTION('Axis2P3D Direction',(0.,0.,-1.)) ;
#14629=DIRECTION('Axis2P3D XDirection',(0.,1.,0.)) ;
#14633=DIRECTION('Vector Direction',(0.,0.,-1.)) ;
#14640=DIRECTION('Axis2P3D Direction',(0.,0.,-1.)) ;
#14647=DIRECTION('Vector Direction',(0.,0.,-1.)) ;
#14659=DIRECTION('Axis2P3D Direction',(0.,0.,-1.)) ;
#14671=DIRECTION('Axis2P3D Direction',(0.,0.,-1.)) ;
#14672=DIRECTION('Axis2P3D XDirection',(0.,1.,0.)) ;
#14676=DIRECTION('Vector Direction',(0.,0.,-1.)) ;
#14683=DIRECTION('Axis2P3D Direction',(0.,0.,-1.)) ;
#14690=DIRECTION('Vector Direction',(0.,0.,-1.)) ;
#14702=DIRECTION('Axis2P3D Direction',(0.,0.,-1.)) ;
#14714=DIRECTION('Axis2P3D Direction',(0.,0.,-1.)) ;
#14715=DIRECTION('Axis2P3D XDirection',(0.,1.,0.)) ;
#14719=DIRECTION('Vector Direction',(0.,0.,-1.)) ;
#14726=DIRECTION('Axis2P3D Direction',(0.,0.,-1.)) ;
#14733=DIRECTION('Vector Direction',(0.,0.,-1.)) ;
#14745=DIRECTION('Axis2P3D Direction',(0.,0.,-1.)) ;
#14757=DIRECTION('Axis2P3D Direction',(0.,0.,-1.)) ;
#14758=DIRECTION('Axis2P3D XDirection',(0.,1.,0.)) ;
#14762=DIRECTION('Vector Direction',(0.,0.,-1.)) ;
#14769=DIRECTION('Axis2P3D Direction',(0.,0.,-1.)) ;
#14776=DIRECTION('Vector Direction',(0.,0.,-1.)) ;
#14788=DIRECTION('Axis2P3D Direction',(0.,0.,-1.)) ;
#14800=DIRECTION('Axis2P3D Direction',(0.,0.,-1.)) ;
#14801=DIRECTION('Axis2P3D XDirection',(0.,1.,0.)) ;
#14805=DIRECTION('Vector Direction',(0.,0.,-1.)) ;
#14812=DIRECTION('Axis2P3D Direction',(0.,0.,-1.)) ;
#14819=DIRECTION('Vector Direction',(0.,0.,-1.)) ;
#14831=DIRECTION('Axis2P3D Direction',(0.,0.,-1.)) ;
#14843=DIRECTION('Axis2P3D Direction',(0.,0.,-1.)) ;
#14844=DIRECTION('Axis2P3D XDirection',(0.,1.,0.)) ;
#14848=DIRECTION('Vector Direction',(0.,0.,-1.)) ;
#14855=DIRECTION('Axis2P3D Direction',(0.,0.,-1.)) ;
#14862=DIRECTION('Vector Direction',(0.,0.,-1.)) ;
#14874=DIRECTION('Axis2P3D Direction',(0.,0.,-1.)) ;
#14886=DIRECTION('Axis2P3D Direction',(0.,0.,-1.)) ;
#14887=DIRECTION('Axis2P3D XDirection',(0.,1.,0.)) ;
#14891=DIRECTION('Vector Direction',(0.,0.,-1.)) ;
#14898=DIRECTION('Axis2P3D Direction',(0.,0.,-1.)) ;
#14905=DIRECTION('Vector Direction',(0.,0.,-1.)) ;
#14917=DIRECTION('Axis2P3D Direction',(0.,0.,-1.)) ;
#14929=DIRECTION('Axis2P3D Direction',(0.,0.,-1.)) ;
#14930=DIRECTION('Axis2P3D XDirection',(0.,1.,0.)) ;
#14934=DIRECTION('Vector Direction',(0.,0.,-1.)) ;
#14941=DIRECTION('Axis2P3D Direction',(0.,0.,-1.)) ;
#14948=DIRECTION('Vector Direction',(0.,0.,-1.)) ;
#14960=DIRECTION('Axis2P3D Direction',(0.,0.,-1.)) ;
#14972=DIRECTION('Axis2P3D Direction',(0.,0.,-1.)) ;
#14973=DIRECTION('Axis2P3D XDirection',(0.,1.,0.)) ;
#14977=DIRECTION('Vector Direction',(0.,0.,-1.)) ;
#14984=DIRECTION('Axis2P3D Direction',(0.,0.,-1.)) ;
#14991=DIRECTION('Vector Direction',(0.,0.,-1.)) ;
#15003=DIRECTION('Axis2P3D Direction',(0.,0.,-1.)) ;
#15015=DIRECTION('Axis2P3D Direction',(0.,0.,-1.)) ;
#15016=DIRECTION('Axis2P3D XDirection',(0.,1.,0.)) ;
#15020=DIRECTION('Vector Direction',(0.,0.,-1.)) ;
#15027=DIRECTION('Axis2P3D Direction',(0.,0.,-1.)) ;
#15034=DIRECTION('Vector Direction',(0.,0.,-1.)) ;
#15046=DIRECTION('Axis2P3D Direction',(0.,0.,-1.)) ;
#15058=DIRECTION('Axis2P3D Direction',(0.,0.,-1.)) ;
#15059=DIRECTION('Axis2P3D XDirection',(0.,1.,0.)) ;
#15063=DIRECTION('Vector Direction',(0.,0.,-1.)) ;
#15070=DIRECTION('Axis2P3D Direction',(0.,0.,-1.)) ;
#15077=DIRECTION('Vector Direction',(0.,0.,-1.)) ;
#15089=DIRECTION('Axis2P3D Direction',(0.,0.,-1.)) ;
#15101=DIRECTION('Axis2P3D Direction',(0.,0.,-1.)) ;
#15102=DIRECTION('Axis2P3D XDirection',(0.,1.,0.)) ;
#15106=DIRECTION('Vector Direction',(0.,0.,-1.)) ;
#15113=DIRECTION('Axis2P3D Direction',(0.,0.,-1.)) ;
#15120=DIRECTION('Vector Direction',(0.,0.,-1.)) ;
#15132=DIRECTION('Axis2P3D Direction',(0.,0.,-1.)) ;
#15144=DIRECTION('Axis2P3D Direction',(0.,0.,-1.)) ;
#15145=DIRECTION('Axis2P3D XDirection',(0.,1.,0.)) ;
#15149=DIRECTION('Vector Direction',(0.,0.,-1.)) ;
#15156=DIRECTION('Axis2P3D Direction',(0.,0.,-1.)) ;
#15163=DIRECTION('Vector Direction',(0.,0.,-1.)) ;
#15175=DIRECTION('Axis2P3D Direction',(0.,0.,-1.)) ;
#15187=DIRECTION('Axis2P3D Direction',(0.,0.,-1.)) ;
#15188=DIRECTION('Axis2P3D XDirection',(0.,1.,0.)) ;
#15192=DIRECTION('Vector Direction',(0.,0.,-1.)) ;
#15199=DIRECTION('Axis2P3D Direction',(0.,0.,-1.)) ;
#15206=DIRECTION('Vector Direction',(0.,0.,-1.)) ;
#15218=DIRECTION('Axis2P3D Direction',(0.,0.,-1.)) ;
#15230=DIRECTION('Axis2P3D Direction',(0.,0.,-1.)) ;
#15231=DIRECTION('Axis2P3D XDirection',(0.,1.,0.)) ;
#15235=DIRECTION('Vector Direction',(0.,0.,-1.)) ;
#15242=DIRECTION('Axis2P3D Direction',(0.,0.,-1.)) ;
#15249=DIRECTION('Vector Direction',(0.,0.,-1.)) ;
#15261=DIRECTION('Axis2P3D Direction',(0.,0.,-1.)) ;
#15273=DIRECTION('Axis2P3D Direction',(0.,0.,-1.)) ;
#15274=DIRECTION('Axis2P3D XDirection',(0.,1.,0.)) ;
#15278=DIRECTION('Vector Direction',(0.,0.,-1.)) ;
#15285=DIRECTION('Axis2P3D Direction',(0.,0.,-1.)) ;
#15292=DIRECTION('Vector Direction',(0.,0.,-1.)) ;
#15304=DIRECTION('Axis2P3D Direction',(0.,0.,-1.)) ;
#15316=DIRECTION('Axis2P3D Direction',(0.,0.,-1.)) ;
#15317=DIRECTION('Axis2P3D XDirection',(0.,1.,0.)) ;
#15321=DIRECTION('Vector Direction',(0.,0.,-1.)) ;
#15328=DIRECTION('Axis2P3D Direction',(0.,0.,-1.)) ;
#15335=DIRECTION('Vector Direction',(0.,0.,-1.)) ;
#15347=DIRECTION('Axis2P3D Direction',(0.,0.,-1.)) ;
#15359=DIRECTION('Axis2P3D Direction',(0.,0.,-1.)) ;
#15360=DIRECTION('Axis2P3D XDirection',(0.,1.,0.)) ;
#15364=DIRECTION('Vector Direction',(0.,0.,-1.)) ;
#15371=DIRECTION('Axis2P3D Direction',(0.,0.,-1.)) ;
#15378=DIRECTION('Vector Direction',(0.,0.,-1.)) ;
#15390=DIRECTION('Axis2P3D Direction',(0.,0.,-1.)) ;
#15402=DIRECTION('Axis2P3D Direction',(0.,0.,-1.)) ;
#15403=DIRECTION('Axis2P3D XDirection',(-7.1054273576E-15,1.,0.)) ;
#15407=DIRECTION('Vector Direction',(0.,0.,-1.)) ;
#15414=DIRECTION('Axis2P3D Direction',(0.,0.,-1.)) ;
#15421=DIRECTION('Vector Direction',(0.,0.,-1.)) ;
#15433=DIRECTION('Axis2P3D Direction',(0.,0.,-1.)) ;
#15445=DIRECTION('Axis2P3D Direction',(0.,0.,-1.)) ;
#15446=DIRECTION('Axis2P3D XDirection',(0.,1.,0.)) ;
#15450=DIRECTION('Vector Direction',(0.,0.,-1.)) ;
#15457=DIRECTION('Axis2P3D Direction',(0.,0.,-1.)) ;
#15464=DIRECTION('Vector Direction',(0.,0.,-1.)) ;
#15476=DIRECTION('Axis2P3D Direction',(0.,0.,-1.)) ;
#15488=DIRECTION('Axis2P3D Direction',(0.,0.,-1.)) ;
#15489=DIRECTION('Axis2P3D XDirection',(0.,1.,0.)) ;
#15493=DIRECTION('Vector Direction',(0.,0.,-1.)) ;
#15500=DIRECTION('Axis2P3D Direction',(0.,0.,-1.)) ;
#15507=DIRECTION('Vector Direction',(0.,0.,-1.)) ;
#15519=DIRECTION('Axis2P3D Direction',(0.,0.,-1.)) ;
#15531=DIRECTION('Axis2P3D Direction',(0.,0.,-1.)) ;
#15532=DIRECTION('Axis2P3D XDirection',(0.,1.,0.)) ;
#15536=DIRECTION('Vector Direction',(0.,0.,-1.)) ;
#15543=DIRECTION('Axis2P3D Direction',(0.,0.,-1.)) ;
#15550=DIRECTION('Vector Direction',(0.,0.,-1.)) ;
#15562=DIRECTION('Axis2P3D Direction',(0.,0.,-1.)) ;
#15574=DIRECTION('Axis2P3D Direction',(0.,0.,-1.)) ;
#15575=DIRECTION('Axis2P3D XDirection',(0.,1.,0.)) ;
#15579=DIRECTION('Vector Direction',(0.,0.,-1.)) ;
#15586=DIRECTION('Axis2P3D Direction',(0.,0.,-1.)) ;
#15593=DIRECTION('Vector Direction',(0.,0.,-1.)) ;
#15605=DIRECTION('Axis2P3D Direction',(0.,0.,-1.)) ;
#15617=DIRECTION('Axis2P3D Direction',(1.,0.,0.)) ;
#15618=DIRECTION('Axis2P3D XDirection',(0.,-1.,0.)) ;
#15622=DIRECTION('Vector Direction',(0.,0.,-1.)) ;
#15629=DIRECTION('Vector Direction',(0.,-1.,0.)) ;
#15636=DIRECTION('Vector Direction',(0.,0.,-1.)) ;
#15648=DIRECTION('Axis2P3D Direction',(3.20779034519E-15,-1.16369703334E-15,-1.)) ;
#15649=DIRECTION('Axis2P3D XDirection',(0.341025444212,0.940054065679,-4.17891940687E-31)) ;
#15653=DIRECTION('Vector Direction',(3.20779065532E-15,-1.16369704983E-15,-1.)) ;
#15660=DIRECTION('Axis2P3D Direction',(3.20779034519E-15,-1.16369703334E-15,-1.)) ;
#15672=DIRECTION('Axis2P3D Direction',(0.341025444212,0.940054065679,0.)) ;
#15673=DIRECTION('Axis2P3D XDirection',(0.940054065679,-0.341025444212,0.)) ;
#15677=DIRECTION('Vector Direction',(-0.940054065679,0.341025444212,0.)) ;
#15684=DIRECTION('Vector Direction',(0.,0.,-1.)) ;
#15696=DIRECTION('Axis2P3D Direction',(2.27623879529E-15,-2.95822839458E-31,-1.)) ;
#15697=DIRECTION('Axis2P3D XDirection',(0.341025444212,-0.940054065679,7.76255346296E-16)) ;
#15701=DIRECTION('Vector Direction',(2.27623786486E-15,0.,-1.)) ;
#15708=DIRECTION('Axis2P3D Direction',(2.27623879529E-15,-2.95822839458E-31,-1.)) ;
#15720=DIRECTION('Axis2P3D Direction',(0.341025444212,-0.940054065679,0.)) ;
#15721=DIRECTION('Axis2P3D XDirection',(-0.940054065679,-0.341025444212,0.)) ;
#15725=DIRECTION('Vector Direction',(0.940054065679,0.341025444212,0.)) ;
#15732=DIRECTION('Vector Direction',(0.,0.,-1.)) ;
#15744=DIRECTION('Axis2P3D Direction',(6.98772645468E-45,-1.53630861786E-15,-1.)) ;
#15745=DIRECTION('Axis2P3D XDirection',(-1.,-1.22464679915E-16,1.88143543136E-31)) ;
#15749=DIRECTION('Axis2P3D Direction',(6.98772645468E-45,-1.53630861786E-15,-1.)) ;
#15761=DIRECTION('Axis2P3D Direction',(0.,0.,1.)) ;
#15762=DIRECTION('Axis2P3D XDirection',(1.22464679915E-16,1.,-0.)) ;
#15766=DIRECTION('Axis2P3D Direction',(0.,0.,1.)) ;
#15775=DIRECTION('Vector Direction',(0.,0.,1.)) ;
#15780=DIRECTION('Vector Direction',(0.,0.,1.)) ;
#15792=DIRECTION('Axis2P3D Direction',(0.000388660648088,-0.999999924471,0.)) ;
#15793=DIRECTION('Axis2P3D XDirection',(0.999999924471,0.000388660648088,0.)) ;
#15797=DIRECTION('Vector Direction',(0.999999924471,0.000388660648088,0.)) ;
#15804=DIRECTION('Vector Direction',(0.,0.,1.)) ;
#15816=DIRECTION('Axis2P3D Direction',(0.,0.,1.)) ;
#15817=DIRECTION('Axis2P3D XDirection',(0.000388660648092,-0.999999924471,0.)) ;
#15821=DIRECTION('Axis2P3D Direction',(0.,0.,1.)) ;
#15828=DIRECTION('Vector Direction',(0.,0.,1.)) ;
#15840=DIRECTION('Axis2P3D Direction',(-0.000388660648088,0.999999924471,0.)) ;
#15841=DIRECTION('Axis2P3D XDirection',(-0.999999924471,-0.000388660648088,0.)) ;
#15845=DIRECTION('Vector Direction',(-0.999999924471,-0.000388660648088,0.)) ;
#15857=DIRECTION('Axis2P3D Direction',(0.,0.,1.)) ;
#15858=DIRECTION('Axis2P3D XDirection',(-1.,3.5527136788E-15,0.)) ;
#15862=DIRECTION('Vector Direction',(0.,0.,1.)) ;
#15869=DIRECTION('Axis2P3D Direction',(0.,0.,1.)) ;
#15876=DIRECTION('Vector Direction',(0.,0.,1.)) ;
#15888=DIRECTION('Axis2P3D Direction',(0.,0.,1.)) ;
#15900=DIRECTION('Axis2P3D Direction',(0.,0.,1.)) ;
#15901=DIRECTION('Axis2P3D XDirection',(-1.,3.5527136788E-15,0.)) ;
#15905=DIRECTION('Vector Direction',(0.,0.,1.)) ;
#15912=DIRECTION('Axis2P3D Direction',(0.,0.,1.)) ;
#15919=DIRECTION('Vector Direction',(0.,0.,1.)) ;
#15931=DIRECTION('Axis2P3D Direction',(0.,0.,1.)) ;
#15943=DIRECTION('Axis2P3D Direction',(0.,-5.55111512312E-16,-1.)) ;
#15944=DIRECTION('Axis2P3D XDirection',(0.,1.,-5.55111512312E-16)) ;
#15948=DIRECTION('Vector Direction',(0.,-5.55111512313E-16,-1.)) ;
#15955=DIRECTION('Axis2P3D Direction',(0.,-5.55111512312E-16,-1.)) ;
#15962=DIRECTION('Vector Direction',(0.,-5.55111512313E-16,-1.)) ;
#15974=DIRECTION('Axis2P3D Direction',(0.,-5.55111512312E-16,-1.)) ;
#15986=DIRECTION('Axis2P3D Direction',(0.,-5.55111512312E-16,-1.)) ;
#15987=DIRECTION('Axis2P3D XDirection',(0.,1.,-5.55111512312E-16)) ;
#15991=DIRECTION('Vector Direction',(0.,-5.55111512313E-16,-1.)) ;
#15998=DIRECTION('Axis2P3D Direction',(0.,-5.55111512312E-16,-1.)) ;
#16005=DIRECTION('Vector Direction',(0.,-5.55111512313E-16,-1.)) ;
#16017=DIRECTION('Axis2P3D Direction',(0.,-5.55111512312E-16,-1.)) ;
#16029=DIRECTION('Axis2P3D Direction',(0.,-5.55111512312E-16,-1.)) ;
#16030=DIRECTION('Axis2P3D XDirection',(0.,1.,-5.55111512312E-16)) ;
#16034=DIRECTION('Vector Direction',(0.,-5.55111512313E-16,-1.)) ;
#16041=DIRECTION('Axis2P3D Direction',(0.,-5.55111512312E-16,-1.)) ;
#16048=DIRECTION('Vector Direction',(0.,-5.55111512313E-16,-1.)) ;
#16060=DIRECTION('Axis2P3D Direction',(0.,-5.55111512312E-16,-1.)) ;
#16072=DIRECTION('Axis2P3D Direction',(4.93038065763E-30,-5.55111512313E-16,-1.)) ;
#16073=DIRECTION('Axis2P3D XDirection',(-8.881784197E-15,1.,-5.55111512313E-16)) ;
#16077=DIRECTION('Vector Direction',(0.,-5.55111512313E-16,-1.)) ;
#16084=DIRECTION('Axis2P3D Direction',(4.93038065763E-30,-5.55111512313E-16,-1.)) ;
#16091=DIRECTION('Vector Direction',(0.,-5.55111512313E-16,-1.)) ;
#16103=DIRECTION('Axis2P3D Direction',(4.93038065763E-30,-5.55111512313E-16,-1.)) ;
#16115=DIRECTION('Axis2P3D Direction',(4.93038065763E-30,-5.55111512313E-16,-1.)) ;
#16116=DIRECTION('Axis2P3D XDirection',(-8.881784197E-15,1.,-5.55111512313E-16)) ;
#16120=DIRECTION('Vector Direction',(0.,-5.55111512313E-16,-1.)) ;
#16127=DIRECTION('Axis2P3D Direction',(4.93038065763E-30,-5.55111512313E-16,-1.)) ;
#16134=DIRECTION('Vector Direction',(0.,-5.55111512313E-16,-1.)) ;
#16146=DIRECTION('Axis2P3D Direction',(4.93038065763E-30,-5.55111512313E-16,-1.)) ;
#16158=DIRECTION('Axis2P3D Direction',(0.,0.,1.)) ;
#16159=DIRECTION('Axis2P3D XDirection',(-4.55476112667E-16,-1.,0.)) ;
#16163=DIRECTION('Vector Direction',(0.,0.,1.)) ;
#16170=DIRECTION('Axis2P3D Direction',(0.,0.,1.)) ;
#16177=DIRECTION('Vector Direction',(0.,0.,1.)) ;
#16189=DIRECTION('Axis2P3D Direction',(0.,0.,1.)) ;
#16201=DIRECTION('Axis2P3D Direction',(0.,0.,1.)) ;
#16202=DIRECTION('Axis2P3D XDirection',(-4.55476112667E-16,-1.,0.)) ;
#16206=DIRECTION('Vector Direction',(0.,0.,1.)) ;
#16213=DIRECTION('Axis2P3D Direction',(0.,0.,1.)) ;
#16220=DIRECTION('Vector Direction',(0.,0.,1.)) ;
#16232=DIRECTION('Axis2P3D Direction',(0.,0.,1.)) ;
#16244=DIRECTION('Axis2P3D Direction',(0.,0.,-1.)) ;
#16245=DIRECTION('Axis2P3D XDirection',(-1.,0.,0.)) ;
#16249=DIRECTION('Axis2P3D Direction',(0.,0.,-1.)) ;
#16258=DIRECTION('Vector Direction',(0.,0.,-1.)) ;
#16263=DIRECTION('Vector Direction',(0.,0.,-1.)) ;
#16275=DIRECTION('Axis2P3D Direction',(0.,0.,-1.)) ;
#16287=DIRECTION('Axis2P3D Direction',(4.02369634345E-16,3.82423153665E-16,-1.)) ;
#16288=DIRECTION('Axis2P3D XDirection',(-0.724844694121,-0.688912308937,-5.55111512313E-16)) ;
#16292=DIRECTION('Axis2P3D Direction',(4.02369634345E-16,3.82423153665E-16,-1.)) ;
#16299=DIRECTION('Vector Direction',(4.02368982577E-16,3.82422626899E-16,-1.)) ;
#16311=DIRECTION('Axis2P3D Direction',(-0.724844694121,-0.688912308937,-0.)) ;
#16312=DIRECTION('Axis2P3D XDirection',(-0.688912308937,0.724844694121,0.)) ;
#16316=DIRECTION('Vector Direction',(0.688912308937,-0.724844694121,0.)) ;
#16328=DIRECTION('Axis2P3D Direction',(0.,0.,-1.)) ;
#16329=DIRECTION('Axis2P3D XDirection',(0.911547793401,0.411194139484,0.)) ;
#16333=DIRECTION('Axis2P3D Direction',(0.,0.,-1.)) ;
#16342=DIRECTION('Vector Direction',(0.,0.,-1.)) ;
#16347=DIRECTION('Vector Direction',(0.,0.,-1.)) ;
#16359=DIRECTION('Axis2P3D Direction',(0.,0.,-1.)) ;
#16371=DIRECTION('Axis2P3D Direction',(-5.28246375237E-17,-5.89757920197E-16,-1.)) ;
#16372=DIRECTION('Axis2P3D XDirection',(-0.0892128817004,-0.996012581115,5.92118946467E-16)) ;
#16376=DIRECTION('Axis2P3D Direction',(-5.28246375237E-17,-5.89757920197E-16,-1.)) ;
#16383=DIRECTION('Axis2P3D Direction',(-5.28246375237E-17,-5.89757920197E-16,-1.)) ;
#16397=DIRECTION('Axis2P3D Direction',(-4.29193938973E-16,-4.07918385849E-16,-1.)) ;
#16398=DIRECTION('Axis2P3D XDirection',(0.724844123861,0.68891290894,-5.92118946467E-16)) ;
#16402=DIRECTION('Axis2P3D Direction',(-4.29193938973E-16,-4.07918385849E-16,-1.)) ;
#16414=DIRECTION('Axis2P3D Direction',(-1.13366699174E-16,-1.,0.)) ;
#16415=DIRECTION('Axis2P3D XDirection',(1.,-1.13366699174E-16,0.)) ;
#16419=DIRECTION('Vector Direction',(1.,0.,0.)) ;
#16431=DIRECTION('Axis2P3D Direction',(-0.,0.,-1.)) ;
#16432=DIRECTION('Axis2P3D XDirection',(1.29862079161E-15,1.,0.)) ;
#16436=DIRECTION('Vector Direction',(0.,0.,-1.)) ;
#16443=DIRECTION('Axis2P3D Direction',(-0.,0.,-1.)) ;
#16455=DIRECTION('Vector Direction',(0.,0.,-1.)) ;
#16462=DIRECTION('Vector Direction',(1.,0.,0.)) ;
#16474=DIRECTION('Axis2P3D Direction',(1.71602773919E-16,-3.21755201099E-17,-1.)) ;
#16475=DIRECTION('Axis2P3D XDirection',(0.18428853505,0.982872186934,-9.89164413755E-32)) ;
#16479=DIRECTION('Axis2P3D Direction',(1.71602773919E-16,-3.21755201099E-17,-1.)) ;
#16491=DIRECTION('Axis2P3D Direction',(-1.,0.,0.)) ;
#16492=DIRECTION('Axis2P3D XDirection',(0.,-1.,0.)) ;
#16496=DIRECTION('Vector Direction',(0.,0.,-1.)) ;
#16503=DIRECTION('Vector Direction',(0.,-1.,0.)) ;
#16515=DIRECTION('Axis2P3D Direction',(0.,0.,-1.)) ;
#16516=DIRECTION('Axis2P3D XDirection',(0.18428853505,-0.982872186934,0.)) ;
#16520=DIRECTION('Axis2P3D Direction',(0.,0.,-1.)) ;
#16532=DIRECTION('Axis2P3D Direction',(0.,1.,-0.)) ;
#16533=DIRECTION('Axis2P3D XDirection',(-1.,0.,0.)) ;
#16537=DIRECTION('Vector Direction',(-1.,0.,0.)) ;
#16549=DIRECTION('Axis2P3D Direction',(0.,1.7763568394E-16,-1.)) ;
#16550=DIRECTION('Axis2P3D XDirection',(1.22464679915E-16,-1.,-1.7763568394E-16)) ;
#16554=DIRECTION('Vector Direction',(0.,1.7763568394E-16,-1.)) ;
#16561=DIRECTION('Axis2P3D Direction',(0.,1.7763568394E-16,-1.)) ;
#16573=DIRECTION('Vector Direction',(0.,0.,1.)) ;
#16580=DIRECTION('Vector Direction',(-1.,0.,0.)) ;
#16592=DIRECTION('Axis2P3D Direction',(0.,-0.,1.)) ;
#16593=DIRECTION('Axis2P3D XDirection',(1.,1.42108547152E-15,0.)) ;
#16597=DIRECTION('Axis2P3D Direction',(0.,-0.,1.)) ;
#16609=DIRECTION('Axis2P3D Direction',(0.,0.,1.)) ;
#16610=DIRECTION('Axis2P3D XDirection',(1.,0.,0.)) ;
#17594=DIRECTION('NONE',(1.,0.,0.)) ;
#17595=DIRECTION('NONE',(0.,0.,1.)) ;
#17596=DIRECTION('NONE',(1.,0.,0.)) ;
#17597=DIRECTION('NONE',(0.,0.,1.)) ;
#17607=DIRECTION('NONE',(1.,0.,0.)) ;
#17608=DIRECTION('NONE',(0.,0.,1.)) ;
#17609=DIRECTION('NONE',(1.,0.,0.)) ;
#17610=DIRECTION('NONE',(0.,0.,1.)) ;
#73=AXIS2_PLACEMENT_3D('Plane Axis2P3D',#70,#71,#72) ;
#113=AXIS2_PLACEMENT_3D('Plane Axis2P3D',#110,#111,#112) ;
#117=AXIS2_PLACEMENT_3D('Circle Axis2P3D',#115,#116,$) ;
#124=AXIS2_PLACEMENT_3D('Circle Axis2P3D',#122,#123,$) ;
#138=AXIS2_PLACEMENT_3D('Circle Axis2P3D',#136,#137,$) ;
#152=AXIS2_PLACEMENT_3D('Circle Axis2P3D',#150,#151,$) ;
#166=AXIS2_PLACEMENT_3D('Circle Axis2P3D',#164,#165,$) ;
#220=AXIS2_PLACEMENT_3D('Circle Axis2P3D',#218,#219,$) ;
#257=AXIS2_PLACEMENT_3D('Circle Axis2P3D',#255,#256,$) ;
#271=AXIS2_PLACEMENT_3D('Circle Axis2P3D',#269,#270,$) ;
#285=AXIS2_PLACEMENT_3D('Circle Axis2P3D',#283,#284,$) ;
#299=AXIS2_PLACEMENT_3D('Circle Axis2P3D',#297,#298,$) ;
#364=AXIS2_PLACEMENT_3D('Circle Axis2P3D',#362,#363,$) ;
#373=AXIS2_PLACEMENT_3D('Circle Axis2P3D',#371,#372,$) ;
#382=AXIS2_PLACEMENT_3D('Circle Axis2P3D',#380,#381,$) ;
#391=AXIS2_PLACEMENT_3D('Circle Axis2P3D',#389,#390,$) ;
#400=AXIS2_PLACEMENT_3D('Circle Axis2P3D',#398,#399,$) ;
#409=AXIS2_PLACEMENT_3D('Circle Axis2P3D',#407,#408,$) ;
#418=AXIS2_PLACEMENT_3D('Circle Axis2P3D',#416,#417,$) ;
#427=AXIS2_PLACEMENT_3D('Circle Axis2P3D',#425,#426,$) ;
#436=AXIS2_PLACEMENT_3D('Circle Axis2P3D',#434,#435,$) ;
#445=AXIS2_PLACEMENT_3D('Circle Axis2P3D',#443,#444,$) ;
#454=AXIS2_PLACEMENT_3D('Circle Axis2P3D',#452,#453,$) ;
#463=AXIS2_PLACEMENT_3D('Circle Axis2P3D',#461,#462,$) ;
#472=AXIS2_PLACEMENT_3D('Circle Axis2P3D',#470,#471,$) ;
#481=AXIS2_PLACEMENT_3D('Circle Axis2P3D',#479,#480,$) ;
#490=AXIS2_PLACEMENT_3D('Circle Axis2P3D',#488,#489,$) ;
#499=AXIS2_PLACEMENT_3D('Circle Axis2P3D',#497,#498,$) ;
#508=AXIS2_PLACEMENT_3D('Circle Axis2P3D',#506,#507,$) ;
#517=AXIS2_PLACEMENT_3D('Circle Axis2P3D',#515,#516,$) ;
#526=AXIS2_PLACEMENT_3D('Circle Axis2P3D',#524,#525,$) ;
#535=AXIS2_PLACEMENT_3D('Circle Axis2P3D',#533,#534,$) ;
#544=AXIS2_PLACEMENT_3D('Circle Axis2P3D',#542,#543,$) ;
#553=AXIS2_PLACEMENT_3D('Circle Axis2P3D',#551,#552,$) ;
#562=AXIS2_PLACEMENT_3D('Circle Axis2P3D',#560,#561,$) ;
#571=AXIS2_PLACEMENT_3D('Circle Axis2P3D',#569,#570,$) ;
#724=AXIS2_PLACEMENT_3D('Circle Axis2P3D',#722,#723,$) ;
#731=AXIS2_PLACEMENT_3D('Circle Axis2P3D',#729,#730,$) ;
#775=AXIS2_PLACEMENT_3D('Circle Axis2P3D',#773,#774,$) ;
#791=AXIS2_PLACEMENT_3D('Circle Axis2P3D',#789,#790,$) ;
#809=AXIS2_PLACEMENT_3D('Circle Axis2P3D',#807,#808,$) ;
#825=AXIS2_PLACEMENT_3D('Circle Axis2P3D',#823,#824,$) ;
#852=AXIS2_PLACEMENT_3D('Circle Axis2P3D',#850,#851,$) ;
#866=AXIS2_PLACEMENT_3D('Circle Axis2P3D',#864,#865,$) ;
#877=AXIS2_PLACEMENT_3D('Circle Axis2P3D',#875,#876,$) ;
#893=AXIS2_PLACEMENT_3D('Circle Axis2P3D',#891,#892,$) ;
#911=AXIS2_PLACEMENT_3D('Circle Axis2P3D',#909,#910,$) ;
#920=AXIS2_PLACEMENT_3D('Circle Axis2P3D',#918,#919,$) ;
#929=AXIS2_PLACEMENT_3D('Circle Axis2P3D',#927,#928,$) ;
#938=AXIS2_PLACEMENT_3D('Circle Axis2P3D',#936,#937,$) ;
#947=AXIS2_PLACEMENT_3D('Circle Axis2P3D',#945,#946,$) ;
#956=AXIS2_PLACEMENT_3D('Circle Axis2P3D',#954,#955,$) ;
#965=AXIS2_PLACEMENT_3D('Circle Axis2P3D',#963,#964,$) ;
#974=AXIS2_PLACEMENT_3D('Circle Axis2P3D',#972,#973,$) ;
#983=AXIS2_PLACEMENT_3D('Circle Axis2P3D',#981,#982,$) ;
#992=AXIS2_PLACEMENT_3D('Circle Axis2P3D',#990,#991,$) ;
#1001=AXIS2_PLACEMENT_3D('Circle Axis2P3D',#999,#1000,$) ;
#1010=AXIS2_PLACEMENT_3D('Circle Axis2P3D',#1008,#1009,$) ;
#1019=AXIS2_PLACEMENT_3D('Circle Axis2P3D',#1017,#1018,$) ;
#1028=AXIS2_PLACEMENT_3D('Circle Axis2P3D',#1026,#1027,$) ;
#1037=AXIS2_PLACEMENT_3D('Circle Axis2P3D',#1035,#1036,$) ;
#1046=AXIS2_PLACEMENT_3D('Circle Axis2P3D',#1044,#1045,$) ;
#1055=AXIS2_PLACEMENT_3D('Circle Axis2P3D',#1053,#1054,$) ;
#1064=AXIS2_PLACEMENT_3D('Circle Axis2P3D',#1062,#1063,$) ;
#1073=AXIS2_PLACEMENT_3D('Circle Axis2P3D',#1071,#1072,$) ;
#1082=AXIS2_PLACEMENT_3D('Circle Axis2P3D',#1080,#1081,$) ;
#1091=AXIS2_PLACEMENT_3D('Circle Axis2P3D',#1089,#1090,$) ;
#1100=AXIS2_PLACEMENT_3D('Circle Axis2P3D',#1098,#1099,$) ;
#1109=AXIS2_PLACEMENT_3D('Circle Axis2P3D',#1107,#1108,$) ;
#1118=AXIS2_PLACEMENT_3D('Circle Axis2P3D',#1116,#1117,$) ;
#1127=AXIS2_PLACEMENT_3D('Circle Axis2P3D',#1125,#1126,$) ;
#1136=AXIS2_PLACEMENT_3D('Circle Axis2P3D',#1134,#1135,$) ;
#1145=AXIS2_PLACEMENT_3D('Circle Axis2P3D',#1143,#1144,$) ;
#1154=AXIS2_PLACEMENT_3D('Circle Axis2P3D',#1152,#1153,$) ;
#1163=AXIS2_PLACEMENT_3D('Circle Axis2P3D',#1161,#1162,$) ;
#1172=AXIS2_PLACEMENT_3D('Circle Axis2P3D',#1170,#1171,$) ;
#1181=AXIS2_PLACEMENT_3D('Circle Axis2P3D',#1179,#1180,$) ;
#1190=AXIS2_PLACEMENT_3D('Circle Axis2P3D',#1188,#1189,$) ;
#1199=AXIS2_PLACEMENT_3D('Circle Axis2P3D',#1197,#1198,$) ;
#1208=AXIS2_PLACEMENT_3D('Circle Axis2P3D',#1206,#1207,$) ;
#1217=AXIS2_PLACEMENT_3D('Circle Axis2P3D',#1215,#1216,$) ;
#1226=AXIS2_PLACEMENT_3D('Circle Axis2P3D',#1224,#1225,$) ;
#1235=AXIS2_PLACEMENT_3D('Circle Axis2P3D',#1233,#1234,$) ;
#1244=AXIS2_PLACEMENT_3D('Circle Axis2P3D',#1242,#1243,$) ;
#1253=AXIS2_PLACEMENT_3D('Circle Axis2P3D',#1251,#1252,$) ;
#1262=AXIS2_PLACEMENT_3D('Circle Axis2P3D',#1260,#1261,$) ;
#1271=AXIS2_PLACEMENT_3D('Circle Axis2P3D',#1269,#1270,$) ;
#1280=AXIS2_PLACEMENT_3D('Circle Axis2P3D',#1278,#1279,$) ;
#1289=AXIS2_PLACEMENT_3D('Circle Axis2P3D',#1287,#1288,$) ;
#1298=AXIS2_PLACEMENT_3D('Circle Axis2P3D',#1296,#1297,$) ;
#1307=AXIS2_PLACEMENT_3D('Circle Axis2P3D',#1305,#1306,$) ;
#1316=AXIS2_PLACEMENT_3D('Circle Axis2P3D',#1314,#1315,$) ;
#1325=AXIS2_PLACEMENT_3D('Circle Axis2P3D',#1323,#1324,$) ;
#1334=AXIS2_PLACEMENT_3D('Circle Axis2P3D',#1332,#1333,$) ;
#1343=AXIS2_PLACEMENT_3D('Circle Axis2P3D',#1341,#1342,$) ;
#1352=AXIS2_PLACEMENT_3D('Circle Axis2P3D',#1350,#1351,$) ;
#1361=AXIS2_PLACEMENT_3D('Circle Axis2P3D',#1359,#1360,$) ;
#1370=AXIS2_PLACEMENT_3D('Circle Axis2P3D',#1368,#1369,$) ;
#1379=AXIS2_PLACEMENT_3D('Circle Axis2P3D',#1377,#1378,$) ;
#1388=AXIS2_PLACEMENT_3D('Circle Axis2P3D',#1386,#1387,$) ;
#1397=AXIS2_PLACEMENT_3D('Circle Axis2P3D',#1395,#1396,$) ;
#1406=AXIS2_PLACEMENT_3D('Circle Axis2P3D',#1404,#1405,$) ;
#1415=AXIS2_PLACEMENT_3D('Circle Axis2P3D',#1413,#1414,$) ;
#1424=AXIS2_PLACEMENT_3D('Circle Axis2P3D',#1422,#1423,$) ;
#1433=AXIS2_PLACEMENT_3D('Circle Axis2P3D',#1431,#1432,$) ;
#1442=AXIS2_PLACEMENT_3D('Circle Axis2P3D',#1440,#1441,$) ;
#1451=AXIS2_PLACEMENT_3D('Circle Axis2P3D',#1449,#1450,$) ;
#1460=AXIS2_PLACEMENT_3D('Circle Axis2P3D',#1458,#1459,$) ;
#1469=AXIS2_PLACEMENT_3D('Circle Axis2P3D',#1467,#1468,$) ;
#1478=AXIS2_PLACEMENT_3D('Circle Axis2P3D',#1476,#1477,$) ;
#1487=AXIS2_PLACEMENT_3D('Circle Axis2P3D',#1485,#1486,$) ;
#1496=AXIS2_PLACEMENT_3D('Circle Axis2P3D',#1494,#1495,$) ;
#1505=AXIS2_PLACEMENT_3D('Circle Axis2P3D',#1503,#1504,$) ;
#1514=AXIS2_PLACEMENT_3D('Circle Axis2P3D',#1512,#1513,$) ;
#1523=AXIS2_PLACEMENT_3D('Circle Axis2P3D',#1521,#1522,$) ;
#1532=AXIS2_PLACEMENT_3D('Circle Axis2P3D',#1530,#1531,$) ;
#1541=AXIS2_PLACEMENT_3D('Circle Axis2P3D',#1539,#1540,$) ;
#1550=AXIS2_PLACEMENT_3D('Circle Axis2P3D',#1548,#1549,$) ;
#1559=AXIS2_PLACEMENT_3D('Circle Axis2P3D',#1557,#1558,$) ;
#1568=AXIS2_PLACEMENT_3D('Circle Axis2P3D',#1566,#1567,$) ;
#1577=AXIS2_PLACEMENT_3D('Circle Axis2P3D',#1575,#1576,$) ;
#1586=AXIS2_PLACEMENT_3D('Circle Axis2P3D',#1584,#1585,$) ;
#1595=AXIS2_PLACEMENT_3D('Circle Axis2P3D',#1593,#1594,$) ;
#1604=AXIS2_PLACEMENT_3D('Circle Axis2P3D',#1602,#1603,$) ;
#1613=AXIS2_PLACEMENT_3D('Circle Axis2P3D',#1611,#1612,$) ;
#1622=AXIS2_PLACEMENT_3D('Circle Axis2P3D',#1620,#1621,$) ;
#1631=AXIS2_PLACEMENT_3D('Circle Axis2P3D',#1629,#1630,$) ;
#1640=AXIS2_PLACEMENT_3D('Circle Axis2P3D',#1638,#1639,$) ;
#1649=AXIS2_PLACEMENT_3D('Circle Axis2P3D',#1647,#1648,$) ;
#1658=AXIS2_PLACEMENT_3D('Circle Axis2P3D',#1656,#1657,$) ;
#1667=AXIS2_PLACEMENT_3D('Circle Axis2P3D',#1665,#1666,$) ;
#1676=AXIS2_PLACEMENT_3D('Circle Axis2P3D',#1674,#1675,$) ;
#1685=AXIS2_PLACEMENT_3D('Circle Axis2P3D',#1683,#1684,$) ;
#1694=AXIS2_PLACEMENT_3D('Circle Axis2P3D',#1692,#1693,$) ;
#1703=AXIS2_PLACEMENT_3D('Circle Axis2P3D',#1701,#1702,$) ;
#1719=AXIS2_PLACEMENT_3D('Circle Axis2P3D',#1717,#1718,$) ;
#1746=AXIS2_PLACEMENT_3D('Circle Axis2P3D',#1744,#1745,$) ;
#1760=AXIS2_PLACEMENT_3D('Circle Axis2P3D',#1758,#1759,$) ;
#1771=AXIS2_PLACEMENT_3D('Circle Axis2P3D',#1769,#1770,$) ;
#1787=AXIS2_PLACEMENT_3D('Circle Axis2P3D',#1785,#1786,$) ;
#1805=AXIS2_PLACEMENT_3D('Circle Axis2P3D',#1803,#1804,$) ;
#1821=AXIS2_PLACEMENT_3D('Circle Axis2P3D',#1819,#1820,$) ;
#1839=AXIS2_PLACEMENT_3D('Circle Axis2P3D',#1837,#1838,$) ;
#1848=AXIS2_PLACEMENT_3D('Circle Axis2P3D',#1846,#1847,$) ;
#1857=AXIS2_PLACEMENT_3D('Circle Axis2P3D',#1855,#1856,$) ;
#1866=AXIS2_PLACEMENT_3D('Circle Axis2P3D',#1864,#1865,$) ;
#1875=AXIS2_PLACEMENT_3D('Circle Axis2P3D',#1873,#1874,$) ;
#1884=AXIS2_PLACEMENT_3D('Circle Axis2P3D',#1882,#1883,$) ;
#1893=AXIS2_PLACEMENT_3D('Circle Axis2P3D',#1891,#1892,$) ;
#1902=AXIS2_PLACEMENT_3D('Circle Axis2P3D',#1900,#1901,$) ;
#1911=AXIS2_PLACEMENT_3D('Circle Axis2P3D',#1909,#1910,$) ;
#1920=AXIS2_PLACEMENT_3D('Circle Axis2P3D',#1918,#1919,$) ;
#1929=AXIS2_PLACEMENT_3D('Circle Axis2P3D',#1927,#1928,$) ;
#1938=AXIS2_PLACEMENT_3D('Circle Axis2P3D',#1936,#1937,$) ;
#1947=AXIS2_PLACEMENT_3D('Circle Axis2P3D',#1945,#1946,$) ;
#1963=AXIS2_PLACEMENT_3D('Circle Axis2P3D',#1961,#1962,$) ;
#1990=AXIS2_PLACEMENT_3D('Circle Axis2P3D',#1988,#1989,$) ;
#2004=AXIS2_PLACEMENT_3D('Circle Axis2P3D',#2002,#2003,$) ;
#2015=AXIS2_PLACEMENT_3D('Circle Axis2P3D',#2013,#2014,$) ;
#2031=AXIS2_PLACEMENT_3D('Circle Axis2P3D',#2029,#2030,$) ;
#2049=AXIS2_PLACEMENT_3D('Circle Axis2P3D',#2047,#2048,$) ;
#2065=AXIS2_PLACEMENT_3D('Circle Axis2P3D',#2063,#2064,$) ;
#2083=AXIS2_PLACEMENT_3D('Circle Axis2P3D',#2081,#2082,$) ;
#2099=AXIS2_PLACEMENT_3D('Circle Axis2P3D',#2097,#2098,$) ;
#2117=AXIS2_PLACEMENT_3D('Circle Axis2P3D',#2115,#2116,$) ;
#2133=AXIS2_PLACEMENT_3D('Circle Axis2P3D',#2131,#2132,$) ;
#2151=AXIS2_PLACEMENT_3D('Circle Axis2P3D',#2149,#2150,$) ;
#2167=AXIS2_PLACEMENT_3D('Circle Axis2P3D',#2165,#2166,$) ;
#2185=AXIS2_PLACEMENT_3D('Circle Axis2P3D',#2183,#2184,$) ;
#2194=AXIS2_PLACEMENT_3D('Circle Axis2P3D',#2192,#2193,$) ;
#2203=AXIS2_PLACEMENT_3D('Circle Axis2P3D',#2201,#2202,$) ;
#2212=AXIS2_PLACEMENT_3D('Circle Axis2P3D',#2210,#2211,$) ;
#2221=AXIS2_PLACEMENT_3D('Circle Axis2P3D',#2219,#2220,$) ;
#2230=AXIS2_PLACEMENT_3D('Circle Axis2P3D',#2228,#2229,$) ;
#2239=AXIS2_PLACEMENT_3D('Circle Axis2P3D',#2237,#2238,$) ;
#2248=AXIS2_PLACEMENT_3D('Circle Axis2P3D',#2246,#2247,$) ;
#2257=AXIS2_PLACEMENT_3D('Circle Axis2P3D',#2255,#2256,$) ;
#2266=AXIS2_PLACEMENT_3D('Circle Axis2P3D',#2264,#2265,$) ;
#2275=AXIS2_PLACEMENT_3D('Circle Axis2P3D',#2273,#2274,$) ;
#2284=AXIS2_PLACEMENT_3D('Circle Axis2P3D',#2282,#2283,$) ;
#2293=AXIS2_PLACEMENT_3D('Circle Axis2P3D',#2291,#2292,$) ;
#2302=AXIS2_PLACEMENT_3D('Circle Axis2P3D',#2300,#2301,$) ;
#2311=AXIS2_PLACEMENT_3D('Circle Axis2P3D',#2309,#2310,$) ;
#2320=AXIS2_PLACEMENT_3D('Circle Axis2P3D',#2318,#2319,$) ;
#2329=AXIS2_PLACEMENT_3D('Circle Axis2P3D',#2327,#2328,$) ;
#2338=AXIS2_PLACEMENT_3D('Circle Axis2P3D',#2336,#2337,$) ;
#2347=AXIS2_PLACEMENT_3D('Circle Axis2P3D',#2345,#2346,$) ;
#2356=AXIS2_PLACEMENT_3D('Circle Axis2P3D',#2354,#2355,$) ;
#2365=AXIS2_PLACEMENT_3D('Circle Axis2P3D',#2363,#2364,$) ;
#2374=AXIS2_PLACEMENT_3D('Circle Axis2P3D',#2372,#2373,$) ;
#2383=AXIS2_PLACEMENT_3D('Circle Axis2P3D',#2381,#2382,$) ;
#2392=AXIS2_PLACEMENT_3D('Circle Axis2P3D',#2390,#2391,$) ;
#2455=AXIS2_PLACEMENT_3D('Circle Axis2P3D',#2453,#2454,$) ;
#2464=AXIS2_PLACEMENT_3D('Circle Axis2P3D',#2462,#2463,$) ;
#2473=AXIS2_PLACEMENT_3D('Circle Axis2P3D',#2471,#2472,$) ;
#2482=AXIS2_PLACEMENT_3D('Circle Axis2P3D',#2480,#2481,$) ;
#2491=AXIS2_PLACEMENT_3D('Circle Axis2P3D',#2489,#2490,$) ;
#2500=AXIS2_PLACEMENT_3D('Circle Axis2P3D',#2498,#2499,$) ;
#2509=AXIS2_PLACEMENT_3D('Circle Axis2P3D',#2507,#2508,$) ;
#2518=AXIS2_PLACEMENT_3D('Circle Axis2P3D',#2516,#2517,$) ;
#2527=AXIS2_PLACEMENT_3D('Circle Axis2P3D',#2525,#2526,$) ;
#2536=AXIS2_PLACEMENT_3D('Circle Axis2P3D',#2534,#2535,$) ;
#2545=AXIS2_PLACEMENT_3D('Circle Axis2P3D',#2543,#2544,$) ;
#2554=AXIS2_PLACEMENT_3D('Circle Axis2P3D',#2552,#2553,$) ;
#2563=AXIS2_PLACEMENT_3D('Circle Axis2P3D',#2561,#2562,$) ;
#2572=AXIS2_PLACEMENT_3D('Circle Axis2P3D',#2570,#2571,$) ;
#2581=AXIS2_PLACEMENT_3D('Circle Axis2P3D',#2579,#2580,$) ;
#2590=AXIS2_PLACEMENT_3D('Circle Axis2P3D',#2588,#2589,$) ;
#2599=AXIS2_PLACEMENT_3D('Circle Axis2P3D',#2597,#2598,$) ;
#2608=AXIS2_PLACEMENT_3D('Circle Axis2P3D',#2606,#2607,$) ;
#2617=AXIS2_PLACEMENT_3D('Circle Axis2P3D',#2615,#2616,$) ;
#2626=AXIS2_PLACEMENT_3D('Circle Axis2P3D',#2624,#2625,$) ;
#2635=AXIS2_PLACEMENT_3D('Circle Axis2P3D',#2633,#2634,$) ;
#2644=AXIS2_PLACEMENT_3D('Circle Axis2P3D',#2642,#2643,$) ;
#2653=AXIS2_PLACEMENT_3D('Circle Axis2P3D',#2651,#2652,$) ;
#2662=AXIS2_PLACEMENT_3D('Circle Axis2P3D',#2660,#2661,$) ;
#2671=AXIS2_PLACEMENT_3D('Circle Axis2P3D',#2669,#2670,$) ;
#2680=AXIS2_PLACEMENT_3D('Circle Axis2P3D',#2678,#2679,$) ;
#2689=AXIS2_PLACEMENT_3D('Circle Axis2P3D',#2687,#2688,$) ;
#2698=AXIS2_PLACEMENT_3D('Circle Axis2P3D',#2696,#2697,$) ;
#2707=AXIS2_PLACEMENT_3D('Circle Axis2P3D',#2705,#2706,$) ;
#2716=AXIS2_PLACEMENT_3D('Circle Axis2P3D',#2714,#2715,$) ;
#2725=AXIS2_PLACEMENT_3D('Circle Axis2P3D',#2723,#2724,$) ;
#2734=AXIS2_PLACEMENT_3D('Circle Axis2P3D',#2732,#2733,$) ;
#2743=AXIS2_PLACEMENT_3D('Circle Axis2P3D',#2741,#2742,$) ;
#2752=AXIS2_PLACEMENT_3D('Circle Axis2P3D',#2750,#2751,$) ;
#2761=AXIS2_PLACEMENT_3D('Circle Axis2P3D',#2759,#2760,$) ;
#2770=AXIS2_PLACEMENT_3D('Circle Axis2P3D',#2768,#2769,$) ;
#2779=AXIS2_PLACEMENT_3D('Circle Axis2P3D',#2777,#2778,$) ;
#2788=AXIS2_PLACEMENT_3D('Circle Axis2P3D',#2786,#2787,$) ;
#2797=AXIS2_PLACEMENT_3D('Circle Axis2P3D',#2795,#2796,$) ;
#2806=AXIS2_PLACEMENT_3D('Circle Axis2P3D',#2804,#2805,$) ;
#2815=AXIS2_PLACEMENT_3D('Circle Axis2P3D',#2813,#2814,$) ;
#2824=AXIS2_PLACEMENT_3D('Circle Axis2P3D',#2822,#2823,$) ;
#2833=AXIS2_PLACEMENT_3D('Circle Axis2P3D',#2831,#2832,$) ;
#2842=AXIS2_PLACEMENT_3D('Circle Axis2P3D',#2840,#2841,$) ;
#2851=AXIS2_PLACEMENT_3D('Circle Axis2P3D',#2849,#2850,$) ;
#2860=AXIS2_PLACEMENT_3D('Circle Axis2P3D',#2858,#2859,$) ;
#2869=AXIS2_PLACEMENT_3D('Circle Axis2P3D',#2867,#2868,$) ;
#2878=AXIS2_PLACEMENT_3D('Circle Axis2P3D',#2876,#2877,$) ;
#2887=AXIS2_PLACEMENT_3D('Circle Axis2P3D',#2885,#2886,$) ;
#2896=AXIS2_PLACEMENT_3D('Circle Axis2P3D',#2894,#2895,$) ;
#2914=AXIS2_PLACEMENT_3D('Circle Axis2P3D',#2912,#2913,$) ;
#2928=AXIS2_PLACEMENT_3D('Circle Axis2P3D',#2926,#2927,$) ;
#2939=AXIS2_PLACEMENT_3D('Circle Axis2P3D',#2937,#2938,$) ;
#2948=AXIS2_PLACEMENT_3D('Circle Axis2P3D',#2946,#2947,$) ;
#2957=AXIS2_PLACEMENT_3D('Circle Axis2P3D',#2955,#2956,$) ;
#2966=AXIS2_PLACEMENT_3D('Circle Axis2P3D',#2964,#2965,$) ;
#2975=AXIS2_PLACEMENT_3D('Circle Axis2P3D',#2973,#2974,$) ;
#2984=AXIS2_PLACEMENT_3D('Circle Axis2P3D',#2982,#2983,$) ;
#2993=AXIS2_PLACEMENT_3D('Circle Axis2P3D',#2991,#2992,$) ;
#3002=AXIS2_PLACEMENT_3D('Circle Axis2P3D',#3000,#3001,$) ;
#3011=AXIS2_PLACEMENT_3D('Circle Axis2P3D',#3009,#3010,$) ;
#3020=AXIS2_PLACEMENT_3D('Circle Axis2P3D',#3018,#3019,$) ;
#3029=AXIS2_PLACEMENT_3D('Circle Axis2P3D',#3027,#3028,$) ;
#3038=AXIS2_PLACEMENT_3D('Circle Axis2P3D',#3036,#3037,$) ;
#3047=AXIS2_PLACEMENT_3D('Circle Axis2P3D',#3045,#3046,$) ;
#3056=AXIS2_PLACEMENT_3D('Circle Axis2P3D',#3054,#3055,$) ;
#3065=AXIS2_PLACEMENT_3D('Circle Axis2P3D',#3063,#3064,$) ;
#3074=AXIS2_PLACEMENT_3D('Circle Axis2P3D',#3072,#3073,$) ;
#3083=AXIS2_PLACEMENT_3D('Circle Axis2P3D',#3081,#3082,$) ;
#3092=AXIS2_PLACEMENT_3D('Circle Axis2P3D',#3090,#3091,$) ;
#3101=AXIS2_PLACEMENT_3D('Circle Axis2P3D',#3099,#3100,$) ;
#3110=AXIS2_PLACEMENT_3D('Circle Axis2P3D',#3108,#3109,$) ;
#3119=AXIS2_PLACEMENT_3D('Circle Axis2P3D',#3117,#3118,$) ;
#3128=AXIS2_PLACEMENT_3D('Circle Axis2P3D',#3126,#3127,$) ;
#3137=AXIS2_PLACEMENT_3D('Circle Axis2P3D',#3135,#3136,$) ;
#3146=AXIS2_PLACEMENT_3D('Circle Axis2P3D',#3144,#3145,$) ;
#3155=AXIS2_PLACEMENT_3D('Circle Axis2P3D',#3153,#3154,$) ;
#3164=AXIS2_PLACEMENT_3D('Circle Axis2P3D',#3162,#3163,$) ;
#3173=AXIS2_PLACEMENT_3D('Circle Axis2P3D',#3171,#3172,$) ;
#3182=AXIS2_PLACEMENT_3D('Circle Axis2P3D',#3180,#3181,$) ;
#3191=AXIS2_PLACEMENT_3D('Circle Axis2P3D',#3189,#3190,$) ;
#3200=AXIS2_PLACEMENT_3D('Circle Axis2P3D',#3198,#3199,$) ;
#3209=AXIS2_PLACEMENT_3D('Circle Axis2P3D',#3207,#3208,$) ;
#3218=AXIS2_PLACEMENT_3D('Circle Axis2P3D',#3216,#3217,$) ;
#3227=AXIS2_PLACEMENT_3D('Circle Axis2P3D',#3225,#3226,$) ;
#3236=AXIS2_PLACEMENT_3D('Circle Axis2P3D',#3234,#3235,$) ;
#3245=AXIS2_PLACEMENT_3D('Circle Axis2P3D',#3243,#3244,$) ;
#3254=AXIS2_PLACEMENT_3D('Circle Axis2P3D',#3252,#3253,$) ;
#3263=AXIS2_PLACEMENT_3D('Circle Axis2P3D',#3261,#3262,$) ;
#3272=AXIS2_PLACEMENT_3D('Circle Axis2P3D',#3270,#3271,$) ;
#3281=AXIS2_PLACEMENT_3D('Circle Axis2P3D',#3279,#3280,$) ;
#3290=AXIS2_PLACEMENT_3D('Circle Axis2P3D',#3288,#3289,$) ;
#3299=AXIS2_PLACEMENT_3D('Circle Axis2P3D',#3297,#3298,$) ;
#3308=AXIS2_PLACEMENT_3D('Circle Axis2P3D',#3306,#3307,$) ;
#3317=AXIS2_PLACEMENT_3D('Circle Axis2P3D',#3315,#3316,$) ;
#3326=AXIS2_PLACEMENT_3D('Circle Axis2P3D',#3324,#3325,$) ;
#3335=AXIS2_PLACEMENT_3D('Circle Axis2P3D',#3333,#3334,$) ;
#3344=AXIS2_PLACEMENT_3D('Circle Axis2P3D',#3342,#3343,$) ;
#3353=AXIS2_PLACEMENT_3D('Circle Axis2P3D',#3351,#3352,$) ;
#3362=AXIS2_PLACEMENT_3D('Circle Axis2P3D',#3360,#3361,$) ;
#3371=AXIS2_PLACEMENT_3D('Circle Axis2P3D',#3369,#3370,$) ;
#3380=AXIS2_PLACEMENT_3D('Circle Axis2P3D',#3378,#3379,$) ;
#3389=AXIS2_PLACEMENT_3D('Circle Axis2P3D',#3387,#3388,$) ;
#3398=AXIS2_PLACEMENT_3D('Circle Axis2P3D',#3396,#3397,$) ;
#3407=AXIS2_PLACEMENT_3D('Circle Axis2P3D',#3405,#3406,$) ;
#3416=AXIS2_PLACEMENT_3D('Circle Axis2P3D',#3414,#3415,$) ;
#3425=AXIS2_PLACEMENT_3D('Circle Axis2P3D',#3423,#3424,$) ;
#3434=AXIS2_PLACEMENT_3D('Circle Axis2P3D',#3432,#3433,$) ;
#3443=AXIS2_PLACEMENT_3D('Circle Axis2P3D',#3441,#3442,$) ;
#3452=AXIS2_PLACEMENT_3D('Circle Axis2P3D',#3450,#3451,$) ;
#3461=AXIS2_PLACEMENT_3D('Circle Axis2P3D',#3459,#3460,$) ;
#3470=AXIS2_PLACEMENT_3D('Circle Axis2P3D',#3468,#3469,$) ;
#3479=AXIS2_PLACEMENT_3D('Circle Axis2P3D',#3477,#3478,$) ;
#3488=AXIS2_PLACEMENT_3D('Circle Axis2P3D',#3486,#3487,$) ;
#3497=AXIS2_PLACEMENT_3D('Circle Axis2P3D',#3495,#3496,$) ;
#3506=AXIS2_PLACEMENT_3D('Circle Axis2P3D',#3504,#3505,$) ;
#3524=AXIS2_PLACEMENT_3D('Circle Axis2P3D',#3522,#3523,$) ;
#3538=AXIS2_PLACEMENT_3D('Circle Axis2P3D',#3536,#3537,$) ;
#3549=AXIS2_PLACEMENT_3D('Circle Axis2P3D',#3547,#3548,$) ;
#3565=AXIS2_PLACEMENT_3D('Circle Axis2P3D',#3563,#3564,$) ;
#3592=AXIS2_PLACEMENT_3D('Circle Axis2P3D',#3590,#3591,$) ;
#3606=AXIS2_PLACEMENT_3D('Circle Axis2P3D',#3604,#3605,$) ;
#3626=AXIS2_PLACEMENT_3D('Circle Axis2P3D',#3624,#3625,$) ;
#3640=AXIS2_PLACEMENT_3D('Circle Axis2P3D',#3638,#3639,$) ;
#3651=AXIS2_PLACEMENT_3D('Circle Axis2P3D',#3649,#3650,$) ;
#3667=AXIS2_PLACEMENT_3D('Circle Axis2P3D',#3665,#3666,$) ;
#3685=AXIS2_PLACEMENT_3D('Circle Axis2P3D',#3683,#3684,$) ;
#3694=AXIS2_PLACEMENT_3D('Circle Axis2P3D',#3692,#3693,$) ;
#3703=AXIS2_PLACEMENT_3D('Circle Axis2P3D',#3701,#3702,$) ;
#3712=AXIS2_PLACEMENT_3D('Circle Axis2P3D',#3710,#3711,$) ;
#3721=AXIS2_PLACEMENT_3D('Circle Axis2P3D',#3719,#3720,$) ;
#3730=AXIS2_PLACEMENT_3D('Circle Axis2P3D',#3728,#3729,$) ;
#3739=AXIS2_PLACEMENT_3D('Circle Axis2P3D',#3737,#3738,$) ;
#3748=AXIS2_PLACEMENT_3D('Circle Axis2P3D',#3746,#3747,$) ;
#3757=AXIS2_PLACEMENT_3D('Circle Axis2P3D',#3755,#3756,$) ;
#3766=AXIS2_PLACEMENT_3D('Circle Axis2P3D',#3764,#3765,$) ;
#3775=AXIS2_PLACEMENT_3D('Circle Axis2P3D',#3773,#3774,$) ;
#3784=AXIS2_PLACEMENT_3D('Circle Axis2P3D',#3782,#3783,$) ;
#3793=AXIS2_PLACEMENT_3D('Circle Axis2P3D',#3791,#3792,$) ;
#3802=AXIS2_PLACEMENT_3D('Circle Axis2P3D',#3800,#3801,$) ;
#3811=AXIS2_PLACEMENT_3D('Circle Axis2P3D',#3809,#3810,$) ;
#3820=AXIS2_PLACEMENT_3D('Circle Axis2P3D',#3818,#3819,$) ;
#3829=AXIS2_PLACEMENT_3D('Circle Axis2P3D',#3827,#3828,$) ;
#3838=AXIS2_PLACEMENT_3D('Circle Axis2P3D',#3836,#3837,$) ;
#3847=AXIS2_PLACEMENT_3D('Circle Axis2P3D',#3845,#3846,$) ;
#3856=AXIS2_PLACEMENT_3D('Circle Axis2P3D',#3854,#3855,$) ;
#3874=AXIS2_PLACEMENT_3D('Circle Axis2P3D',#3872,#3873,$) ;
#3888=AXIS2_PLACEMENT_3D('Circle Axis2P3D',#3886,#3887,$) ;
#3902=AXIS2_PLACEMENT_3D('Circle Axis2P3D',#3900,#3901,$) ;
#3916=AXIS2_PLACEMENT_3D('Circle Axis2P3D',#3914,#3915,$) ;
#3940=AXIS2_PLACEMENT_3D('Circle Axis2P3D',#3938,#3939,$) ;
#3954=AXIS2_PLACEMENT_3D('Circle Axis2P3D',#3952,#3953,$) ;
#3968=AXIS2_PLACEMENT_3D('Circle Axis2P3D',#3966,#3967,$) ;
#3982=AXIS2_PLACEMENT_3D('Circle Axis2P3D',#3980,#3981,$) ;
#3997=AXIS2_PLACEMENT_3D('Circle Axis2P3D',#3995,#3996,$) ;
#4006=AXIS2_PLACEMENT_3D('Circle Axis2P3D',#4004,#4005,$) ;
#4015=AXIS2_PLACEMENT_3D('Circle Axis2P3D',#4013,#4014,$) ;
#4024=AXIS2_PLACEMENT_3D('Circle Axis2P3D',#4022,#4023,$) ;
#4033=AXIS2_PLACEMENT_3D('Circle Axis2P3D',#4031,#4032,$) ;
#4042=AXIS2_PLACEMENT_3D('Circle Axis2P3D',#4040,#4041,$) ;
#4051=AXIS2_PLACEMENT_3D('Circle Axis2P3D',#4049,#4050,$) ;
#4060=AXIS2_PLACEMENT_3D('Circle Axis2P3D',#4058,#4059,$) ;
#4069=AXIS2_PLACEMENT_3D('Circle Axis2P3D',#4067,#4068,$) ;
#4078=AXIS2_PLACEMENT_3D('Circle Axis2P3D',#4076,#4077,$) ;
#4087=AXIS2_PLACEMENT_3D('Circle Axis2P3D',#4085,#4086,$) ;
#4096=AXIS2_PLACEMENT_3D('Circle Axis2P3D',#4094,#4095,$) ;
#4105=AXIS2_PLACEMENT_3D('Circle Axis2P3D',#4103,#4104,$) ;
#4114=AXIS2_PLACEMENT_3D('Circle Axis2P3D',#4112,#4113,$) ;
#4123=AXIS2_PLACEMENT_3D('Circle Axis2P3D',#4121,#4122,$) ;
#4132=AXIS2_PLACEMENT_3D('Circle Axis2P3D',#4130,#4131,$) ;
#4141=AXIS2_PLACEMENT_3D('Circle Axis2P3D',#4139,#4140,$) ;
#4150=AXIS2_PLACEMENT_3D('Circle Axis2P3D',#4148,#4149,$) ;
#4159=AXIS2_PLACEMENT_3D('Circle Axis2P3D',#4157,#4158,$) ;
#4168=AXIS2_PLACEMENT_3D('Circle Axis2P3D',#4166,#4167,$) ;
#4177=AXIS2_PLACEMENT_3D('Circle Axis2P3D',#4175,#4176,$) ;
#4186=AXIS2_PLACEMENT_3D('Circle Axis2P3D',#4184,#4185,$) ;
#4195=AXIS2_PLACEMENT_3D('Circle Axis2P3D',#4193,#4194,$) ;
#4204=AXIS2_PLACEMENT_3D('Circle Axis2P3D',#4202,#4203,$) ;
#4213=AXIS2_PLACEMENT_3D('Circle Axis2P3D',#4211,#4212,$) ;
#4222=AXIS2_PLACEMENT_3D('Circle Axis2P3D',#4220,#4221,$) ;
#4231=AXIS2_PLACEMENT_3D('Circle Axis2P3D',#4229,#4230,$) ;
#4240=AXIS2_PLACEMENT_3D('Circle Axis2P3D',#4238,#4239,$) ;
#4249=AXIS2_PLACEMENT_3D('Circle Axis2P3D',#4247,#4248,$) ;
#4258=AXIS2_PLACEMENT_3D('Circle Axis2P3D',#4256,#4257,$) ;
#4267=AXIS2_PLACEMENT_3D('Circle Axis2P3D',#4265,#4266,$) ;
#4276=AXIS2_PLACEMENT_3D('Circle Axis2P3D',#4274,#4275,$) ;
#4285=AXIS2_PLACEMENT_3D('Circle Axis2P3D',#4283,#4284,$) ;
#4294=AXIS2_PLACEMENT_3D('Circle Axis2P3D',#4292,#4293,$) ;
#4303=AXIS2_PLACEMENT_3D('Circle Axis2P3D',#4301,#4302,$) ;
#4312=AXIS2_PLACEMENT_3D('Circle Axis2P3D',#4310,#4311,$) ;
#4321=AXIS2_PLACEMENT_3D('Circle Axis2P3D',#4319,#4320,$) ;
#4330=AXIS2_PLACEMENT_3D('Circle Axis2P3D',#4328,#4329,$) ;
#4339=AXIS2_PLACEMENT_3D('Circle Axis2P3D',#4337,#4338,$) ;
#4348=AXIS2_PLACEMENT_3D('Circle Axis2P3D',#4346,#4347,$) ;
#4357=AXIS2_PLACEMENT_3D('Circle Axis2P3D',#4355,#4356,$) ;
#4366=AXIS2_PLACEMENT_3D('Circle Axis2P3D',#4364,#4365,$) ;
#4375=AXIS2_PLACEMENT_3D('Circle Axis2P3D',#4373,#4374,$) ;
#4384=AXIS2_PLACEMENT_3D('Circle Axis2P3D',#4382,#4383,$) ;
#4393=AXIS2_PLACEMENT_3D('Circle Axis2P3D',#4391,#4392,$) ;
#4402=AXIS2_PLACEMENT_3D('Circle Axis2P3D',#4400,#4401,$) ;
#4411=AXIS2_PLACEMENT_3D('Circle Axis2P3D',#4409,#4410,$) ;
#4420=AXIS2_PLACEMENT_3D('Circle Axis2P3D',#4418,#4419,$) ;
#4429=AXIS2_PLACEMENT_3D('Circle Axis2P3D',#4427,#4428,$) ;
#4438=AXIS2_PLACEMENT_3D('Circle Axis2P3D',#4436,#4437,$) ;
#4447=AXIS2_PLACEMENT_3D('Circle Axis2P3D',#4445,#4446,$) ;
#4456=AXIS2_PLACEMENT_3D('Circle Axis2P3D',#4454,#4455,$) ;
#4465=AXIS2_PLACEMENT_3D('Circle Axis2P3D',#4463,#4464,$) ;
#4474=AXIS2_PLACEMENT_3D('Circle Axis2P3D',#4472,#4473,$) ;
#4483=AXIS2_PLACEMENT_3D('Circle Axis2P3D',#4481,#4482,$) ;
#4492=AXIS2_PLACEMENT_3D('Circle Axis2P3D',#4490,#4491,$) ;
#4501=AXIS2_PLACEMENT_3D('Circle Axis2P3D',#4499,#4500,$) ;
#4510=AXIS2_PLACEMENT_3D('Circle Axis2P3D',#4508,#4509,$) ;
#4519=AXIS2_PLACEMENT_3D('Circle Axis2P3D',#4517,#4518,$) ;
#4528=AXIS2_PLACEMENT_3D('Circle Axis2P3D',#4526,#4527,$) ;
#4537=AXIS2_PLACEMENT_3D('Circle Axis2P3D',#4535,#4536,$) ;
#4546=AXIS2_PLACEMENT_3D('Circle Axis2P3D',#4544,#4545,$) ;
#4555=AXIS2_PLACEMENT_3D('Circle Axis2P3D',#4553,#4554,$) ;
#4564=AXIS2_PLACEMENT_3D('Circle Axis2P3D',#4562,#4563,$) ;
#4573=AXIS2_PLACEMENT_3D('Circle Axis2P3D',#4571,#4572,$) ;
#4582=AXIS2_PLACEMENT_3D('Circle Axis2P3D',#4580,#4581,$) ;
#4591=AXIS2_PLACEMENT_3D('Circle Axis2P3D',#4589,#4590,$) ;
#4600=AXIS2_PLACEMENT_3D('Circle Axis2P3D',#4598,#4599,$) ;
#4609=AXIS2_PLACEMENT_3D('Circle Axis2P3D',#4607,#4608,$) ;
#4618=AXIS2_PLACEMENT_3D('Circle Axis2P3D',#4616,#4617,$) ;
#4627=AXIS2_PLACEMENT_3D('Circle Axis2P3D',#4625,#4626,$) ;
#4636=AXIS2_PLACEMENT_3D('Circle Axis2P3D',#4634,#4635,$) ;
#4645=AXIS2_PLACEMENT_3D('Circle Axis2P3D',#4643,#4644,$) ;
#4654=AXIS2_PLACEMENT_3D('Circle Axis2P3D',#4652,#4653,$) ;
#4663=AXIS2_PLACEMENT_3D('Circle Axis2P3D',#4661,#4662,$) ;
#4672=AXIS2_PLACEMENT_3D('Circle Axis2P3D',#4670,#4671,$) ;
#4681=AXIS2_PLACEMENT_3D('Circle Axis2P3D',#4679,#4680,$) ;
#4690=AXIS2_PLACEMENT_3D('Circle Axis2P3D',#4688,#4689,$) ;
#4708=AXIS2_PLACEMENT_3D('Circle Axis2P3D',#4706,#4707,$) ;
#4722=AXIS2_PLACEMENT_3D('Circle Axis2P3D',#4720,#4721,$) ;
#4736=AXIS2_PLACEMENT_3D('Circle Axis2P3D',#4734,#4735,$) ;
#4749=AXIS2_PLACEMENT_3D('Circle Axis2P3D',#4747,#4748,$) ;
#4765=AXIS2_PLACEMENT_3D('Circle Axis2P3D',#4763,#4764,$) ;
#4783=AXIS2_PLACEMENT_3D('Circle Axis2P3D',#4781,#4782,$) ;
#4792=AXIS2_PLACEMENT_3D('Circle Axis2P3D',#4790,#4791,$) ;
#4801=AXIS2_PLACEMENT_3D('Circle Axis2P3D',#4799,#4800,$) ;
#4810=AXIS2_PLACEMENT_3D('Circle Axis2P3D',#4808,#4809,$) ;
#4819=AXIS2_PLACEMENT_3D('Circle Axis2P3D',#4817,#4818,$) ;
#4828=AXIS2_PLACEMENT_3D('Circle Axis2P3D',#4826,#4827,$) ;
#4837=AXIS2_PLACEMENT_3D('Circle Axis2P3D',#4835,#4836,$) ;
#4846=AXIS2_PLACEMENT_3D('Circle Axis2P3D',#4844,#4845,$) ;
#4855=AXIS2_PLACEMENT_3D('Circle Axis2P3D',#4853,#4854,$) ;
#4864=AXIS2_PLACEMENT_3D('Circle Axis2P3D',#4862,#4863,$) ;
#4873=AXIS2_PLACEMENT_3D('Circle Axis2P3D',#4871,#4872,$) ;
#4882=AXIS2_PLACEMENT_3D('Circle Axis2P3D',#4880,#4881,$) ;
#4891=AXIS2_PLACEMENT_3D('Circle Axis2P3D',#4889,#4890,$) ;
#4900=AXIS2_PLACEMENT_3D('Circle Axis2P3D',#4898,#4899,$) ;
#4909=AXIS2_PLACEMENT_3D('Circle Axis2P3D',#4907,#4908,$) ;
#4918=AXIS2_PLACEMENT_3D('Circle Axis2P3D',#4916,#4917,$) ;
#4927=AXIS2_PLACEMENT_3D('Circle Axis2P3D',#4925,#4926,$) ;
#4936=AXIS2_PLACEMENT_3D('Circle Axis2P3D',#4934,#4935,$) ;
#4947=AXIS2_PLACEMENT_3D('Cylinder Axis2P3D',#4944,#4945,#4946) ;
#4951=AXIS2_PLACEMENT_3D('Circle Axis2P3D',#4949,#4950,$) ;
#4971=AXIS2_PLACEMENT_3D('Plane Axis2P3D',#4968,#4969,#4970) ;
#5002=AXIS2_PLACEMENT_3D('Cylinder Axis2P3D',#4999,#5000,#5001) ;
#5013=AXIS2_PLACEMENT_3D('Circle Axis2P3D',#5011,#5012,$) ;
#5026=AXIS2_PLACEMENT_3D('Plane Axis2P3D',#5023,#5024,#5025) ;
#5050=AXIS2_PLACEMENT_3D('Cylinder Axis2P3D',#5047,#5048,#5049) ;
#5061=AXIS2_PLACEMENT_3D('Circle Axis2P3D',#5059,#5060,$) ;
#5074=AXIS2_PLACEMENT_3D('Plane Axis2P3D',#5071,#5072,#5073) ;
#5098=AXIS2_PLACEMENT_3D('Cylinder Axis2P3D',#5095,#5096,#5097) ;
#5109=AXIS2_PLACEMENT_3D('Circle Axis2P3D',#5107,#5108,$) ;
#5122=AXIS2_PLACEMENT_3D('Cylinder Axis2P3D',#5119,#5120,#5121) ;
#5133=AXIS2_PLACEMENT_3D('Circle Axis2P3D',#5131,#5132,$) ;
#5153=AXIS2_PLACEMENT_3D('Plane Axis2P3D',#5150,#5151,#5152) ;
#5177=AXIS2_PLACEMENT_3D('Cylinder Axis2P3D',#5174,#5175,#5176) ;
#5188=AXIS2_PLACEMENT_3D('Circle Axis2P3D',#5186,#5187,$) ;
#5208=AXIS2_PLACEMENT_3D('Plane Axis2P3D',#5205,#5206,#5207) ;
#5258=AXIS2_PLACEMENT_3D('Cylinder Axis2P3D',#5255,#5256,#5257) ;
#5269=AXIS2_PLACEMENT_3D('Circle Axis2P3D',#5267,#5268,$) ;
#5282=AXIS2_PLACEMENT_3D('Plane Axis2P3D',#5279,#5280,#5281) ;
#5306=AXIS2_PLACEMENT_3D('Cylinder Axis2P3D',#5303,#5304,#5305) ;
#5317=AXIS2_PLACEMENT_3D('Circle Axis2P3D',#5315,#5316,$) ;
#5349=AXIS2_PLACEMENT_3D('Cylinder Axis2P3D',#5346,#5347,#5348) ;
#5360=AXIS2_PLACEMENT_3D('Circle Axis2P3D',#5358,#5359,$) ;
#5373=AXIS2_PLACEMENT_3D('Cylinder Axis2P3D',#5370,#5371,#5372) ;
#5384=AXIS2_PLACEMENT_3D('Circle Axis2P3D',#5382,#5383,$) ;
#5403=AXIS2_PLACEMENT_3D('Circle Axis2P3D',#5401,#5402,$) ;
#5416=AXIS2_PLACEMENT_3D('Cylinder Axis2P3D',#5413,#5414,#5415) ;
#5427=AXIS2_PLACEMENT_3D('Circle Axis2P3D',#5425,#5426,$) ;
#5446=AXIS2_PLACEMENT_3D('Circle Axis2P3D',#5444,#5445,$) ;
#5459=AXIS2_PLACEMENT_3D('Cylinder Axis2P3D',#5456,#5457,#5458) ;
#5470=AXIS2_PLACEMENT_3D('Circle Axis2P3D',#5468,#5469,$) ;
#5489=AXIS2_PLACEMENT_3D('Circle Axis2P3D',#5487,#5488,$) ;
#5502=AXIS2_PLACEMENT_3D('Cylinder Axis2P3D',#5499,#5500,#5501) ;
#5513=AXIS2_PLACEMENT_3D('Circle Axis2P3D',#5511,#5512,$) ;
#5532=AXIS2_PLACEMENT_3D('Circle Axis2P3D',#5530,#5531,$) ;
#5545=AXIS2_PLACEMENT_3D('Cylinder Axis2P3D',#5542,#5543,#5544) ;
#5556=AXIS2_PLACEMENT_3D('Circle Axis2P3D',#5554,#5555,$) ;
#5575=AXIS2_PLACEMENT_3D('Circle Axis2P3D',#5573,#5574,$) ;
#5588=AXIS2_PLACEMENT_3D('Cylinder Axis2P3D',#5585,#5586,#5587) ;
#5599=AXIS2_PLACEMENT_3D('Circle Axis2P3D',#5597,#5598,$) ;
#5618=AXIS2_PLACEMENT_3D('Circle Axis2P3D',#5616,#5617,$) ;
#5631=AXIS2_PLACEMENT_3D('Cylinder Axis2P3D',#5628,#5629,#5630) ;
#5642=AXIS2_PLACEMENT_3D('Circle Axis2P3D',#5640,#5641,$) ;
#5661=AXIS2_PLACEMENT_3D('Circle Axis2P3D',#5659,#5660,$) ;
#5674=AXIS2_PLACEMENT_3D('Cylinder Axis2P3D',#5671,#5672,#5673) ;
#5685=AXIS2_PLACEMENT_3D('Circle Axis2P3D',#5683,#5684,$) ;
#5704=AXIS2_PLACEMENT_3D('Circle Axis2P3D',#5702,#5703,$) ;
#5717=AXIS2_PLACEMENT_3D('Cylinder Axis2P3D',#5714,#5715,#5716) ;
#5728=AXIS2_PLACEMENT_3D('Circle Axis2P3D',#5726,#5727,$) ;
#5747=AXIS2_PLACEMENT_3D('Circle Axis2P3D',#5745,#5746,$) ;
#5760=AXIS2_PLACEMENT_3D('Cylinder Axis2P3D',#5757,#5758,#5759) ;
#5771=AXIS2_PLACEMENT_3D('Circle Axis2P3D',#5769,#5770,$) ;
#5790=AXIS2_PLACEMENT_3D('Circle Axis2P3D',#5788,#5789,$) ;
#5803=AXIS2_PLACEMENT_3D('Cylinder Axis2P3D',#5800,#5801,#5802) ;
#5814=AXIS2_PLACEMENT_3D('Circle Axis2P3D',#5812,#5813,$) ;
#5833=AXIS2_PLACEMENT_3D('Circle Axis2P3D',#5831,#5832,$) ;
#5846=AXIS2_PLACEMENT_3D('Cylinder Axis2P3D',#5843,#5844,#5845) ;
#5857=AXIS2_PLACEMENT_3D('Circle Axis2P3D',#5855,#5856,$) ;
#5876=AXIS2_PLACEMENT_3D('Circle Axis2P3D',#5874,#5875,$) ;
#5889=AXIS2_PLACEMENT_3D('Plane Axis2P3D',#5886,#5887,#5888) ;
#5920=AXIS2_PLACEMENT_3D('Plane Axis2P3D',#5917,#5918,#5919) ;
#5951=AXIS2_PLACEMENT_3D('Cylinder Axis2P3D',#5948,#5949,#5950) ;
#5955=AXIS2_PLACEMENT_3D('Circle Axis2P3D',#5953,#5954,$) ;
#5976=AXIS2_PLACEMENT_3D('Circle Axis2P3D',#5974,#5975,$) ;
#5991=AXIS2_PLACEMENT_3D('Plane Axis2P3D',#5988,#5989,#5990) ;
#6015=AXIS2_PLACEMENT_3D('Cylinder Axis2P3D',#6012,#6013,#6014) ;
#6019=AXIS2_PLACEMENT_3D('Circle Axis2P3D',#6017,#6018,$) ;
#6046=AXIS2_PLACEMENT_3D('Plane Axis2P3D',#6043,#6044,#6045) ;
#6070=AXIS2_PLACEMENT_3D('Cylinder Axis2P3D',#6067,#6068,#6069) ;
#6074=AXIS2_PLACEMENT_3D('Circle Axis2P3D',#6072,#6073,$) ;
#6094=AXIS2_PLACEMENT_3D('Plane Axis2P3D',#6091,#6092,#6093) ;
#6111=AXIS2_PLACEMENT_3D('Cylinder Axis2P3D',#6108,#6109,#6110) ;
#6115=AXIS2_PLACEMENT_3D('Circle Axis2P3D',#6113,#6114,$) ;
#6142=AXIS2_PLACEMENT_3D('Plane Axis2P3D',#6139,#6140,#6141) ;
#6166=AXIS2_PLACEMENT_3D('Cylinder Axis2P3D',#6163,#6164,#6165) ;
#6170=AXIS2_PLACEMENT_3D('Circle Axis2P3D',#6168,#6169,$) ;
#6190=AXIS2_PLACEMENT_3D('Plane Axis2P3D',#6187,#6188,#6189) ;
#6233=AXIS2_PLACEMENT_3D('Cylinder Axis2P3D',#6230,#6231,#6232) ;
#6237=AXIS2_PLACEMENT_3D('Circle Axis2P3D',#6235,#6236,$) ;
#6276=AXIS2_PLACEMENT_3D('Cylinder Axis2P3D',#6273,#6274,#6275) ;
#6280=AXIS2_PLACEMENT_3D('Circle Axis2P3D',#6278,#6279,$) ;
#6293=AXIS2_PLACEMENT_3D('Cylinder Axis2P3D',#6290,#6291,#6292) ;
#6297=AXIS2_PLACEMENT_3D('Circle Axis2P3D',#6295,#6296,$) ;
#6343=AXIS2_PLACEMENT_3D('Cylinder Axis2P3D',#6340,#6341,#6342) ;
#6347=AXIS2_PLACEMENT_3D('Circle Axis2P3D',#6345,#6346,$) ;
#6379=AXIS2_PLACEMENT_3D('Cylinder Axis2P3D',#6376,#6377,#6378) ;
#6390=AXIS2_PLACEMENT_3D('Circle Axis2P3D',#6388,#6389,$) ;
#6409=AXIS2_PLACEMENT_3D('Circle Axis2P3D',#6407,#6408,$) ;
#6422=AXIS2_PLACEMENT_3D('Cylinder Axis2P3D',#6419,#6420,#6421) ;
#6433=AXIS2_PLACEMENT_3D('Circle Axis2P3D',#6431,#6432,$) ;
#6452=AXIS2_PLACEMENT_3D('Circle Axis2P3D',#6450,#6451,$) ;
#6465=AXIS2_PLACEMENT_3D('Cylinder Axis2P3D',#6462,#6463,#6464) ;
#6476=AXIS2_PLACEMENT_3D('Circle Axis2P3D',#6474,#6475,$) ;
#6495=AXIS2_PLACEMENT_3D('Circle Axis2P3D',#6493,#6494,$) ;
#6508=AXIS2_PLACEMENT_3D('Cylinder Axis2P3D',#6505,#6506,#6507) ;
#6519=AXIS2_PLACEMENT_3D('Circle Axis2P3D',#6517,#6518,$) ;
#6538=AXIS2_PLACEMENT_3D('Circle Axis2P3D',#6536,#6537,$) ;
#6551=AXIS2_PLACEMENT_3D('Cylinder Axis2P3D',#6548,#6549,#6550) ;
#6562=AXIS2_PLACEMENT_3D('Circle Axis2P3D',#6560,#6561,$) ;
#6581=AXIS2_PLACEMENT_3D('Circle Axis2P3D',#6579,#6580,$) ;
#6594=AXIS2_PLACEMENT_3D('Cylinder Axis2P3D',#6591,#6592,#6593) ;
#6605=AXIS2_PLACEMENT_3D('Circle Axis2P3D',#6603,#6604,$) ;
#6624=AXIS2_PLACEMENT_3D('Circle Axis2P3D',#6622,#6623,$) ;
#6637=AXIS2_PLACEMENT_3D('Cylinder Axis2P3D',#6634,#6635,#6636) ;
#6648=AXIS2_PLACEMENT_3D('Circle Axis2P3D',#6646,#6647,$) ;
#6667=AXIS2_PLACEMENT_3D('Circle Axis2P3D',#6665,#6666,$) ;
#6680=AXIS2_PLACEMENT_3D('Cylinder Axis2P3D',#6677,#6678,#6679) ;
#6691=AXIS2_PLACEMENT_3D('Circle Axis2P3D',#6689,#6690,$) ;
#6710=AXIS2_PLACEMENT_3D('Circle Axis2P3D',#6708,#6709,$) ;
#6723=AXIS2_PLACEMENT_3D('Cylinder Axis2P3D',#6720,#6721,#6722) ;
#6734=AXIS2_PLACEMENT_3D('Circle Axis2P3D',#6732,#6733,$) ;
#6753=AXIS2_PLACEMENT_3D('Circle Axis2P3D',#6751,#6752,$) ;
#6766=AXIS2_PLACEMENT_3D('Cylinder Axis2P3D',#6763,#6764,#6765) ;
#6777=AXIS2_PLACEMENT_3D('Circle Axis2P3D',#6775,#6776,$) ;
#6796=AXIS2_PLACEMENT_3D('Circle Axis2P3D',#6794,#6795,$) ;
#6809=AXIS2_PLACEMENT_3D('Cylinder Axis2P3D',#6806,#6807,#6808) ;
#6820=AXIS2_PLACEMENT_3D('Circle Axis2P3D',#6818,#6819,$) ;
#6839=AXIS2_PLACEMENT_3D('Circle Axis2P3D',#6837,#6838,$) ;
#6852=AXIS2_PLACEMENT_3D('Cylinder Axis2P3D',#6849,#6850,#6851) ;
#6863=AXIS2_PLACEMENT_3D('Circle Axis2P3D',#6861,#6862,$) ;
#6882=AXIS2_PLACEMENT_3D('Circle Axis2P3D',#6880,#6881,$) ;
#6895=AXIS2_PLACEMENT_3D('Cylinder Axis2P3D',#6892,#6893,#6894) ;
#6906=AXIS2_PLACEMENT_3D('Circle Axis2P3D',#6904,#6905,$) ;
#6925=AXIS2_PLACEMENT_3D('Circle Axis2P3D',#6923,#6924,$) ;
#6938=AXIS2_PLACEMENT_3D('Cylinder Axis2P3D',#6935,#6936,#6937) ;
#6949=AXIS2_PLACEMENT_3D('Circle Axis2P3D',#6947,#6948,$) ;
#6968=AXIS2_PLACEMENT_3D('Circle Axis2P3D',#6966,#6967,$) ;
#6981=AXIS2_PLACEMENT_3D('Cylinder Axis2P3D',#6978,#6979,#6980) ;
#6992=AXIS2_PLACEMENT_3D('Circle Axis2P3D',#6990,#6991,$) ;
#7011=AXIS2_PLACEMENT_3D('Circle Axis2P3D',#7009,#7010,$) ;
#7024=AXIS2_PLACEMENT_3D('Cylinder Axis2P3D',#7021,#7022,#7023) ;
#7035=AXIS2_PLACEMENT_3D('Circle Axis2P3D',#7033,#7034,$) ;
#7054=AXIS2_PLACEMENT_3D('Circle Axis2P3D',#7052,#7053,$) ;
#7067=AXIS2_PLACEMENT_3D('Cylinder Axis2P3D',#7064,#7065,#7066) ;
#7078=AXIS2_PLACEMENT_3D('Circle Axis2P3D',#7076,#7077,$) ;
#7097=AXIS2_PLACEMENT_3D('Circle Axis2P3D',#7095,#7096,$) ;
#7110=AXIS2_PLACEMENT_3D('Cylinder Axis2P3D',#7107,#7108,#7109) ;
#7121=AXIS2_PLACEMENT_3D('Circle Axis2P3D',#7119,#7120,$) ;
#7140=AXIS2_PLACEMENT_3D('Circle Axis2P3D',#7138,#7139,$) ;
#7153=AXIS2_PLACEMENT_3D('Cylinder Axis2P3D',#7150,#7151,#7152) ;
#7164=AXIS2_PLACEMENT_3D('Circle Axis2P3D',#7162,#7163,$) ;
#7183=AXIS2_PLACEMENT_3D('Circle Axis2P3D',#7181,#7182,$) ;
#7196=AXIS2_PLACEMENT_3D('Cylinder Axis2P3D',#7193,#7194,#7195) ;
#7207=AXIS2_PLACEMENT_3D('Circle Axis2P3D',#7205,#7206,$) ;
#7226=AXIS2_PLACEMENT_3D('Circle Axis2P3D',#7224,#7225,$) ;
#7239=AXIS2_PLACEMENT_3D('Cylinder Axis2P3D',#7236,#7237,#7238) ;
#7250=AXIS2_PLACEMENT_3D('Circle Axis2P3D',#7248,#7249,$) ;
#7269=AXIS2_PLACEMENT_3D('Circle Axis2P3D',#7267,#7268,$) ;
#7282=AXIS2_PLACEMENT_3D('Cylinder Axis2P3D',#7279,#7280,#7281) ;
#7293=AXIS2_PLACEMENT_3D('Circle Axis2P3D',#7291,#7292,$) ;
#7312=AXIS2_PLACEMENT_3D('Circle Axis2P3D',#7310,#7311,$) ;
#7325=AXIS2_PLACEMENT_3D('Cylinder Axis2P3D',#7322,#7323,#7324) ;
#7336=AXIS2_PLACEMENT_3D('Circle Axis2P3D',#7334,#7335,$) ;
#7355=AXIS2_PLACEMENT_3D('Circle Axis2P3D',#7353,#7354,$) ;
#7368=AXIS2_PLACEMENT_3D('Cylinder Axis2P3D',#7365,#7366,#7367) ;
#7379=AXIS2_PLACEMENT_3D('Circle Axis2P3D',#7377,#7378,$) ;
#7398=AXIS2_PLACEMENT_3D('Circle Axis2P3D',#7396,#7397,$) ;
#7411=AXIS2_PLACEMENT_3D('Cylinder Axis2P3D',#7408,#7409,#7410) ;
#7422=AXIS2_PLACEMENT_3D('Circle Axis2P3D',#7420,#7421,$) ;
#7441=AXIS2_PLACEMENT_3D('Circle Axis2P3D',#7439,#7440,$) ;
#7454=AXIS2_PLACEMENT_3D('Cylinder Axis2P3D',#7451,#7452,#7453) ;
#7465=AXIS2_PLACEMENT_3D('Circle Axis2P3D',#7463,#7464,$) ;
#7484=AXIS2_PLACEMENT_3D('Circle Axis2P3D',#7482,#7483,$) ;
#7497=AXIS2_PLACEMENT_3D('Cylinder Axis2P3D',#7494,#7495,#7496) ;
#7508=AXIS2_PLACEMENT_3D('Circle Axis2P3D',#7506,#7507,$) ;
#7527=AXIS2_PLACEMENT_3D('Circle Axis2P3D',#7525,#7526,$) ;
#7540=AXIS2_PLACEMENT_3D('Cylinder Axis2P3D',#7537,#7538,#7539) ;
#7551=AXIS2_PLACEMENT_3D('Circle Axis2P3D',#7549,#7550,$) ;
#7570=AXIS2_PLACEMENT_3D('Circle Axis2P3D',#7568,#7569,$) ;
#7583=AXIS2_PLACEMENT_3D('Cylinder Axis2P3D',#7580,#7581,#7582) ;
#7594=AXIS2_PLACEMENT_3D('Circle Axis2P3D',#7592,#7593,$) ;
#7613=AXIS2_PLACEMENT_3D('Circle Axis2P3D',#7611,#7612,$) ;
#7626=AXIS2_PLACEMENT_3D('Cylinder Axis2P3D',#7623,#7624,#7625) ;
#7637=AXIS2_PLACEMENT_3D('Circle Axis2P3D',#7635,#7636,$) ;
#7656=AXIS2_PLACEMENT_3D('Circle Axis2P3D',#7654,#7655,$) ;
#7669=AXIS2_PLACEMENT_3D('Cylinder Axis2P3D',#7666,#7667,#7668) ;
#7680=AXIS2_PLACEMENT_3D('Circle Axis2P3D',#7678,#7679,$) ;
#7699=AXIS2_PLACEMENT_3D('Circle Axis2P3D',#7697,#7698,$) ;
#7712=AXIS2_PLACEMENT_3D('Cylinder Axis2P3D',#7709,#7710,#7711) ;
#7723=AXIS2_PLACEMENT_3D('Circle Axis2P3D',#7721,#7722,$) ;
#7742=AXIS2_PLACEMENT_3D('Circle Axis2P3D',#7740,#7741,$) ;
#7755=AXIS2_PLACEMENT_3D('Cylinder Axis2P3D',#7752,#7753,#7754) ;
#7766=AXIS2_PLACEMENT_3D('Circle Axis2P3D',#7764,#7765,$) ;
#7785=AXIS2_PLACEMENT_3D('Circle Axis2P3D',#7783,#7784,$) ;
#7798=AXIS2_PLACEMENT_3D('Cylinder Axis2P3D',#7795,#7796,#7797) ;
#7809=AXIS2_PLACEMENT_3D('Circle Axis2P3D',#7807,#7808,$) ;
#7828=AXIS2_PLACEMENT_3D('Circle Axis2P3D',#7826,#7827,$) ;
#7841=AXIS2_PLACEMENT_3D('Cylinder Axis2P3D',#7838,#7839,#7840) ;
#7852=AXIS2_PLACEMENT_3D('Circle Axis2P3D',#7850,#7851,$) ;
#7871=AXIS2_PLACEMENT_3D('Circle Axis2P3D',#7869,#7870,$) ;
#7884=AXIS2_PLACEMENT_3D('Cylinder Axis2P3D',#7881,#7882,#7883) ;
#7895=AXIS2_PLACEMENT_3D('Circle Axis2P3D',#7893,#7894,$) ;
#7914=AXIS2_PLACEMENT_3D('Circle Axis2P3D',#7912,#7913,$) ;
#7927=AXIS2_PLACEMENT_3D('Cylinder Axis2P3D',#7924,#7925,#7926) ;
#7938=AXIS2_PLACEMENT_3D('Circle Axis2P3D',#7936,#7937,$) ;
#7957=AXIS2_PLACEMENT_3D('Circle Axis2P3D',#7955,#7956,$) ;
#7970=AXIS2_PLACEMENT_3D('Cylinder Axis2P3D',#7967,#7968,#7969) ;
#7981=AXIS2_PLACEMENT_3D('Circle Axis2P3D',#7979,#7980,$) ;
#8000=AXIS2_PLACEMENT_3D('Circle Axis2P3D',#7998,#7999,$) ;
#8013=AXIS2_PLACEMENT_3D('Cylinder Axis2P3D',#8010,#8011,#8012) ;
#8024=AXIS2_PLACEMENT_3D('Circle Axis2P3D',#8022,#8023,$) ;
#8043=AXIS2_PLACEMENT_3D('Circle Axis2P3D',#8041,#8042,$) ;
#8056=AXIS2_PLACEMENT_3D('Cylinder Axis2P3D',#8053,#8054,#8055) ;
#8067=AXIS2_PLACEMENT_3D('Circle Axis2P3D',#8065,#8066,$) ;
#8086=AXIS2_PLACEMENT_3D('Circle Axis2P3D',#8084,#8085,$) ;
#8099=AXIS2_PLACEMENT_3D('Cylinder Axis2P3D',#8096,#8097,#8098) ;
#8110=AXIS2_PLACEMENT_3D('Circle Axis2P3D',#8108,#8109,$) ;
#8129=AXIS2_PLACEMENT_3D('Circle Axis2P3D',#8127,#8128,$) ;
#8142=AXIS2_PLACEMENT_3D('Cylinder Axis2P3D',#8139,#8140,#8141) ;
#8153=AXIS2_PLACEMENT_3D('Circle Axis2P3D',#8151,#8152,$) ;
#8172=AXIS2_PLACEMENT_3D('Circle Axis2P3D',#8170,#8171,$) ;
#8185=AXIS2_PLACEMENT_3D('Cylinder Axis2P3D',#8182,#8183,#8184) ;
#8196=AXIS2_PLACEMENT_3D('Circle Axis2P3D',#8194,#8195,$) ;
#8215=AXIS2_PLACEMENT_3D('Circle Axis2P3D',#8213,#8214,$) ;
#8228=AXIS2_PLACEMENT_3D('Cylinder Axis2P3D',#8225,#8226,#8227) ;
#8239=AXIS2_PLACEMENT_3D('Circle Axis2P3D',#8237,#8238,$) ;
#8258=AXIS2_PLACEMENT_3D('Circle Axis2P3D',#8256,#8257,$) ;
#8271=AXIS2_PLACEMENT_3D('Cylinder Axis2P3D',#8268,#8269,#8270) ;
#8282=AXIS2_PLACEMENT_3D('Circle Axis2P3D',#8280,#8281,$) ;
#8302=AXIS2_PLACEMENT_3D('Plane Axis2P3D',#8299,#8300,#8301) ;
#8326=AXIS2_PLACEMENT_3D('Cylinder Axis2P3D',#8323,#8324,#8325) ;
#8330=AXIS2_PLACEMENT_3D('Circle Axis2P3D',#8328,#8329,$) ;
#8350=AXIS2_PLACEMENT_3D('Plane Axis2P3D',#8347,#8348,#8349) ;
#8367=AXIS2_PLACEMENT_3D('Plane Axis2P3D',#8364,#8365,#8366) ;
#8398=AXIS2_PLACEMENT_3D('Cylinder Axis2P3D',#8395,#8396,#8397) ;
#8402=AXIS2_PLACEMENT_3D('Circle Axis2P3D',#8400,#8401,$) ;
#8422=AXIS2_PLACEMENT_3D('Plane Axis2P3D',#8419,#8420,#8421) ;
#8446=AXIS2_PLACEMENT_3D('Cylinder Axis2P3D',#8443,#8444,#8445) ;
#8450=AXIS2_PLACEMENT_3D('Circle Axis2P3D',#8448,#8449,$) ;
#8463=AXIS2_PLACEMENT_3D('Cylinder Axis2P3D',#8460,#8461,#8462) ;
#8474=AXIS2_PLACEMENT_3D('Circle Axis2P3D',#8472,#8473,$) ;
#8494=AXIS2_PLACEMENT_3D('Plane Axis2P3D',#8491,#8492,#8493) ;
#8518=AXIS2_PLACEMENT_3D('Cylinder Axis2P3D',#8515,#8516,#8517) ;
#8522=AXIS2_PLACEMENT_3D('Circle Axis2P3D',#8520,#8521,$) ;
#8542=AXIS2_PLACEMENT_3D('Plane Axis2P3D',#8539,#8540,#8541) ;
#8559=AXIS2_PLACEMENT_3D('Cylinder Axis2P3D',#8556,#8557,#8558) ;
#8570=AXIS2_PLACEMENT_3D('Circle Axis2P3D',#8568,#8569,$) ;
#8590=AXIS2_PLACEMENT_3D('Plane Axis2P3D',#8587,#8588,#8589) ;
#8614=AXIS2_PLACEMENT_3D('Cylinder Axis2P3D',#8611,#8612,#8613) ;
#8618=AXIS2_PLACEMENT_3D('Circle Axis2P3D',#8616,#8617,$) ;
#8638=AXIS2_PLACEMENT_3D('Plane Axis2P3D',#8635,#8636,#8637) ;
#8655=AXIS2_PLACEMENT_3D('Cylinder Axis2P3D',#8652,#8653,#8654) ;
#8666=AXIS2_PLACEMENT_3D('Circle Axis2P3D',#8664,#8665,$) ;
#8685=AXIS2_PLACEMENT_3D('Circle Axis2P3D',#8683,#8684,$) ;
#8698=AXIS2_PLACEMENT_3D('Cylinder Axis2P3D',#8695,#8696,#8697) ;
#8709=AXIS2_PLACEMENT_3D('Circle Axis2P3D',#8707,#8708,$) ;
#8728=AXIS2_PLACEMENT_3D('Circle Axis2P3D',#8726,#8727,$) ;
#8741=AXIS2_PLACEMENT_3D('Cylinder Axis2P3D',#8738,#8739,#8740) ;
#8752=AXIS2_PLACEMENT_3D('Circle Axis2P3D',#8750,#8751,$) ;
#8771=AXIS2_PLACEMENT_3D('Circle Axis2P3D',#8769,#8770,$) ;
#8784=AXIS2_PLACEMENT_3D('Cylinder Axis2P3D',#8781,#8782,#8783) ;
#8795=AXIS2_PLACEMENT_3D('Circle Axis2P3D',#8793,#8794,$) ;
#8814=AXIS2_PLACEMENT_3D('Circle Axis2P3D',#8812,#8813,$) ;
#8827=AXIS2_PLACEMENT_3D('Cylinder Axis2P3D',#8824,#8825,#8826) ;
#8838=AXIS2_PLACEMENT_3D('Circle Axis2P3D',#8836,#8837,$) ;
#8857=AXIS2_PLACEMENT_3D('Circle Axis2P3D',#8855,#8856,$) ;
#8870=AXIS2_PLACEMENT_3D('Cylinder Axis2P3D',#8867,#8868,#8869) ;
#8881=AXIS2_PLACEMENT_3D('Circle Axis2P3D',#8879,#8880,$) ;
#8900=AXIS2_PLACEMENT_3D('Circle Axis2P3D',#8898,#8899,$) ;
#8913=AXIS2_PLACEMENT_3D('Cylinder Axis2P3D',#8910,#8911,#8912) ;
#8924=AXIS2_PLACEMENT_3D('Circle Axis2P3D',#8922,#8923,$) ;
#8944=AXIS2_PLACEMENT_3D('Plane Axis2P3D',#8941,#8942,#8943) ;
#8968=AXIS2_PLACEMENT_3D('Cylinder Axis2P3D',#8965,#8966,#8967) ;
#8972=AXIS2_PLACEMENT_3D('Circle Axis2P3D',#8970,#8971,$) ;
#8992=AXIS2_PLACEMENT_3D('Plane Axis2P3D',#8989,#8990,#8991) ;
#9009=AXIS2_PLACEMENT_3D('Plane Axis2P3D',#9006,#9007,#9008) ;
#9040=AXIS2_PLACEMENT_3D('Cylinder Axis2P3D',#9037,#9038,#9039) ;
#9051=AXIS2_PLACEMENT_3D('Circle Axis2P3D',#9049,#9050,$) ;
#9064=AXIS2_PLACEMENT_3D('Plane Axis2P3D',#9061,#9062,#9063) ;
#9088=AXIS2_PLACEMENT_3D('Cylinder Axis2P3D',#9085,#9086,#9087) ;
#9092=AXIS2_PLACEMENT_3D('Circle Axis2P3D',#9090,#9091,$) ;
#9105=AXIS2_PLACEMENT_3D('Cylinder Axis2P3D',#9102,#9103,#9104) ;
#9116=AXIS2_PLACEMENT_3D('Circle Axis2P3D',#9114,#9115,$) ;
#9136=AXIS2_PLACEMENT_3D('Plane Axis2P3D',#9133,#9134,#9135) ;
#9160=AXIS2_PLACEMENT_3D('Cylinder Axis2P3D',#9157,#9158,#9159) ;
#9164=AXIS2_PLACEMENT_3D('Circle Axis2P3D',#9162,#9163,$) ;
#9184=AXIS2_PLACEMENT_3D('Plane Axis2P3D',#9181,#9182,#9183) ;
#9201=AXIS2_PLACEMENT_3D('Cylinder Axis2P3D',#9198,#9199,#9200) ;
#9212=AXIS2_PLACEMENT_3D('Circle Axis2P3D',#9210,#9211,$) ;
#9232=AXIS2_PLACEMENT_3D('Plane Axis2P3D',#9229,#9230,#9231) ;
#9256=AXIS2_PLACEMENT_3D('Cylinder Axis2P3D',#9253,#9254,#9255) ;
#9260=AXIS2_PLACEMENT_3D('Circle Axis2P3D',#9258,#9259,$) ;
#9280=AXIS2_PLACEMENT_3D('Plane Axis2P3D',#9277,#9278,#9279) ;
#9297=AXIS2_PLACEMENT_3D('Cylinder Axis2P3D',#9294,#9295,#9296) ;
#9308=AXIS2_PLACEMENT_3D('Circle Axis2P3D',#9306,#9307,$) ;
#9328=AXIS2_PLACEMENT_3D('Plane Axis2P3D',#9325,#9326,#9327) ;
#9352=AXIS2_PLACEMENT_3D('Cylinder Axis2P3D',#9349,#9350,#9351) ;
#9356=AXIS2_PLACEMENT_3D('Circle Axis2P3D',#9354,#9355,$) ;
#9376=AXIS2_PLACEMENT_3D('Plane Axis2P3D',#9373,#9374,#9375) ;
#9393=AXIS2_PLACEMENT_3D('Cylinder Axis2P3D',#9390,#9391,#9392) ;
#9404=AXIS2_PLACEMENT_3D('Circle Axis2P3D',#9402,#9403,$) ;
#9424=AXIS2_PLACEMENT_3D('Plane Axis2P3D',#9421,#9422,#9423) ;
#9448=AXIS2_PLACEMENT_3D('Cylinder Axis2P3D',#9445,#9446,#9447) ;
#9452=AXIS2_PLACEMENT_3D('Circle Axis2P3D',#9450,#9451,$) ;
#9472=AXIS2_PLACEMENT_3D('Plane Axis2P3D',#9469,#9470,#9471) ;
#9489=AXIS2_PLACEMENT_3D('Cylinder Axis2P3D',#9486,#9487,#9488) ;
#9500=AXIS2_PLACEMENT_3D('Circle Axis2P3D',#9498,#9499,$) ;
#9520=AXIS2_PLACEMENT_3D('Plane Axis2P3D',#9517,#9518,#9519) ;
#9544=AXIS2_PLACEMENT_3D('Cylinder Axis2P3D',#9541,#9542,#9543) ;
#9548=AXIS2_PLACEMENT_3D('Circle Axis2P3D',#9546,#9547,$) ;
#9568=AXIS2_PLACEMENT_3D('Plane Axis2P3D',#9565,#9566,#9567) ;
#9585=AXIS2_PLACEMENT_3D('Cylinder Axis2P3D',#9582,#9583,#9584) ;
#9596=AXIS2_PLACEMENT_3D('Circle Axis2P3D',#9594,#9595,$) ;
#9615=AXIS2_PLACEMENT_3D('Circle Axis2P3D',#9613,#9614,$) ;
#9628=AXIS2_PLACEMENT_3D('Cylinder Axis2P3D',#9625,#9626,#9627) ;
#9639=AXIS2_PLACEMENT_3D('Circle Axis2P3D',#9637,#9638,$) ;
#9658=AXIS2_PLACEMENT_3D('Circle Axis2P3D',#9656,#9657,$) ;
#9671=AXIS2_PLACEMENT_3D('Cylinder Axis2P3D',#9668,#9669,#9670) ;
#9682=AXIS2_PLACEMENT_3D('Circle Axis2P3D',#9680,#9681,$) ;
#9701=AXIS2_PLACEMENT_3D('Circle Axis2P3D',#9699,#9700,$) ;
#9714=AXIS2_PLACEMENT_3D('Cylinder Axis2P3D',#9711,#9712,#9713) ;
#9725=AXIS2_PLACEMENT_3D('Circle Axis2P3D',#9723,#9724,$) ;
#9744=AXIS2_PLACEMENT_3D('Circle Axis2P3D',#9742,#9743,$) ;
#9757=AXIS2_PLACEMENT_3D('Cylinder Axis2P3D',#9754,#9755,#9756) ;
#9768=AXIS2_PLACEMENT_3D('Circle Axis2P3D',#9766,#9767,$) ;
#9787=AXIS2_PLACEMENT_3D('Circle Axis2P3D',#9785,#9786,$) ;
#9800=AXIS2_PLACEMENT_3D('Cylinder Axis2P3D',#9797,#9798,#9799) ;
#9811=AXIS2_PLACEMENT_3D('Circle Axis2P3D',#9809,#9810,$) ;
#9830=AXIS2_PLACEMENT_3D('Circle Axis2P3D',#9828,#9829,$) ;
#9843=AXIS2_PLACEMENT_3D('Cylinder Axis2P3D',#9840,#9841,#9842) ;
#9854=AXIS2_PLACEMENT_3D('Circle Axis2P3D',#9852,#9853,$) ;
#9873=AXIS2_PLACEMENT_3D('Circle Axis2P3D',#9871,#9872,$) ;
#9886=AXIS2_PLACEMENT_3D('Cylinder Axis2P3D',#9883,#9884,#9885) ;
#9897=AXIS2_PLACEMENT_3D('Circle Axis2P3D',#9895,#9896,$) ;
#9916=AXIS2_PLACEMENT_3D('Circle Axis2P3D',#9914,#9915,$) ;
#9929=AXIS2_PLACEMENT_3D('Cylinder Axis2P3D',#9926,#9927,#9928) ;
#9940=AXIS2_PLACEMENT_3D('Circle Axis2P3D',#9938,#9939,$) ;
#9959=AXIS2_PLACEMENT_3D('Circle Axis2P3D',#9957,#9958,$) ;
#9972=AXIS2_PLACEMENT_3D('Cylinder Axis2P3D',#9969,#9970,#9971) ;
#9983=AXIS2_PLACEMENT_3D('Circle Axis2P3D',#9981,#9982,$) ;
#10002=AXIS2_PLACEMENT_3D('Circle Axis2P3D',#10000,#10001,$) ;
#10015=AXIS2_PLACEMENT_3D('Cylinder Axis2P3D',#10012,#10013,#10014) ;
#10026=AXIS2_PLACEMENT_3D('Circle Axis2P3D',#10024,#10025,$) ;
#10045=AXIS2_PLACEMENT_3D('Circle Axis2P3D',#10043,#10044,$) ;
#10058=AXIS2_PLACEMENT_3D('Cylinder Axis2P3D',#10055,#10056,#10057) ;
#10069=AXIS2_PLACEMENT_3D('Circle Axis2P3D',#10067,#10068,$) ;
#10088=AXIS2_PLACEMENT_3D('Circle Axis2P3D',#10086,#10087,$) ;
#10101=AXIS2_PLACEMENT_3D('Cylinder Axis2P3D',#10098,#10099,#10100) ;
#10112=AXIS2_PLACEMENT_3D('Circle Axis2P3D',#10110,#10111,$) ;
#10131=AXIS2_PLACEMENT_3D('Circle Axis2P3D',#10129,#10130,$) ;
#10144=AXIS2_PLACEMENT_3D('Cylinder Axis2P3D',#10141,#10142,#10143) ;
#10155=AXIS2_PLACEMENT_3D('Circle Axis2P3D',#10153,#10154,$) ;
#10174=AXIS2_PLACEMENT_3D('Circle Axis2P3D',#10172,#10173,$) ;
#10187=AXIS2_PLACEMENT_3D('Cylinder Axis2P3D',#10184,#10185,#10186) ;
#10198=AXIS2_PLACEMENT_3D('Circle Axis2P3D',#10196,#10197,$) ;
#10217=AXIS2_PLACEMENT_3D('Circle Axis2P3D',#10215,#10216,$) ;
#10230=AXIS2_PLACEMENT_3D('Cylinder Axis2P3D',#10227,#10228,#10229) ;
#10241=AXIS2_PLACEMENT_3D('Circle Axis2P3D',#10239,#10240,$) ;
#10260=AXIS2_PLACEMENT_3D('Circle Axis2P3D',#10258,#10259,$) ;
#10273=AXIS2_PLACEMENT_3D('Cylinder Axis2P3D',#10270,#10271,#10272) ;
#10284=AXIS2_PLACEMENT_3D('Circle Axis2P3D',#10282,#10283,$) ;
#10303=AXIS2_PLACEMENT_3D('Circle Axis2P3D',#10301,#10302,$) ;
#10316=AXIS2_PLACEMENT_3D('Cylinder Axis2P3D',#10313,#10314,#10315) ;
#10327=AXIS2_PLACEMENT_3D('Circle Axis2P3D',#10325,#10326,$) ;
#10346=AXIS2_PLACEMENT_3D('Circle Axis2P3D',#10344,#10345,$) ;
#10359=AXIS2_PLACEMENT_3D('Cylinder Axis2P3D',#10356,#10357,#10358) ;
#10370=AXIS2_PLACEMENT_3D('Circle Axis2P3D',#10368,#10369,$) ;
#10389=AXIS2_PLACEMENT_3D('Circle Axis2P3D',#10387,#10388,$) ;
#10402=AXIS2_PLACEMENT_3D('Cylinder Axis2P3D',#10399,#10400,#10401) ;
#10413=AXIS2_PLACEMENT_3D('Circle Axis2P3D',#10411,#10412,$) ;
#10432=AXIS2_PLACEMENT_3D('Circle Axis2P3D',#10430,#10431,$) ;
#10445=AXIS2_PLACEMENT_3D('Cylinder Axis2P3D',#10442,#10443,#10444) ;
#10456=AXIS2_PLACEMENT_3D('Circle Axis2P3D',#10454,#10455,$) ;
#10475=AXIS2_PLACEMENT_3D('Circle Axis2P3D',#10473,#10474,$) ;
#10488=AXIS2_PLACEMENT_3D('Cylinder Axis2P3D',#10485,#10486,#10487) ;
#10499=AXIS2_PLACEMENT_3D('Circle Axis2P3D',#10497,#10498,$) ;
#10518=AXIS2_PLACEMENT_3D('Circle Axis2P3D',#10516,#10517,$) ;
#10531=AXIS2_PLACEMENT_3D('Cylinder Axis2P3D',#10528,#10529,#10530) ;
#10542=AXIS2_PLACEMENT_3D('Circle Axis2P3D',#10540,#10541,$) ;
#10561=AXIS2_PLACEMENT_3D('Circle Axis2P3D',#10559,#10560,$) ;
#10574=AXIS2_PLACEMENT_3D('Cylinder Axis2P3D',#10571,#10572,#10573) ;
#10585=AXIS2_PLACEMENT_3D('Circle Axis2P3D',#10583,#10584,$) ;
#10604=AXIS2_PLACEMENT_3D('Circle Axis2P3D',#10602,#10603,$) ;
#10617=AXIS2_PLACEMENT_3D('Cylinder Axis2P3D',#10614,#10615,#10616) ;
#10628=AXIS2_PLACEMENT_3D('Circle Axis2P3D',#10626,#10627,$) ;
#10647=AXIS2_PLACEMENT_3D('Circle Axis2P3D',#10645,#10646,$) ;
#10660=AXIS2_PLACEMENT_3D('Cylinder Axis2P3D',#10657,#10658,#10659) ;
#10671=AXIS2_PLACEMENT_3D('Circle Axis2P3D',#10669,#10670,$) ;
#10690=AXIS2_PLACEMENT_3D('Circle Axis2P3D',#10688,#10689,$) ;
#10703=AXIS2_PLACEMENT_3D('Cylinder Axis2P3D',#10700,#10701,#10702) ;
#10714=AXIS2_PLACEMENT_3D('Circle Axis2P3D',#10712,#10713,$) ;
#10733=AXIS2_PLACEMENT_3D('Circle Axis2P3D',#10731,#10732,$) ;
#10746=AXIS2_PLACEMENT_3D('Cylinder Axis2P3D',#10743,#10744,#10745) ;
#10757=AXIS2_PLACEMENT_3D('Circle Axis2P3D',#10755,#10756,$) ;
#10776=AXIS2_PLACEMENT_3D('Circle Axis2P3D',#10774,#10775,$) ;
#10789=AXIS2_PLACEMENT_3D('Cylinder Axis2P3D',#10786,#10787,#10788) ;
#10800=AXIS2_PLACEMENT_3D('Circle Axis2P3D',#10798,#10799,$) ;
#10819=AXIS2_PLACEMENT_3D('Circle Axis2P3D',#10817,#10818,$) ;
#10832=AXIS2_PLACEMENT_3D('Cylinder Axis2P3D',#10829,#10830,#10831) ;
#10843=AXIS2_PLACEMENT_3D('Circle Axis2P3D',#10841,#10842,$) ;
#10862=AXIS2_PLACEMENT_3D('Circle Axis2P3D',#10860,#10861,$) ;
#10875=AXIS2_PLACEMENT_3D('Cylinder Axis2P3D',#10872,#10873,#10874) ;
#10886=AXIS2_PLACEMENT_3D('Circle Axis2P3D',#10884,#10885,$) ;
#10905=AXIS2_PLACEMENT_3D('Circle Axis2P3D',#10903,#10904,$) ;
#10918=AXIS2_PLACEMENT_3D('Cylinder Axis2P3D',#10915,#10916,#10917) ;
#10929=AXIS2_PLACEMENT_3D('Circle Axis2P3D',#10927,#10928,$) ;
#10948=AXIS2_PLACEMENT_3D('Circle Axis2P3D',#10946,#10947,$) ;
#10961=AXIS2_PLACEMENT_3D('Cylinder Axis2P3D',#10958,#10959,#10960) ;
#10972=AXIS2_PLACEMENT_3D('Circle Axis2P3D',#10970,#10971,$) ;
#10991=AXIS2_PLACEMENT_3D('Circle Axis2P3D',#10989,#10990,$) ;
#11004=AXIS2_PLACEMENT_3D('Cylinder Axis2P3D',#11001,#11002,#11003) ;
#11015=AXIS2_PLACEMENT_3D('Circle Axis2P3D',#11013,#11014,$) ;
#11034=AXIS2_PLACEMENT_3D('Circle Axis2P3D',#11032,#11033,$) ;
#11047=AXIS2_PLACEMENT_3D('Cylinder Axis2P3D',#11044,#11045,#11046) ;
#11058=AXIS2_PLACEMENT_3D('Circle Axis2P3D',#11056,#11057,$) ;
#11077=AXIS2_PLACEMENT_3D('Circle Axis2P3D',#11075,#11076,$) ;
#11090=AXIS2_PLACEMENT_3D('Cylinder Axis2P3D',#11087,#11088,#11089) ;
#11101=AXIS2_PLACEMENT_3D('Circle Axis2P3D',#11099,#11100,$) ;
#11120=AXIS2_PLACEMENT_3D('Circle Axis2P3D',#11118,#11119,$) ;
#11133=AXIS2_PLACEMENT_3D('Cylinder Axis2P3D',#11130,#11131,#11132) ;
#11144=AXIS2_PLACEMENT_3D('Circle Axis2P3D',#11142,#11143,$) ;
#11163=AXIS2_PLACEMENT_3D('Circle Axis2P3D',#11161,#11162,$) ;
#11176=AXIS2_PLACEMENT_3D('Plane Axis2P3D',#11173,#11174,#11175) ;
#11207=AXIS2_PLACEMENT_3D('Cylinder Axis2P3D',#11204,#11205,#11206) ;
#11211=AXIS2_PLACEMENT_3D('Circle Axis2P3D',#11209,#11210,$) ;
#11231=AXIS2_PLACEMENT_3D('Plane Axis2P3D',#11228,#11229,#11230) ;
#11255=AXIS2_PLACEMENT_3D('Cylinder Axis2P3D',#11252,#11253,#11254) ;
#11259=AXIS2_PLACEMENT_3D('Circle Axis2P3D',#11257,#11258,$) ;
#11272=AXIS2_PLACEMENT_3D('Cylinder Axis2P3D',#11269,#11270,#11271) ;
#11283=AXIS2_PLACEMENT_3D('Circle Axis2P3D',#11281,#11282,$) ;
#11302=AXIS2_PLACEMENT_3D('Circle Axis2P3D',#11300,#11301,$) ;
#11315=AXIS2_PLACEMENT_3D('Cylinder Axis2P3D',#11312,#11313,#11314) ;
#11326=AXIS2_PLACEMENT_3D('Circle Axis2P3D',#11324,#11325,$) ;
#11345=AXIS2_PLACEMENT_3D('Circle Axis2P3D',#11343,#11344,$) ;
#11358=AXIS2_PLACEMENT_3D('Cylinder Axis2P3D',#11355,#11356,#11357) ;
#11369=AXIS2_PLACEMENT_3D('Circle Axis2P3D',#11367,#11368,$) ;
#11388=AXIS2_PLACEMENT_3D('Circle Axis2P3D',#11386,#11387,$) ;
#11401=AXIS2_PLACEMENT_3D('Cylinder Axis2P3D',#11398,#11399,#11400) ;
#11412=AXIS2_PLACEMENT_3D('Circle Axis2P3D',#11410,#11411,$) ;
#11431=AXIS2_PLACEMENT_3D('Circle Axis2P3D',#11429,#11430,$) ;
#11444=AXIS2_PLACEMENT_3D('Cylinder Axis2P3D',#11441,#11442,#11443) ;
#11455=AXIS2_PLACEMENT_3D('Circle Axis2P3D',#11453,#11454,$) ;
#11474=AXIS2_PLACEMENT_3D('Circle Axis2P3D',#11472,#11473,$) ;
#11487=AXIS2_PLACEMENT_3D('Cylinder Axis2P3D',#11484,#11485,#11486) ;
#11498=AXIS2_PLACEMENT_3D('Circle Axis2P3D',#11496,#11497,$) ;
#11517=AXIS2_PLACEMENT_3D('Circle Axis2P3D',#11515,#11516,$) ;
#11530=AXIS2_PLACEMENT_3D('Cylinder Axis2P3D',#11527,#11528,#11529) ;
#11541=AXIS2_PLACEMENT_3D('Circle Axis2P3D',#11539,#11540,$) ;
#11560=AXIS2_PLACEMENT_3D('Circle Axis2P3D',#11558,#11559,$) ;
#11573=AXIS2_PLACEMENT_3D('Cylinder Axis2P3D',#11570,#11571,#11572) ;
#11584=AXIS2_PLACEMENT_3D('Circle Axis2P3D',#11582,#11583,$) ;
#11603=AXIS2_PLACEMENT_3D('Circle Axis2P3D',#11601,#11602,$) ;
#11616=AXIS2_PLACEMENT_3D('Cylinder Axis2P3D',#11613,#11614,#11615) ;
#11627=AXIS2_PLACEMENT_3D('Circle Axis2P3D',#11625,#11626,$) ;
#11646=AXIS2_PLACEMENT_3D('Circle Axis2P3D',#11644,#11645,$) ;
#11659=AXIS2_PLACEMENT_3D('Cylinder Axis2P3D',#11656,#11657,#11658) ;
#11670=AXIS2_PLACEMENT_3D('Circle Axis2P3D',#11668,#11669,$) ;
#11689=AXIS2_PLACEMENT_3D('Circle Axis2P3D',#11687,#11688,$) ;
#11702=AXIS2_PLACEMENT_3D('Cylinder Axis2P3D',#11699,#11700,#11701) ;
#11713=AXIS2_PLACEMENT_3D('Circle Axis2P3D',#11711,#11712,$) ;
#11732=AXIS2_PLACEMENT_3D('Circle Axis2P3D',#11730,#11731,$) ;
#11745=AXIS2_PLACEMENT_3D('Cylinder Axis2P3D',#11742,#11743,#11744) ;
#11756=AXIS2_PLACEMENT_3D('Circle Axis2P3D',#11754,#11755,$) ;
#11775=AXIS2_PLACEMENT_3D('Circle Axis2P3D',#11773,#11774,$) ;
#11788=AXIS2_PLACEMENT_3D('Cylinder Axis2P3D',#11785,#11786,#11787) ;
#11799=AXIS2_PLACEMENT_3D('Circle Axis2P3D',#11797,#11798,$) ;
#11818=AXIS2_PLACEMENT_3D('Circle Axis2P3D',#11816,#11817,$) ;
#11831=AXIS2_PLACEMENT_3D('Cylinder Axis2P3D',#11828,#11829,#11830) ;
#11842=AXIS2_PLACEMENT_3D('Circle Axis2P3D',#11840,#11841,$) ;
#11861=AXIS2_PLACEMENT_3D('Circle Axis2P3D',#11859,#11860,$) ;
#11874=AXIS2_PLACEMENT_3D('Cylinder Axis2P3D',#11871,#11872,#11873) ;
#11885=AXIS2_PLACEMENT_3D('Circle Axis2P3D',#11883,#11884,$) ;
#11904=AXIS2_PLACEMENT_3D('Circle Axis2P3D',#11902,#11903,$) ;
#11917=AXIS2_PLACEMENT_3D('Cylinder Axis2P3D',#11914,#11915,#11916) ;
#11928=AXIS2_PLACEMENT_3D('Circle Axis2P3D',#11926,#11927,$) ;
#11947=AXIS2_PLACEMENT_3D('Circle Axis2P3D',#11945,#11946,$) ;
#11960=AXIS2_PLACEMENT_3D('Cylinder Axis2P3D',#11957,#11958,#11959) ;
#11971=AXIS2_PLACEMENT_3D('Circle Axis2P3D',#11969,#11970,$) ;
#11990=AXIS2_PLACEMENT_3D('Circle Axis2P3D',#11988,#11989,$) ;
#12003=AXIS2_PLACEMENT_3D('Cylinder Axis2P3D',#12000,#12001,#12002) ;
#12014=AXIS2_PLACEMENT_3D('Circle Axis2P3D',#12012,#12013,$) ;
#12033=AXIS2_PLACEMENT_3D('Circle Axis2P3D',#12031,#12032,$) ;
#12046=AXIS2_PLACEMENT_3D('Cylinder Axis2P3D',#12043,#12044,#12045) ;
#12057=AXIS2_PLACEMENT_3D('Circle Axis2P3D',#12055,#12056,$) ;
#12076=AXIS2_PLACEMENT_3D('Circle Axis2P3D',#12074,#12075,$) ;
#12089=AXIS2_PLACEMENT_3D('Cylinder Axis2P3D',#12086,#12087,#12088) ;
#12100=AXIS2_PLACEMENT_3D('Circle Axis2P3D',#12098,#12099,$) ;
#12119=AXIS2_PLACEMENT_3D('Circle Axis2P3D',#12117,#12118,$) ;
#12132=AXIS2_PLACEMENT_3D('Cylinder Axis2P3D',#12129,#12130,#12131) ;
#12143=AXIS2_PLACEMENT_3D('Circle Axis2P3D',#12141,#12142,$) ;
#12162=AXIS2_PLACEMENT_3D('Circle Axis2P3D',#12160,#12161,$) ;
#12175=AXIS2_PLACEMENT_3D('Cylinder Axis2P3D',#12172,#12173,#12174) ;
#12186=AXIS2_PLACEMENT_3D('Circle Axis2P3D',#12184,#12185,$) ;
#12205=AXIS2_PLACEMENT_3D('Circle Axis2P3D',#12203,#12204,$) ;
#12218=AXIS2_PLACEMENT_3D('Cylinder Axis2P3D',#12215,#12216,#12217) ;
#12229=AXIS2_PLACEMENT_3D('Circle Axis2P3D',#12227,#12228,$) ;
#12248=AXIS2_PLACEMENT_3D('Circle Axis2P3D',#12246,#12247,$) ;
#12261=AXIS2_PLACEMENT_3D('Cylinder Axis2P3D',#12258,#12259,#12260) ;
#12272=AXIS2_PLACEMENT_3D('Circle Axis2P3D',#12270,#12271,$) ;
#12291=AXIS2_PLACEMENT_3D('Circle Axis2P3D',#12289,#12290,$) ;
#12304=AXIS2_PLACEMENT_3D('Cylinder Axis2P3D',#12301,#12302,#12303) ;
#12315=AXIS2_PLACEMENT_3D('Circle Axis2P3D',#12313,#12314,$) ;
#12334=AXIS2_PLACEMENT_3D('Circle Axis2P3D',#12332,#12333,$) ;
#12347=AXIS2_PLACEMENT_3D('Cylinder Axis2P3D',#12344,#12345,#12346) ;
#12358=AXIS2_PLACEMENT_3D('Circle Axis2P3D',#12356,#12357,$) ;
#12377=AXIS2_PLACEMENT_3D('Circle Axis2P3D',#12375,#12376,$) ;
#12390=AXIS2_PLACEMENT_3D('Cylinder Axis2P3D',#12387,#12388,#12389) ;
#12401=AXIS2_PLACEMENT_3D('Circle Axis2P3D',#12399,#12400,$) ;
#12420=AXIS2_PLACEMENT_3D('Circle Axis2P3D',#12418,#12419,$) ;
#12433=AXIS2_PLACEMENT_3D('Cylinder Axis2P3D',#12430,#12431,#12432) ;
#12444=AXIS2_PLACEMENT_3D('Circle Axis2P3D',#12442,#12443,$) ;
#12463=AXIS2_PLACEMENT_3D('Circle Axis2P3D',#12461,#12462,$) ;
#12476=AXIS2_PLACEMENT_3D('Cylinder Axis2P3D',#12473,#12474,#12475) ;
#12487=AXIS2_PLACEMENT_3D('Circle Axis2P3D',#12485,#12486,$) ;
#12506=AXIS2_PLACEMENT_3D('Circle Axis2P3D',#12504,#12505,$) ;
#12519=AXIS2_PLACEMENT_3D('Cylinder Axis2P3D',#12516,#12517,#12518) ;
#12530=AXIS2_PLACEMENT_3D('Circle Axis2P3D',#12528,#12529,$) ;
#12549=AXIS2_PLACEMENT_3D('Circle Axis2P3D',#12547,#12548,$) ;
#12562=AXIS2_PLACEMENT_3D('Cylinder Axis2P3D',#12559,#12560,#12561) ;
#12573=AXIS2_PLACEMENT_3D('Circle Axis2P3D',#12571,#12572,$) ;
#12592=AXIS2_PLACEMENT_3D('Circle Axis2P3D',#12590,#12591,$) ;
#12605=AXIS2_PLACEMENT_3D('Cylinder Axis2P3D',#12602,#12603,#12604) ;
#12616=AXIS2_PLACEMENT_3D('Circle Axis2P3D',#12614,#12615,$) ;
#12635=AXIS2_PLACEMENT_3D('Circle Axis2P3D',#12633,#12634,$) ;
#12648=AXIS2_PLACEMENT_3D('Plane Axis2P3D',#12645,#12646,#12647) ;
#12679=AXIS2_PLACEMENT_3D('Cylinder Axis2P3D',#12676,#12677,#12678) ;
#12683=AXIS2_PLACEMENT_3D('Circle Axis2P3D',#12681,#12682,$) ;
#12703=AXIS2_PLACEMENT_3D('Plane Axis2P3D',#12700,#12701,#12702) ;
#12727=AXIS2_PLACEMENT_3D('Cylinder Axis2P3D',#12724,#12725,#12726) ;
#12731=AXIS2_PLACEMENT_3D('Circle Axis2P3D',#12729,#12730,$) ;
#12744=AXIS2_PLACEMENT_3D('Cylinder Axis2P3D',#12741,#12742,#12743) ;
#12755=AXIS2_PLACEMENT_3D('Circle Axis2P3D',#12753,#12754,$) ;
#12775=AXIS2_PLACEMENT_3D('Plane Axis2P3D',#12772,#12773,#12774) ;
#12799=AXIS2_PLACEMENT_3D('Cylinder Axis2P3D',#12796,#12797,#12798) ;
#12810=AXIS2_PLACEMENT_3D('Circle Axis2P3D',#12808,#12809,$) ;
#12823=AXIS2_PLACEMENT_3D('Plane Axis2P3D',#12820,#12821,#12822) ;
#12840=AXIS2_PLACEMENT_3D('Plane Axis2P3D',#12837,#12838,#12839) ;
#12871=AXIS2_PLACEMENT_3D('Cylinder Axis2P3D',#12868,#12869,#12870) ;
#12875=AXIS2_PLACEMENT_3D('Circle Axis2P3D',#12873,#12874,$) ;
#12895=AXIS2_PLACEMENT_3D('Plane Axis2P3D',#12892,#12893,#12894) ;
#12919=AXIS2_PLACEMENT_3D('Cylinder Axis2P3D',#12916,#12917,#12918) ;
#12923=AXIS2_PLACEMENT_3D('Circle Axis2P3D',#12921,#12922,$) ;
#12936=AXIS2_PLACEMENT_3D('Plane Axis2P3D',#12933,#12934,#12935) ;
#12967=AXIS2_PLACEMENT_3D('Cylinder Axis2P3D',#12964,#12965,#12966) ;
#12971=AXIS2_PLACEMENT_3D('Circle Axis2P3D',#12969,#12970,$) ;
#12991=AXIS2_PLACEMENT_3D('Plane Axis2P3D',#12988,#12989,#12990) ;
#13015=AXIS2_PLACEMENT_3D('Cylinder Axis2P3D',#13012,#13013,#13014) ;
#13019=AXIS2_PLACEMENT_3D('Circle Axis2P3D',#13017,#13018,$) ;
#13032=AXIS2_PLACEMENT_3D('Cylinder Axis2P3D',#13029,#13030,#13031) ;
#13043=AXIS2_PLACEMENT_3D('Circle Axis2P3D',#13041,#13042,$) ;
#13063=AXIS2_PLACEMENT_3D('Plane Axis2P3D',#13060,#13061,#13062) ;
#13087=AXIS2_PLACEMENT_3D('Cylinder Axis2P3D',#13084,#13085,#13086) ;
#13098=AXIS2_PLACEMENT_3D('Circle Axis2P3D',#13096,#13097,$) ;
#13111=AXIS2_PLACEMENT_3D('Plane Axis2P3D',#13108,#13109,#13110) ;
#13128=AXIS2_PLACEMENT_3D('Cylinder Axis2P3D',#13125,#13126,#13127) ;
#13139=AXIS2_PLACEMENT_3D('Circle Axis2P3D',#13137,#13138,$) ;
#13158=AXIS2_PLACEMENT_3D('Circle Axis2P3D',#13156,#13157,$) ;
#13171=AXIS2_PLACEMENT_3D('Cylinder Axis2P3D',#13168,#13169,#13170) ;
#13182=AXIS2_PLACEMENT_3D('Circle Axis2P3D',#13180,#13181,$) ;
#13201=AXIS2_PLACEMENT_3D('Circle Axis2P3D',#13199,#13200,$) ;
#13214=AXIS2_PLACEMENT_3D('Cylinder Axis2P3D',#13211,#13212,#13213) ;
#13225=AXIS2_PLACEMENT_3D('Circle Axis2P3D',#13223,#13224,$) ;
#13244=AXIS2_PLACEMENT_3D('Circle Axis2P3D',#13242,#13243,$) ;
#13257=AXIS2_PLACEMENT_3D('Cylinder Axis2P3D',#13254,#13255,#13256) ;
#13268=AXIS2_PLACEMENT_3D('Circle Axis2P3D',#13266,#13267,$) ;
#13287=AXIS2_PLACEMENT_3D('Circle Axis2P3D',#13285,#13286,$) ;
#13300=AXIS2_PLACEMENT_3D('Cylinder Axis2P3D',#13297,#13298,#13299) ;
#13311=AXIS2_PLACEMENT_3D('Circle Axis2P3D',#13309,#13310,$) ;
#13330=AXIS2_PLACEMENT_3D('Circle Axis2P3D',#13328,#13329,$) ;
#13343=AXIS2_PLACEMENT_3D('Cylinder Axis2P3D',#13340,#13341,#13342) ;
#13354=AXIS2_PLACEMENT_3D('Circle Axis2P3D',#13352,#13353,$) ;
#13373=AXIS2_PLACEMENT_3D('Circle Axis2P3D',#13371,#13372,$) ;
#13386=AXIS2_PLACEMENT_3D('Cylinder Axis2P3D',#13383,#13384,#13385) ;
#13397=AXIS2_PLACEMENT_3D('Circle Axis2P3D',#13395,#13396,$) ;
#13416=AXIS2_PLACEMENT_3D('Circle Axis2P3D',#13414,#13415,$) ;
#13429=AXIS2_PLACEMENT_3D('Cylinder Axis2P3D',#13426,#13427,#13428) ;
#13440=AXIS2_PLACEMENT_3D('Circle Axis2P3D',#13438,#13439,$) ;
#13459=AXIS2_PLACEMENT_3D('Circle Axis2P3D',#13457,#13458,$) ;
#13472=AXIS2_PLACEMENT_3D('Cylinder Axis2P3D',#13469,#13470,#13471) ;
#13483=AXIS2_PLACEMENT_3D('Circle Axis2P3D',#13481,#13482,$) ;
#13502=AXIS2_PLACEMENT_3D('Circle Axis2P3D',#13500,#13501,$) ;
#13515=AXIS2_PLACEMENT_3D('Cylinder Axis2P3D',#13512,#13513,#13514) ;
#13526=AXIS2_PLACEMENT_3D('Circle Axis2P3D',#13524,#13525,$) ;
#13545=AXIS2_PLACEMENT_3D('Circle Axis2P3D',#13543,#13544,$) ;
#13558=AXIS2_PLACEMENT_3D('Plane Axis2P3D',#13555,#13556,#13557) ;
#13589=AXIS2_PLACEMENT_3D('Cylinder Axis2P3D',#13586,#13587,#13588) ;
#13600=AXIS2_PLACEMENT_3D('Circle Axis2P3D',#13598,#13599,$) ;
#13613=AXIS2_PLACEMENT_3D('Plane Axis2P3D',#13610,#13611,#13612) ;
#13637=AXIS2_PLACEMENT_3D('Cylinder Axis2P3D',#13634,#13635,#13636) ;
#13648=AXIS2_PLACEMENT_3D('Circle Axis2P3D',#13646,#13647,$) ;
#13661=AXIS2_PLACEMENT_3D('Plane Axis2P3D',#13658,#13659,#13660) ;
#13685=AXIS2_PLACEMENT_3D('Cylinder Axis2P3D',#13682,#13683,#13684) ;
#13696=AXIS2_PLACEMENT_3D('Circle Axis2P3D',#13694,#13695,$) ;
#13709=AXIS2_PLACEMENT_3D('Plane Axis2P3D',#13706,#13707,#13708) ;
#13733=AXIS2_PLACEMENT_3D('Cylinder Axis2P3D',#13730,#13731,#13732) ;
#13737=AXIS2_PLACEMENT_3D('Circle Axis2P3D',#13735,#13736,$) ;
#13750=AXIS2_PLACEMENT_3D('Plane Axis2P3D',#13747,#13748,#13749) ;
#13781=AXIS2_PLACEMENT_3D('Cylinder Axis2P3D',#13778,#13779,#13780) ;
#13792=AXIS2_PLACEMENT_3D('Circle Axis2P3D',#13790,#13791,$) ;
#13805=AXIS2_PLACEMENT_3D('Plane Axis2P3D',#13802,#13803,#13804) ;
#13829=AXIS2_PLACEMENT_3D('Cylinder Axis2P3D',#13826,#13827,#13828) ;
#13840=AXIS2_PLACEMENT_3D('Circle Axis2P3D',#13838,#13839,$) ;
#13853=AXIS2_PLACEMENT_3D('Plane Axis2P3D',#13850,#13851,#13852) ;
#13877=AXIS2_PLACEMENT_3D('Cylinder Axis2P3D',#13874,#13875,#13876) ;
#13888=AXIS2_PLACEMENT_3D('Circle Axis2P3D',#13886,#13887,$) ;
#13901=AXIS2_PLACEMENT_3D('Plane Axis2P3D',#13898,#13899,#13900) ;
#13925=AXIS2_PLACEMENT_3D('Cylinder Axis2P3D',#13922,#13923,#13924) ;
#13929=AXIS2_PLACEMENT_3D('Circle Axis2P3D',#13927,#13928,$) ;
#13942=AXIS2_PLACEMENT_3D('Cylinder Axis2P3D',#13939,#13940,#13941) ;
#13953=AXIS2_PLACEMENT_3D('Circle Axis2P3D',#13951,#13952,$) ;
#13972=AXIS2_PLACEMENT_3D('Circle Axis2P3D',#13970,#13971,$) ;
#13985=AXIS2_PLACEMENT_3D('Cylinder Axis2P3D',#13982,#13983,#13984) ;
#13996=AXIS2_PLACEMENT_3D('Circle Axis2P3D',#13994,#13995,$) ;
#14015=AXIS2_PLACEMENT_3D('Circle Axis2P3D',#14013,#14014,$) ;
#14028=AXIS2_PLACEMENT_3D('Cylinder Axis2P3D',#14025,#14026,#14027) ;
#14039=AXIS2_PLACEMENT_3D('Circle Axis2P3D',#14037,#14038,$) ;
#14058=AXIS2_PLACEMENT_3D('Circle Axis2P3D',#14056,#14057,$) ;
#14071=AXIS2_PLACEMENT_3D('Cylinder Axis2P3D',#14068,#14069,#14070) ;
#14082=AXIS2_PLACEMENT_3D('Circle Axis2P3D',#14080,#14081,$) ;
#14101=AXIS2_PLACEMENT_3D('Circle Axis2P3D',#14099,#14100,$) ;
#14114=AXIS2_PLACEMENT_3D('Cylinder Axis2P3D',#14111,#14112,#14113) ;
#14125=AXIS2_PLACEMENT_3D('Circle Axis2P3D',#14123,#14124,$) ;
#14144=AXIS2_PLACEMENT_3D('Circle Axis2P3D',#14142,#14143,$) ;
#14157=AXIS2_PLACEMENT_3D('Cylinder Axis2P3D',#14154,#14155,#14156) ;
#14168=AXIS2_PLACEMENT_3D('Circle Axis2P3D',#14166,#14167,$) ;
#14187=AXIS2_PLACEMENT_3D('Circle Axis2P3D',#14185,#14186,$) ;
#14200=AXIS2_PLACEMENT_3D('Cylinder Axis2P3D',#14197,#14198,#14199) ;
#14211=AXIS2_PLACEMENT_3D('Circle Axis2P3D',#14209,#14210,$) ;
#14230=AXIS2_PLACEMENT_3D('Circle Axis2P3D',#14228,#14229,$) ;
#14243=AXIS2_PLACEMENT_3D('Cylinder Axis2P3D',#14240,#14241,#14242) ;
#14254=AXIS2_PLACEMENT_3D('Circle Axis2P3D',#14252,#14253,$) ;
#14273=AXIS2_PLACEMENT_3D('Circle Axis2P3D',#14271,#14272,$) ;
#14286=AXIS2_PLACEMENT_3D('Cylinder Axis2P3D',#14283,#14284,#14285) ;
#14297=AXIS2_PLACEMENT_3D('Circle Axis2P3D',#14295,#14296,$) ;
#14316=AXIS2_PLACEMENT_3D('Circle Axis2P3D',#14314,#14315,$) ;
#14329=AXIS2_PLACEMENT_3D('Cylinder Axis2P3D',#14326,#14327,#14328) ;
#14340=AXIS2_PLACEMENT_3D('Circle Axis2P3D',#14338,#14339,$) ;
#14359=AXIS2_PLACEMENT_3D('Circle Axis2P3D',#14357,#14358,$) ;
#14372=AXIS2_PLACEMENT_3D('Cylinder Axis2P3D',#14369,#14370,#14371) ;
#14383=AXIS2_PLACEMENT_3D('Circle Axis2P3D',#14381,#14382,$) ;
#14402=AXIS2_PLACEMENT_3D('Circle Axis2P3D',#14400,#14401,$) ;
#14415=AXIS2_PLACEMENT_3D('Cylinder Axis2P3D',#14412,#14413,#14414) ;
#14426=AXIS2_PLACEMENT_3D('Circle Axis2P3D',#14424,#14425,$) ;
#14445=AXIS2_PLACEMENT_3D('Circle Axis2P3D',#14443,#14444,$) ;
#14458=AXIS2_PLACEMENT_3D('Cylinder Axis2P3D',#14455,#14456,#14457) ;
#14469=AXIS2_PLACEMENT_3D('Circle Axis2P3D',#14467,#14468,$) ;
#14488=AXIS2_PLACEMENT_3D('Circle Axis2P3D',#14486,#14487,$) ;
#14501=AXIS2_PLACEMENT_3D('Cylinder Axis2P3D',#14498,#14499,#14500) ;
#14512=AXIS2_PLACEMENT_3D('Circle Axis2P3D',#14510,#14511,$) ;
#14531=AXIS2_PLACEMENT_3D('Circle Axis2P3D',#14529,#14530,$) ;
#14544=AXIS2_PLACEMENT_3D('Cylinder Axis2P3D',#14541,#14542,#14543) ;
#14555=AXIS2_PLACEMENT_3D('Circle Axis2P3D',#14553,#14554,$) ;
#14574=AXIS2_PLACEMENT_3D('Circle Axis2P3D',#14572,#14573,$) ;
#14587=AXIS2_PLACEMENT_3D('Cylinder Axis2P3D',#14584,#14585,#14586) ;
#14598=AXIS2_PLACEMENT_3D('Circle Axis2P3D',#14596,#14597,$) ;
#14617=AXIS2_PLACEMENT_3D('Circle Axis2P3D',#14615,#14616,$) ;
#14630=AXIS2_PLACEMENT_3D('Cylinder Axis2P3D',#14627,#14628,#14629) ;
#14641=AXIS2_PLACEMENT_3D('Circle Axis2P3D',#14639,#14640,$) ;
#14660=AXIS2_PLACEMENT_3D('Circle Axis2P3D',#14658,#14659,$) ;
#14673=AXIS2_PLACEMENT_3D('Cylinder Axis2P3D',#14670,#14671,#14672) ;
#14684=AXIS2_PLACEMENT_3D('Circle Axis2P3D',#14682,#14683,$) ;
#14703=AXIS2_PLACEMENT_3D('Circle Axis2P3D',#14701,#14702,$) ;
#14716=AXIS2_PLACEMENT_3D('Cylinder Axis2P3D',#14713,#14714,#14715) ;
#14727=AXIS2_PLACEMENT_3D('Circle Axis2P3D',#14725,#14726,$) ;
#14746=AXIS2_PLACEMENT_3D('Circle Axis2P3D',#14744,#14745,$) ;
#14759=AXIS2_PLACEMENT_3D('Cylinder Axis2P3D',#14756,#14757,#14758) ;
#14770=AXIS2_PLACEMENT_3D('Circle Axis2P3D',#14768,#14769,$) ;
#14789=AXIS2_PLACEMENT_3D('Circle Axis2P3D',#14787,#14788,$) ;
#14802=AXIS2_PLACEMENT_3D('Cylinder Axis2P3D',#14799,#14800,#14801) ;
#14813=AXIS2_PLACEMENT_3D('Circle Axis2P3D',#14811,#14812,$) ;
#14832=AXIS2_PLACEMENT_3D('Circle Axis2P3D',#14830,#14831,$) ;
#14845=AXIS2_PLACEMENT_3D('Cylinder Axis2P3D',#14842,#14843,#14844) ;
#14856=AXIS2_PLACEMENT_3D('Circle Axis2P3D',#14854,#14855,$) ;
#14875=AXIS2_PLACEMENT_3D('Circle Axis2P3D',#14873,#14874,$) ;
#14888=AXIS2_PLACEMENT_3D('Cylinder Axis2P3D',#14885,#14886,#14887) ;
#14899=AXIS2_PLACEMENT_3D('Circle Axis2P3D',#14897,#14898,$) ;
#14918=AXIS2_PLACEMENT_3D('Circle Axis2P3D',#14916,#14917,$) ;
#14931=AXIS2_PLACEMENT_3D('Cylinder Axis2P3D',#14928,#14929,#14930) ;
#14942=AXIS2_PLACEMENT_3D('Circle Axis2P3D',#14940,#14941,$) ;
#14961=AXIS2_PLACEMENT_3D('Circle Axis2P3D',#14959,#14960,$) ;
#14974=AXIS2_PLACEMENT_3D('Cylinder Axis2P3D',#14971,#14972,#14973) ;
#14985=AXIS2_PLACEMENT_3D('Circle Axis2P3D',#14983,#14984,$) ;
#15004=AXIS2_PLACEMENT_3D('Circle Axis2P3D',#15002,#15003,$) ;
#15017=AXIS2_PLACEMENT_3D('Cylinder Axis2P3D',#15014,#15015,#15016) ;
#15028=AXIS2_PLACEMENT_3D('Circle Axis2P3D',#15026,#15027,$) ;
#15047=AXIS2_PLACEMENT_3D('Circle Axis2P3D',#15045,#15046,$) ;
#15060=AXIS2_PLACEMENT_3D('Cylinder Axis2P3D',#15057,#15058,#15059) ;
#15071=AXIS2_PLACEMENT_3D('Circle Axis2P3D',#15069,#15070,$) ;
#15090=AXIS2_PLACEMENT_3D('Circle Axis2P3D',#15088,#15089,$) ;
#15103=AXIS2_PLACEMENT_3D('Cylinder Axis2P3D',#15100,#15101,#15102) ;
#15114=AXIS2_PLACEMENT_3D('Circle Axis2P3D',#15112,#15113,$) ;
#15133=AXIS2_PLACEMENT_3D('Circle Axis2P3D',#15131,#15132,$) ;
#15146=AXIS2_PLACEMENT_3D('Cylinder Axis2P3D',#15143,#15144,#15145) ;
#15157=AXIS2_PLACEMENT_3D('Circle Axis2P3D',#15155,#15156,$) ;
#15176=AXIS2_PLACEMENT_3D('Circle Axis2P3D',#15174,#15175,$) ;
#15189=AXIS2_PLACEMENT_3D('Cylinder Axis2P3D',#15186,#15187,#15188) ;
#15200=AXIS2_PLACEMENT_3D('Circle Axis2P3D',#15198,#15199,$) ;
#15219=AXIS2_PLACEMENT_3D('Circle Axis2P3D',#15217,#15218,$) ;
#15232=AXIS2_PLACEMENT_3D('Cylinder Axis2P3D',#15229,#15230,#15231) ;
#15243=AXIS2_PLACEMENT_3D('Circle Axis2P3D',#15241,#15242,$) ;
#15262=AXIS2_PLACEMENT_3D('Circle Axis2P3D',#15260,#15261,$) ;
#15275=AXIS2_PLACEMENT_3D('Cylinder Axis2P3D',#15272,#15273,#15274) ;
#15286=AXIS2_PLACEMENT_3D('Circle Axis2P3D',#15284,#15285,$) ;
#15305=AXIS2_PLACEMENT_3D('Circle Axis2P3D',#15303,#15304,$) ;
#15318=AXIS2_PLACEMENT_3D('Cylinder Axis2P3D',#15315,#15316,#15317) ;
#15329=AXIS2_PLACEMENT_3D('Circle Axis2P3D',#15327,#15328,$) ;
#15348=AXIS2_PLACEMENT_3D('Circle Axis2P3D',#15346,#15347,$) ;
#15361=AXIS2_PLACEMENT_3D('Cylinder Axis2P3D',#15358,#15359,#15360) ;
#15372=AXIS2_PLACEMENT_3D('Circle Axis2P3D',#15370,#15371,$) ;
#15391=AXIS2_PLACEMENT_3D('Circle Axis2P3D',#15389,#15390,$) ;
#15404=AXIS2_PLACEMENT_3D('Cylinder Axis2P3D',#15401,#15402,#15403) ;
#15415=AXIS2_PLACEMENT_3D('Circle Axis2P3D',#15413,#15414,$) ;
#15434=AXIS2_PLACEMENT_3D('Circle Axis2P3D',#15432,#15433,$) ;
#15447=AXIS2_PLACEMENT_3D('Cylinder Axis2P3D',#15444,#15445,#15446) ;
#15458=AXIS2_PLACEMENT_3D('Circle Axis2P3D',#15456,#15457,$) ;
#15477=AXIS2_PLACEMENT_3D('Circle Axis2P3D',#15475,#15476,$) ;
#15490=AXIS2_PLACEMENT_3D('Cylinder Axis2P3D',#15487,#15488,#15489) ;
#15501=AXIS2_PLACEMENT_3D('Circle Axis2P3D',#15499,#15500,$) ;
#15520=AXIS2_PLACEMENT_3D('Circle Axis2P3D',#15518,#15519,$) ;
#15533=AXIS2_PLACEMENT_3D('Cylinder Axis2P3D',#15530,#15531,#15532) ;
#15544=AXIS2_PLACEMENT_3D('Circle Axis2P3D',#15542,#15543,$) ;
#15563=AXIS2_PLACEMENT_3D('Circle Axis2P3D',#15561,#15562,$) ;
#15576=AXIS2_PLACEMENT_3D('Cylinder Axis2P3D',#15573,#15574,#15575) ;
#15587=AXIS2_PLACEMENT_3D('Circle Axis2P3D',#15585,#15586,$) ;
#15606=AXIS2_PLACEMENT_3D('Circle Axis2P3D',#15604,#15605,$) ;
#15619=AXIS2_PLACEMENT_3D('Plane Axis2P3D',#15616,#15617,#15618) ;
#15650=AXIS2_PLACEMENT_3D('Cylinder Axis2P3D',#15647,#15648,#15649) ;
#15661=AXIS2_PLACEMENT_3D('Circle Axis2P3D',#15659,#15660,$) ;
#15674=AXIS2_PLACEMENT_3D('Plane Axis2P3D',#15671,#15672,#15673) ;
#15698=AXIS2_PLACEMENT_3D('Cylinder Axis2P3D',#15695,#15696,#15697) ;
#15709=AXIS2_PLACEMENT_3D('Circle Axis2P3D',#15707,#15708,$) ;
#15722=AXIS2_PLACEMENT_3D('Plane Axis2P3D',#15719,#15720,#15721) ;
#15746=AXIS2_PLACEMENT_3D('Cylinder Axis2P3D',#15743,#15744,#15745) ;
#15750=AXIS2_PLACEMENT_3D('Circle Axis2P3D',#15748,#15749,$) ;
#15763=AXIS2_PLACEMENT_3D('Cylinder Axis2P3D',#15760,#15761,#15762) ;
#15767=AXIS2_PLACEMENT_3D('Circle Axis2P3D',#15765,#15766,$) ;
#15794=AXIS2_PLACEMENT_3D('Plane Axis2P3D',#15791,#15792,#15793) ;
#15818=AXIS2_PLACEMENT_3D('Cylinder Axis2P3D',#15815,#15816,#15817) ;
#15822=AXIS2_PLACEMENT_3D('Circle Axis2P3D',#15820,#15821,$) ;
#15842=AXIS2_PLACEMENT_3D('Plane Axis2P3D',#15839,#15840,#15841) ;
#15859=AXIS2_PLACEMENT_3D('Cylinder Axis2P3D',#15856,#15857,#15858) ;
#15870=AXIS2_PLACEMENT_3D('Circle Axis2P3D',#15868,#15869,$) ;
#15889=AXIS2_PLACEMENT_3D('Circle Axis2P3D',#15887,#15888,$) ;
#15902=AXIS2_PLACEMENT_3D('Cylinder Axis2P3D',#15899,#15900,#15901) ;
#15913=AXIS2_PLACEMENT_3D('Circle Axis2P3D',#15911,#15912,$) ;
#15932=AXIS2_PLACEMENT_3D('Circle Axis2P3D',#15930,#15931,$) ;
#15945=AXIS2_PLACEMENT_3D('Cylinder Axis2P3D',#15942,#15943,#15944) ;
#15956=AXIS2_PLACEMENT_3D('Circle Axis2P3D',#15954,#15955,$) ;
#15975=AXIS2_PLACEMENT_3D('Circle Axis2P3D',#15973,#15974,$) ;
#15988=AXIS2_PLACEMENT_3D('Cylinder Axis2P3D',#15985,#15986,#15987) ;
#15999=AXIS2_PLACEMENT_3D('Circle Axis2P3D',#15997,#15998,$) ;
#16018=AXIS2_PLACEMENT_3D('Circle Axis2P3D',#16016,#16017,$) ;
#16031=AXIS2_PLACEMENT_3D('Cylinder Axis2P3D',#16028,#16029,#16030) ;
#16042=AXIS2_PLACEMENT_3D('Circle Axis2P3D',#16040,#16041,$) ;
#16061=AXIS2_PLACEMENT_3D('Circle Axis2P3D',#16059,#16060,$) ;
#16074=AXIS2_PLACEMENT_3D('Cylinder Axis2P3D',#16071,#16072,#16073) ;
#16085=AXIS2_PLACEMENT_3D('Circle Axis2P3D',#16083,#16084,$) ;
#16104=AXIS2_PLACEMENT_3D('Circle Axis2P3D',#16102,#16103,$) ;
#16117=AXIS2_PLACEMENT_3D('Cylinder Axis2P3D',#16114,#16115,#16116) ;
#16128=AXIS2_PLACEMENT_3D('Circle Axis2P3D',#16126,#16127,$) ;
#16147=AXIS2_PLACEMENT_3D('Circle Axis2P3D',#16145,#16146,$) ;
#16160=AXIS2_PLACEMENT_3D('Cylinder Axis2P3D',#16157,#16158,#16159) ;
#16171=AXIS2_PLACEMENT_3D('Circle Axis2P3D',#16169,#16170,$) ;
#16190=AXIS2_PLACEMENT_3D('Circle Axis2P3D',#16188,#16189,$) ;
#16203=AXIS2_PLACEMENT_3D('Cylinder Axis2P3D',#16200,#16201,#16202) ;
#16214=AXIS2_PLACEMENT_3D('Circle Axis2P3D',#16212,#16213,$) ;
#16233=AXIS2_PLACEMENT_3D('Circle Axis2P3D',#16231,#16232,$) ;
#16246=AXIS2_PLACEMENT_3D('Cylinder Axis2P3D',#16243,#16244,#16245) ;
#16250=AXIS2_PLACEMENT_3D('Circle Axis2P3D',#16248,#16249,$) ;
#16276=AXIS2_PLACEMENT_3D('Circle Axis2P3D',#16274,#16275,$) ;
#16289=AXIS2_PLACEMENT_3D('Cylinder Axis2P3D',#16286,#16287,#16288) ;
#16293=AXIS2_PLACEMENT_3D('Circle Axis2P3D',#16291,#16292,$) ;
#16313=AXIS2_PLACEMENT_3D('Plane Axis2P3D',#16310,#16311,#16312) ;
#16330=AXIS2_PLACEMENT_3D('Cylinder Axis2P3D',#16327,#16328,#16329) ;
#16334=AXIS2_PLACEMENT_3D('Circle Axis2P3D',#16332,#16333,$) ;
#16360=AXIS2_PLACEMENT_3D('Circle Axis2P3D',#16358,#16359,$) ;
#16373=AXIS2_PLACEMENT_3D('Cylinder Axis2P3D',#16370,#16371,#16372) ;
#16377=AXIS2_PLACEMENT_3D('Circle Axis2P3D',#16375,#16376,$) ;
#16384=AXIS2_PLACEMENT_3D('Circle Axis2P3D',#16382,#16383,$) ;
#16399=AXIS2_PLACEMENT_3D('Cylinder Axis2P3D',#16396,#16397,#16398) ;
#16403=AXIS2_PLACEMENT_3D('Circle Axis2P3D',#16401,#16402,$) ;
#16416=AXIS2_PLACEMENT_3D('Plane Axis2P3D',#16413,#16414,#16415) ;
#16433=AXIS2_PLACEMENT_3D('Cylinder Axis2P3D',#16430,#16431,#16432) ;
#16444=AXIS2_PLACEMENT_3D('Circle Axis2P3D',#16442,#16443,$) ;
#16476=AXIS2_PLACEMENT_3D('Cylinder Axis2P3D',#16473,#16474,#16475) ;
#16480=AXIS2_PLACEMENT_3D('Circle Axis2P3D',#16478,#16479,$) ;
#16493=AXIS2_PLACEMENT_3D('Plane Axis2P3D',#16490,#16491,#16492) ;
#16517=AXIS2_PLACEMENT_3D('Cylinder Axis2P3D',#16514,#16515,#16516) ;
#16521=AXIS2_PLACEMENT_3D('Circle Axis2P3D',#16519,#16520,$) ;
#16534=AXIS2_PLACEMENT_3D('Plane Axis2P3D',#16531,#16532,#16533) ;
#16551=AXIS2_PLACEMENT_3D('Cylinder Axis2P3D',#16548,#16549,#16550) ;
#16562=AXIS2_PLACEMENT_3D('Circle Axis2P3D',#16560,#16561,$) ;
#16594=AXIS2_PLACEMENT_3D('Cylinder Axis2P3D',#16591,#16592,#16593) ;
#16598=AXIS2_PLACEMENT_3D('Circle Axis2P3D',#16596,#16597,$) ;
#16611=AXIS2_PLACEMENT_3D('Plane Axis2P3D',#16608,#16609,#16610) ;
#17590=AXIS2_PLACEMENT_3D(' ',#17593,#17597,#17596) ;
#17591=AXIS2_PLACEMENT_3D(' ',#17592,#17595,#17594) ;
#17603=AXIS2_PLACEMENT_3D(' ',#17606,#17610,#17609) ;
#17604=AXIS2_PLACEMENT_3D(' ',#17605,#17608,#17607) ;
#45=PRODUCT_DEFINITION_SHAPE(' ',' ',#17) ;
#58=PRODUCT_DEFINITION_SHAPE(' ',' ',#57) ;
#68=PRODUCT_DEFINITION_SHAPE(' ',' ',#65) ;
#17586=PRODUCT_DEFINITION_SHAPE(' ',' ',#17585) ;
#17599=PRODUCT_DEFINITION_SHAPE(' ',' ',#17598) ;
#34=APPROVAL_PERSON_ORGANIZATION(#28,#24,#22) ;
#28=PERSON_AND_ORGANIZATION(#25,#26) ;
#25=PERSON(' ',' ',' ',$,$,$) ;
#26=ORGANIZATION(' ',' ',' ') ;
#24=APPROVAL(#23,' ') ;
#23=APPROVAL_STATUS('not_yet_approved') ;
#22=APPROVAL_ROLE('APPROVER') ;
#13=DATE_AND_TIME(#11,#12) ;
#12=LOCAL_TIME(12,51,49.,#10) ;
#10=COORDINATED_UNIVERSAL_TIME_OFFSET(0,0,.AHEAD.) ;
#104=ORIENTED_EDGE('',*,*,#83,.T.) ;
#105=ORIENTED_EDGE('',*,*,#90,.T.) ;
#106=ORIENTED_EDGE('',*,*,#97,.F.) ;
#107=ORIENTED_EDGE('',*,*,#102,.F.) ;
#333=ORIENTED_EDGE('',*,*,#121,.T.) ;
#334=ORIENTED_EDGE('',*,*,#97,.T.) ;
#335=ORIENTED_EDGE('',*,*,#128,.T.) ;
#336=ORIENTED_EDGE('',*,*,#135,.T.) ;
#337=ORIENTED_EDGE('',*,*,#142,.T.) ;
#338=ORIENTED_EDGE('',*,*,#149,.F.) ;
#339=ORIENTED_EDGE('',*,*,#156,.F.) ;
#340=ORIENTED_EDGE('',*,*,#163,.F.) ;
#341=ORIENTED_EDGE('',*,*,#170,.F.) ;
#342=ORIENTED_EDGE('',*,*,#177,.F.) ;
#343=ORIENTED_EDGE('',*,*,#193,.F.) ;
#344=ORIENTED_EDGE('',*,*,#200,.T.) ;
#345=ORIENTED_EDGE('',*,*,#210,.F.) ;
#346=ORIENTED_EDGE('',*,*,#217,.F.) ;
#347=ORIENTED_EDGE('',*,*,#224,.T.) ;
#348=ORIENTED_EDGE('',*,*,#231,.T.) ;
#349=ORIENTED_EDGE('',*,*,#247,.F.) ;
#350=ORIENTED_EDGE('',*,*,#254,.F.) ;
#351=ORIENTED_EDGE('',*,*,#261,.T.) ;
#352=ORIENTED_EDGE('',*,*,#268,.T.) ;
#353=ORIENTED_EDGE('',*,*,#275,.T.) ;
#354=ORIENTED_EDGE('',*,*,#282,.F.) ;
#355=ORIENTED_EDGE('',*,*,#289,.F.) ;
#356=ORIENTED_EDGE('',*,*,#296,.F.) ;
#357=ORIENTED_EDGE('',*,*,#303,.F.) ;
#358=ORIENTED_EDGE('',*,*,#310,.F.) ;
#359=ORIENTED_EDGE('',*,*,#326,.F.) ;
#360=ORIENTED_EDGE('',*,*,#331,.T.) ;
#377=ORIENTED_EDGE('',*,*,#370,.F.) ;
#378=ORIENTED_EDGE('',*,*,#375,.F.) ;
#395=ORIENTED_EDGE('',*,*,#388,.F.) ;
#396=ORIENTED_EDGE('',*,*,#393,.F.) ;
#413=ORIENTED_EDGE('',*,*,#406,.F.) ;
#414=ORIENTED_EDGE('',*,*,#411,.F.) ;
#431=ORIENTED_EDGE('',*,*,#424,.F.) ;
#432=ORIENTED_EDGE('',*,*,#429,.F.) ;
#449=ORIENTED_EDGE('',*,*,#442,.F.) ;
#450=ORIENTED_EDGE('',*,*,#447,.F.) ;
#467=ORIENTED_EDGE('',*,*,#460,.F.) ;
#468=ORIENTED_EDGE('',*,*,#465,.F.) ;
#485=ORIENTED_EDGE('',*,*,#478,.F.) ;
#486=ORIENTED_EDGE('',*,*,#483,.F.) ;
#503=ORIENTED_EDGE('',*,*,#496,.F.) ;
#504=ORIENTED_EDGE('',*,*,#501,.F.) ;
#521=ORIENTED_EDGE('',*,*,#514,.F.) ;
#522=ORIENTED_EDGE('',*,*,#519,.F.) ;
#539=ORIENTED_EDGE('',*,*,#532,.F.) ;
#540=ORIENTED_EDGE('',*,*,#537,.F.) ;
#557=ORIENTED_EDGE('',*,*,#550,.F.) ;
#558=ORIENTED_EDGE('',*,*,#555,.F.) ;
#575=ORIENTED_EDGE('',*,*,#568,.F.) ;
#576=ORIENTED_EDGE('',*,*,#573,.F.) ;
#653=ORIENTED_EDGE('',*,*,#604,.T.) ;
#654=ORIENTED_EDGE('',*,*,#611,.F.) ;
#655=ORIENTED_EDGE('',*,*,#633,.T.) ;
#656=ORIENTED_EDGE('',*,*,#646,.T.) ;
#657=ORIENTED_EDGE('',*,*,#651,.F.) ;
#710=ORIENTED_EDGE('',*,*,#685,.T.) ;
#711=ORIENTED_EDGE('',*,*,#708,.T.) ;
#767=ORIENTED_EDGE('',*,*,#721,.T.) ;
#768=ORIENTED_EDGE('',*,*,#728,.F.) ;
#769=ORIENTED_EDGE('',*,*,#735,.F.) ;
#770=ORIENTED_EDGE('',*,*,#742,.F.) ;
#771=ORIENTED_EDGE('',*,*,#765,.T.) ;
#802=ORIENTED_EDGE('',*,*,#781,.F.) ;
#803=ORIENTED_EDGE('',*,*,#788,.F.) ;
#804=ORIENTED_EDGE('',*,*,#795,.F.) ;
#805=ORIENTED_EDGE('',*,*,#800,.F.) ;
#836=ORIENTED_EDGE('',*,*,#815,.F.) ;
#837=ORIENTED_EDGE('',*,*,#822,.F.) ;
#838=ORIENTED_EDGE('',*,*,#829,.F.) ;
#839=ORIENTED_EDGE('',*,*,#834,.F.) ;
#870=ORIENTED_EDGE('',*,*,#849,.F.) ;
#871=ORIENTED_EDGE('',*,*,#856,.F.) ;
#872=ORIENTED_EDGE('',*,*,#863,.F.) ;
#873=ORIENTED_EDGE('',*,*,#868,.F.) ;
#904=ORIENTED_EDGE('',*,*,#883,.F.) ;
#905=ORIENTED_EDGE('',*,*,#890,.F.) ;
#906=ORIENTED_EDGE('',*,*,#897,.F.) ;
#907=ORIENTED_EDGE('',*,*,#902,.F.) ;
#924=ORIENTED_EDGE('',*,*,#917,.F.) ;
#925=ORIENTED_EDGE('',*,*,#922,.F.) ;
#942=ORIENTED_EDGE('',*,*,#935,.F.) ;
#943=ORIENTED_EDGE('',*,*,#940,.F.) ;
#960=ORIENTED_EDGE('',*,*,#953,.F.) ;
#961=ORIENTED_EDGE('',*,*,#958,.F.) ;
#978=ORIENTED_EDGE('',*,*,#971,.F.) ;
#979=ORIENTED_EDGE('',*,*,#976,.F.) ;
#996=ORIENTED_EDGE('',*,*,#989,.F.) ;
#997=ORIENTED_EDGE('',*,*,#994,.F.) ;
#1014=ORIENTED_EDGE('',*,*,#1007,.F.) ;
#1015=ORIENTED_EDGE('',*,*,#1012,.F.) ;
#1032=ORIENTED_EDGE('',*,*,#1025,.F.) ;
#1033=ORIENTED_EDGE('',*,*,#1030,.F.) ;
#1050=ORIENTED_EDGE('',*,*,#1043,.F.) ;
#1051=ORIENTED_EDGE('',*,*,#1048,.F.) ;
#1068=ORIENTED_EDGE('',*,*,#1061,.F.) ;
#1069=ORIENTED_EDGE('',*,*,#1066,.F.) ;
#1086=ORIENTED_EDGE('',*,*,#1079,.F.) ;
#1087=ORIENTED_EDGE('',*,*,#1084,.F.) ;
#1104=ORIENTED_EDGE('',*,*,#1097,.F.) ;
#1105=ORIENTED_EDGE('',*,*,#1102,.F.) ;
#1122=ORIENTED_EDGE('',*,*,#1115,.F.) ;
#1123=ORIENTED_EDGE('',*,*,#1120,.F.) ;
#1140=ORIENTED_EDGE('',*,*,#1133,.F.) ;
#1141=ORIENTED_EDGE('',*,*,#1138,.F.) ;
#1158=ORIENTED_EDGE('',*,*,#1151,.F.) ;
#1159=ORIENTED_EDGE('',*,*,#1156,.F.) ;
#1176=ORIENTED_EDGE('',*,*,#1169,.F.) ;
#1177=ORIENTED_EDGE('',*,*,#1174,.F.) ;
#1194=ORIENTED_EDGE('',*,*,#1187,.F.) ;
#1195=ORIENTED_EDGE('',*,*,#1192,.F.) ;
#1212=ORIENTED_EDGE('',*,*,#1205,.F.) ;
#1213=ORIENTED_EDGE('',*,*,#1210,.F.) ;
#1230=ORIENTED_EDGE('',*,*,#1223,.F.) ;
#1231=ORIENTED_EDGE('',*,*,#1228,.F.) ;
#1248=ORIENTED_EDGE('',*,*,#1241,.F.) ;
#1249=ORIENTED_EDGE('',*,*,#1246,.F.) ;
#1266=ORIENTED_EDGE('',*,*,#1259,.F.) ;
#1267=ORIENTED_EDGE('',*,*,#1264,.F.) ;
#1284=ORIENTED_EDGE('',*,*,#1277,.F.) ;
#1285=ORIENTED_EDGE('',*,*,#1282,.F.) ;
#1302=ORIENTED_EDGE('',*,*,#1295,.F.) ;
#1303=ORIENTED_EDGE('',*,*,#1300,.F.) ;
#1320=ORIENTED_EDGE('',*,*,#1313,.F.) ;
#1321=ORIENTED_EDGE('',*,*,#1318,.F.) ;
#1338=ORIENTED_EDGE('',*,*,#1331,.F.) ;
#1339=ORIENTED_EDGE('',*,*,#1336,.F.) ;
#1356=ORIENTED_EDGE('',*,*,#1349,.F.) ;
#1357=ORIENTED_EDGE('',*,*,#1354,.F.) ;
#1374=ORIENTED_EDGE('',*,*,#1367,.F.) ;
#1375=ORIENTED_EDGE('',*,*,#1372,.F.) ;
#1392=ORIENTED_EDGE('',*,*,#1385,.F.) ;
#1393=ORIENTED_EDGE('',*,*,#1390,.F.) ;
#1410=ORIENTED_EDGE('',*,*,#1403,.F.) ;
#1411=ORIENTED_EDGE('',*,*,#1408,.F.) ;
#1428=ORIENTED_EDGE('',*,*,#1421,.F.) ;
#1429=ORIENTED_EDGE('',*,*,#1426,.F.) ;
#1446=ORIENTED_EDGE('',*,*,#1439,.F.) ;
#1447=ORIENTED_EDGE('',*,*,#1444,.F.) ;
#1464=ORIENTED_EDGE('',*,*,#1457,.F.) ;
#1465=ORIENTED_EDGE('',*,*,#1462,.F.) ;
#1482=ORIENTED_EDGE('',*,*,#1475,.F.) ;
#1483=ORIENTED_EDGE('',*,*,#1480,.F.) ;
#1500=ORIENTED_EDGE('',*,*,#1493,.F.) ;
#1501=ORIENTED_EDGE('',*,*,#1498,.F.) ;
#1518=ORIENTED_EDGE('',*,*,#1511,.F.) ;
#1519=ORIENTED_EDGE('',*,*,#1516,.F.) ;
#1536=ORIENTED_EDGE('',*,*,#1529,.F.) ;
#1537=ORIENTED_EDGE('',*,*,#1534,.F.) ;
#1554=ORIENTED_EDGE('',*,*,#1547,.F.) ;
#1555=ORIENTED_EDGE('',*,*,#1552,.F.) ;
#1572=ORIENTED_EDGE('',*,*,#1565,.F.) ;
#1573=ORIENTED_EDGE('',*,*,#1570,.F.) ;
#1590=ORIENTED_EDGE('',*,*,#1583,.F.) ;
#1591=ORIENTED_EDGE('',*,*,#1588,.F.) ;
#1608=ORIENTED_EDGE('',*,*,#1601,.F.) ;
#1609=ORIENTED_EDGE('',*,*,#1606,.F.) ;
#1626=ORIENTED_EDGE('',*,*,#1619,.F.) ;
#1627=ORIENTED_EDGE('',*,*,#1624,.F.) ;
#1644=ORIENTED_EDGE('',*,*,#1637,.F.) ;
#1645=ORIENTED_EDGE('',*,*,#1642,.F.) ;
#1662=ORIENTED_EDGE('',*,*,#1655,.F.) ;
#1663=ORIENTED_EDGE('',*,*,#1660,.F.) ;
#1680=ORIENTED_EDGE('',*,*,#1673,.F.) ;
#1681=ORIENTED_EDGE('',*,*,#1678,.F.) ;
#1698=ORIENTED_EDGE('',*,*,#1691,.F.) ;
#1699=ORIENTED_EDGE('',*,*,#1696,.F.) ;
#1730=ORIENTED_EDGE('',*,*,#1709,.F.) ;
#1731=ORIENTED_EDGE('',*,*,#1716,.F.) ;
#1732=ORIENTED_EDGE('',*,*,#1723,.F.) ;
#1733=ORIENTED_EDGE('',*,*,#1728,.F.) ;
#1764=ORIENTED_EDGE('',*,*,#1743,.F.) ;
#1765=ORIENTED_EDGE('',*,*,#1750,.F.) ;
#1766=ORIENTED_EDGE('',*,*,#1757,.F.) ;
#1767=ORIENTED_EDGE('',*,*,#1762,.F.) ;
#1798=ORIENTED_EDGE('',*,*,#1777,.F.) ;
#1799=ORIENTED_EDGE('',*,*,#1784,.F.) ;
#1800=ORIENTED_EDGE('',*,*,#1791,.F.) ;
#1801=ORIENTED_EDGE('',*,*,#1796,.F.) ;
#1832=ORIENTED_EDGE('',*,*,#1811,.F.) ;
#1833=ORIENTED_EDGE('',*,*,#1818,.F.) ;
#1834=ORIENTED_EDGE('',*,*,#1825,.F.) ;
#1835=ORIENTED_EDGE('',*,*,#1830,.F.) ;
#1852=ORIENTED_EDGE('',*,*,#1845,.F.) ;
#1853=ORIENTED_EDGE('',*,*,#1850,.F.) ;
#1870=ORIENTED_EDGE('',*,*,#1863,.F.) ;
#1871=ORIENTED_EDGE('',*,*,#1868,.F.) ;
#1888=ORIENTED_EDGE('',*,*,#1881,.F.) ;
#1889=ORIENTED_EDGE('',*,*,#1886,.F.) ;
#1906=ORIENTED_EDGE('',*,*,#1899,.F.) ;
#1907=ORIENTED_EDGE('',*,*,#1904,.F.) ;
#1924=ORIENTED_EDGE('',*,*,#1917,.F.) ;
#1925=ORIENTED_EDGE('',*,*,#1922,.F.) ;
#1942=ORIENTED_EDGE('',*,*,#1935,.F.) ;
#1943=ORIENTED_EDGE('',*,*,#1940,.F.) ;
#1974=ORIENTED_EDGE('',*,*,#1953,.F.) ;
#1975=ORIENTED_EDGE('',*,*,#1960,.F.) ;
#1976=ORIENTED_EDGE('',*,*,#1967,.F.) ;
#1977=ORIENTED_EDGE('',*,*,#1972,.F.) ;
#2008=ORIENTED_EDGE('',*,*,#1987,.F.) ;
#2009=ORIENTED_EDGE('',*,*,#1994,.F.) ;
#2010=ORIENTED_EDGE('',*,*,#2001,.F.) ;
#2011=ORIENTED_EDGE('',*,*,#2006,.F.) ;
#2042=ORIENTED_EDGE('',*,*,#2021,.F.) ;
#2043=ORIENTED_EDGE('',*,*,#2028,.F.) ;
#2044=ORIENTED_EDGE('',*,*,#2035,.F.) ;
#2045=ORIENTED_EDGE('',*,*,#2040,.F.) ;
#2076=ORIENTED_EDGE('',*,*,#2055,.F.) ;
#2077=ORIENTED_EDGE('',*,*,#2062,.F.) ;
#2078=ORIENTED_EDGE('',*,*,#2069,.F.) ;
#2079=ORIENTED_EDGE('',*,*,#2074,.F.) ;
#2110=ORIENTED_EDGE('',*,*,#2089,.F.) ;
#2111=ORIENTED_EDGE('',*,*,#2096,.F.) ;
#2112=ORIENTED_EDGE('',*,*,#2103,.F.) ;
#2113=ORIENTED_EDGE('',*,*,#2108,.F.) ;
#2144=ORIENTED_EDGE('',*,*,#2123,.F.) ;
#2145=ORIENTED_EDGE('',*,*,#2130,.F.) ;
#2146=ORIENTED_EDGE('',*,*,#2137,.F.) ;
#2147=ORIENTED_EDGE('',*,*,#2142,.F.) ;
#2178=ORIENTED_EDGE('',*,*,#2157,.F.) ;
#2179=ORIENTED_EDGE('',*,*,#2164,.F.) ;
#2180=ORIENTED_EDGE('',*,*,#2171,.F.) ;
#2181=ORIENTED_EDGE('',*,*,#2176,.F.) ;
#2198=ORIENTED_EDGE('',*,*,#2191,.F.) ;
#2199=ORIENTED_EDGE('',*,*,#2196,.F.) ;
#2216=ORIENTED_EDGE('',*,*,#2209,.F.) ;
#2217=ORIENTED_EDGE('',*,*,#2214,.F.) ;
#2234=ORIENTED_EDGE('',*,*,#2227,.F.) ;
#2235=ORIENTED_EDGE('',*,*,#2232,.F.) ;
#2252=ORIENTED_EDGE('',*,*,#2245,.F.) ;
#2253=ORIENTED_EDGE('',*,*,#2250,.F.) ;
#2270=ORIENTED_EDGE('',*,*,#2263,.F.) ;
#2271=ORIENTED_EDGE('',*,*,#2268,.F.) ;
#2288=ORIENTED_EDGE('',*,*,#2281,.F.) ;
#2289=ORIENTED_EDGE('',*,*,#2286,.F.) ;
#2306=ORIENTED_EDGE('',*,*,#2299,.F.) ;
#2307=ORIENTED_EDGE('',*,*,#2304,.F.) ;
#2324=ORIENTED_EDGE('',*,*,#2317,.F.) ;
#2325=ORIENTED_EDGE('',*,*,#2322,.F.) ;
#2342=ORIENTED_EDGE('',*,*,#2335,.F.) ;
#2343=ORIENTED_EDGE('',*,*,#2340,.F.) ;
#2360=ORIENTED_EDGE('',*,*,#2353,.F.) ;
#2361=ORIENTED_EDGE('',*,*,#2358,.F.) ;
#2378=ORIENTED_EDGE('',*,*,#2371,.F.) ;
#2379=ORIENTED_EDGE('',*,*,#2376,.F.) ;
#2396=ORIENTED_EDGE('',*,*,#2389,.F.) ;
#2397=ORIENTED_EDGE('',*,*,#2394,.F.) ;
#2450=ORIENTED_EDGE('',*,*,#2425,.T.) ;
#2451=ORIENTED_EDGE('',*,*,#2448,.T.) ;
#2468=ORIENTED_EDGE('',*,*,#2461,.F.) ;
#2469=ORIENTED_EDGE('',*,*,#2466,.F.) ;
#2486=ORIENTED_EDGE('',*,*,#2479,.F.) ;
#2487=ORIENTED_EDGE('',*,*,#2484,.F.) ;
#2504=ORIENTED_EDGE('',*,*,#2497,.F.) ;
#2505=ORIENTED_EDGE('',*,*,#2502,.F.) ;
#2522=ORIENTED_EDGE('',*,*,#2515,.F.) ;
#2523=ORIENTED_EDGE('',*,*,#2520,.F.) ;
#2540=ORIENTED_EDGE('',*,*,#2533,.F.) ;
#2541=ORIENTED_EDGE('',*,*,#2538,.F.) ;
#2558=ORIENTED_EDGE('',*,*,#2551,.F.) ;
#2559=ORIENTED_EDGE('',*,*,#2556,.F.) ;
#2576=ORIENTED_EDGE('',*,*,#2569,.F.) ;
#2577=ORIENTED_EDGE('',*,*,#2574,.F.) ;
#2594=ORIENTED_EDGE('',*,*,#2587,.F.) ;
#2595=ORIENTED_EDGE('',*,*,#2592,.F.) ;
#2612=ORIENTED_EDGE('',*,*,#2605,.F.) ;
#2613=ORIENTED_EDGE('',*,*,#2610,.F.) ;
#2630=ORIENTED_EDGE('',*,*,#2623,.F.) ;
#2631=ORIENTED_EDGE('',*,*,#2628,.F.) ;
#2648=ORIENTED_EDGE('',*,*,#2641,.F.) ;
#2649=ORIENTED_EDGE('',*,*,#2646,.F.) ;
#2666=ORIENTED_EDGE('',*,*,#2659,.F.) ;
#2667=ORIENTED_EDGE('',*,*,#2664,.F.) ;
#2684=ORIENTED_EDGE('',*,*,#2677,.F.) ;
#2685=ORIENTED_EDGE('',*,*,#2682,.F.) ;
#2702=ORIENTED_EDGE('',*,*,#2695,.F.) ;
#2703=ORIENTED_EDGE('',*,*,#2700,.F.) ;
#2720=ORIENTED_EDGE('',*,*,#2713,.F.) ;
#2721=ORIENTED_EDGE('',*,*,#2718,.F.) ;
#2738=ORIENTED_EDGE('',*,*,#2731,.F.) ;
#2739=ORIENTED_EDGE('',*,*,#2736,.F.) ;
#2756=ORIENTED_EDGE('',*,*,#2749,.F.) ;
#2757=ORIENTED_EDGE('',*,*,#2754,.F.) ;
#2774=ORIENTED_EDGE('',*,*,#2767,.F.) ;
#2775=ORIENTED_EDGE('',*,*,#2772,.F.) ;
#2792=ORIENTED_EDGE('',*,*,#2785,.F.) ;
#2793=ORIENTED_EDGE('',*,*,#2790,.F.) ;
#2810=ORIENTED_EDGE('',*,*,#2803,.F.) ;
#2811=ORIENTED_EDGE('',*,*,#2808,.F.) ;
#2828=ORIENTED_EDGE('',*,*,#2821,.F.) ;
#2829=ORIENTED_EDGE('',*,*,#2826,.F.) ;
#2846=ORIENTED_EDGE('',*,*,#2839,.F.) ;
#2847=ORIENTED_EDGE('',*,*,#2844,.F.) ;
#2864=ORIENTED_EDGE('',*,*,#2857,.F.) ;
#2865=ORIENTED_EDGE('',*,*,#2862,.F.) ;
#2882=ORIENTED_EDGE('',*,*,#2875,.F.) ;
#2883=ORIENTED_EDGE('',*,*,#2880,.F.) ;
#2900=ORIENTED_EDGE('',*,*,#2893,.F.) ;
#2901=ORIENTED_EDGE('',*,*,#2898,.F.) ;
#2932=ORIENTED_EDGE('',*,*,#2911,.F.) ;
#2933=ORIENTED_EDGE('',*,*,#2918,.F.) ;
#2934=ORIENTED_EDGE('',*,*,#2925,.F.) ;
#2935=ORIENTED_EDGE('',*,*,#2930,.F.) ;
#2952=ORIENTED_EDGE('',*,*,#2945,.F.) ;
#2953=ORIENTED_EDGE('',*,*,#2950,.F.) ;
#2970=ORIENTED_EDGE('',*,*,#2963,.F.) ;
#2971=ORIENTED_EDGE('',*,*,#2968,.F.) ;
#2988=ORIENTED_EDGE('',*,*,#2981,.F.) ;
#2989=ORIENTED_EDGE('',*,*,#2986,.F.) ;
#3006=ORIENTED_EDGE('',*,*,#2999,.F.) ;
#3007=ORIENTED_EDGE('',*,*,#3004,.F.) ;
#3024=ORIENTED_EDGE('',*,*,#3017,.F.) ;
#3025=ORIENTED_EDGE('',*,*,#3022,.F.) ;
#3042=ORIENTED_EDGE('',*,*,#3035,.F.) ;
#3043=ORIENTED_EDGE('',*,*,#3040,.F.) ;
#3060=ORIENTED_EDGE('',*,*,#3053,.F.) ;
#3061=ORIENTED_EDGE('',*,*,#3058,.F.) ;
#3078=ORIENTED_EDGE('',*,*,#3071,.F.) ;
#3079=ORIENTED_EDGE('',*,*,#3076,.F.) ;
#3096=ORIENTED_EDGE('',*,*,#3089,.F.) ;
#3097=ORIENTED_EDGE('',*,*,#3094,.F.) ;
#3114=ORIENTED_EDGE('',*,*,#3107,.F.) ;
#3115=ORIENTED_EDGE('',*,*,#3112,.F.) ;
#3132=ORIENTED_EDGE('',*,*,#3125,.F.) ;
#3133=ORIENTED_EDGE('',*,*,#3130,.F.) ;
#3150=ORIENTED_EDGE('',*,*,#3143,.F.) ;
#3151=ORIENTED_EDGE('',*,*,#3148,.F.) ;
#3168=ORIENTED_EDGE('',*,*,#3161,.F.) ;
#3169=ORIENTED_EDGE('',*,*,#3166,.F.) ;
#3186=ORIENTED_EDGE('',*,*,#3179,.F.) ;
#3187=ORIENTED_EDGE('',*,*,#3184,.F.) ;
#3204=ORIENTED_EDGE('',*,*,#3197,.F.) ;
#3205=ORIENTED_EDGE('',*,*,#3202,.F.) ;
#3222=ORIENTED_EDGE('',*,*,#3215,.F.) ;
#3223=ORIENTED_EDGE('',*,*,#3220,.F.) ;
#3240=ORIENTED_EDGE('',*,*,#3233,.F.) ;
#3241=ORIENTED_EDGE('',*,*,#3238,.F.) ;
#3258=ORIENTED_EDGE('',*,*,#3251,.F.) ;
#3259=ORIENTED_EDGE('',*,*,#3256,.F.) ;
#3276=ORIENTED_EDGE('',*,*,#3269,.F.) ;
#3277=ORIENTED_EDGE('',*,*,#3274,.F.) ;
#3294=ORIENTED_EDGE('',*,*,#3287,.F.) ;
#3295=ORIENTED_EDGE('',*,*,#3292,.F.) ;
#3312=ORIENTED_EDGE('',*,*,#3305,.F.) ;
#3313=ORIENTED_EDGE('',*,*,#3310,.F.) ;
#3330=ORIENTED_EDGE('',*,*,#3323,.F.) ;
#3331=ORIENTED_EDGE('',*,*,#3328,.F.) ;
#3348=ORIENTED_EDGE('',*,*,#3341,.F.) ;
#3349=ORIENTED_EDGE('',*,*,#3346,.F.) ;
#3366=ORIENTED_EDGE('',*,*,#3359,.F.) ;
#3367=ORIENTED_EDGE('',*,*,#3364,.F.) ;
#3384=ORIENTED_EDGE('',*,*,#3377,.F.) ;
#3385=ORIENTED_EDGE('',*,*,#3382,.F.) ;
#3402=ORIENTED_EDGE('',*,*,#3395,.F.) ;
#3403=ORIENTED_EDGE('',*,*,#3400,.F.) ;
#3420=ORIENTED_EDGE('',*,*,#3413,.F.) ;
#3421=ORIENTED_EDGE('',*,*,#3418,.F.) ;
#3438=ORIENTED_EDGE('',*,*,#3431,.F.) ;
#3439=ORIENTED_EDGE('',*,*,#3436,.F.) ;
#3456=ORIENTED_EDGE('',*,*,#3449,.F.) ;
#3457=ORIENTED_EDGE('',*,*,#3454,.F.) ;
#3474=ORIENTED_EDGE('',*,*,#3467,.F.) ;
#3475=ORIENTED_EDGE('',*,*,#3472,.F.) ;
#3492=ORIENTED_EDGE('',*,*,#3485,.F.) ;
#3493=ORIENTED_EDGE('',*,*,#3490,.F.) ;
#3510=ORIENTED_EDGE('',*,*,#3503,.F.) ;
#3511=ORIENTED_EDGE('',*,*,#3508,.F.) ;
#3542=ORIENTED_EDGE('',*,*,#3521,.F.) ;
#3543=ORIENTED_EDGE('',*,*,#3528,.F.) ;
#3544=ORIENTED_EDGE('',*,*,#3535,.F.) ;
#3545=ORIENTED_EDGE('',*,*,#3540,.F.) ;
#3576=ORIENTED_EDGE('',*,*,#3555,.F.) ;
#3577=ORIENTED_EDGE('',*,*,#3562,.F.) ;
#3578=ORIENTED_EDGE('',*,*,#3569,.F.) ;
#3579=ORIENTED_EDGE('',*,*,#3574,.F.) ;
#3610=ORIENTED_EDGE('',*,*,#3589,.F.) ;
#3611=ORIENTED_EDGE('',*,*,#3596,.F.) ;
#3612=ORIENTED_EDGE('',*,*,#3603,.F.) ;
#3613=ORIENTED_EDGE('',*,*,#3608,.F.) ;
#3644=ORIENTED_EDGE('',*,*,#3623,.F.) ;
#3645=ORIENTED_EDGE('',*,*,#3630,.F.) ;
#3646=ORIENTED_EDGE('',*,*,#3637,.F.) ;
#3647=ORIENTED_EDGE('',*,*,#3642,.F.) ;
#3678=ORIENTED_EDGE('',*,*,#3657,.F.) ;
#3679=ORIENTED_EDGE('',*,*,#3664,.F.) ;
#3680=ORIENTED_EDGE('',*,*,#3671,.F.) ;
#3681=ORIENTED_EDGE('',*,*,#3676,.F.) ;
#3698=ORIENTED_EDGE('',*,*,#3691,.F.) ;
#3699=ORIENTED_EDGE('',*,*,#3696,.F.) ;
#3716=ORIENTED_EDGE('',*,*,#3709,.F.) ;
#3717=ORIENTED_EDGE('',*,*,#3714,.F.) ;
#3734=ORIENTED_EDGE('',*,*,#3727,.F.) ;
#3735=ORIENTED_EDGE('',*,*,#3732,.F.) ;
#3752=ORIENTED_EDGE('',*,*,#3745,.F.) ;
#3753=ORIENTED_EDGE('',*,*,#3750,.F.) ;
#3770=ORIENTED_EDGE('',*,*,#3763,.F.) ;
#3771=ORIENTED_EDGE('',*,*,#3768,.F.) ;
#3788=ORIENTED_EDGE('',*,*,#3781,.F.) ;
#3789=ORIENTED_EDGE('',*,*,#3786,.F.) ;
#3806=ORIENTED_EDGE('',*,*,#3799,.F.) ;
#3807=ORIENTED_EDGE('',*,*,#3804,.F.) ;
#3824=ORIENTED_EDGE('',*,*,#3817,.F.) ;
#3825=ORIENTED_EDGE('',*,*,#3822,.F.) ;
#3842=ORIENTED_EDGE('',*,*,#3835,.F.) ;
#3843=ORIENTED_EDGE('',*,*,#3840,.F.) ;
#3860=ORIENTED_EDGE('',*,*,#3853,.F.) ;
#3861=ORIENTED_EDGE('',*,*,#3858,.F.) ;
#3920=ORIENTED_EDGE('',*,*,#3871,.F.) ;
#3921=ORIENTED_EDGE('',*,*,#3878,.F.) ;
#3922=ORIENTED_EDGE('',*,*,#3885,.F.) ;
#3923=ORIENTED_EDGE('',*,*,#3892,.F.) ;
#3924=ORIENTED_EDGE('',*,*,#3899,.F.) ;
#3925=ORIENTED_EDGE('',*,*,#3906,.F.) ;
#3926=ORIENTED_EDGE('',*,*,#3913,.F.) ;
#3927=ORIENTED_EDGE('',*,*,#3918,.F.) ;
#3986=ORIENTED_EDGE('',*,*,#3937,.F.) ;
#3987=ORIENTED_EDGE('',*,*,#3944,.F.) ;
#3988=ORIENTED_EDGE('',*,*,#3951,.F.) ;
#3989=ORIENTED_EDGE('',*,*,#3958,.F.) ;
#3990=ORIENTED_EDGE('',*,*,#3965,.F.) ;
#3991=ORIENTED_EDGE('',*,*,#3972,.F.) ;
#3992=ORIENTED_EDGE('',*,*,#3979,.F.) ;
#3993=ORIENTED_EDGE('',*,*,#3984,.F.) ;
#4010=ORIENTED_EDGE('',*,*,#4003,.F.) ;
#4011=ORIENTED_EDGE('',*,*,#4008,.F.) ;
#4028=ORIENTED_EDGE('',*,*,#4021,.F.) ;
#4029=ORIENTED_EDGE('',*,*,#4026,.F.) ;
#4046=ORIENTED_EDGE('',*,*,#4039,.F.) ;
#4047=ORIENTED_EDGE('',*,*,#4044,.F.) ;
#4064=ORIENTED_EDGE('',*,*,#4057,.F.) ;
#4065=ORIENTED_EDGE('',*,*,#4062,.F.) ;
#4082=ORIENTED_EDGE('',*,*,#4075,.F.) ;
#4083=ORIENTED_EDGE('',*,*,#4080,.F.) ;
#4100=ORIENTED_EDGE('',*,*,#4093,.F.) ;
#4101=ORIENTED_EDGE('',*,*,#4098,.F.) ;
#4118=ORIENTED_EDGE('',*,*,#4111,.F.) ;
#4119=ORIENTED_EDGE('',*,*,#4116,.F.) ;
#4136=ORIENTED_EDGE('',*,*,#4129,.F.) ;
#4137=ORIENTED_EDGE('',*,*,#4134,.F.) ;
#4154=ORIENTED_EDGE('',*,*,#4147,.F.) ;
#4155=ORIENTED_EDGE('',*,*,#4152,.F.) ;
#4172=ORIENTED_EDGE('',*,*,#4165,.F.) ;
#4173=ORIENTED_EDGE('',*,*,#4170,.F.) ;
#4190=ORIENTED_EDGE('',*,*,#4183,.F.) ;
#4191=ORIENTED_EDGE('',*,*,#4188,.F.) ;
#4208=ORIENTED_EDGE('',*,*,#4201,.F.) ;
#4209=ORIENTED_EDGE('',*,*,#4206,.F.) ;
#4226=ORIENTED_EDGE('',*,*,#4219,.F.) ;
#4227=ORIENTED_EDGE('',*,*,#4224,.F.) ;
#4244=ORIENTED_EDGE('',*,*,#4237,.F.) ;
#4245=ORIENTED_EDGE('',*,*,#4242,.F.) ;
#4262=ORIENTED_EDGE('',*,*,#4255,.F.) ;
#4263=ORIENTED_EDGE('',*,*,#4260,.F.) ;
#4280=ORIENTED_EDGE('',*,*,#4273,.F.) ;
#4281=ORIENTED_EDGE('',*,*,#4278,.F.) ;
#4298=ORIENTED_EDGE('',*,*,#4291,.F.) ;
#4299=ORIENTED_EDGE('',*,*,#4296,.F.) ;
#4316=ORIENTED_EDGE('',*,*,#4309,.F.) ;
#4317=ORIENTED_EDGE('',*,*,#4314,.F.) ;
#4334=ORIENTED_EDGE('',*,*,#4327,.F.) ;
#4335=ORIENTED_EDGE('',*,*,#4332,.F.) ;
#4352=ORIENTED_EDGE('',*,*,#4345,.F.) ;
#4353=ORIENTED_EDGE('',*,*,#4350,.F.) ;
#4370=ORIENTED_EDGE('',*,*,#4363,.F.) ;
#4371=ORIENTED_EDGE('',*,*,#4368,.F.) ;
#4388=ORIENTED_EDGE('',*,*,#4381,.F.) ;
#4389=ORIENTED_EDGE('',*,*,#4386,.F.) ;
#4406=ORIENTED_EDGE('',*,*,#4399,.F.) ;
#4407=ORIENTED_EDGE('',*,*,#4404,.F.) ;
#4424=ORIENTED_EDGE('',*,*,#4417,.F.) ;
#4425=ORIENTED_EDGE('',*,*,#4422,.F.) ;
#4442=ORIENTED_EDGE('',*,*,#4435,.F.) ;
#4443=ORIENTED_EDGE('',*,*,#4440,.F.) ;
#4460=ORIENTED_EDGE('',*,*,#4453,.F.) ;
#4461=ORIENTED_EDGE('',*,*,#4458,.F.) ;
#4478=ORIENTED_EDGE('',*,*,#4471,.F.) ;
#4479=ORIENTED_EDGE('',*,*,#4476,.F.) ;
#4496=ORIENTED_EDGE('',*,*,#4489,.F.) ;
#4497=ORIENTED_EDGE('',*,*,#4494,.F.) ;
#4514=ORIENTED_EDGE('',*,*,#4507,.F.) ;
#4515=ORIENTED_EDGE('',*,*,#4512,.F.) ;
#4532=ORIENTED_EDGE('',*,*,#4525,.F.) ;
#4533=ORIENTED_EDGE('',*,*,#4530,.F.) ;
#4550=ORIENTED_EDGE('',*,*,#4543,.F.) ;
#4551=ORIENTED_EDGE('',*,*,#4548,.F.) ;
#4568=ORIENTED_EDGE('',*,*,#4561,.F.) ;
#4569=ORIENTED_EDGE('',*,*,#4566,.F.) ;
#4586=ORIENTED_EDGE('',*,*,#4579,.F.) ;
#4587=ORIENTED_EDGE('',*,*,#4584,.F.) ;
#4604=ORIENTED_EDGE('',*,*,#4597,.F.) ;
#4605=ORIENTED_EDGE('',*,*,#4602,.F.) ;
#4622=ORIENTED_EDGE('',*,*,#4615,.F.) ;
#4623=ORIENTED_EDGE('',*,*,#4620,.F.) ;
#4640=ORIENTED_EDGE('',*,*,#4633,.F.) ;
#4641=ORIENTED_EDGE('',*,*,#4638,.F.) ;
#4658=ORIENTED_EDGE('',*,*,#4651,.F.) ;
#4659=ORIENTED_EDGE('',*,*,#4656,.F.) ;
#4676=ORIENTED_EDGE('',*,*,#4669,.F.) ;
#4677=ORIENTED_EDGE('',*,*,#4674,.F.) ;
#4694=ORIENTED_EDGE('',*,*,#4687,.F.) ;
#4695=ORIENTED_EDGE('',*,*,#4692,.F.) ;
#4740=ORIENTED_EDGE('',*,*,#4705,.F.) ;
#4741=ORIENTED_EDGE('',*,*,#4712,.F.) ;
#4742=ORIENTED_EDGE('',*,*,#4719,.F.) ;
#4743=ORIENTED_EDGE('',*,*,#4726,.F.) ;
#4744=ORIENTED_EDGE('',*,*,#4733,.F.) ;
#4745=ORIENTED_EDGE('',*,*,#4738,.F.) ;
#4776=ORIENTED_EDGE('',*,*,#4755,.F.) ;
#4777=ORIENTED_EDGE('',*,*,#4762,.F.) ;
#4778=ORIENTED_EDGE('',*,*,#4769,.F.) ;
#4779=ORIENTED_EDGE('',*,*,#4774,.F.) ;
#4796=ORIENTED_EDGE('',*,*,#4789,.F.) ;
#4797=ORIENTED_EDGE('',*,*,#4794,.F.) ;
#4814=ORIENTED_EDGE('',*,*,#4807,.F.) ;
#4815=ORIENTED_EDGE('',*,*,#4812,.F.) ;
#4832=ORIENTED_EDGE('',*,*,#4825,.F.) ;
#4833=ORIENTED_EDGE('',*,*,#4830,.F.) ;
#4850=ORIENTED_EDGE('',*,*,#4843,.F.) ;
#4851=ORIENTED_EDGE('',*,*,#4848,.F.) ;
#4868=ORIENTED_EDGE('',*,*,#4861,.F.) ;
#4869=ORIENTED_EDGE('',*,*,#4866,.F.) ;
#4886=ORIENTED_EDGE('',*,*,#4879,.F.) ;
#4887=ORIENTED_EDGE('',*,*,#4884,.F.) ;
#4904=ORIENTED_EDGE('',*,*,#4897,.F.) ;
#4905=ORIENTED_EDGE('',*,*,#4902,.F.) ;
#4922=ORIENTED_EDGE('',*,*,#4915,.F.) ;
#4923=ORIENTED_EDGE('',*,*,#4920,.F.) ;
#4940=ORIENTED_EDGE('',*,*,#4933,.F.) ;
#4941=ORIENTED_EDGE('',*,*,#4938,.F.) ;
#4962=ORIENTED_EDGE('',*,*,#4955,.T.) ;
#4963=ORIENTED_EDGE('',*,*,#102,.T.) ;
#4964=ORIENTED_EDGE('',*,*,#121,.F.) ;
#4965=ORIENTED_EDGE('',*,*,#4960,.F.) ;
#4993=ORIENTED_EDGE('',*,*,#149,.T.) ;
#4994=ORIENTED_EDGE('',*,*,#4979,.T.) ;
#4995=ORIENTED_EDGE('',*,*,#4986,.T.) ;
#4996=ORIENTED_EDGE('',*,*,#4991,.F.) ;
#5017=ORIENTED_EDGE('',*,*,#5010,.F.) ;
#5018=ORIENTED_EDGE('',*,*,#156,.T.) ;
#5019=ORIENTED_EDGE('',*,*,#4991,.T.) ;
#5020=ORIENTED_EDGE('',*,*,#5015,.F.) ;
#5041=ORIENTED_EDGE('',*,*,#163,.T.) ;
#5042=ORIENTED_EDGE('',*,*,#5010,.T.) ;
#5043=ORIENTED_EDGE('',*,*,#5034,.T.) ;
#5044=ORIENTED_EDGE('',*,*,#5039,.F.) ;
#5065=ORIENTED_EDGE('',*,*,#5058,.F.) ;
#5066=ORIENTED_EDGE('',*,*,#170,.T.) ;
#5067=ORIENTED_EDGE('',*,*,#5039,.T.) ;
#5068=ORIENTED_EDGE('',*,*,#5063,.F.) ;
#5089=ORIENTED_EDGE('',*,*,#177,.T.) ;
#5090=ORIENTED_EDGE('',*,*,#5058,.T.) ;
#5091=ORIENTED_EDGE('',*,*,#5082,.T.) ;
#5092=ORIENTED_EDGE('',*,*,#5087,.T.) ;
#5113=ORIENTED_EDGE('',*,*,#5106,.T.) ;
#5114=ORIENTED_EDGE('',*,*,#193,.T.) ;
#5115=ORIENTED_EDGE('',*,*,#5087,.F.) ;
#5116=ORIENTED_EDGE('',*,*,#5111,.F.) ;
#5144=ORIENTED_EDGE('',*,*,#210,.T.) ;
#5145=ORIENTED_EDGE('',*,*,#5130,.T.) ;
#5146=ORIENTED_EDGE('',*,*,#5137,.F.) ;
#5147=ORIENTED_EDGE('',*,*,#5142,.F.) ;
#5168=ORIENTED_EDGE('',*,*,#5161,.F.) ;
#5169=ORIENTED_EDGE('',*,*,#217,.T.) ;
#5170=ORIENTED_EDGE('',*,*,#5142,.T.) ;
#5171=ORIENTED_EDGE('',*,*,#5166,.T.) ;
#5199=ORIENTED_EDGE('',*,*,#247,.T.) ;
#5200=ORIENTED_EDGE('',*,*,#5185,.T.) ;
#5201=ORIENTED_EDGE('',*,*,#5192,.F.) ;
#5202=ORIENTED_EDGE('',*,*,#5197,.F.) ;
#5223=ORIENTED_EDGE('',*,*,#5197,.T.) ;
#5224=ORIENTED_EDGE('',*,*,#5216,.T.) ;
#5225=ORIENTED_EDGE('',*,*,#5221,.F.) ;
#5226=ORIENTED_EDGE('',*,*,#254,.T.) ;
#5249=ORIENTED_EDGE('',*,*,#282,.T.) ;
#5250=ORIENTED_EDGE('',*,*,#5235,.T.) ;
#5251=ORIENTED_EDGE('',*,*,#5242,.T.) ;
#5252=ORIENTED_EDGE('',*,*,#5247,.F.) ;
#5273=ORIENTED_EDGE('',*,*,#5266,.F.) ;
#5274=ORIENTED_EDGE('',*,*,#289,.T.) ;
#5275=ORIENTED_EDGE('',*,*,#5247,.T.) ;
#5276=ORIENTED_EDGE('',*,*,#5271,.F.) ;
#5297=ORIENTED_EDGE('',*,*,#296,.T.) ;
#5298=ORIENTED_EDGE('',*,*,#5266,.T.) ;
#5299=ORIENTED_EDGE('',*,*,#5290,.T.) ;
#5300=ORIENTED_EDGE('',*,*,#5295,.F.) ;
#5321=ORIENTED_EDGE('',*,*,#5314,.F.) ;
#5322=ORIENTED_EDGE('',*,*,#303,.T.) ;
#5323=ORIENTED_EDGE('',*,*,#5295,.T.) ;
#5324=ORIENTED_EDGE('',*,*,#5319,.F.) ;
#5340=ORIENTED_EDGE('',*,*,#310,.T.) ;
#5341=ORIENTED_EDGE('',*,*,#5314,.T.) ;
#5342=ORIENTED_EDGE('',*,*,#5333,.T.) ;
#5343=ORIENTED_EDGE('',*,*,#5338,.T.) ;
#5364=ORIENTED_EDGE('',*,*,#5357,.T.) ;
#5365=ORIENTED_EDGE('',*,*,#326,.T.) ;
#5366=ORIENTED_EDGE('',*,*,#5338,.F.) ;
#5367=ORIENTED_EDGE('',*,*,#5362,.F.) ;
#5395=ORIENTED_EDGE('',*,*,#370,.T.) ;
#5396=ORIENTED_EDGE('',*,*,#5381,.T.) ;
#5397=ORIENTED_EDGE('',*,*,#5388,.T.) ;
#5398=ORIENTED_EDGE('',*,*,#5393,.F.) ;
#5407=ORIENTED_EDGE('',*,*,#5405,.T.) ;
#5408=ORIENTED_EDGE('',*,*,#5381,.F.) ;
#5409=ORIENTED_EDGE('',*,*,#375,.T.) ;
#5410=ORIENTED_EDGE('',*,*,#5393,.T.) ;
#5438=ORIENTED_EDGE('',*,*,#388,.T.) ;
#5439=ORIENTED_EDGE('',*,*,#5424,.T.) ;
#5440=ORIENTED_EDGE('',*,*,#5431,.T.) ;
#5441=ORIENTED_EDGE('',*,*,#5436,.F.) ;
#5450=ORIENTED_EDGE('',*,*,#5448,.T.) ;
#5451=ORIENTED_EDGE('',*,*,#5424,.F.) ;
#5452=ORIENTED_EDGE('',*,*,#393,.T.) ;
#5453=ORIENTED_EDGE('',*,*,#5436,.T.) ;
#5481=ORIENTED_EDGE('',*,*,#406,.T.) ;
#5482=ORIENTED_EDGE('',*,*,#5467,.T.) ;
#5483=ORIENTED_EDGE('',*,*,#5474,.T.) ;
#5484=ORIENTED_EDGE('',*,*,#5479,.F.) ;
#5493=ORIENTED_EDGE('',*,*,#5491,.T.) ;
#5494=ORIENTED_EDGE('',*,*,#5467,.F.) ;
#5495=ORIENTED_EDGE('',*,*,#411,.T.) ;
#5496=ORIENTED_EDGE('',*,*,#5479,.T.) ;
#5524=ORIENTED_EDGE('',*,*,#424,.T.) ;
#5525=ORIENTED_EDGE('',*,*,#5510,.T.) ;
#5526=ORIENTED_EDGE('',*,*,#5517,.T.) ;
#5527=ORIENTED_EDGE('',*,*,#5522,.F.) ;
#5536=ORIENTED_EDGE('',*,*,#5534,.T.) ;
#5537=ORIENTED_EDGE('',*,*,#5510,.F.) ;
#5538=ORIENTED_EDGE('',*,*,#429,.T.) ;
#5539=ORIENTED_EDGE('',*,*,#5522,.T.) ;
#5567=ORIENTED_EDGE('',*,*,#442,.T.) ;
#5568=ORIENTED_EDGE('',*,*,#5553,.T.) ;
#5569=ORIENTED_EDGE('',*,*,#5560,.T.) ;
#5570=ORIENTED_EDGE('',*,*,#5565,.F.) ;
#5579=ORIENTED_EDGE('',*,*,#5577,.T.) ;
#5580=ORIENTED_EDGE('',*,*,#5553,.F.) ;
#5581=ORIENTED_EDGE('',*,*,#447,.T.) ;
#5582=ORIENTED_EDGE('',*,*,#5565,.T.) ;
#5610=ORIENTED_EDGE('',*,*,#460,.T.) ;
#5611=ORIENTED_EDGE('',*,*,#5596,.T.) ;
#5612=ORIENTED_EDGE('',*,*,#5603,.T.) ;
#5613=ORIENTED_EDGE('',*,*,#5608,.F.) ;
#5622=ORIENTED_EDGE('',*,*,#5620,.T.) ;
#5623=ORIENTED_EDGE('',*,*,#5596,.F.) ;
#5624=ORIENTED_EDGE('',*,*,#465,.T.) ;
#5625=ORIENTED_EDGE('',*,*,#5608,.T.) ;
#5653=ORIENTED_EDGE('',*,*,#478,.T.) ;
#5654=ORIENTED_EDGE('',*,*,#5639,.T.) ;
#5655=ORIENTED_EDGE('',*,*,#5646,.T.) ;
#5656=ORIENTED_EDGE('',*,*,#5651,.F.) ;
#5665=ORIENTED_EDGE('',*,*,#5663,.T.) ;
#5666=ORIENTED_EDGE('',*,*,#5639,.F.) ;
#5667=ORIENTED_EDGE('',*,*,#483,.T.) ;
#5668=ORIENTED_EDGE('',*,*,#5651,.T.) ;
#5696=ORIENTED_EDGE('',*,*,#496,.T.) ;
#5697=ORIENTED_EDGE('',*,*,#5682,.T.) ;
#5698=ORIENTED_EDGE('',*,*,#5689,.T.) ;
#5699=ORIENTED_EDGE('',*,*,#5694,.F.) ;
#5708=ORIENTED_EDGE('',*,*,#5706,.T.) ;
#5709=ORIENTED_EDGE('',*,*,#5682,.F.) ;
#5710=ORIENTED_EDGE('',*,*,#501,.T.) ;
#5711=ORIENTED_EDGE('',*,*,#5694,.T.) ;
#5739=ORIENTED_EDGE('',*,*,#514,.T.) ;
#5740=ORIENTED_EDGE('',*,*,#5725,.T.) ;
#5741=ORIENTED_EDGE('',*,*,#5732,.T.) ;
#5742=ORIENTED_EDGE('',*,*,#5737,.F.) ;
#5751=ORIENTED_EDGE('',*,*,#5749,.T.) ;
#5752=ORIENTED_EDGE('',*,*,#5725,.F.) ;
#5753=ORIENTED_EDGE('',*,*,#519,.T.) ;
#5754=ORIENTED_EDGE('',*,*,#5737,.T.) ;
#5782=ORIENTED_EDGE('',*,*,#532,.T.) ;
#5783=ORIENTED_EDGE('',*,*,#5768,.T.) ;
#5784=ORIENTED_EDGE('',*,*,#5775,.T.) ;
#5785=ORIENTED_EDGE('',*,*,#5780,.F.) ;
#5794=ORIENTED_EDGE('',*,*,#5792,.T.) ;
#5795=ORIENTED_EDGE('',*,*,#5768,.F.) ;
#5796=ORIENTED_EDGE('',*,*,#537,.T.) ;
#5797=ORIENTED_EDGE('',*,*,#5780,.T.) ;
#5825=ORIENTED_EDGE('',*,*,#550,.T.) ;
#5826=ORIENTED_EDGE('',*,*,#5811,.T.) ;
#5827=ORIENTED_EDGE('',*,*,#5818,.T.) ;
#5828=ORIENTED_EDGE('',*,*,#5823,.F.) ;
#5837=ORIENTED_EDGE('',*,*,#5835,.T.) ;
#5838=ORIENTED_EDGE('',*,*,#5811,.F.) ;
#5839=ORIENTED_EDGE('',*,*,#555,.T.) ;
#5840=ORIENTED_EDGE('',*,*,#5823,.T.) ;
#5868=ORIENTED_EDGE('',*,*,#568,.T.) ;
#5869=ORIENTED_EDGE('',*,*,#5854,.T.) ;
#5870=ORIENTED_EDGE('',*,*,#5861,.T.) ;
#5871=ORIENTED_EDGE('',*,*,#5866,.F.) ;
#5880=ORIENTED_EDGE('',*,*,#5878,.T.) ;
#5881=ORIENTED_EDGE('',*,*,#5854,.F.) ;
#5882=ORIENTED_EDGE('',*,*,#573,.T.) ;
#5883=ORIENTED_EDGE('',*,*,#5866,.T.) ;
#5911=ORIENTED_EDGE('',*,*,#5897,.T.) ;
#5912=ORIENTED_EDGE('',*,*,#5904,.F.) ;
#5913=ORIENTED_EDGE('',*,*,#5909,.F.) ;
#5914=ORIENTED_EDGE('',*,*,#611,.T.) ;
#5942=ORIENTED_EDGE('',*,*,#651,.T.) ;
#5943=ORIENTED_EDGE('',*,*,#5928,.T.) ;
#5944=ORIENTED_EDGE('',*,*,#5935,.F.) ;
#5945=ORIENTED_EDGE('',*,*,#5940,.F.) ;
#5980=ORIENTED_EDGE('',*,*,#5961,.T.) ;
#5981=ORIENTED_EDGE('',*,*,#5966,.F.) ;
#5982=ORIENTED_EDGE('',*,*,#735,.T.) ;
#5983=ORIENTED_EDGE('',*,*,#728,.T.) ;
#5984=ORIENTED_EDGE('',*,*,#5973,.T.) ;
#5985=ORIENTED_EDGE('',*,*,#5978,.T.) ;
#6006=ORIENTED_EDGE('',*,*,#742,.T.) ;
#6007=ORIENTED_EDGE('',*,*,#5966,.T.) ;
#6008=ORIENTED_EDGE('',*,*,#5999,.F.) ;
#6009=ORIENTED_EDGE('',*,*,#6004,.F.) ;
#6037=ORIENTED_EDGE('',*,*,#6025,.T.) ;
#6038=ORIENTED_EDGE('',*,*,#6030,.T.) ;
#6039=ORIENTED_EDGE('',*,*,#781,.T.) ;
#6040=ORIENTED_EDGE('',*,*,#6035,.F.) ;
#6061=ORIENTED_EDGE('',*,*,#6054,.T.) ;
#6062=ORIENTED_EDGE('',*,*,#6059,.T.) ;
#6063=ORIENTED_EDGE('',*,*,#788,.T.) ;
#6064=ORIENTED_EDGE('',*,*,#6030,.F.) ;
#6085=ORIENTED_EDGE('',*,*,#6078,.T.) ;
#6086=ORIENTED_EDGE('',*,*,#6083,.T.) ;
#6087=ORIENTED_EDGE('',*,*,#795,.T.) ;
#6088=ORIENTED_EDGE('',*,*,#6059,.F.) ;
#6102=ORIENTED_EDGE('',*,*,#6100,.T.) ;
#6103=ORIENTED_EDGE('',*,*,#6035,.T.) ;
#6104=ORIENTED_EDGE('',*,*,#800,.T.) ;
#6105=ORIENTED_EDGE('',*,*,#6083,.F.) ;
#6133=ORIENTED_EDGE('',*,*,#6121,.T.) ;
#6134=ORIENTED_EDGE('',*,*,#6126,.T.) ;
#6135=ORIENTED_EDGE('',*,*,#815,.T.) ;
#6136=ORIENTED_EDGE('',*,*,#6131,.F.) ;
#6157=ORIENTED_EDGE('',*,*,#6150,.T.) ;
#6158=ORIENTED_EDGE('',*,*,#6155,.T.) ;
#6159=ORIENTED_EDGE('',*,*,#822,.T.) ;
#6160=ORIENTED_EDGE('',*,*,#6126,.F.) ;
#6181=ORIENTED_EDGE('',*,*,#6174,.T.) ;
#6182=ORIENTED_EDGE('',*,*,#6179,.T.) ;
#6183=ORIENTED_EDGE('',*,*,#829,.T.) ;
#6184=ORIENTED_EDGE('',*,*,#6155,.F.) ;
#6198=ORIENTED_EDGE('',*,*,#6196,.T.) ;
#6199=ORIENTED_EDGE('',*,*,#6131,.T.) ;
#6200=ORIENTED_EDGE('',*,*,#834,.T.) ;
#6201=ORIENTED_EDGE('',*,*,#6179,.F.) ;
#6224=ORIENTED_EDGE('',*,*,#6212,.T.) ;
#6225=ORIENTED_EDGE('',*,*,#6217,.T.) ;
#6226=ORIENTED_EDGE('',*,*,#849,.T.) ;
#6227=ORIENTED_EDGE('',*,*,#6222,.F.) ;
#6248=ORIENTED_EDGE('',*,*,#6241,.T.) ;
#6249=ORIENTED_EDGE('',*,*,#6246,.T.) ;
#6250=ORIENTED_EDGE('',*,*,#856,.T.) ;
#6251=ORIENTED_EDGE('',*,*,#6217,.F.) ;
#6267=ORIENTED_EDGE('',*,*,#6260,.T.) ;
#6268=ORIENTED_EDGE('',*,*,#6265,.T.) ;
#6269=ORIENTED_EDGE('',*,*,#863,.T.) ;
#6270=ORIENTED_EDGE('',*,*,#6246,.F.) ;
#6284=ORIENTED_EDGE('',*,*,#6282,.T.) ;
#6285=ORIENTED_EDGE('',*,*,#6222,.T.) ;
#6286=ORIENTED_EDGE('',*,*,#868,.T.) ;
#6287=ORIENTED_EDGE('',*,*,#6265,.F.) ;
#6315=ORIENTED_EDGE('',*,*,#6303,.T.) ;
#6316=ORIENTED_EDGE('',*,*,#6308,.T.) ;
#6317=ORIENTED_EDGE('',*,*,#883,.T.) ;
#6318=ORIENTED_EDGE('',*,*,#6313,.F.) ;
#6334=ORIENTED_EDGE('',*,*,#6327,.T.) ;
#6335=ORIENTED_EDGE('',*,*,#6332,.T.) ;
#6336=ORIENTED_EDGE('',*,*,#890,.T.) ;
#6337=ORIENTED_EDGE('',*,*,#6308,.F.) ;
#6358=ORIENTED_EDGE('',*,*,#6351,.T.) ;
#6359=ORIENTED_EDGE('',*,*,#6356,.T.) ;
#6360=ORIENTED_EDGE('',*,*,#897,.T.) ;
#6361=ORIENTED_EDGE('',*,*,#6332,.F.) ;
#6370=ORIENTED_EDGE('',*,*,#6368,.T.) ;
#6371=ORIENTED_EDGE('',*,*,#6313,.T.) ;
#6372=ORIENTED_EDGE('',*,*,#902,.T.) ;
#6373=ORIENTED_EDGE('',*,*,#6356,.F.) ;
#6401=ORIENTED_EDGE('',*,*,#917,.T.) ;
#6402=ORIENTED_EDGE('',*,*,#6387,.F.) ;
#6403=ORIENTED_EDGE('',*,*,#6394,.T.) ;
#6404=ORIENTED_EDGE('',*,*,#6399,.T.) ;
#6413=ORIENTED_EDGE('',*,*,#6411,.T.) ;
#6414=ORIENTED_EDGE('',*,*,#6387,.T.) ;
#6415=ORIENTED_EDGE('',*,*,#922,.T.) ;
#6416=ORIENTED_EDGE('',*,*,#6399,.F.) ;
#6444=ORIENTED_EDGE('',*,*,#935,.T.) ;
#6445=ORIENTED_EDGE('',*,*,#6430,.F.) ;
#6446=ORIENTED_EDGE('',*,*,#6437,.T.) ;
#6447=ORIENTED_EDGE('',*,*,#6442,.T.) ;
#6456=ORIENTED_EDGE('',*,*,#6454,.T.) ;
#6457=ORIENTED_EDGE('',*,*,#6430,.T.) ;
#6458=ORIENTED_EDGE('',*,*,#940,.T.) ;
#6459=ORIENTED_EDGE('',*,*,#6442,.F.) ;
#6487=ORIENTED_EDGE('',*,*,#953,.T.) ;
#6488=ORIENTED_EDGE('',*,*,#6473,.F.) ;
#6489=ORIENTED_EDGE('',*,*,#6480,.T.) ;
#6490=ORIENTED_EDGE('',*,*,#6485,.T.) ;
#6499=ORIENTED_EDGE('',*,*,#6497,.T.) ;
#6500=ORIENTED_EDGE('',*,*,#6473,.T.) ;
#6501=ORIENTED_EDGE('',*,*,#958,.T.) ;
#6502=ORIENTED_EDGE('',*,*,#6485,.F.) ;
#6530=ORIENTED_EDGE('',*,*,#971,.T.) ;
#6531=ORIENTED_EDGE('',*,*,#6516,.F.) ;
#6532=ORIENTED_EDGE('',*,*,#6523,.T.) ;
#6533=ORIENTED_EDGE('',*,*,#6528,.T.) ;
#6542=ORIENTED_EDGE('',*,*,#6540,.T.) ;
#6543=ORIENTED_EDGE('',*,*,#6516,.T.) ;
#6544=ORIENTED_EDGE('',*,*,#976,.T.) ;
#6545=ORIENTED_EDGE('',*,*,#6528,.F.) ;
#6573=ORIENTED_EDGE('',*,*,#989,.T.) ;
#6574=ORIENTED_EDGE('',*,*,#6559,.F.) ;
#6575=ORIENTED_EDGE('',*,*,#6566,.T.) ;
#6576=ORIENTED_EDGE('',*,*,#6571,.T.) ;
#6585=ORIENTED_EDGE('',*,*,#6583,.T.) ;
#6586=ORIENTED_EDGE('',*,*,#6559,.T.) ;
#6587=ORIENTED_EDGE('',*,*,#994,.T.) ;
#6588=ORIENTED_EDGE('',*,*,#6571,.F.) ;
#6616=ORIENTED_EDGE('',*,*,#1007,.T.) ;
#6617=ORIENTED_EDGE('',*,*,#6602,.F.) ;
#6618=ORIENTED_EDGE('',*,*,#6609,.T.) ;
#6619=ORIENTED_EDGE('',*,*,#6614,.T.) ;
#6628=ORIENTED_EDGE('',*,*,#6626,.T.) ;
#6629=ORIENTED_EDGE('',*,*,#6602,.T.) ;
#6630=ORIENTED_EDGE('',*,*,#1012,.T.) ;
#6631=ORIENTED_EDGE('',*,*,#6614,.F.) ;
#6659=ORIENTED_EDGE('',*,*,#1025,.T.) ;
#6660=ORIENTED_EDGE('',*,*,#6645,.F.) ;
#6661=ORIENTED_EDGE('',*,*,#6652,.T.) ;
#6662=ORIENTED_EDGE('',*,*,#6657,.T.) ;
#6671=ORIENTED_EDGE('',*,*,#6669,.T.) ;
#6672=ORIENTED_EDGE('',*,*,#6645,.T.) ;
#6673=ORIENTED_EDGE('',*,*,#1030,.T.) ;
#6674=ORIENTED_EDGE('',*,*,#6657,.F.) ;
#6702=ORIENTED_EDGE('',*,*,#1043,.T.) ;
#6703=ORIENTED_EDGE('',*,*,#6688,.F.) ;
#6704=ORIENTED_EDGE('',*,*,#6695,.T.) ;
#6705=ORIENTED_EDGE('',*,*,#6700,.T.) ;
#6714=ORIENTED_EDGE('',*,*,#6712,.T.) ;
#6715=ORIENTED_EDGE('',*,*,#6688,.T.) ;
#6716=ORIENTED_EDGE('',*,*,#1048,.T.) ;
#6717=ORIENTED_EDGE('',*,*,#6700,.F.) ;
#6745=ORIENTED_EDGE('',*,*,#1061,.T.) ;
#6746=ORIENTED_EDGE('',*,*,#6731,.F.) ;
#6747=ORIENTED_EDGE('',*,*,#6738,.T.) ;
#6748=ORIENTED_EDGE('',*,*,#6743,.T.) ;
#6757=ORIENTED_EDGE('',*,*,#6755,.T.) ;
#6758=ORIENTED_EDGE('',*,*,#6731,.T.) ;
#6759=ORIENTED_EDGE('',*,*,#1066,.T.) ;
#6760=ORIENTED_EDGE('',*,*,#6743,.F.) ;
#6788=ORIENTED_EDGE('',*,*,#1079,.T.) ;
#6789=ORIENTED_EDGE('',*,*,#6774,.F.) ;
#6790=ORIENTED_EDGE('',*,*,#6781,.T.) ;
#6791=ORIENTED_EDGE('',*,*,#6786,.T.) ;
#6800=ORIENTED_EDGE('',*,*,#6798,.T.) ;
#6801=ORIENTED_EDGE('',*,*,#6774,.T.) ;
#6802=ORIENTED_EDGE('',*,*,#1084,.T.) ;
#6803=ORIENTED_EDGE('',*,*,#6786,.F.) ;
#6831=ORIENTED_EDGE('',*,*,#1097,.T.) ;
#6832=ORIENTED_EDGE('',*,*,#6817,.F.) ;
#6833=ORIENTED_EDGE('',*,*,#6824,.T.) ;
#6834=ORIENTED_EDGE('',*,*,#6829,.T.) ;
#6843=ORIENTED_EDGE('',*,*,#6841,.T.) ;
#6844=ORIENTED_EDGE('',*,*,#6817,.T.) ;
#6845=ORIENTED_EDGE('',*,*,#1102,.T.) ;
#6846=ORIENTED_EDGE('',*,*,#6829,.F.) ;
#6874=ORIENTED_EDGE('',*,*,#1115,.T.) ;
#6875=ORIENTED_EDGE('',*,*,#6860,.F.) ;
#6876=ORIENTED_EDGE('',*,*,#6867,.T.) ;
#6877=ORIENTED_EDGE('',*,*,#6872,.T.) ;
#6886=ORIENTED_EDGE('',*,*,#6884,.T.) ;
#6887=ORIENTED_EDGE('',*,*,#6860,.T.) ;
#6888=ORIENTED_EDGE('',*,*,#1120,.T.) ;
#6889=ORIENTED_EDGE('',*,*,#6872,.F.) ;
#6917=ORIENTED_EDGE('',*,*,#1133,.T.) ;
#6918=ORIENTED_EDGE('',*,*,#6903,.F.) ;
#6919=ORIENTED_EDGE('',*,*,#6910,.T.) ;
#6920=ORIENTED_EDGE('',*,*,#6915,.T.) ;
#6929=ORIENTED_EDGE('',*,*,#6927,.T.) ;
#6930=ORIENTED_EDGE('',*,*,#6903,.T.) ;
#6931=ORIENTED_EDGE('',*,*,#1138,.T.) ;
#6932=ORIENTED_EDGE('',*,*,#6915,.F.) ;
#6960=ORIENTED_EDGE('',*,*,#1151,.T.) ;
#6961=ORIENTED_EDGE('',*,*,#6946,.T.) ;
#6962=ORIENTED_EDGE('',*,*,#6953,.T.) ;
#6963=ORIENTED_EDGE('',*,*,#6958,.F.) ;
#6972=ORIENTED_EDGE('',*,*,#6970,.T.) ;
#6973=ORIENTED_EDGE('',*,*,#6946,.F.) ;
#6974=ORIENTED_EDGE('',*,*,#1156,.T.) ;
#6975=ORIENTED_EDGE('',*,*,#6958,.T.) ;
#7003=ORIENTED_EDGE('',*,*,#1169,.T.) ;
#7004=ORIENTED_EDGE('',*,*,#6989,.T.) ;
#7005=ORIENTED_EDGE('',*,*,#6996,.T.) ;
#7006=ORIENTED_EDGE('',*,*,#7001,.F.) ;
#7015=ORIENTED_EDGE('',*,*,#7013,.T.) ;
#7016=ORIENTED_EDGE('',*,*,#6989,.F.) ;
#7017=ORIENTED_EDGE('',*,*,#1174,.T.) ;
#7018=ORIENTED_EDGE('',*,*,#7001,.T.) ;
#7046=ORIENTED_EDGE('',*,*,#1187,.T.) ;
#7047=ORIENTED_EDGE('',*,*,#7032,.T.) ;
#7048=ORIENTED_EDGE('',*,*,#7039,.T.) ;
#7049=ORIENTED_EDGE('',*,*,#7044,.F.) ;
#7058=ORIENTED_EDGE('',*,*,#7056,.T.) ;
#7059=ORIENTED_EDGE('',*,*,#7032,.F.) ;
#7060=ORIENTED_EDGE('',*,*,#1192,.T.) ;
#7061=ORIENTED_EDGE('',*,*,#7044,.T.) ;
#7089=ORIENTED_EDGE('',*,*,#1205,.T.) ;
#7090=ORIENTED_EDGE('',*,*,#7075,.T.) ;
#7091=ORIENTED_EDGE('',*,*,#7082,.T.) ;
#7092=ORIENTED_EDGE('',*,*,#7087,.F.) ;
#7101=ORIENTED_EDGE('',*,*,#7099,.T.) ;
#7102=ORIENTED_EDGE('',*,*,#7075,.F.) ;
#7103=ORIENTED_EDGE('',*,*,#1210,.T.) ;
#7104=ORIENTED_EDGE('',*,*,#7087,.T.) ;
#7132=ORIENTED_EDGE('',*,*,#1223,.T.) ;
#7133=ORIENTED_EDGE('',*,*,#7118,.T.) ;
#7134=ORIENTED_EDGE('',*,*,#7125,.T.) ;
#7135=ORIENTED_EDGE('',*,*,#7130,.F.) ;
#7144=ORIENTED_EDGE('',*,*,#7142,.T.) ;
#7145=ORIENTED_EDGE('',*,*,#7118,.F.) ;
#7146=ORIENTED_EDGE('',*,*,#1228,.T.) ;
#7147=ORIENTED_EDGE('',*,*,#7130,.T.) ;
#7175=ORIENTED_EDGE('',*,*,#1241,.T.) ;
#7176=ORIENTED_EDGE('',*,*,#7161,.T.) ;
#7177=ORIENTED_EDGE('',*,*,#7168,.T.) ;
#7178=ORIENTED_EDGE('',*,*,#7173,.F.) ;
#7187=ORIENTED_EDGE('',*,*,#7185,.T.) ;
#7188=ORIENTED_EDGE('',*,*,#7161,.F.) ;
#7189=ORIENTED_EDGE('',*,*,#1246,.T.) ;
#7190=ORIENTED_EDGE('',*,*,#7173,.T.) ;
#7218=ORIENTED_EDGE('',*,*,#1259,.T.) ;
#7219=ORIENTED_EDGE('',*,*,#7204,.T.) ;
#7220=ORIENTED_EDGE('',*,*,#7211,.T.) ;
#7221=ORIENTED_EDGE('',*,*,#7216,.F.) ;
#7230=ORIENTED_EDGE('',*,*,#7228,.T.) ;
#7231=ORIENTED_EDGE('',*,*,#7204,.F.) ;
#7232=ORIENTED_EDGE('',*,*,#1264,.T.) ;
#7233=ORIENTED_EDGE('',*,*,#7216,.T.) ;
#7261=ORIENTED_EDGE('',*,*,#1277,.T.) ;
#7262=ORIENTED_EDGE('',*,*,#7247,.T.) ;
#7263=ORIENTED_EDGE('',*,*,#7254,.T.) ;
#7264=ORIENTED_EDGE('',*,*,#7259,.F.) ;
#7273=ORIENTED_EDGE('',*,*,#7271,.T.) ;
#7274=ORIENTED_EDGE('',*,*,#7247,.F.) ;
#7275=ORIENTED_EDGE('',*,*,#1282,.T.) ;
#7276=ORIENTED_EDGE('',*,*,#7259,.T.) ;
#7304=ORIENTED_EDGE('',*,*,#1295,.T.) ;
#7305=ORIENTED_EDGE('',*,*,#7290,.T.) ;
#7306=ORIENTED_EDGE('',*,*,#7297,.T.) ;
#7307=ORIENTED_EDGE('',*,*,#7302,.F.) ;
#7316=ORIENTED_EDGE('',*,*,#7314,.T.) ;
#7317=ORIENTED_EDGE('',*,*,#7290,.F.) ;
#7318=ORIENTED_EDGE('',*,*,#1300,.T.) ;
#7319=ORIENTED_EDGE('',*,*,#7302,.T.) ;
#7347=ORIENTED_EDGE('',*,*,#1313,.T.) ;
#7348=ORIENTED_EDGE('',*,*,#7333,.T.) ;
#7349=ORIENTED_EDGE('',*,*,#7340,.T.) ;
#7350=ORIENTED_EDGE('',*,*,#7345,.F.) ;
#7359=ORIENTED_EDGE('',*,*,#7357,.T.) ;
#7360=ORIENTED_EDGE('',*,*,#7333,.F.) ;
#7361=ORIENTED_EDGE('',*,*,#1318,.T.) ;
#7362=ORIENTED_EDGE('',*,*,#7345,.T.) ;
#7390=ORIENTED_EDGE('',*,*,#1331,.T.) ;
#7391=ORIENTED_EDGE('',*,*,#7376,.T.) ;
#7392=ORIENTED_EDGE('',*,*,#7383,.T.) ;
#7393=ORIENTED_EDGE('',*,*,#7388,.F.) ;
#7402=ORIENTED_EDGE('',*,*,#7400,.T.) ;
#7403=ORIENTED_EDGE('',*,*,#7376,.F.) ;
#7404=ORIENTED_EDGE('',*,*,#1336,.T.) ;
#7405=ORIENTED_EDGE('',*,*,#7388,.T.) ;
#7433=ORIENTED_EDGE('',*,*,#1349,.T.) ;
#7434=ORIENTED_EDGE('',*,*,#7419,.T.) ;
#7435=ORIENTED_EDGE('',*,*,#7426,.T.) ;
#7436=ORIENTED_EDGE('',*,*,#7431,.F.) ;
#7445=ORIENTED_EDGE('',*,*,#7443,.T.) ;
#7446=ORIENTED_EDGE('',*,*,#7419,.F.) ;
#7447=ORIENTED_EDGE('',*,*,#1354,.T.) ;
#7448=ORIENTED_EDGE('',*,*,#7431,.T.) ;
#7476=ORIENTED_EDGE('',*,*,#1367,.T.) ;
#7477=ORIENTED_EDGE('',*,*,#7462,.T.) ;
#7478=ORIENTED_EDGE('',*,*,#7469,.T.) ;
#7479=ORIENTED_EDGE('',*,*,#7474,.F.) ;
#7488=ORIENTED_EDGE('',*,*,#7486,.T.) ;
#7489=ORIENTED_EDGE('',*,*,#7462,.F.) ;
#7490=ORIENTED_EDGE('',*,*,#1372,.T.) ;
#7491=ORIENTED_EDGE('',*,*,#7474,.T.) ;
#7519=ORIENTED_EDGE('',*,*,#1385,.T.) ;
#7520=ORIENTED_EDGE('',*,*,#7505,.T.) ;
#7521=ORIENTED_EDGE('',*,*,#7512,.T.) ;
#7522=ORIENTED_EDGE('',*,*,#7517,.F.) ;
#7531=ORIENTED_EDGE('',*,*,#7529,.T.) ;
#7532=ORIENTED_EDGE('',*,*,#7505,.F.) ;
#7533=ORIENTED_EDGE('',*,*,#1390,.T.) ;
#7534=ORIENTED_EDGE('',*,*,#7517,.T.) ;
#7562=ORIENTED_EDGE('',*,*,#1403,.T.) ;
#7563=ORIENTED_EDGE('',*,*,#7548,.T.) ;
#7564=ORIENTED_EDGE('',*,*,#7555,.T.) ;
#7565=ORIENTED_EDGE('',*,*,#7560,.F.) ;
#7574=ORIENTED_EDGE('',*,*,#7572,.T.) ;
#7575=ORIENTED_EDGE('',*,*,#7548,.F.) ;
#7576=ORIENTED_EDGE('',*,*,#1408,.T.) ;
#7577=ORIENTED_EDGE('',*,*,#7560,.T.) ;
#7605=ORIENTED_EDGE('',*,*,#1421,.T.) ;
#7606=ORIENTED_EDGE('',*,*,#7591,.T.) ;
#7607=ORIENTED_EDGE('',*,*,#7598,.T.) ;
#7608=ORIENTED_EDGE('',*,*,#7603,.F.) ;
#7617=ORIENTED_EDGE('',*,*,#7615,.T.) ;
#7618=ORIENTED_EDGE('',*,*,#7591,.F.) ;
#7619=ORIENTED_EDGE('',*,*,#1426,.T.) ;
#7620=ORIENTED_EDGE('',*,*,#7603,.T.) ;
#7648=ORIENTED_EDGE('',*,*,#1439,.T.) ;
#7649=ORIENTED_EDGE('',*,*,#7634,.T.) ;
#7650=ORIENTED_EDGE('',*,*,#7641,.T.) ;
#7651=ORIENTED_EDGE('',*,*,#7646,.F.) ;
#7660=ORIENTED_EDGE('',*,*,#7658,.T.) ;
#7661=ORIENTED_EDGE('',*,*,#7634,.F.) ;
#7662=ORIENTED_EDGE('',*,*,#1444,.T.) ;
#7663=ORIENTED_EDGE('',*,*,#7646,.T.) ;
#7691=ORIENTED_EDGE('',*,*,#1457,.T.) ;
#7692=ORIENTED_EDGE('',*,*,#7677,.T.) ;
#7693=ORIENTED_EDGE('',*,*,#7684,.T.) ;
#7694=ORIENTED_EDGE('',*,*,#7689,.F.) ;
#7703=ORIENTED_EDGE('',*,*,#7701,.T.) ;
#7704=ORIENTED_EDGE('',*,*,#7677,.F.) ;
#7705=ORIENTED_EDGE('',*,*,#1462,.T.) ;
#7706=ORIENTED_EDGE('',*,*,#7689,.T.) ;
#7734=ORIENTED_EDGE('',*,*,#1475,.T.) ;
#7735=ORIENTED_EDGE('',*,*,#7720,.T.) ;
#7736=ORIENTED_EDGE('',*,*,#7727,.T.) ;
#7737=ORIENTED_EDGE('',*,*,#7732,.F.) ;
#7746=ORIENTED_EDGE('',*,*,#7744,.T.) ;
#7747=ORIENTED_EDGE('',*,*,#7720,.F.) ;
#7748=ORIENTED_EDGE('',*,*,#1480,.T.) ;
#7749=ORIENTED_EDGE('',*,*,#7732,.T.) ;
#7777=ORIENTED_EDGE('',*,*,#1493,.T.) ;
#7778=ORIENTED_EDGE('',*,*,#7763,.T.) ;
#7779=ORIENTED_EDGE('',*,*,#7770,.T.) ;
#7780=ORIENTED_EDGE('',*,*,#7775,.F.) ;
#7789=ORIENTED_EDGE('',*,*,#7787,.T.) ;
#7790=ORIENTED_EDGE('',*,*,#7763,.F.) ;
#7791=ORIENTED_EDGE('',*,*,#1498,.T.) ;
#7792=ORIENTED_EDGE('',*,*,#7775,.T.) ;
#7820=ORIENTED_EDGE('',*,*,#1511,.T.) ;
#7821=ORIENTED_EDGE('',*,*,#7806,.T.) ;
#7822=ORIENTED_EDGE('',*,*,#7813,.T.) ;
#7823=ORIENTED_EDGE('',*,*,#7818,.F.) ;
#7832=ORIENTED_EDGE('',*,*,#7830,.T.) ;
#7833=ORIENTED_EDGE('',*,*,#7806,.F.) ;
#7834=ORIENTED_EDGE('',*,*,#1516,.T.) ;
#7835=ORIENTED_EDGE('',*,*,#7818,.T.) ;
#7863=ORIENTED_EDGE('',*,*,#1529,.T.) ;
#7864=ORIENTED_EDGE('',*,*,#7849,.T.) ;
#7865=ORIENTED_EDGE('',*,*,#7856,.T.) ;
#7866=ORIENTED_EDGE('',*,*,#7861,.F.) ;
#7875=ORIENTED_EDGE('',*,*,#7873,.T.) ;
#7876=ORIENTED_EDGE('',*,*,#7849,.F.) ;
#7877=ORIENTED_EDGE('',*,*,#1534,.T.) ;
#7878=ORIENTED_EDGE('',*,*,#7861,.T.) ;
#7906=ORIENTED_EDGE('',*,*,#1547,.T.) ;
#7907=ORIENTED_EDGE('',*,*,#7892,.T.) ;
#7908=ORIENTED_EDGE('',*,*,#7899,.T.) ;
#7909=ORIENTED_EDGE('',*,*,#7904,.F.) ;
#7918=ORIENTED_EDGE('',*,*,#7916,.T.) ;
#7919=ORIENTED_EDGE('',*,*,#7892,.F.) ;
#7920=ORIENTED_EDGE('',*,*,#1552,.T.) ;
#7921=ORIENTED_EDGE('',*,*,#7904,.T.) ;
#7949=ORIENTED_EDGE('',*,*,#1565,.T.) ;
#7950=ORIENTED_EDGE('',*,*,#7935,.T.) ;
#7951=ORIENTED_EDGE('',*,*,#7942,.T.) ;
#7952=ORIENTED_EDGE('',*,*,#7947,.F.) ;
#7961=ORIENTED_EDGE('',*,*,#7959,.T.) ;
#7962=ORIENTED_EDGE('',*,*,#7935,.F.) ;
#7963=ORIENTED_EDGE('',*,*,#1570,.T.) ;
#7964=ORIENTED_EDGE('',*,*,#7947,.T.) ;
#7992=ORIENTED_EDGE('',*,*,#1583,.T.) ;
#7993=ORIENTED_EDGE('',*,*,#7978,.T.) ;
#7994=ORIENTED_EDGE('',*,*,#7985,.T.) ;
#7995=ORIENTED_EDGE('',*,*,#7990,.F.) ;
#8004=ORIENTED_EDGE('',*,*,#8002,.T.) ;
#8005=ORIENTED_EDGE('',*,*,#7978,.F.) ;
#8006=ORIENTED_EDGE('',*,*,#1588,.T.) ;
#8007=ORIENTED_EDGE('',*,*,#7990,.T.) ;
#8035=ORIENTED_EDGE('',*,*,#1601,.T.) ;
#8036=ORIENTED_EDGE('',*,*,#8021,.T.) ;
#8037=ORIENTED_EDGE('',*,*,#8028,.T.) ;
#8038=ORIENTED_EDGE('',*,*,#8033,.F.) ;
#8047=ORIENTED_EDGE('',*,*,#8045,.T.) ;
#8048=ORIENTED_EDGE('',*,*,#8021,.F.) ;
#8049=ORIENTED_EDGE('',*,*,#1606,.T.) ;
#8050=ORIENTED_EDGE('',*,*,#8033,.T.) ;
#8078=ORIENTED_EDGE('',*,*,#1619,.T.) ;
#8079=ORIENTED_EDGE('',*,*,#8064,.T.) ;
#8080=ORIENTED_EDGE('',*,*,#8071,.T.) ;
#8081=ORIENTED_EDGE('',*,*,#8076,.F.) ;
#8090=ORIENTED_EDGE('',*,*,#8088,.T.) ;
#8091=ORIENTED_EDGE('',*,*,#8064,.F.) ;
#8092=ORIENTED_EDGE('',*,*,#1624,.T.) ;
#8093=ORIENTED_EDGE('',*,*,#8076,.T.) ;
#8121=ORIENTED_EDGE('',*,*,#1637,.T.) ;
#8122=ORIENTED_EDGE('',*,*,#8107,.T.) ;
#8123=ORIENTED_EDGE('',*,*,#8114,.T.) ;
#8124=ORIENTED_EDGE('',*,*,#8119,.F.) ;
#8133=ORIENTED_EDGE('',*,*,#8131,.T.) ;
#8134=ORIENTED_EDGE('',*,*,#8107,.F.) ;
#8135=ORIENTED_EDGE('',*,*,#1642,.T.) ;
#8136=ORIENTED_EDGE('',*,*,#8119,.T.) ;
#8164=ORIENTED_EDGE('',*,*,#1655,.T.) ;
#8165=ORIENTED_EDGE('',*,*,#8150,.T.) ;
#8166=ORIENTED_EDGE('',*,*,#8157,.T.) ;
#8167=ORIENTED_EDGE('',*,*,#8162,.F.) ;
#8176=ORIENTED_EDGE('',*,*,#8174,.T.) ;
#8177=ORIENTED_EDGE('',*,*,#8150,.F.) ;
#8178=ORIENTED_EDGE('',*,*,#1660,.T.) ;
#8179=ORIENTED_EDGE('',*,*,#8162,.T.) ;
#8207=ORIENTED_EDGE('',*,*,#1673,.T.) ;
#8208=ORIENTED_EDGE('',*,*,#8193,.T.) ;
#8209=ORIENTED_EDGE('',*,*,#8200,.T.) ;
#8210=ORIENTED_EDGE('',*,*,#8205,.F.) ;
#8219=ORIENTED_EDGE('',*,*,#8217,.T.) ;
#8220=ORIENTED_EDGE('',*,*,#8193,.F.) ;
#8221=ORIENTED_EDGE('',*,*,#1678,.T.) ;
#8222=ORIENTED_EDGE('',*,*,#8205,.T.) ;
#8250=ORIENTED_EDGE('',*,*,#1691,.T.) ;
#8251=ORIENTED_EDGE('',*,*,#8236,.T.) ;
#8252=ORIENTED_EDGE('',*,*,#8243,.T.) ;
#8253=ORIENTED_EDGE('',*,*,#8248,.F.) ;
#8262=ORIENTED_EDGE('',*,*,#8260,.T.) ;
#8263=ORIENTED_EDGE('',*,*,#8236,.F.) ;
#8264=ORIENTED_EDGE('',*,*,#1696,.T.) ;
#8265=ORIENTED_EDGE('',*,*,#8248,.T.) ;
#8293=ORIENTED_EDGE('',*,*,#1709,.T.) ;
#8294=ORIENTED_EDGE('',*,*,#8279,.T.) ;
#8295=ORIENTED_EDGE('',*,*,#8286,.T.) ;
#8296=ORIENTED_EDGE('',*,*,#8291,.F.) ;
#8317=ORIENTED_EDGE('',*,*,#1716,.T.) ;
#8318=ORIENTED_EDGE('',*,*,#8291,.T.) ;
#8319=ORIENTED_EDGE('',*,*,#8310,.T.) ;
#8320=ORIENTED_EDGE('',*,*,#8315,.F.) ;
#8341=ORIENTED_EDGE('',*,*,#1723,.T.) ;
#8342=ORIENTED_EDGE('',*,*,#8315,.T.) ;
#8343=ORIENTED_EDGE('',*,*,#8334,.T.) ;
#8344=ORIENTED_EDGE('',*,*,#8339,.F.) ;
#8358=ORIENTED_EDGE('',*,*,#1728,.T.) ;
#8359=ORIENTED_EDGE('',*,*,#8339,.T.) ;
#8360=ORIENTED_EDGE('',*,*,#8356,.T.) ;
#8361=ORIENTED_EDGE('',*,*,#8279,.F.) ;
#8389=ORIENTED_EDGE('',*,*,#1743,.T.) ;
#8390=ORIENTED_EDGE('',*,*,#8375,.T.) ;
#8391=ORIENTED_EDGE('',*,*,#8382,.T.) ;
#8392=ORIENTED_EDGE('',*,*,#8387,.F.) ;
#8413=ORIENTED_EDGE('',*,*,#1750,.T.) ;
#8414=ORIENTED_EDGE('',*,*,#8387,.T.) ;
#8415=ORIENTED_EDGE('',*,*,#8406,.T.) ;
#8416=ORIENTED_EDGE('',*,*,#8411,.F.) ;
#8437=ORIENTED_EDGE('',*,*,#1757,.T.) ;
#8438=ORIENTED_EDGE('',*,*,#8411,.T.) ;
#8439=ORIENTED_EDGE('',*,*,#8430,.T.) ;
#8440=ORIENTED_EDGE('',*,*,#8435,.F.) ;
#8454=ORIENTED_EDGE('',*,*,#1762,.T.) ;
#8455=ORIENTED_EDGE('',*,*,#8435,.T.) ;
#8456=ORIENTED_EDGE('',*,*,#8452,.T.) ;
#8457=ORIENTED_EDGE('',*,*,#8375,.F.) ;
#8485=ORIENTED_EDGE('',*,*,#1777,.T.) ;
#8486=ORIENTED_EDGE('',*,*,#8471,.T.) ;
#8487=ORIENTED_EDGE('',*,*,#8478,.T.) ;
#8488=ORIENTED_EDGE('',*,*,#8483,.F.) ;
#8509=ORIENTED_EDGE('',*,*,#1784,.T.) ;
#8510=ORIENTED_EDGE('',*,*,#8483,.T.) ;
#8511=ORIENTED_EDGE('',*,*,#8502,.T.) ;
#8512=ORIENTED_EDGE('',*,*,#8507,.F.) ;
#8533=ORIENTED_EDGE('',*,*,#1791,.T.) ;
#8534=ORIENTED_EDGE('',*,*,#8507,.T.) ;
#8535=ORIENTED_EDGE('',*,*,#8526,.T.) ;
#8536=ORIENTED_EDGE('',*,*,#8531,.F.) ;
#8550=ORIENTED_EDGE('',*,*,#1796,.T.) ;
#8551=ORIENTED_EDGE('',*,*,#8531,.T.) ;
#8552=ORIENTED_EDGE('',*,*,#8548,.T.) ;
#8553=ORIENTED_EDGE('',*,*,#8471,.F.) ;
#8581=ORIENTED_EDGE('',*,*,#1811,.T.) ;
#8582=ORIENTED_EDGE('',*,*,#8567,.T.) ;
#8583=ORIENTED_EDGE('',*,*,#8574,.T.) ;
#8584=ORIENTED_EDGE('',*,*,#8579,.F.) ;
#8605=ORIENTED_EDGE('',*,*,#1818,.T.) ;
#8606=ORIENTED_EDGE('',*,*,#8579,.T.) ;
#8607=ORIENTED_EDGE('',*,*,#8598,.T.) ;
#8608=ORIENTED_EDGE('',*,*,#8603,.F.) ;
#8629=ORIENTED_EDGE('',*,*,#1825,.T.) ;
#8630=ORIENTED_EDGE('',*,*,#8603,.T.) ;
#8631=ORIENTED_EDGE('',*,*,#8622,.T.) ;
#8632=ORIENTED_EDGE('',*,*,#8627,.F.) ;
#8646=ORIENTED_EDGE('',*,*,#1830,.T.) ;
#8647=ORIENTED_EDGE('',*,*,#8627,.T.) ;
#8648=ORIENTED_EDGE('',*,*,#8644,.T.) ;
#8649=ORIENTED_EDGE('',*,*,#8567,.F.) ;
#8677=ORIENTED_EDGE('',*,*,#1845,.T.) ;
#8678=ORIENTED_EDGE('',*,*,#8663,.T.) ;
#8679=ORIENTED_EDGE('',*,*,#8670,.T.) ;
#8680=ORIENTED_EDGE('',*,*,#8675,.F.) ;
#8689=ORIENTED_EDGE('',*,*,#8687,.T.) ;
#8690=ORIENTED_EDGE('',*,*,#8663,.F.) ;
#8691=ORIENTED_EDGE('',*,*,#1850,.T.) ;
#8692=ORIENTED_EDGE('',*,*,#8675,.T.) ;
#8720=ORIENTED_EDGE('',*,*,#1863,.T.) ;
#8721=ORIENTED_EDGE('',*,*,#8706,.T.) ;
#8722=ORIENTED_EDGE('',*,*,#8713,.T.) ;
#8723=ORIENTED_EDGE('',*,*,#8718,.F.) ;
#8732=ORIENTED_EDGE('',*,*,#8730,.T.) ;
#8733=ORIENTED_EDGE('',*,*,#8706,.F.) ;
#8734=ORIENTED_EDGE('',*,*,#1868,.T.) ;
#8735=ORIENTED_EDGE('',*,*,#8718,.T.) ;
#8763=ORIENTED_EDGE('',*,*,#1881,.T.) ;
#8764=ORIENTED_EDGE('',*,*,#8749,.T.) ;
#8765=ORIENTED_EDGE('',*,*,#8756,.T.) ;
#8766=ORIENTED_EDGE('',*,*,#8761,.F.) ;
#8775=ORIENTED_EDGE('',*,*,#8773,.T.) ;
#8776=ORIENTED_EDGE('',*,*,#8749,.F.) ;
#8777=ORIENTED_EDGE('',*,*,#1886,.T.) ;
#8778=ORIENTED_EDGE('',*,*,#8761,.T.) ;
#8806=ORIENTED_EDGE('',*,*,#1899,.T.) ;
#8807=ORIENTED_EDGE('',*,*,#8792,.T.) ;
#8808=ORIENTED_EDGE('',*,*,#8799,.T.) ;
#8809=ORIENTED_EDGE('',*,*,#8804,.F.) ;
#8818=ORIENTED_EDGE('',*,*,#8816,.T.) ;
#8819=ORIENTED_EDGE('',*,*,#8792,.F.) ;
#8820=ORIENTED_EDGE('',*,*,#1904,.T.) ;
#8821=ORIENTED_EDGE('',*,*,#8804,.T.) ;
#8849=ORIENTED_EDGE('',*,*,#1917,.T.) ;
#8850=ORIENTED_EDGE('',*,*,#8835,.T.) ;
#8851=ORIENTED_EDGE('',*,*,#8842,.T.) ;
#8852=ORIENTED_EDGE('',*,*,#8847,.F.) ;
#8861=ORIENTED_EDGE('',*,*,#8859,.T.) ;
#8862=ORIENTED_EDGE('',*,*,#8835,.F.) ;
#8863=ORIENTED_EDGE('',*,*,#1922,.T.) ;
#8864=ORIENTED_EDGE('',*,*,#8847,.T.) ;
#8892=ORIENTED_EDGE('',*,*,#1935,.T.) ;
#8893=ORIENTED_EDGE('',*,*,#8878,.T.) ;
#8894=ORIENTED_EDGE('',*,*,#8885,.T.) ;
#8895=ORIENTED_EDGE('',*,*,#8890,.F.) ;
#8904=ORIENTED_EDGE('',*,*,#8902,.T.) ;
#8905=ORIENTED_EDGE('',*,*,#8878,.F.) ;
#8906=ORIENTED_EDGE('',*,*,#1940,.T.) ;
#8907=ORIENTED_EDGE('',*,*,#8890,.T.) ;
#8935=ORIENTED_EDGE('',*,*,#1953,.T.) ;
#8936=ORIENTED_EDGE('',*,*,#8921,.T.) ;
#8937=ORIENTED_EDGE('',*,*,#8928,.T.) ;
#8938=ORIENTED_EDGE('',*,*,#8933,.F.) ;
#8959=ORIENTED_EDGE('',*,*,#1960,.T.) ;
#8960=ORIENTED_EDGE('',*,*,#8933,.T.) ;
#8961=ORIENTED_EDGE('',*,*,#8952,.T.) ;
#8962=ORIENTED_EDGE('',*,*,#8957,.F.) ;
#8983=ORIENTED_EDGE('',*,*,#1967,.T.) ;
#8984=ORIENTED_EDGE('',*,*,#8957,.T.) ;
#8985=ORIENTED_EDGE('',*,*,#8976,.T.) ;
#8986=ORIENTED_EDGE('',*,*,#8981,.F.) ;
#9000=ORIENTED_EDGE('',*,*,#1972,.T.) ;
#9001=ORIENTED_EDGE('',*,*,#8981,.T.) ;
#9002=ORIENTED_EDGE('',*,*,#8998,.T.) ;
#9003=ORIENTED_EDGE('',*,*,#8921,.F.) ;
#9031=ORIENTED_EDGE('',*,*,#9017,.T.) ;
#9032=ORIENTED_EDGE('',*,*,#1987,.T.) ;
#9033=ORIENTED_EDGE('',*,*,#9024,.F.) ;
#9034=ORIENTED_EDGE('',*,*,#9029,.F.) ;
#9055=ORIENTED_EDGE('',*,*,#9048,.T.) ;
#9056=ORIENTED_EDGE('',*,*,#1994,.T.) ;
#9057=ORIENTED_EDGE('',*,*,#9017,.F.) ;
#9058=ORIENTED_EDGE('',*,*,#9053,.F.) ;
#9079=ORIENTED_EDGE('',*,*,#9072,.T.) ;
#9080=ORIENTED_EDGE('',*,*,#2001,.T.) ;
#9081=ORIENTED_EDGE('',*,*,#9048,.F.) ;
#9082=ORIENTED_EDGE('',*,*,#9077,.F.) ;
#9096=ORIENTED_EDGE('',*,*,#9024,.T.) ;
#9097=ORIENTED_EDGE('',*,*,#2006,.T.) ;
#9098=ORIENTED_EDGE('',*,*,#9072,.F.) ;
#9099=ORIENTED_EDGE('',*,*,#9094,.F.) ;
#9127=ORIENTED_EDGE('',*,*,#2021,.T.) ;
#9128=ORIENTED_EDGE('',*,*,#9113,.T.) ;
#9129=ORIENTED_EDGE('',*,*,#9120,.T.) ;
#9130=ORIENTED_EDGE('',*,*,#9125,.F.) ;
#9151=ORIENTED_EDGE('',*,*,#2028,.T.) ;
#9152=ORIENTED_EDGE('',*,*,#9125,.T.) ;
#9153=ORIENTED_EDGE('',*,*,#9144,.T.) ;
#9154=ORIENTED_EDGE('',*,*,#9149,.F.) ;
#9175=ORIENTED_EDGE('',*,*,#2035,.T.) ;
#9176=ORIENTED_EDGE('',*,*,#9149,.T.) ;
#9177=ORIENTED_EDGE('',*,*,#9168,.T.) ;
#9178=ORIENTED_EDGE('',*,*,#9173,.F.) ;
#9192=ORIENTED_EDGE('',*,*,#2040,.T.) ;
#9193=ORIENTED_EDGE('',*,*,#9173,.T.) ;
#9194=ORIENTED_EDGE('',*,*,#9190,.T.) ;
#9195=ORIENTED_EDGE('',*,*,#9113,.F.) ;
#9223=ORIENTED_EDGE('',*,*,#2055,.T.) ;
#9224=ORIENTED_EDGE('',*,*,#9209,.T.) ;
#9225=ORIENTED_EDGE('',*,*,#9216,.T.) ;
#9226=ORIENTED_EDGE('',*,*,#9221,.F.) ;
#9247=ORIENTED_EDGE('',*,*,#9221,.T.) ;
#9248=ORIENTED_EDGE('',*,*,#9240,.T.) ;
#9249=ORIENTED_EDGE('',*,*,#9245,.F.) ;
#9250=ORIENTED_EDGE('',*,*,#2062,.T.) ;
#9271=ORIENTED_EDGE('',*,*,#2069,.T.) ;
#9272=ORIENTED_EDGE('',*,*,#9245,.T.) ;
#9273=ORIENTED_EDGE('',*,*,#9264,.T.) ;
#9274=ORIENTED_EDGE('',*,*,#9269,.F.) ;
#9288=ORIENTED_EDGE('',*,*,#9209,.F.) ;
#9289=ORIENTED_EDGE('',*,*,#2074,.T.) ;
#9290=ORIENTED_EDGE('',*,*,#9269,.T.) ;
#9291=ORIENTED_EDGE('',*,*,#9286,.T.) ;
#9319=ORIENTED_EDGE('',*,*,#2089,.T.) ;
#9320=ORIENTED_EDGE('',*,*,#9305,.T.) ;
#9321=ORIENTED_EDGE('',*,*,#9312,.T.) ;
#9322=ORIENTED_EDGE('',*,*,#9317,.F.) ;
#9343=ORIENTED_EDGE('',*,*,#2096,.T.) ;
#9344=ORIENTED_EDGE('',*,*,#9317,.T.) ;
#9345=ORIENTED_EDGE('',*,*,#9336,.T.) ;
#9346=ORIENTED_EDGE('',*,*,#9341,.F.) ;
#9367=ORIENTED_EDGE('',*,*,#2103,.T.) ;
#9368=ORIENTED_EDGE('',*,*,#9341,.T.) ;
#9369=ORIENTED_EDGE('',*,*,#9360,.T.) ;
#9370=ORIENTED_EDGE('',*,*,#9365,.F.) ;
#9384=ORIENTED_EDGE('',*,*,#2108,.T.) ;
#9385=ORIENTED_EDGE('',*,*,#9365,.T.) ;
#9386=ORIENTED_EDGE('',*,*,#9382,.T.) ;
#9387=ORIENTED_EDGE('',*,*,#9305,.F.) ;
#9415=ORIENTED_EDGE('',*,*,#2123,.T.) ;
#9416=ORIENTED_EDGE('',*,*,#9401,.T.) ;
#9417=ORIENTED_EDGE('',*,*,#9408,.T.) ;
#9418=ORIENTED_EDGE('',*,*,#9413,.F.) ;
#9439=ORIENTED_EDGE('',*,*,#2130,.T.) ;
#9440=ORIENTED_EDGE('',*,*,#9413,.T.) ;
#9441=ORIENTED_EDGE('',*,*,#9432,.T.) ;
#9442=ORIENTED_EDGE('',*,*,#9437,.F.) ;
#9463=ORIENTED_EDGE('',*,*,#2137,.T.) ;
#9464=ORIENTED_EDGE('',*,*,#9437,.T.) ;
#9465=ORIENTED_EDGE('',*,*,#9456,.T.) ;
#9466=ORIENTED_EDGE('',*,*,#9461,.F.) ;
#9480=ORIENTED_EDGE('',*,*,#2142,.T.) ;
#9481=ORIENTED_EDGE('',*,*,#9461,.T.) ;
#9482=ORIENTED_EDGE('',*,*,#9478,.T.) ;
#9483=ORIENTED_EDGE('',*,*,#9401,.F.) ;
#9511=ORIENTED_EDGE('',*,*,#2157,.T.) ;
#9512=ORIENTED_EDGE('',*,*,#9497,.T.) ;
#9513=ORIENTED_EDGE('',*,*,#9504,.T.) ;
#9514=ORIENTED_EDGE('',*,*,#9509,.F.) ;
#9535=ORIENTED_EDGE('',*,*,#2164,.T.) ;
#9536=ORIENTED_EDGE('',*,*,#9509,.T.) ;
#9537=ORIENTED_EDGE('',*,*,#9528,.T.) ;
#9538=ORIENTED_EDGE('',*,*,#9533,.F.) ;
#9559=ORIENTED_EDGE('',*,*,#2171,.T.) ;
#9560=ORIENTED_EDGE('',*,*,#9533,.T.) ;
#9561=ORIENTED_EDGE('',*,*,#9552,.T.) ;
#9562=ORIENTED_EDGE('',*,*,#9557,.F.) ;
#9576=ORIENTED_EDGE('',*,*,#2176,.T.) ;
#9577=ORIENTED_EDGE('',*,*,#9557,.T.) ;
#9578=ORIENTED_EDGE('',*,*,#9574,.T.) ;
#9579=ORIENTED_EDGE('',*,*,#9497,.F.) ;
#9607=ORIENTED_EDGE('',*,*,#2191,.T.) ;
#9608=ORIENTED_EDGE('',*,*,#9593,.T.) ;
#9609=ORIENTED_EDGE('',*,*,#9600,.T.) ;
#9610=ORIENTED_EDGE('',*,*,#9605,.F.) ;
#9619=ORIENTED_EDGE('',*,*,#9617,.T.) ;
#9620=ORIENTED_EDGE('',*,*,#9593,.F.) ;
#9621=ORIENTED_EDGE('',*,*,#2196,.T.) ;
#9622=ORIENTED_EDGE('',*,*,#9605,.T.) ;
#9650=ORIENTED_EDGE('',*,*,#2209,.T.) ;
#9651=ORIENTED_EDGE('',*,*,#9636,.T.) ;
#9652=ORIENTED_EDGE('',*,*,#9643,.T.) ;
#9653=ORIENTED_EDGE('',*,*,#9648,.F.) ;
#9662=ORIENTED_EDGE('',*,*,#9660,.T.) ;
#9663=ORIENTED_EDGE('',*,*,#9636,.F.) ;
#9664=ORIENTED_EDGE('',*,*,#2214,.T.) ;
#9665=ORIENTED_EDGE('',*,*,#9648,.T.) ;
#9693=ORIENTED_EDGE('',*,*,#2227,.T.) ;
#9694=ORIENTED_EDGE('',*,*,#9679,.T.) ;
#9695=ORIENTED_EDGE('',*,*,#9686,.T.) ;
#9696=ORIENTED_EDGE('',*,*,#9691,.F.) ;
#9705=ORIENTED_EDGE('',*,*,#9703,.T.) ;
#9706=ORIENTED_EDGE('',*,*,#9679,.F.) ;
#9707=ORIENTED_EDGE('',*,*,#2232,.T.) ;
#9708=ORIENTED_EDGE('',*,*,#9691,.T.) ;
#9736=ORIENTED_EDGE('',*,*,#2245,.T.) ;
#9737=ORIENTED_EDGE('',*,*,#9722,.T.) ;
#9738=ORIENTED_EDGE('',*,*,#9729,.T.) ;
#9739=ORIENTED_EDGE('',*,*,#9734,.F.) ;
#9748=ORIENTED_EDGE('',*,*,#9746,.T.) ;
#9749=ORIENTED_EDGE('',*,*,#9722,.F.) ;
#9750=ORIENTED_EDGE('',*,*,#2250,.T.) ;
#9751=ORIENTED_EDGE('',*,*,#9734,.T.) ;
#9779=ORIENTED_EDGE('',*,*,#2263,.T.) ;
#9780=ORIENTED_EDGE('',*,*,#9765,.T.) ;
#9781=ORIENTED_EDGE('',*,*,#9772,.T.) ;
#9782=ORIENTED_EDGE('',*,*,#9777,.F.) ;
#9791=ORIENTED_EDGE('',*,*,#9789,.T.) ;
#9792=ORIENTED_EDGE('',*,*,#9765,.F.) ;
#9793=ORIENTED_EDGE('',*,*,#2268,.T.) ;
#9794=ORIENTED_EDGE('',*,*,#9777,.T.) ;
#9822=ORIENTED_EDGE('',*,*,#2281,.T.) ;
#9823=ORIENTED_EDGE('',*,*,#9808,.T.) ;
#9824=ORIENTED_EDGE('',*,*,#9815,.T.) ;
#9825=ORIENTED_EDGE('',*,*,#9820,.F.) ;
#9834=ORIENTED_EDGE('',*,*,#9832,.T.) ;
#9835=ORIENTED_EDGE('',*,*,#9808,.F.) ;
#9836=ORIENTED_EDGE('',*,*,#2286,.T.) ;
#9837=ORIENTED_EDGE('',*,*,#9820,.T.) ;
#9865=ORIENTED_EDGE('',*,*,#2299,.T.) ;
#9866=ORIENTED_EDGE('',*,*,#9851,.T.) ;
#9867=ORIENTED_EDGE('',*,*,#9858,.T.) ;
#9868=ORIENTED_EDGE('',*,*,#9863,.F.) ;
#9877=ORIENTED_EDGE('',*,*,#9875,.T.) ;
#9878=ORIENTED_EDGE('',*,*,#9851,.F.) ;
#9879=ORIENTED_EDGE('',*,*,#2304,.T.) ;
#9880=ORIENTED_EDGE('',*,*,#9863,.T.) ;
#9908=ORIENTED_EDGE('',*,*,#2317,.T.) ;
#9909=ORIENTED_EDGE('',*,*,#9894,.T.) ;
#9910=ORIENTED_EDGE('',*,*,#9901,.T.) ;
#9911=ORIENTED_EDGE('',*,*,#9906,.F.) ;
#9920=ORIENTED_EDGE('',*,*,#9918,.T.) ;
#9921=ORIENTED_EDGE('',*,*,#9894,.F.) ;
#9922=ORIENTED_EDGE('',*,*,#2322,.T.) ;
#9923=ORIENTED_EDGE('',*,*,#9906,.T.) ;
#9951=ORIENTED_EDGE('',*,*,#2335,.T.) ;
#9952=ORIENTED_EDGE('',*,*,#9937,.T.) ;
#9953=ORIENTED_EDGE('',*,*,#9944,.T.) ;
#9954=ORIENTED_EDGE('',*,*,#9949,.F.) ;
#9963=ORIENTED_EDGE('',*,*,#9961,.T.) ;
#9964=ORIENTED_EDGE('',*,*,#9937,.F.) ;
#9965=ORIENTED_EDGE('',*,*,#2340,.T.) ;
#9966=ORIENTED_EDGE('',*,*,#9949,.T.) ;
#9994=ORIENTED_EDGE('',*,*,#2353,.T.) ;
#9995=ORIENTED_EDGE('',*,*,#9980,.T.) ;
#9996=ORIENTED_EDGE('',*,*,#9987,.T.) ;
#9997=ORIENTED_EDGE('',*,*,#9992,.F.) ;
#10006=ORIENTED_EDGE('',*,*,#10004,.T.) ;
#10007=ORIENTED_EDGE('',*,*,#9980,.F.) ;
#10008=ORIENTED_EDGE('',*,*,#2358,.T.) ;
#10009=ORIENTED_EDGE('',*,*,#9992,.T.) ;
#10037=ORIENTED_EDGE('',*,*,#2371,.T.) ;
#10038=ORIENTED_EDGE('',*,*,#10023,.T.) ;
#10039=ORIENTED_EDGE('',*,*,#10030,.T.) ;
#10040=ORIENTED_EDGE('',*,*,#10035,.F.) ;
#10049=ORIENTED_EDGE('',*,*,#10047,.T.) ;
#10050=ORIENTED_EDGE('',*,*,#10023,.F.) ;
#10051=ORIENTED_EDGE('',*,*,#2376,.T.) ;
#10052=ORIENTED_EDGE('',*,*,#10035,.T.) ;
#10080=ORIENTED_EDGE('',*,*,#2389,.T.) ;
#10081=ORIENTED_EDGE('',*,*,#10066,.T.) ;
#10082=ORIENTED_EDGE('',*,*,#10073,.T.) ;
#10083=ORIENTED_EDGE('',*,*,#10078,.F.) ;
#10092=ORIENTED_EDGE('',*,*,#10090,.T.) ;
#10093=ORIENTED_EDGE('',*,*,#10066,.F.) ;
#10094=ORIENTED_EDGE('',*,*,#2394,.T.) ;
#10095=ORIENTED_EDGE('',*,*,#10078,.T.) ;
#10123=ORIENTED_EDGE('',*,*,#2461,.T.) ;
#10124=ORIENTED_EDGE('',*,*,#10109,.T.) ;
#10125=ORIENTED_EDGE('',*,*,#10116,.T.) ;
#10126=ORIENTED_EDGE('',*,*,#10121,.F.) ;
#10135=ORIENTED_EDGE('',*,*,#10133,.T.) ;
#10136=ORIENTED_EDGE('',*,*,#10109,.F.) ;
#10137=ORIENTED_EDGE('',*,*,#2466,.T.) ;
#10138=ORIENTED_EDGE('',*,*,#10121,.T.) ;
#10166=ORIENTED_EDGE('',*,*,#2479,.T.) ;
#10167=ORIENTED_EDGE('',*,*,#10152,.T.) ;
#10168=ORIENTED_EDGE('',*,*,#10159,.T.) ;
#10169=ORIENTED_EDGE('',*,*,#10164,.F.) ;
#10178=ORIENTED_EDGE('',*,*,#10176,.T.) ;
#10179=ORIENTED_EDGE('',*,*,#10152,.F.) ;
#10180=ORIENTED_EDGE('',*,*,#2484,.T.) ;
#10181=ORIENTED_EDGE('',*,*,#10164,.T.) ;
#10209=ORIENTED_EDGE('',*,*,#2497,.T.) ;
#10210=ORIENTED_EDGE('',*,*,#10195,.T.) ;
#10211=ORIENTED_EDGE('',*,*,#10202,.T.) ;
#10212=ORIENTED_EDGE('',*,*,#10207,.F.) ;
#10221=ORIENTED_EDGE('',*,*,#10219,.T.) ;
#10222=ORIENTED_EDGE('',*,*,#10195,.F.) ;
#10223=ORIENTED_EDGE('',*,*,#2502,.T.) ;
#10224=ORIENTED_EDGE('',*,*,#10207,.T.) ;
#10252=ORIENTED_EDGE('',*,*,#2515,.T.) ;
#10253=ORIENTED_EDGE('',*,*,#10238,.T.) ;
#10254=ORIENTED_EDGE('',*,*,#10245,.T.) ;
#10255=ORIENTED_EDGE('',*,*,#10250,.F.) ;
#10264=ORIENTED_EDGE('',*,*,#10262,.T.) ;
#10265=ORIENTED_EDGE('',*,*,#10238,.F.) ;
#10266=ORIENTED_EDGE('',*,*,#2520,.T.) ;
#10267=ORIENTED_EDGE('',*,*,#10250,.T.) ;
#10295=ORIENTED_EDGE('',*,*,#2533,.T.) ;
#10296=ORIENTED_EDGE('',*,*,#10281,.T.) ;
#10297=ORIENTED_EDGE('',*,*,#10288,.T.) ;
#10298=ORIENTED_EDGE('',*,*,#10293,.F.) ;
#10307=ORIENTED_EDGE('',*,*,#10305,.T.) ;
#10308=ORIENTED_EDGE('',*,*,#10281,.F.) ;
#10309=ORIENTED_EDGE('',*,*,#2538,.T.) ;
#10310=ORIENTED_EDGE('',*,*,#10293,.T.) ;
#10338=ORIENTED_EDGE('',*,*,#2551,.T.) ;
#10339=ORIENTED_EDGE('',*,*,#10324,.T.) ;
#10340=ORIENTED_EDGE('',*,*,#10331,.T.) ;
#10341=ORIENTED_EDGE('',*,*,#10336,.F.) ;
#10350=ORIENTED_EDGE('',*,*,#10348,.T.) ;
#10351=ORIENTED_EDGE('',*,*,#10324,.F.) ;
#10352=ORIENTED_EDGE('',*,*,#2556,.T.) ;
#10353=ORIENTED_EDGE('',*,*,#10336,.T.) ;
#10381=ORIENTED_EDGE('',*,*,#2569,.T.) ;
#10382=ORIENTED_EDGE('',*,*,#10367,.T.) ;
#10383=ORIENTED_EDGE('',*,*,#10374,.T.) ;
#10384=ORIENTED_EDGE('',*,*,#10379,.F.) ;
#10393=ORIENTED_EDGE('',*,*,#10391,.T.) ;
#10394=ORIENTED_EDGE('',*,*,#10367,.F.) ;
#10395=ORIENTED_EDGE('',*,*,#2574,.T.) ;
#10396=ORIENTED_EDGE('',*,*,#10379,.T.) ;
#10424=ORIENTED_EDGE('',*,*,#2587,.T.) ;
#10425=ORIENTED_EDGE('',*,*,#10410,.T.) ;
#10426=ORIENTED_EDGE('',*,*,#10417,.T.) ;
#10427=ORIENTED_EDGE('',*,*,#10422,.F.) ;
#10436=ORIENTED_EDGE('',*,*,#10434,.T.) ;
#10437=ORIENTED_EDGE('',*,*,#10410,.F.) ;
#10438=ORIENTED_EDGE('',*,*,#2592,.T.) ;
#10439=ORIENTED_EDGE('',*,*,#10422,.T.) ;
#10467=ORIENTED_EDGE('',*,*,#2605,.T.) ;
#10468=ORIENTED_EDGE('',*,*,#10453,.T.) ;
#10469=ORIENTED_EDGE('',*,*,#10460,.T.) ;
#10470=ORIENTED_EDGE('',*,*,#10465,.F.) ;
#10479=ORIENTED_EDGE('',*,*,#10477,.T.) ;
#10480=ORIENTED_EDGE('',*,*,#10453,.F.) ;
#10481=ORIENTED_EDGE('',*,*,#2610,.T.) ;
#10482=ORIENTED_EDGE('',*,*,#10465,.T.) ;
#10510=ORIENTED_EDGE('',*,*,#2623,.T.) ;
#10511=ORIENTED_EDGE('',*,*,#10496,.T.) ;
#10512=ORIENTED_EDGE('',*,*,#10503,.T.) ;
#10513=ORIENTED_EDGE('',*,*,#10508,.F.) ;
#10522=ORIENTED_EDGE('',*,*,#10520,.T.) ;
#10523=ORIENTED_EDGE('',*,*,#10496,.F.) ;
#10524=ORIENTED_EDGE('',*,*,#2628,.T.) ;
#10525=ORIENTED_EDGE('',*,*,#10508,.T.) ;
#10553=ORIENTED_EDGE('',*,*,#2641,.T.) ;
#10554=ORIENTED_EDGE('',*,*,#10539,.T.) ;
#10555=ORIENTED_EDGE('',*,*,#10546,.T.) ;
#10556=ORIENTED_EDGE('',*,*,#10551,.F.) ;
#10565=ORIENTED_EDGE('',*,*,#10563,.T.) ;
#10566=ORIENTED_EDGE('',*,*,#10539,.F.) ;
#10567=ORIENTED_EDGE('',*,*,#2646,.T.) ;
#10568=ORIENTED_EDGE('',*,*,#10551,.T.) ;
#10596=ORIENTED_EDGE('',*,*,#2659,.T.) ;
#10597=ORIENTED_EDGE('',*,*,#10582,.T.) ;
#10598=ORIENTED_EDGE('',*,*,#10589,.T.) ;
#10599=ORIENTED_EDGE('',*,*,#10594,.F.) ;
#10608=ORIENTED_EDGE('',*,*,#10606,.T.) ;
#10609=ORIENTED_EDGE('',*,*,#10582,.F.) ;
#10610=ORIENTED_EDGE('',*,*,#2664,.T.) ;
#10611=ORIENTED_EDGE('',*,*,#10594,.T.) ;
#10639=ORIENTED_EDGE('',*,*,#2677,.T.) ;
#10640=ORIENTED_EDGE('',*,*,#10625,.T.) ;
#10641=ORIENTED_EDGE('',*,*,#10632,.T.) ;
#10642=ORIENTED_EDGE('',*,*,#10637,.F.) ;
#10651=ORIENTED_EDGE('',*,*,#10649,.T.) ;
#10652=ORIENTED_EDGE('',*,*,#10625,.F.) ;
#10653=ORIENTED_EDGE('',*,*,#2682,.T.) ;
#10654=ORIENTED_EDGE('',*,*,#10637,.T.) ;
#10682=ORIENTED_EDGE('',*,*,#2695,.T.) ;
#10683=ORIENTED_EDGE('',*,*,#10668,.T.) ;
#10684=ORIENTED_EDGE('',*,*,#10675,.T.) ;
#10685=ORIENTED_EDGE('',*,*,#10680,.F.) ;
#10694=ORIENTED_EDGE('',*,*,#10692,.T.) ;
#10695=ORIENTED_EDGE('',*,*,#10668,.F.) ;
#10696=ORIENTED_EDGE('',*,*,#2700,.T.) ;
#10697=ORIENTED_EDGE('',*,*,#10680,.T.) ;
#10725=ORIENTED_EDGE('',*,*,#2713,.T.) ;
#10726=ORIENTED_EDGE('',*,*,#10711,.T.) ;
#10727=ORIENTED_EDGE('',*,*,#10718,.T.) ;
#10728=ORIENTED_EDGE('',*,*,#10723,.F.) ;
#10737=ORIENTED_EDGE('',*,*,#10735,.T.) ;
#10738=ORIENTED_EDGE('',*,*,#10711,.F.) ;
#10739=ORIENTED_EDGE('',*,*,#2718,.T.) ;
#10740=ORIENTED_EDGE('',*,*,#10723,.T.) ;
#10768=ORIENTED_EDGE('',*,*,#2731,.T.) ;
#10769=ORIENTED_EDGE('',*,*,#10754,.T.) ;
#10770=ORIENTED_EDGE('',*,*,#10761,.T.) ;
#10771=ORIENTED_EDGE('',*,*,#10766,.F.) ;
#10780=ORIENTED_EDGE('',*,*,#10778,.T.) ;
#10781=ORIENTED_EDGE('',*,*,#10754,.F.) ;
#10782=ORIENTED_EDGE('',*,*,#2736,.T.) ;
#10783=ORIENTED_EDGE('',*,*,#10766,.T.) ;
#10811=ORIENTED_EDGE('',*,*,#2749,.T.) ;
#10812=ORIENTED_EDGE('',*,*,#10797,.T.) ;
#10813=ORIENTED_EDGE('',*,*,#10804,.T.) ;
#10814=ORIENTED_EDGE('',*,*,#10809,.F.) ;
#10823=ORIENTED_EDGE('',*,*,#10821,.T.) ;
#10824=ORIENTED_EDGE('',*,*,#10797,.F.) ;
#10825=ORIENTED_EDGE('',*,*,#2754,.T.) ;
#10826=ORIENTED_EDGE('',*,*,#10809,.T.) ;
#10854=ORIENTED_EDGE('',*,*,#2767,.T.) ;
#10855=ORIENTED_EDGE('',*,*,#10840,.T.) ;
#10856=ORIENTED_EDGE('',*,*,#10847,.T.) ;
#10857=ORIENTED_EDGE('',*,*,#10852,.F.) ;
#10866=ORIENTED_EDGE('',*,*,#10864,.T.) ;
#10867=ORIENTED_EDGE('',*,*,#10840,.F.) ;
#10868=ORIENTED_EDGE('',*,*,#2772,.T.) ;
#10869=ORIENTED_EDGE('',*,*,#10852,.T.) ;
#10897=ORIENTED_EDGE('',*,*,#2785,.T.) ;
#10898=ORIENTED_EDGE('',*,*,#10883,.T.) ;
#10899=ORIENTED_EDGE('',*,*,#10890,.T.) ;
#10900=ORIENTED_EDGE('',*,*,#10895,.F.) ;
#10909=ORIENTED_EDGE('',*,*,#10907,.T.) ;
#10910=ORIENTED_EDGE('',*,*,#10883,.F.) ;
#10911=ORIENTED_EDGE('',*,*,#2790,.T.) ;
#10912=ORIENTED_EDGE('',*,*,#10895,.T.) ;
#10940=ORIENTED_EDGE('',*,*,#2803,.T.) ;
#10941=ORIENTED_EDGE('',*,*,#10926,.T.) ;
#10942=ORIENTED_EDGE('',*,*,#10933,.T.) ;
#10943=ORIENTED_EDGE('',*,*,#10938,.F.) ;
#10952=ORIENTED_EDGE('',*,*,#10950,.T.) ;
#10953=ORIENTED_EDGE('',*,*,#10926,.F.) ;
#10954=ORIENTED_EDGE('',*,*,#2808,.T.) ;
#10955=ORIENTED_EDGE('',*,*,#10938,.T.) ;
#10983=ORIENTED_EDGE('',*,*,#2821,.T.) ;
#10984=ORIENTED_EDGE('',*,*,#10969,.T.) ;
#10985=ORIENTED_EDGE('',*,*,#10976,.T.) ;
#10986=ORIENTED_EDGE('',*,*,#10981,.F.) ;
#10995=ORIENTED_EDGE('',*,*,#10993,.T.) ;
#10996=ORIENTED_EDGE('',*,*,#10969,.F.) ;
#10997=ORIENTED_EDGE('',*,*,#2826,.T.) ;
#10998=ORIENTED_EDGE('',*,*,#10981,.T.) ;
#11026=ORIENTED_EDGE('',*,*,#2839,.T.) ;
#11027=ORIENTED_EDGE('',*,*,#11012,.T.) ;
#11028=ORIENTED_EDGE('',*,*,#11019,.T.) ;
#11029=ORIENTED_EDGE('',*,*,#11024,.F.) ;
#11038=ORIENTED_EDGE('',*,*,#11036,.T.) ;
#11039=ORIENTED_EDGE('',*,*,#11012,.F.) ;
#11040=ORIENTED_EDGE('',*,*,#2844,.T.) ;
#11041=ORIENTED_EDGE('',*,*,#11024,.T.) ;
#11069=ORIENTED_EDGE('',*,*,#2857,.T.) ;
#11070=ORIENTED_EDGE('',*,*,#11055,.T.) ;
#11071=ORIENTED_EDGE('',*,*,#11062,.T.) ;
#11072=ORIENTED_EDGE('',*,*,#11067,.F.) ;
#11081=ORIENTED_EDGE('',*,*,#11079,.T.) ;
#11082=ORIENTED_EDGE('',*,*,#11055,.F.) ;
#11083=ORIENTED_EDGE('',*,*,#2862,.T.) ;
#11084=ORIENTED_EDGE('',*,*,#11067,.T.) ;
#11112=ORIENTED_EDGE('',*,*,#2875,.T.) ;
#11113=ORIENTED_EDGE('',*,*,#11098,.T.) ;
#11114=ORIENTED_EDGE('',*,*,#11105,.T.) ;
#11115=ORIENTED_EDGE('',*,*,#11110,.F.) ;
#11124=ORIENTED_EDGE('',*,*,#11122,.T.) ;
#11125=ORIENTED_EDGE('',*,*,#11098,.F.) ;
#11126=ORIENTED_EDGE('',*,*,#2880,.T.) ;
#11127=ORIENTED_EDGE('',*,*,#11110,.T.) ;
#11155=ORIENTED_EDGE('',*,*,#2893,.T.) ;
#11156=ORIENTED_EDGE('',*,*,#11141,.T.) ;
#11157=ORIENTED_EDGE('',*,*,#11148,.T.) ;
#11158=ORIENTED_EDGE('',*,*,#11153,.F.) ;
#11167=ORIENTED_EDGE('',*,*,#11165,.T.) ;
#11168=ORIENTED_EDGE('',*,*,#11141,.F.) ;
#11169=ORIENTED_EDGE('',*,*,#2898,.T.) ;
#11170=ORIENTED_EDGE('',*,*,#11153,.T.) ;
#11198=ORIENTED_EDGE('',*,*,#2911,.T.) ;
#11199=ORIENTED_EDGE('',*,*,#11184,.T.) ;
#11200=ORIENTED_EDGE('',*,*,#11191,.T.) ;
#11201=ORIENTED_EDGE('',*,*,#11196,.F.) ;
#11222=ORIENTED_EDGE('',*,*,#2918,.T.) ;
#11223=ORIENTED_EDGE('',*,*,#11196,.T.) ;
#11224=ORIENTED_EDGE('',*,*,#11215,.T.) ;
#11225=ORIENTED_EDGE('',*,*,#11220,.F.) ;
#11246=ORIENTED_EDGE('',*,*,#2925,.T.) ;
#11247=ORIENTED_EDGE('',*,*,#11220,.T.) ;
#11248=ORIENTED_EDGE('',*,*,#11239,.T.) ;
#11249=ORIENTED_EDGE('',*,*,#11244,.F.) ;
#11263=ORIENTED_EDGE('',*,*,#2930,.T.) ;
#11264=ORIENTED_EDGE('',*,*,#11244,.T.) ;
#11265=ORIENTED_EDGE('',*,*,#11261,.T.) ;
#11266=ORIENTED_EDGE('',*,*,#11184,.F.) ;
#11294=ORIENTED_EDGE('',*,*,#2945,.T.) ;
#11295=ORIENTED_EDGE('',*,*,#11280,.T.) ;
#11296=ORIENTED_EDGE('',*,*,#11287,.T.) ;
#11297=ORIENTED_EDGE('',*,*,#11292,.F.) ;
#11306=ORIENTED_EDGE('',*,*,#11304,.T.) ;
#11307=ORIENTED_EDGE('',*,*,#11280,.F.) ;
#11308=ORIENTED_EDGE('',*,*,#2950,.T.) ;
#11309=ORIENTED_EDGE('',*,*,#11292,.T.) ;
#11337=ORIENTED_EDGE('',*,*,#2963,.T.) ;
#11338=ORIENTED_EDGE('',*,*,#11323,.T.) ;
#11339=ORIENTED_EDGE('',*,*,#11330,.T.) ;
#11340=ORIENTED_EDGE('',*,*,#11335,.F.) ;
#11349=ORIENTED_EDGE('',*,*,#11347,.T.) ;
#11350=ORIENTED_EDGE('',*,*,#11323,.F.) ;
#11351=ORIENTED_EDGE('',*,*,#2968,.T.) ;
#11352=ORIENTED_EDGE('',*,*,#11335,.T.) ;
#11380=ORIENTED_EDGE('',*,*,#2981,.T.) ;
#11381=ORIENTED_EDGE('',*,*,#11366,.T.) ;
#11382=ORIENTED_EDGE('',*,*,#11373,.T.) ;
#11383=ORIENTED_EDGE('',*,*,#11378,.F.) ;
#11392=ORIENTED_EDGE('',*,*,#11390,.T.) ;
#11393=ORIENTED_EDGE('',*,*,#11366,.F.) ;
#11394=ORIENTED_EDGE('',*,*,#2986,.T.) ;
#11395=ORIENTED_EDGE('',*,*,#11378,.T.) ;
#11423=ORIENTED_EDGE('',*,*,#2999,.T.) ;
#11424=ORIENTED_EDGE('',*,*,#11409,.T.) ;
#11425=ORIENTED_EDGE('',*,*,#11416,.T.) ;
#11426=ORIENTED_EDGE('',*,*,#11421,.F.) ;
#11435=ORIENTED_EDGE('',*,*,#11433,.T.) ;
#11436=ORIENTED_EDGE('',*,*,#11409,.F.) ;
#11437=ORIENTED_EDGE('',*,*,#3004,.T.) ;
#11438=ORIENTED_EDGE('',*,*,#11421,.T.) ;
#11466=ORIENTED_EDGE('',*,*,#3017,.T.) ;
#11467=ORIENTED_EDGE('',*,*,#11452,.T.) ;
#11468=ORIENTED_EDGE('',*,*,#11459,.T.) ;
#11469=ORIENTED_EDGE('',*,*,#11464,.F.) ;
#11478=ORIENTED_EDGE('',*,*,#11476,.T.) ;
#11479=ORIENTED_EDGE('',*,*,#11452,.F.) ;
#11480=ORIENTED_EDGE('',*,*,#3022,.T.) ;
#11481=ORIENTED_EDGE('',*,*,#11464,.T.) ;
#11509=ORIENTED_EDGE('',*,*,#3035,.T.) ;
#11510=ORIENTED_EDGE('',*,*,#11495,.T.) ;
#11511=ORIENTED_EDGE('',*,*,#11502,.T.) ;
#11512=ORIENTED_EDGE('',*,*,#11507,.F.) ;
#11521=ORIENTED_EDGE('',*,*,#11519,.T.) ;
#11522=ORIENTED_EDGE('',*,*,#11495,.F.) ;
#11523=ORIENTED_EDGE('',*,*,#3040,.T.) ;
#11524=ORIENTED_EDGE('',*,*,#11507,.T.) ;
#11552=ORIENTED_EDGE('',*,*,#3053,.T.) ;
#11553=ORIENTED_EDGE('',*,*,#11538,.T.) ;
#11554=ORIENTED_EDGE('',*,*,#11545,.T.) ;
#11555=ORIENTED_EDGE('',*,*,#11550,.F.) ;
#11564=ORIENTED_EDGE('',*,*,#11562,.T.) ;
#11565=ORIENTED_EDGE('',*,*,#11538,.F.) ;
#11566=ORIENTED_EDGE('',*,*,#3058,.T.) ;
#11567=ORIENTED_EDGE('',*,*,#11550,.T.) ;
#11595=ORIENTED_EDGE('',*,*,#3071,.T.) ;
#11596=ORIENTED_EDGE('',*,*,#11581,.T.) ;
#11597=ORIENTED_EDGE('',*,*,#11588,.T.) ;
#11598=ORIENTED_EDGE('',*,*,#11593,.F.) ;
#11607=ORIENTED_EDGE('',*,*,#11605,.T.) ;
#11608=ORIENTED_EDGE('',*,*,#11581,.F.) ;
#11609=ORIENTED_EDGE('',*,*,#3076,.T.) ;
#11610=ORIENTED_EDGE('',*,*,#11593,.T.) ;
#11638=ORIENTED_EDGE('',*,*,#3089,.T.) ;
#11639=ORIENTED_EDGE('',*,*,#11624,.T.) ;
#11640=ORIENTED_EDGE('',*,*,#11631,.T.) ;
#11641=ORIENTED_EDGE('',*,*,#11636,.F.) ;
#11650=ORIENTED_EDGE('',*,*,#11648,.T.) ;
#11651=ORIENTED_EDGE('',*,*,#11624,.F.) ;
#11652=ORIENTED_EDGE('',*,*,#3094,.T.) ;
#11653=ORIENTED_EDGE('',*,*,#11636,.T.) ;
#11681=ORIENTED_EDGE('',*,*,#3107,.T.) ;
#11682=ORIENTED_EDGE('',*,*,#11667,.T.) ;
#11683=ORIENTED_EDGE('',*,*,#11674,.T.) ;
#11684=ORIENTED_EDGE('',*,*,#11679,.F.) ;
#11693=ORIENTED_EDGE('',*,*,#11691,.T.) ;
#11694=ORIENTED_EDGE('',*,*,#11667,.F.) ;
#11695=ORIENTED_EDGE('',*,*,#3112,.T.) ;
#11696=ORIENTED_EDGE('',*,*,#11679,.T.) ;
#11724=ORIENTED_EDGE('',*,*,#3125,.T.) ;
#11725=ORIENTED_EDGE('',*,*,#11710,.T.) ;
#11726=ORIENTED_EDGE('',*,*,#11717,.T.) ;
#11727=ORIENTED_EDGE('',*,*,#11722,.F.) ;
#11736=ORIENTED_EDGE('',*,*,#11734,.T.) ;
#11737=ORIENTED_EDGE('',*,*,#11710,.F.) ;
#11738=ORIENTED_EDGE('',*,*,#3130,.T.) ;
#11739=ORIENTED_EDGE('',*,*,#11722,.T.) ;
#11767=ORIENTED_EDGE('',*,*,#3143,.T.) ;
#11768=ORIENTED_EDGE('',*,*,#11753,.T.) ;
#11769=ORIENTED_EDGE('',*,*,#11760,.T.) ;
#11770=ORIENTED_EDGE('',*,*,#11765,.F.) ;
#11779=ORIENTED_EDGE('',*,*,#11777,.T.) ;
#11780=ORIENTED_EDGE('',*,*,#11753,.F.) ;
#11781=ORIENTED_EDGE('',*,*,#3148,.T.) ;
#11782=ORIENTED_EDGE('',*,*,#11765,.T.) ;
#11810=ORIENTED_EDGE('',*,*,#3161,.T.) ;
#11811=ORIENTED_EDGE('',*,*,#11796,.T.) ;
#11812=ORIENTED_EDGE('',*,*,#11803,.T.) ;
#11813=ORIENTED_EDGE('',*,*,#11808,.F.) ;
#11822=ORIENTED_EDGE('',*,*,#11820,.T.) ;
#11823=ORIENTED_EDGE('',*,*,#11796,.F.) ;
#11824=ORIENTED_EDGE('',*,*,#3166,.T.) ;
#11825=ORIENTED_EDGE('',*,*,#11808,.T.) ;
#11853=ORIENTED_EDGE('',*,*,#3179,.T.) ;
#11854=ORIENTED_EDGE('',*,*,#11839,.T.) ;
#11855=ORIENTED_EDGE('',*,*,#11846,.T.) ;
#11856=ORIENTED_EDGE('',*,*,#11851,.F.) ;
#11865=ORIENTED_EDGE('',*,*,#11863,.T.) ;
#11866=ORIENTED_EDGE('',*,*,#11839,.F.) ;
#11867=ORIENTED_EDGE('',*,*,#3184,.T.) ;
#11868=ORIENTED_EDGE('',*,*,#11851,.T.) ;
#11896=ORIENTED_EDGE('',*,*,#3197,.T.) ;
#11897=ORIENTED_EDGE('',*,*,#11882,.T.) ;
#11898=ORIENTED_EDGE('',*,*,#11889,.T.) ;
#11899=ORIENTED_EDGE('',*,*,#11894,.F.) ;
#11908=ORIENTED_EDGE('',*,*,#11906,.T.) ;
#11909=ORIENTED_EDGE('',*,*,#11882,.F.) ;
#11910=ORIENTED_EDGE('',*,*,#3202,.T.) ;
#11911=ORIENTED_EDGE('',*,*,#11894,.T.) ;
#11939=ORIENTED_EDGE('',*,*,#3215,.T.) ;
#11940=ORIENTED_EDGE('',*,*,#11925,.T.) ;
#11941=ORIENTED_EDGE('',*,*,#11932,.T.) ;
#11942=ORIENTED_EDGE('',*,*,#11937,.F.) ;
#11951=ORIENTED_EDGE('',*,*,#11949,.T.) ;
#11952=ORIENTED_EDGE('',*,*,#11925,.F.) ;
#11953=ORIENTED_EDGE('',*,*,#3220,.T.) ;
#11954=ORIENTED_EDGE('',*,*,#11937,.T.) ;
#11982=ORIENTED_EDGE('',*,*,#3233,.T.) ;
#11983=ORIENTED_EDGE('',*,*,#11968,.T.) ;
#11984=ORIENTED_EDGE('',*,*,#11975,.T.) ;
#11985=ORIENTED_EDGE('',*,*,#11980,.F.) ;
#11994=ORIENTED_EDGE('',*,*,#11992,.T.) ;
#11995=ORIENTED_EDGE('',*,*,#11968,.F.) ;
#11996=ORIENTED_EDGE('',*,*,#3238,.T.) ;
#11997=ORIENTED_EDGE('',*,*,#11980,.T.) ;
#12025=ORIENTED_EDGE('',*,*,#3251,.T.) ;
#12026=ORIENTED_EDGE('',*,*,#12011,.T.) ;
#12027=ORIENTED_EDGE('',*,*,#12018,.T.) ;
#12028=ORIENTED_EDGE('',*,*,#12023,.F.) ;
#12037=ORIENTED_EDGE('',*,*,#12035,.T.) ;
#12038=ORIENTED_EDGE('',*,*,#12011,.F.) ;
#12039=ORIENTED_EDGE('',*,*,#3256,.T.) ;
#12040=ORIENTED_EDGE('',*,*,#12023,.T.) ;
#12068=ORIENTED_EDGE('',*,*,#3269,.T.) ;
#12069=ORIENTED_EDGE('',*,*,#12054,.T.) ;
#12070=ORIENTED_EDGE('',*,*,#12061,.T.) ;
#12071=ORIENTED_EDGE('',*,*,#12066,.F.) ;
#12080=ORIENTED_EDGE('',*,*,#12078,.T.) ;
#12081=ORIENTED_EDGE('',*,*,#12054,.F.) ;
#12082=ORIENTED_EDGE('',*,*,#3274,.T.) ;
#12083=ORIENTED_EDGE('',*,*,#12066,.T.) ;
#12111=ORIENTED_EDGE('',*,*,#3287,.T.) ;
#12112=ORIENTED_EDGE('',*,*,#12097,.T.) ;
#12113=ORIENTED_EDGE('',*,*,#12104,.T.) ;
#12114=ORIENTED_EDGE('',*,*,#12109,.F.) ;
#12123=ORIENTED_EDGE('',*,*,#12121,.T.) ;
#12124=ORIENTED_EDGE('',*,*,#12097,.F.) ;
#12125=ORIENTED_EDGE('',*,*,#3292,.T.) ;
#12126=ORIENTED_EDGE('',*,*,#12109,.T.) ;
#12154=ORIENTED_EDGE('',*,*,#3305,.T.) ;
#12155=ORIENTED_EDGE('',*,*,#12140,.T.) ;
#12156=ORIENTED_EDGE('',*,*,#12147,.T.) ;
#12157=ORIENTED_EDGE('',*,*,#12152,.F.) ;
#12166=ORIENTED_EDGE('',*,*,#12164,.T.) ;
#12167=ORIENTED_EDGE('',*,*,#12140,.F.) ;
#12168=ORIENTED_EDGE('',*,*,#3310,.T.) ;
#12169=ORIENTED_EDGE('',*,*,#12152,.T.) ;
#12197=ORIENTED_EDGE('',*,*,#3323,.T.) ;
#12198=ORIENTED_EDGE('',*,*,#12183,.T.) ;
#12199=ORIENTED_EDGE('',*,*,#12190,.T.) ;
#12200=ORIENTED_EDGE('',*,*,#12195,.F.) ;
#12209=ORIENTED_EDGE('',*,*,#12207,.T.) ;
#12210=ORIENTED_EDGE('',*,*,#12183,.F.) ;
#12211=ORIENTED_EDGE('',*,*,#3328,.T.) ;
#12212=ORIENTED_EDGE('',*,*,#12195,.T.) ;
#12240=ORIENTED_EDGE('',*,*,#3341,.T.) ;
#12241=ORIENTED_EDGE('',*,*,#12226,.T.) ;
#12242=ORIENTED_EDGE('',*,*,#12233,.T.) ;
#12243=ORIENTED_EDGE('',*,*,#12238,.F.) ;
#12252=ORIENTED_EDGE('',*,*,#12250,.T.) ;
#12253=ORIENTED_EDGE('',*,*,#12226,.F.) ;
#12254=ORIENTED_EDGE('',*,*,#3346,.T.) ;
#12255=ORIENTED_EDGE('',*,*,#12238,.T.) ;
#12283=ORIENTED_EDGE('',*,*,#3359,.T.) ;
#12284=ORIENTED_EDGE('',*,*,#12269,.T.) ;
#12285=ORIENTED_EDGE('',*,*,#12276,.T.) ;
#12286=ORIENTED_EDGE('',*,*,#12281,.F.) ;
#12295=ORIENTED_EDGE('',*,*,#12293,.T.) ;
#12296=ORIENTED_EDGE('',*,*,#12269,.F.) ;
#12297=ORIENTED_EDGE('',*,*,#3364,.T.) ;
#12298=ORIENTED_EDGE('',*,*,#12281,.T.) ;
#12326=ORIENTED_EDGE('',*,*,#3377,.T.) ;
#12327=ORIENTED_EDGE('',*,*,#12312,.T.) ;
#12328=ORIENTED_EDGE('',*,*,#12319,.T.) ;
#12329=ORIENTED_EDGE('',*,*,#12324,.F.) ;
#12338=ORIENTED_EDGE('',*,*,#12336,.T.) ;
#12339=ORIENTED_EDGE('',*,*,#12312,.F.) ;
#12340=ORIENTED_EDGE('',*,*,#3382,.T.) ;
#12341=ORIENTED_EDGE('',*,*,#12324,.T.) ;
#12369=ORIENTED_EDGE('',*,*,#3395,.T.) ;
#12370=ORIENTED_EDGE('',*,*,#12355,.T.) ;
#12371=ORIENTED_EDGE('',*,*,#12362,.T.) ;
#12372=ORIENTED_EDGE('',*,*,#12367,.F.) ;
#12381=ORIENTED_EDGE('',*,*,#12379,.T.) ;
#12382=ORIENTED_EDGE('',*,*,#12355,.F.) ;
#12383=ORIENTED_EDGE('',*,*,#3400,.T.) ;
#12384=ORIENTED_EDGE('',*,*,#12367,.T.) ;
#12412=ORIENTED_EDGE('',*,*,#3413,.T.) ;
#12413=ORIENTED_EDGE('',*,*,#12398,.T.) ;
#12414=ORIENTED_EDGE('',*,*,#12405,.T.) ;
#12415=ORIENTED_EDGE('',*,*,#12410,.F.) ;
#12424=ORIENTED_EDGE('',*,*,#12422,.T.) ;
#12425=ORIENTED_EDGE('',*,*,#12398,.F.) ;
#12426=ORIENTED_EDGE('',*,*,#3418,.T.) ;
#12427=ORIENTED_EDGE('',*,*,#12410,.T.) ;
#12455=ORIENTED_EDGE('',*,*,#3431,.T.) ;
#12456=ORIENTED_EDGE('',*,*,#12441,.T.) ;
#12457=ORIENTED_EDGE('',*,*,#12448,.T.) ;
#12458=ORIENTED_EDGE('',*,*,#12453,.F.) ;
#12467=ORIENTED_EDGE('',*,*,#12465,.T.) ;
#12468=ORIENTED_EDGE('',*,*,#12441,.F.) ;
#12469=ORIENTED_EDGE('',*,*,#3436,.T.) ;
#12470=ORIENTED_EDGE('',*,*,#12453,.T.) ;
#12498=ORIENTED_EDGE('',*,*,#3449,.T.) ;
#12499=ORIENTED_EDGE('',*,*,#12484,.T.) ;
#12500=ORIENTED_EDGE('',*,*,#12491,.T.) ;
#12501=ORIENTED_EDGE('',*,*,#12496,.F.) ;
#12510=ORIENTED_EDGE('',*,*,#12508,.T.) ;
#12511=ORIENTED_EDGE('',*,*,#12484,.F.) ;
#12512=ORIENTED_EDGE('',*,*,#3454,.T.) ;
#12513=ORIENTED_EDGE('',*,*,#12496,.T.) ;
#12541=ORIENTED_EDGE('',*,*,#3467,.T.) ;
#12542=ORIENTED_EDGE('',*,*,#12527,.T.) ;
#12543=ORIENTED_EDGE('',*,*,#12534,.T.) ;
#12544=ORIENTED_EDGE('',*,*,#12539,.F.) ;
#12553=ORIENTED_EDGE('',*,*,#12551,.T.) ;
#12554=ORIENTED_EDGE('',*,*,#12527,.F.) ;
#12555=ORIENTED_EDGE('',*,*,#3472,.T.) ;
#12556=ORIENTED_EDGE('',*,*,#12539,.T.) ;
#12584=ORIENTED_EDGE('',*,*,#3485,.T.) ;
#12585=ORIENTED_EDGE('',*,*,#12570,.T.) ;
#12586=ORIENTED_EDGE('',*,*,#12577,.T.) ;
#12587=ORIENTED_EDGE('',*,*,#12582,.F.) ;
#12596=ORIENTED_EDGE('',*,*,#12594,.T.) ;
#12597=ORIENTED_EDGE('',*,*,#12570,.F.) ;
#12598=ORIENTED_EDGE('',*,*,#3490,.T.) ;
#12599=ORIENTED_EDGE('',*,*,#12582,.T.) ;
#12627=ORIENTED_EDGE('',*,*,#3503,.T.) ;
#12628=ORIENTED_EDGE('',*,*,#12613,.T.) ;
#12629=ORIENTED_EDGE('',*,*,#12620,.T.) ;
#12630=ORIENTED_EDGE('',*,*,#12625,.F.) ;
#12639=ORIENTED_EDGE('',*,*,#12637,.T.) ;
#12640=ORIENTED_EDGE('',*,*,#12613,.F.) ;
#12641=ORIENTED_EDGE('',*,*,#3508,.T.) ;
#12642=ORIENTED_EDGE('',*,*,#12625,.T.) ;
#12670=ORIENTED_EDGE('',*,*,#3521,.T.) ;
#12671=ORIENTED_EDGE('',*,*,#12656,.T.) ;
#12672=ORIENTED_EDGE('',*,*,#12663,.T.) ;
#12673=ORIENTED_EDGE('',*,*,#12668,.F.) ;
#12694=ORIENTED_EDGE('',*,*,#3528,.T.) ;
#12695=ORIENTED_EDGE('',*,*,#12668,.T.) ;
#12696=ORIENTED_EDGE('',*,*,#12687,.T.) ;
#12697=ORIENTED_EDGE('',*,*,#12692,.F.) ;
#12718=ORIENTED_EDGE('',*,*,#3535,.T.) ;
#12719=ORIENTED_EDGE('',*,*,#12692,.T.) ;
#12720=ORIENTED_EDGE('',*,*,#12711,.T.) ;
#12721=ORIENTED_EDGE('',*,*,#12716,.F.) ;
#12735=ORIENTED_EDGE('',*,*,#3540,.T.) ;
#12736=ORIENTED_EDGE('',*,*,#12716,.T.) ;
#12737=ORIENTED_EDGE('',*,*,#12733,.T.) ;
#12738=ORIENTED_EDGE('',*,*,#12656,.F.) ;
#12766=ORIENTED_EDGE('',*,*,#3555,.T.) ;
#12767=ORIENTED_EDGE('',*,*,#12752,.T.) ;
#12768=ORIENTED_EDGE('',*,*,#12759,.T.) ;
#12769=ORIENTED_EDGE('',*,*,#12764,.F.) ;
#12790=ORIENTED_EDGE('',*,*,#12764,.T.) ;
#12791=ORIENTED_EDGE('',*,*,#12783,.T.) ;
#12792=ORIENTED_EDGE('',*,*,#12788,.T.) ;
#12793=ORIENTED_EDGE('',*,*,#3562,.T.) ;
#12814=ORIENTED_EDGE('',*,*,#12807,.T.) ;
#12815=ORIENTED_EDGE('',*,*,#3569,.T.) ;
#12816=ORIENTED_EDGE('',*,*,#12788,.F.) ;
#12817=ORIENTED_EDGE('',*,*,#12812,.F.) ;
#12831=ORIENTED_EDGE('',*,*,#3574,.T.) ;
#12832=ORIENTED_EDGE('',*,*,#12807,.F.) ;
#12833=ORIENTED_EDGE('',*,*,#12829,.T.) ;
#12834=ORIENTED_EDGE('',*,*,#12752,.F.) ;
#12862=ORIENTED_EDGE('',*,*,#3589,.T.) ;
#12863=ORIENTED_EDGE('',*,*,#12848,.F.) ;
#12864=ORIENTED_EDGE('',*,*,#12855,.T.) ;
#12865=ORIENTED_EDGE('',*,*,#12860,.F.) ;
#12886=ORIENTED_EDGE('',*,*,#3596,.T.) ;
#12887=ORIENTED_EDGE('',*,*,#12860,.T.) ;
#12888=ORIENTED_EDGE('',*,*,#12879,.T.) ;
#12889=ORIENTED_EDGE('',*,*,#12884,.F.) ;
#12910=ORIENTED_EDGE('',*,*,#12884,.T.) ;
#12911=ORIENTED_EDGE('',*,*,#12903,.T.) ;
#12912=ORIENTED_EDGE('',*,*,#12908,.T.) ;
#12913=ORIENTED_EDGE('',*,*,#3603,.T.) ;
#12927=ORIENTED_EDGE('',*,*,#12848,.T.) ;
#12928=ORIENTED_EDGE('',*,*,#3608,.T.) ;
#12929=ORIENTED_EDGE('',*,*,#12908,.F.) ;
#12930=ORIENTED_EDGE('',*,*,#12925,.F.) ;
#12958=ORIENTED_EDGE('',*,*,#3623,.T.) ;
#12959=ORIENTED_EDGE('',*,*,#12944,.F.) ;
#12960=ORIENTED_EDGE('',*,*,#12951,.T.) ;
#12961=ORIENTED_EDGE('',*,*,#12956,.F.) ;
#12982=ORIENTED_EDGE('',*,*,#3630,.T.) ;
#12983=ORIENTED_EDGE('',*,*,#12956,.T.) ;
#12984=ORIENTED_EDGE('',*,*,#12975,.T.) ;
#12985=ORIENTED_EDGE('',*,*,#12980,.F.) ;
#13006=ORIENTED_EDGE('',*,*,#12980,.T.) ;
#13007=ORIENTED_EDGE('',*,*,#12999,.T.) ;
#13008=ORIENTED_EDGE('',*,*,#13004,.T.) ;
#13009=ORIENTED_EDGE('',*,*,#3637,.T.) ;
#13023=ORIENTED_EDGE('',*,*,#12944,.T.) ;
#13024=ORIENTED_EDGE('',*,*,#3642,.T.) ;
#13025=ORIENTED_EDGE('',*,*,#13004,.F.) ;
#13026=ORIENTED_EDGE('',*,*,#13021,.F.) ;
#13054=ORIENTED_EDGE('',*,*,#3657,.T.) ;
#13055=ORIENTED_EDGE('',*,*,#13040,.T.) ;
#13056=ORIENTED_EDGE('',*,*,#13047,.T.) ;
#13057=ORIENTED_EDGE('',*,*,#13052,.F.) ;
#13078=ORIENTED_EDGE('',*,*,#13052,.T.) ;
#13079=ORIENTED_EDGE('',*,*,#13071,.T.) ;
#13080=ORIENTED_EDGE('',*,*,#13076,.T.) ;
#13081=ORIENTED_EDGE('',*,*,#3664,.T.) ;
#13102=ORIENTED_EDGE('',*,*,#13095,.T.) ;
#13103=ORIENTED_EDGE('',*,*,#3671,.T.) ;
#13104=ORIENTED_EDGE('',*,*,#13076,.F.) ;
#13105=ORIENTED_EDGE('',*,*,#13100,.F.) ;
#13119=ORIENTED_EDGE('',*,*,#3676,.T.) ;
#13120=ORIENTED_EDGE('',*,*,#13095,.F.) ;
#13121=ORIENTED_EDGE('',*,*,#13117,.T.) ;
#13122=ORIENTED_EDGE('',*,*,#13040,.F.) ;
#13150=ORIENTED_EDGE('',*,*,#3691,.T.) ;
#13151=ORIENTED_EDGE('',*,*,#13136,.T.) ;
#13152=ORIENTED_EDGE('',*,*,#13143,.T.) ;
#13153=ORIENTED_EDGE('',*,*,#13148,.F.) ;
#13162=ORIENTED_EDGE('',*,*,#13160,.T.) ;
#13163=ORIENTED_EDGE('',*,*,#13136,.F.) ;
#13164=ORIENTED_EDGE('',*,*,#3696,.T.) ;
#13165=ORIENTED_EDGE('',*,*,#13148,.T.) ;
#13193=ORIENTED_EDGE('',*,*,#3709,.T.) ;
#13194=ORIENTED_EDGE('',*,*,#13179,.T.) ;
#13195=ORIENTED_EDGE('',*,*,#13186,.T.) ;
#13196=ORIENTED_EDGE('',*,*,#13191,.F.) ;
#13205=ORIENTED_EDGE('',*,*,#13203,.T.) ;
#13206=ORIENTED_EDGE('',*,*,#13179,.F.) ;
#13207=ORIENTED_EDGE('',*,*,#3714,.T.) ;
#13208=ORIENTED_EDGE('',*,*,#13191,.T.) ;
#13236=ORIENTED_EDGE('',*,*,#3727,.T.) ;
#13237=ORIENTED_EDGE('',*,*,#13222,.T.) ;
#13238=ORIENTED_EDGE('',*,*,#13229,.T.) ;
#13239=ORIENTED_EDGE('',*,*,#13234,.F.) ;
#13248=ORIENTED_EDGE('',*,*,#13246,.T.) ;
#13249=ORIENTED_EDGE('',*,*,#13222,.F.) ;
#13250=ORIENTED_EDGE('',*,*,#3732,.T.) ;
#13251=ORIENTED_EDGE('',*,*,#13234,.T.) ;
#13279=ORIENTED_EDGE('',*,*,#3745,.T.) ;
#13280=ORIENTED_EDGE('',*,*,#13265,.T.) ;
#13281=ORIENTED_EDGE('',*,*,#13272,.T.) ;
#13282=ORIENTED_EDGE('',*,*,#13277,.F.) ;
#13291=ORIENTED_EDGE('',*,*,#13289,.T.) ;
#13292=ORIENTED_EDGE('',*,*,#13265,.F.) ;
#13293=ORIENTED_EDGE('',*,*,#3750,.T.) ;
#13294=ORIENTED_EDGE('',*,*,#13277,.T.) ;
#13322=ORIENTED_EDGE('',*,*,#3763,.T.) ;
#13323=ORIENTED_EDGE('',*,*,#13308,.T.) ;
#13324=ORIENTED_EDGE('',*,*,#13315,.T.) ;
#13325=ORIENTED_EDGE('',*,*,#13320,.F.) ;
#13334=ORIENTED_EDGE('',*,*,#13332,.T.) ;
#13335=ORIENTED_EDGE('',*,*,#13308,.F.) ;
#13336=ORIENTED_EDGE('',*,*,#3768,.T.) ;
#13337=ORIENTED_EDGE('',*,*,#13320,.T.) ;
#13365=ORIENTED_EDGE('',*,*,#3781,.T.) ;
#13366=ORIENTED_EDGE('',*,*,#13351,.T.) ;
#13367=ORIENTED_EDGE('',*,*,#13358,.T.) ;
#13368=ORIENTED_EDGE('',*,*,#13363,.F.) ;
#13377=ORIENTED_EDGE('',*,*,#13375,.T.) ;
#13378=ORIENTED_EDGE('',*,*,#13351,.F.) ;
#13379=ORIENTED_EDGE('',*,*,#3786,.T.) ;
#13380=ORIENTED_EDGE('',*,*,#13363,.T.) ;
#13408=ORIENTED_EDGE('',*,*,#3799,.T.) ;
#13409=ORIENTED_EDGE('',*,*,#13394,.T.) ;
#13410=ORIENTED_EDGE('',*,*,#13401,.T.) ;
#13411=ORIENTED_EDGE('',*,*,#13406,.F.) ;
#13420=ORIENTED_EDGE('',*,*,#13418,.T.) ;
#13421=ORIENTED_EDGE('',*,*,#13394,.F.) ;
#13422=ORIENTED_EDGE('',*,*,#3804,.T.) ;
#13423=ORIENTED_EDGE('',*,*,#13406,.T.) ;
#13451=ORIENTED_EDGE('',*,*,#3817,.T.) ;
#13452=ORIENTED_EDGE('',*,*,#13437,.T.) ;
#13453=ORIENTED_EDGE('',*,*,#13444,.T.) ;
#13454=ORIENTED_EDGE('',*,*,#13449,.F.) ;
#13463=ORIENTED_EDGE('',*,*,#13461,.T.) ;
#13464=ORIENTED_EDGE('',*,*,#13437,.F.) ;
#13465=ORIENTED_EDGE('',*,*,#3822,.T.) ;
#13466=ORIENTED_EDGE('',*,*,#13449,.T.) ;
#13494=ORIENTED_EDGE('',*,*,#3835,.T.) ;
#13495=ORIENTED_EDGE('',*,*,#13480,.T.) ;
#13496=ORIENTED_EDGE('',*,*,#13487,.T.) ;
#13497=ORIENTED_EDGE('',*,*,#13492,.F.) ;
#13506=ORIENTED_EDGE('',*,*,#13504,.T.) ;
#13507=ORIENTED_EDGE('',*,*,#13480,.F.) ;
#13508=ORIENTED_EDGE('',*,*,#3840,.T.) ;
#13509=ORIENTED_EDGE('',*,*,#13492,.T.) ;
#13537=ORIENTED_EDGE('',*,*,#3853,.T.) ;
#13538=ORIENTED_EDGE('',*,*,#13523,.T.) ;
#13539=ORIENTED_EDGE('',*,*,#13530,.T.) ;
#13540=ORIENTED_EDGE('',*,*,#13535,.F.) ;
#13549=ORIENTED_EDGE('',*,*,#13547,.T.) ;
#13550=ORIENTED_EDGE('',*,*,#13523,.F.) ;
#13551=ORIENTED_EDGE('',*,*,#3858,.T.) ;
#13552=ORIENTED_EDGE('',*,*,#13535,.T.) ;
#13580=ORIENTED_EDGE('',*,*,#3871,.T.) ;
#13581=ORIENTED_EDGE('',*,*,#13566,.T.) ;
#13582=ORIENTED_EDGE('',*,*,#13573,.T.) ;
#13583=ORIENTED_EDGE('',*,*,#13578,.F.) ;
#13604=ORIENTED_EDGE('',*,*,#13597,.F.) ;
#13605=ORIENTED_EDGE('',*,*,#3878,.T.) ;
#13606=ORIENTED_EDGE('',*,*,#13578,.T.) ;
#13607=ORIENTED_EDGE('',*,*,#13602,.F.) ;
#13628=ORIENTED_EDGE('',*,*,#3885,.T.) ;
#13629=ORIENTED_EDGE('',*,*,#13597,.T.) ;
#13630=ORIENTED_EDGE('',*,*,#13621,.T.) ;
#13631=ORIENTED_EDGE('',*,*,#13626,.F.) ;
#13652=ORIENTED_EDGE('',*,*,#13645,.F.) ;
#13653=ORIENTED_EDGE('',*,*,#3892,.T.) ;
#13654=ORIENTED_EDGE('',*,*,#13626,.T.) ;
#13655=ORIENTED_EDGE('',*,*,#13650,.F.) ;
#13676=ORIENTED_EDGE('',*,*,#3899,.T.) ;
#13677=ORIENTED_EDGE('',*,*,#13645,.T.) ;
#13678=ORIENTED_EDGE('',*,*,#13669,.T.) ;
#13679=ORIENTED_EDGE('',*,*,#13674,.F.) ;
#13700=ORIENTED_EDGE('',*,*,#13693,.F.) ;
#13701=ORIENTED_EDGE('',*,*,#3906,.T.) ;
#13702=ORIENTED_EDGE('',*,*,#13674,.T.) ;
#13703=ORIENTED_EDGE('',*,*,#13698,.F.) ;
#13724=ORIENTED_EDGE('',*,*,#3913,.T.) ;
#13725=ORIENTED_EDGE('',*,*,#13693,.T.) ;
#13726=ORIENTED_EDGE('',*,*,#13717,.T.) ;
#13727=ORIENTED_EDGE('',*,*,#13722,.F.) ;
#13741=ORIENTED_EDGE('',*,*,#13566,.F.) ;
#13742=ORIENTED_EDGE('',*,*,#3918,.T.) ;
#13743=ORIENTED_EDGE('',*,*,#13722,.T.) ;
#13744=ORIENTED_EDGE('',*,*,#13739,.F.) ;
#13772=ORIENTED_EDGE('',*,*,#3937,.T.) ;
#13773=ORIENTED_EDGE('',*,*,#13758,.T.) ;
#13774=ORIENTED_EDGE('',*,*,#13765,.T.) ;
#13775=ORIENTED_EDGE('',*,*,#13770,.F.) ;
#13796=ORIENTED_EDGE('',*,*,#13789,.F.) ;
#13797=ORIENTED_EDGE('',*,*,#3944,.T.) ;
#13798=ORIENTED_EDGE('',*,*,#13770,.T.) ;
#13799=ORIENTED_EDGE('',*,*,#13794,.F.) ;
#13820=ORIENTED_EDGE('',*,*,#3951,.T.) ;
#13821=ORIENTED_EDGE('',*,*,#13789,.T.) ;
#13822=ORIENTED_EDGE('',*,*,#13813,.T.) ;
#13823=ORIENTED_EDGE('',*,*,#13818,.F.) ;
#13844=ORIENTED_EDGE('',*,*,#13837,.F.) ;
#13845=ORIENTED_EDGE('',*,*,#3958,.T.) ;
#13846=ORIENTED_EDGE('',*,*,#13818,.T.) ;
#13847=ORIENTED_EDGE('',*,*,#13842,.F.) ;
#13868=ORIENTED_EDGE('',*,*,#3965,.T.) ;
#13869=ORIENTED_EDGE('',*,*,#13837,.T.) ;
#13870=ORIENTED_EDGE('',*,*,#13861,.T.) ;
#13871=ORIENTED_EDGE('',*,*,#13866,.F.) ;
#13892=ORIENTED_EDGE('',*,*,#13885,.F.) ;
#13893=ORIENTED_EDGE('',*,*,#3972,.T.) ;
#13894=ORIENTED_EDGE('',*,*,#13866,.T.) ;
#13895=ORIENTED_EDGE('',*,*,#13890,.F.) ;
#13916=ORIENTED_EDGE('',*,*,#3979,.T.) ;
#13917=ORIENTED_EDGE('',*,*,#13885,.T.) ;
#13918=ORIENTED_EDGE('',*,*,#13909,.T.) ;
#13919=ORIENTED_EDGE('',*,*,#13914,.F.) ;
#13933=ORIENTED_EDGE('',*,*,#13758,.F.) ;
#13934=ORIENTED_EDGE('',*,*,#3984,.T.) ;
#13935=ORIENTED_EDGE('',*,*,#13914,.T.) ;
#13936=ORIENTED_EDGE('',*,*,#13931,.F.) ;
#13964=ORIENTED_EDGE('',*,*,#4003,.T.) ;
#13965=ORIENTED_EDGE('',*,*,#13950,.T.) ;
#13966=ORIENTED_EDGE('',*,*,#13957,.T.) ;
#13967=ORIENTED_EDGE('',*,*,#13962,.F.) ;
#13976=ORIENTED_EDGE('',*,*,#13974,.T.) ;
#13977=ORIENTED_EDGE('',*,*,#13950,.F.) ;
#13978=ORIENTED_EDGE('',*,*,#4008,.T.) ;
#13979=ORIENTED_EDGE('',*,*,#13962,.T.) ;
#14007=ORIENTED_EDGE('',*,*,#4021,.T.) ;
#14008=ORIENTED_EDGE('',*,*,#13993,.T.) ;
#14009=ORIENTED_EDGE('',*,*,#14000,.T.) ;
#14010=ORIENTED_EDGE('',*,*,#14005,.F.) ;
#14019=ORIENTED_EDGE('',*,*,#14017,.T.) ;
#14020=ORIENTED_EDGE('',*,*,#13993,.F.) ;
#14021=ORIENTED_EDGE('',*,*,#4026,.T.) ;
#14022=ORIENTED_EDGE('',*,*,#14005,.T.) ;
#14050=ORIENTED_EDGE('',*,*,#4039,.T.) ;
#14051=ORIENTED_EDGE('',*,*,#14036,.T.) ;
#14052=ORIENTED_EDGE('',*,*,#14043,.T.) ;
#14053=ORIENTED_EDGE('',*,*,#14048,.F.) ;
#14062=ORIENTED_EDGE('',*,*,#14060,.T.) ;
#14063=ORIENTED_EDGE('',*,*,#14036,.F.) ;
#14064=ORIENTED_EDGE('',*,*,#4044,.T.) ;
#14065=ORIENTED_EDGE('',*,*,#14048,.T.) ;
#14093=ORIENTED_EDGE('',*,*,#4057,.T.) ;
#14094=ORIENTED_EDGE('',*,*,#14079,.T.) ;
#14095=ORIENTED_EDGE('',*,*,#14086,.T.) ;
#14096=ORIENTED_EDGE('',*,*,#14091,.F.) ;
#14105=ORIENTED_EDGE('',*,*,#14103,.T.) ;
#14106=ORIENTED_EDGE('',*,*,#14079,.F.) ;
#14107=ORIENTED_EDGE('',*,*,#4062,.T.) ;
#14108=ORIENTED_EDGE('',*,*,#14091,.T.) ;
#14136=ORIENTED_EDGE('',*,*,#4075,.T.) ;
#14137=ORIENTED_EDGE('',*,*,#14122,.T.) ;
#14138=ORIENTED_EDGE('',*,*,#14129,.T.) ;
#14139=ORIENTED_EDGE('',*,*,#14134,.F.) ;
#14148=ORIENTED_EDGE('',*,*,#14146,.T.) ;
#14149=ORIENTED_EDGE('',*,*,#14122,.F.) ;
#14150=ORIENTED_EDGE('',*,*,#4080,.T.) ;
#14151=ORIENTED_EDGE('',*,*,#14134,.T.) ;
#14179=ORIENTED_EDGE('',*,*,#4093,.T.) ;
#14180=ORIENTED_EDGE('',*,*,#14165,.T.) ;
#14181=ORIENTED_EDGE('',*,*,#14172,.T.) ;
#14182=ORIENTED_EDGE('',*,*,#14177,.F.) ;
#14191=ORIENTED_EDGE('',*,*,#14189,.T.) ;
#14192=ORIENTED_EDGE('',*,*,#14165,.F.) ;
#14193=ORIENTED_EDGE('',*,*,#4098,.T.) ;
#14194=ORIENTED_EDGE('',*,*,#14177,.T.) ;
#14222=ORIENTED_EDGE('',*,*,#4111,.T.) ;
#14223=ORIENTED_EDGE('',*,*,#14208,.T.) ;
#14224=ORIENTED_EDGE('',*,*,#14215,.T.) ;
#14225=ORIENTED_EDGE('',*,*,#14220,.F.) ;
#14234=ORIENTED_EDGE('',*,*,#14232,.T.) ;
#14235=ORIENTED_EDGE('',*,*,#14208,.F.) ;
#14236=ORIENTED_EDGE('',*,*,#4116,.T.) ;
#14237=ORIENTED_EDGE('',*,*,#14220,.T.) ;
#14265=ORIENTED_EDGE('',*,*,#4129,.T.) ;
#14266=ORIENTED_EDGE('',*,*,#14251,.T.) ;
#14267=ORIENTED_EDGE('',*,*,#14258,.T.) ;
#14268=ORIENTED_EDGE('',*,*,#14263,.F.) ;
#14277=ORIENTED_EDGE('',*,*,#14275,.T.) ;
#14278=ORIENTED_EDGE('',*,*,#14251,.F.) ;
#14279=ORIENTED_EDGE('',*,*,#4134,.T.) ;
#14280=ORIENTED_EDGE('',*,*,#14263,.T.) ;
#14308=ORIENTED_EDGE('',*,*,#4147,.T.) ;
#14309=ORIENTED_EDGE('',*,*,#14294,.T.) ;
#14310=ORIENTED_EDGE('',*,*,#14301,.T.) ;
#14311=ORIENTED_EDGE('',*,*,#14306,.F.) ;
#14320=ORIENTED_EDGE('',*,*,#14318,.T.) ;
#14321=ORIENTED_EDGE('',*,*,#14294,.F.) ;
#14322=ORIENTED_EDGE('',*,*,#4152,.T.) ;
#14323=ORIENTED_EDGE('',*,*,#14306,.T.) ;
#14351=ORIENTED_EDGE('',*,*,#4165,.T.) ;
#14352=ORIENTED_EDGE('',*,*,#14337,.T.) ;
#14353=ORIENTED_EDGE('',*,*,#14344,.T.) ;
#14354=ORIENTED_EDGE('',*,*,#14349,.F.) ;
#14363=ORIENTED_EDGE('',*,*,#14361,.T.) ;
#14364=ORIENTED_EDGE('',*,*,#14337,.F.) ;
#14365=ORIENTED_EDGE('',*,*,#4170,.T.) ;
#14366=ORIENTED_EDGE('',*,*,#14349,.T.) ;
#14394=ORIENTED_EDGE('',*,*,#4183,.T.) ;
#14395=ORIENTED_EDGE('',*,*,#14380,.T.) ;
#14396=ORIENTED_EDGE('',*,*,#14387,.T.) ;
#14397=ORIENTED_EDGE('',*,*,#14392,.F.) ;
#14406=ORIENTED_EDGE('',*,*,#14404,.T.) ;
#14407=ORIENTED_EDGE('',*,*,#14380,.F.) ;
#14408=ORIENTED_EDGE('',*,*,#4188,.T.) ;
#14409=ORIENTED_EDGE('',*,*,#14392,.T.) ;
#14437=ORIENTED_EDGE('',*,*,#4201,.T.) ;
#14438=ORIENTED_EDGE('',*,*,#14423,.T.) ;
#14439=ORIENTED_EDGE('',*,*,#14430,.T.) ;
#14440=ORIENTED_EDGE('',*,*,#14435,.F.) ;
#14449=ORIENTED_EDGE('',*,*,#14447,.T.) ;
#14450=ORIENTED_EDGE('',*,*,#14423,.F.) ;
#14451=ORIENTED_EDGE('',*,*,#4206,.T.) ;
#14452=ORIENTED_EDGE('',*,*,#14435,.T.) ;
#14480=ORIENTED_EDGE('',*,*,#4219,.T.) ;
#14481=ORIENTED_EDGE('',*,*,#14466,.T.) ;
#14482=ORIENTED_EDGE('',*,*,#14473,.T.) ;
#14483=ORIENTED_EDGE('',*,*,#14478,.F.) ;
#14492=ORIENTED_EDGE('',*,*,#14490,.T.) ;
#14493=ORIENTED_EDGE('',*,*,#14466,.F.) ;
#14494=ORIENTED_EDGE('',*,*,#4224,.T.) ;
#14495=ORIENTED_EDGE('',*,*,#14478,.T.) ;
#14523=ORIENTED_EDGE('',*,*,#4237,.T.) ;
#14524=ORIENTED_EDGE('',*,*,#14509,.T.) ;
#14525=ORIENTED_EDGE('',*,*,#14516,.T.) ;
#14526=ORIENTED_EDGE('',*,*,#14521,.F.) ;
#14535=ORIENTED_EDGE('',*,*,#14533,.T.) ;
#14536=ORIENTED_EDGE('',*,*,#14509,.F.) ;
#14537=ORIENTED_EDGE('',*,*,#4242,.T.) ;
#14538=ORIENTED_EDGE('',*,*,#14521,.T.) ;
#14566=ORIENTED_EDGE('',*,*,#4255,.T.) ;
#14567=ORIENTED_EDGE('',*,*,#14552,.T.) ;
#14568=ORIENTED_EDGE('',*,*,#14559,.T.) ;
#14569=ORIENTED_EDGE('',*,*,#14564,.F.) ;
#14578=ORIENTED_EDGE('',*,*,#14576,.T.) ;
#14579=ORIENTED_EDGE('',*,*,#14552,.F.) ;
#14580=ORIENTED_EDGE('',*,*,#4260,.T.) ;
#14581=ORIENTED_EDGE('',*,*,#14564,.T.) ;
#14609=ORIENTED_EDGE('',*,*,#4273,.T.) ;
#14610=ORIENTED_EDGE('',*,*,#14595,.T.) ;
#14611=ORIENTED_EDGE('',*,*,#14602,.T.) ;
#14612=ORIENTED_EDGE('',*,*,#14607,.F.) ;
#14621=ORIENTED_EDGE('',*,*,#14619,.T.) ;
#14622=ORIENTED_EDGE('',*,*,#14595,.F.) ;
#14623=ORIENTED_EDGE('',*,*,#4278,.T.) ;
#14624=ORIENTED_EDGE('',*,*,#14607,.T.) ;
#14652=ORIENTED_EDGE('',*,*,#4291,.T.) ;
#14653=ORIENTED_EDGE('',*,*,#14638,.T.) ;
#14654=ORIENTED_EDGE('',*,*,#14645,.T.) ;
#14655=ORIENTED_EDGE('',*,*,#14650,.F.) ;
#14664=ORIENTED_EDGE('',*,*,#14662,.T.) ;
#14665=ORIENTED_EDGE('',*,*,#14638,.F.) ;
#14666=ORIENTED_EDGE('',*,*,#4296,.T.) ;
#14667=ORIENTED_EDGE('',*,*,#14650,.T.) ;
#14695=ORIENTED_EDGE('',*,*,#4309,.T.) ;
#14696=ORIENTED_EDGE('',*,*,#14681,.T.) ;
#14697=ORIENTED_EDGE('',*,*,#14688,.T.) ;
#14698=ORIENTED_EDGE('',*,*,#14693,.F.) ;
#14707=ORIENTED_EDGE('',*,*,#14705,.T.) ;
#14708=ORIENTED_EDGE('',*,*,#14681,.F.) ;
#14709=ORIENTED_EDGE('',*,*,#4314,.T.) ;
#14710=ORIENTED_EDGE('',*,*,#14693,.T.) ;
#14738=ORIENTED_EDGE('',*,*,#4327,.T.) ;
#14739=ORIENTED_EDGE('',*,*,#14724,.T.) ;
#14740=ORIENTED_EDGE('',*,*,#14731,.T.) ;
#14741=ORIENTED_EDGE('',*,*,#14736,.F.) ;
#14750=ORIENTED_EDGE('',*,*,#14748,.T.) ;
#14751=ORIENTED_EDGE('',*,*,#14724,.F.) ;
#14752=ORIENTED_EDGE('',*,*,#4332,.T.) ;
#14753=ORIENTED_EDGE('',*,*,#14736,.T.) ;
#14781=ORIENTED_EDGE('',*,*,#4345,.T.) ;
#14782=ORIENTED_EDGE('',*,*,#14767,.T.) ;
#14783=ORIENTED_EDGE('',*,*,#14774,.T.) ;
#14784=ORIENTED_EDGE('',*,*,#14779,.F.) ;
#14793=ORIENTED_EDGE('',*,*,#14791,.T.) ;
#14794=ORIENTED_EDGE('',*,*,#14767,.F.) ;
#14795=ORIENTED_EDGE('',*,*,#4350,.T.) ;
#14796=ORIENTED_EDGE('',*,*,#14779,.T.) ;
#14824=ORIENTED_EDGE('',*,*,#4363,.T.) ;
#14825=ORIENTED_EDGE('',*,*,#14810,.T.) ;
#14826=ORIENTED_EDGE('',*,*,#14817,.T.) ;
#14827=ORIENTED_EDGE('',*,*,#14822,.F.) ;
#14836=ORIENTED_EDGE('',*,*,#14834,.T.) ;
#14837=ORIENTED_EDGE('',*,*,#14810,.F.) ;
#14838=ORIENTED_EDGE('',*,*,#4368,.T.) ;
#14839=ORIENTED_EDGE('',*,*,#14822,.T.) ;
#14867=ORIENTED_EDGE('',*,*,#4381,.T.) ;
#14868=ORIENTED_EDGE('',*,*,#14853,.T.) ;
#14869=ORIENTED_EDGE('',*,*,#14860,.T.) ;
#14870=ORIENTED_EDGE('',*,*,#14865,.F.) ;
#14879=ORIENTED_EDGE('',*,*,#14877,.T.) ;
#14880=ORIENTED_EDGE('',*,*,#14853,.F.) ;
#14881=ORIENTED_EDGE('',*,*,#4386,.T.) ;
#14882=ORIENTED_EDGE('',*,*,#14865,.T.) ;
#14910=ORIENTED_EDGE('',*,*,#4399,.T.) ;
#14911=ORIENTED_EDGE('',*,*,#14896,.T.) ;
#14912=ORIENTED_EDGE('',*,*,#14903,.T.) ;
#14913=ORIENTED_EDGE('',*,*,#14908,.F.) ;
#14922=ORIENTED_EDGE('',*,*,#14920,.T.) ;
#14923=ORIENTED_EDGE('',*,*,#14896,.F.) ;
#14924=ORIENTED_EDGE('',*,*,#4404,.T.) ;
#14925=ORIENTED_EDGE('',*,*,#14908,.T.) ;
#14953=ORIENTED_EDGE('',*,*,#4417,.T.) ;
#14954=ORIENTED_EDGE('',*,*,#14939,.T.) ;
#14955=ORIENTED_EDGE('',*,*,#14946,.T.) ;
#14956=ORIENTED_EDGE('',*,*,#14951,.F.) ;
#14965=ORIENTED_EDGE('',*,*,#14963,.T.) ;
#14966=ORIENTED_EDGE('',*,*,#14939,.F.) ;
#14967=ORIENTED_EDGE('',*,*,#4422,.T.) ;
#14968=ORIENTED_EDGE('',*,*,#14951,.T.) ;
#14996=ORIENTED_EDGE('',*,*,#4435,.T.) ;
#14997=ORIENTED_EDGE('',*,*,#14982,.T.) ;
#14998=ORIENTED_EDGE('',*,*,#14989,.T.) ;
#14999=ORIENTED_EDGE('',*,*,#14994,.F.) ;
#15008=ORIENTED_EDGE('',*,*,#15006,.T.) ;
#15009=ORIENTED_EDGE('',*,*,#14982,.F.) ;
#15010=ORIENTED_EDGE('',*,*,#4440,.T.) ;
#15011=ORIENTED_EDGE('',*,*,#14994,.T.) ;
#15039=ORIENTED_EDGE('',*,*,#4453,.T.) ;
#15040=ORIENTED_EDGE('',*,*,#15025,.T.) ;
#15041=ORIENTED_EDGE('',*,*,#15032,.T.) ;
#15042=ORIENTED_EDGE('',*,*,#15037,.F.) ;
#15051=ORIENTED_EDGE('',*,*,#15049,.T.) ;
#15052=ORIENTED_EDGE('',*,*,#15025,.F.) ;
#15053=ORIENTED_EDGE('',*,*,#4458,.T.) ;
#15054=ORIENTED_EDGE('',*,*,#15037,.T.) ;
#15082=ORIENTED_EDGE('',*,*,#4471,.T.) ;
#15083=ORIENTED_EDGE('',*,*,#15068,.T.) ;
#15084=ORIENTED_EDGE('',*,*,#15075,.T.) ;
#15085=ORIENTED_EDGE('',*,*,#15080,.F.) ;
#15094=ORIENTED_EDGE('',*,*,#15092,.T.) ;
#15095=ORIENTED_EDGE('',*,*,#15068,.F.) ;
#15096=ORIENTED_EDGE('',*,*,#4476,.T.) ;
#15097=ORIENTED_EDGE('',*,*,#15080,.T.) ;
#15125=ORIENTED_EDGE('',*,*,#4489,.T.) ;
#15126=ORIENTED_EDGE('',*,*,#15111,.T.) ;
#15127=ORIENTED_EDGE('',*,*,#15118,.T.) ;
#15128=ORIENTED_EDGE('',*,*,#15123,.F.) ;
#15137=ORIENTED_EDGE('',*,*,#15135,.T.) ;
#15138=ORIENTED_EDGE('',*,*,#15111,.F.) ;
#15139=ORIENTED_EDGE('',*,*,#4494,.T.) ;
#15140=ORIENTED_EDGE('',*,*,#15123,.T.) ;
#15168=ORIENTED_EDGE('',*,*,#4507,.T.) ;
#15169=ORIENTED_EDGE('',*,*,#15154,.T.) ;
#15170=ORIENTED_EDGE('',*,*,#15161,.T.) ;
#15171=ORIENTED_EDGE('',*,*,#15166,.F.) ;
#15180=ORIENTED_EDGE('',*,*,#15178,.T.) ;
#15181=ORIENTED_EDGE('',*,*,#15154,.F.) ;
#15182=ORIENTED_EDGE('',*,*,#4512,.T.) ;
#15183=ORIENTED_EDGE('',*,*,#15166,.T.) ;
#15211=ORIENTED_EDGE('',*,*,#4525,.T.) ;
#15212=ORIENTED_EDGE('',*,*,#15197,.T.) ;
#15213=ORIENTED_EDGE('',*,*,#15204,.T.) ;
#15214=ORIENTED_EDGE('',*,*,#15209,.F.) ;
#15223=ORIENTED_EDGE('',*,*,#15221,.T.) ;
#15224=ORIENTED_EDGE('',*,*,#15197,.F.) ;
#15225=ORIENTED_EDGE('',*,*,#4530,.T.) ;
#15226=ORIENTED_EDGE('',*,*,#15209,.T.) ;
#15254=ORIENTED_EDGE('',*,*,#4543,.T.) ;
#15255=ORIENTED_EDGE('',*,*,#15240,.T.) ;
#15256=ORIENTED_EDGE('',*,*,#15247,.T.) ;
#15257=ORIENTED_EDGE('',*,*,#15252,.F.) ;
#15266=ORIENTED_EDGE('',*,*,#15264,.T.) ;
#15267=ORIENTED_EDGE('',*,*,#15240,.F.) ;
#15268=ORIENTED_EDGE('',*,*,#4548,.T.) ;
#15269=ORIENTED_EDGE('',*,*,#15252,.T.) ;
#15297=ORIENTED_EDGE('',*,*,#4561,.T.) ;
#15298=ORIENTED_EDGE('',*,*,#15283,.T.) ;
#15299=ORIENTED_EDGE('',*,*,#15290,.T.) ;
#15300=ORIENTED_EDGE('',*,*,#15295,.F.) ;
#15309=ORIENTED_EDGE('',*,*,#15307,.T.) ;
#15310=ORIENTED_EDGE('',*,*,#15283,.F.) ;
#15311=ORIENTED_EDGE('',*,*,#4566,.T.) ;
#15312=ORIENTED_EDGE('',*,*,#15295,.T.) ;
#15340=ORIENTED_EDGE('',*,*,#4579,.T.) ;
#15341=ORIENTED_EDGE('',*,*,#15326,.T.) ;
#15342=ORIENTED_EDGE('',*,*,#15333,.T.) ;
#15343=ORIENTED_EDGE('',*,*,#15338,.F.) ;
#15352=ORIENTED_EDGE('',*,*,#15350,.T.) ;
#15353=ORIENTED_EDGE('',*,*,#15326,.F.) ;
#15354=ORIENTED_EDGE('',*,*,#4584,.T.) ;
#15355=ORIENTED_EDGE('',*,*,#15338,.T.) ;
#15383=ORIENTED_EDGE('',*,*,#4597,.T.) ;
#15384=ORIENTED_EDGE('',*,*,#15369,.T.) ;
#15385=ORIENTED_EDGE('',*,*,#15376,.T.) ;
#15386=ORIENTED_EDGE('',*,*,#15381,.F.) ;
#15395=ORIENTED_EDGE('',*,*,#15393,.T.) ;
#15396=ORIENTED_EDGE('',*,*,#15369,.F.) ;
#15397=ORIENTED_EDGE('',*,*,#4602,.T.) ;
#15398=ORIENTED_EDGE('',*,*,#15381,.T.) ;
#15426=ORIENTED_EDGE('',*,*,#4615,.T.) ;
#15427=ORIENTED_EDGE('',*,*,#15412,.T.) ;
#15428=ORIENTED_EDGE('',*,*,#15419,.T.) ;
#15429=ORIENTED_EDGE('',*,*,#15424,.F.) ;
#15438=ORIENTED_EDGE('',*,*,#15436,.T.) ;
#15439=ORIENTED_EDGE('',*,*,#15412,.F.) ;
#15440=ORIENTED_EDGE('',*,*,#4620,.T.) ;
#15441=ORIENTED_EDGE('',*,*,#15424,.T.) ;
#15469=ORIENTED_EDGE('',*,*,#4633,.T.) ;
#15470=ORIENTED_EDGE('',*,*,#15455,.T.) ;
#15471=ORIENTED_EDGE('',*,*,#15462,.T.) ;
#15472=ORIENTED_EDGE('',*,*,#15467,.F.) ;
#15481=ORIENTED_EDGE('',*,*,#15479,.T.) ;
#15482=ORIENTED_EDGE('',*,*,#15455,.F.) ;
#15483=ORIENTED_EDGE('',*,*,#4638,.T.) ;
#15484=ORIENTED_EDGE('',*,*,#15467,.T.) ;
#15512=ORIENTED_EDGE('',*,*,#4651,.T.) ;
#15513=ORIENTED_EDGE('',*,*,#15498,.T.) ;
#15514=ORIENTED_EDGE('',*,*,#15505,.T.) ;
#15515=ORIENTED_EDGE('',*,*,#15510,.F.) ;
#15524=ORIENTED_EDGE('',*,*,#15522,.T.) ;
#15525=ORIENTED_EDGE('',*,*,#15498,.F.) ;
#15526=ORIENTED_EDGE('',*,*,#4656,.T.) ;
#15527=ORIENTED_EDGE('',*,*,#15510,.T.) ;
#15555=ORIENTED_EDGE('',*,*,#4669,.T.) ;
#15556=ORIENTED_EDGE('',*,*,#15541,.T.) ;
#15557=ORIENTED_EDGE('',*,*,#15548,.T.) ;
#15558=ORIENTED_EDGE('',*,*,#15553,.F.) ;
#15567=ORIENTED_EDGE('',*,*,#15565,.T.) ;
#15568=ORIENTED_EDGE('',*,*,#15541,.F.) ;
#15569=ORIENTED_EDGE('',*,*,#4674,.T.) ;
#15570=ORIENTED_EDGE('',*,*,#15553,.T.) ;
#15598=ORIENTED_EDGE('',*,*,#4687,.T.) ;
#15599=ORIENTED_EDGE('',*,*,#15584,.T.) ;
#15600=ORIENTED_EDGE('',*,*,#15591,.T.) ;
#15601=ORIENTED_EDGE('',*,*,#15596,.F.) ;
#15610=ORIENTED_EDGE('',*,*,#15608,.T.) ;
#15611=ORIENTED_EDGE('',*,*,#15584,.F.) ;
#15612=ORIENTED_EDGE('',*,*,#4692,.T.) ;
#15613=ORIENTED_EDGE('',*,*,#15596,.T.) ;
#15641=ORIENTED_EDGE('',*,*,#15627,.T.) ;
#15642=ORIENTED_EDGE('',*,*,#15634,.T.) ;
#15643=ORIENTED_EDGE('',*,*,#15639,.F.) ;
#15644=ORIENTED_EDGE('',*,*,#4705,.T.) ;
#15665=ORIENTED_EDGE('',*,*,#15658,.F.) ;
#15666=ORIENTED_EDGE('',*,*,#4712,.T.) ;
#15667=ORIENTED_EDGE('',*,*,#15639,.T.) ;
#15668=ORIENTED_EDGE('',*,*,#15663,.F.) ;
#15689=ORIENTED_EDGE('',*,*,#4719,.T.) ;
#15690=ORIENTED_EDGE('',*,*,#15658,.T.) ;
#15691=ORIENTED_EDGE('',*,*,#15682,.T.) ;
#15692=ORIENTED_EDGE('',*,*,#15687,.F.) ;
#15713=ORIENTED_EDGE('',*,*,#15706,.F.) ;
#15714=ORIENTED_EDGE('',*,*,#4726,.T.) ;
#15715=ORIENTED_EDGE('',*,*,#15687,.T.) ;
#15716=ORIENTED_EDGE('',*,*,#15711,.F.) ;
#15737=ORIENTED_EDGE('',*,*,#4733,.T.) ;
#15738=ORIENTED_EDGE('',*,*,#15706,.T.) ;
#15739=ORIENTED_EDGE('',*,*,#15730,.T.) ;
#15740=ORIENTED_EDGE('',*,*,#15735,.F.) ;
#15754=ORIENTED_EDGE('',*,*,#15627,.F.) ;
#15755=ORIENTED_EDGE('',*,*,#4738,.T.) ;
#15756=ORIENTED_EDGE('',*,*,#15735,.T.) ;
#15757=ORIENTED_EDGE('',*,*,#15752,.F.) ;
#15785=ORIENTED_EDGE('',*,*,#15773,.T.) ;
#15786=ORIENTED_EDGE('',*,*,#15778,.T.) ;
#15787=ORIENTED_EDGE('',*,*,#4755,.T.) ;
#15788=ORIENTED_EDGE('',*,*,#15783,.F.) ;
#15809=ORIENTED_EDGE('',*,*,#15802,.T.) ;
#15810=ORIENTED_EDGE('',*,*,#15807,.T.) ;
#15811=ORIENTED_EDGE('',*,*,#4762,.T.) ;
#15812=ORIENTED_EDGE('',*,*,#15778,.F.) ;
#15833=ORIENTED_EDGE('',*,*,#15826,.T.) ;
#15834=ORIENTED_EDGE('',*,*,#15831,.T.) ;
#15835=ORIENTED_EDGE('',*,*,#4769,.T.) ;
#15836=ORIENTED_EDGE('',*,*,#15807,.F.) ;
#15850=ORIENTED_EDGE('',*,*,#15848,.T.) ;
#15851=ORIENTED_EDGE('',*,*,#15783,.T.) ;
#15852=ORIENTED_EDGE('',*,*,#4774,.T.) ;
#15853=ORIENTED_EDGE('',*,*,#15831,.F.) ;
#15881=ORIENTED_EDGE('',*,*,#4789,.T.) ;
#15882=ORIENTED_EDGE('',*,*,#15867,.F.) ;
#15883=ORIENTED_EDGE('',*,*,#15874,.T.) ;
#15884=ORIENTED_EDGE('',*,*,#15879,.T.) ;
#15893=ORIENTED_EDGE('',*,*,#15891,.T.) ;
#15894=ORIENTED_EDGE('',*,*,#15867,.T.) ;
#15895=ORIENTED_EDGE('',*,*,#4794,.T.) ;
#15896=ORIENTED_EDGE('',*,*,#15879,.F.) ;
#15924=ORIENTED_EDGE('',*,*,#4807,.T.) ;
#15925=ORIENTED_EDGE('',*,*,#15910,.F.) ;
#15926=ORIENTED_EDGE('',*,*,#15917,.T.) ;
#15927=ORIENTED_EDGE('',*,*,#15922,.T.) ;
#15936=ORIENTED_EDGE('',*,*,#15934,.T.) ;
#15937=ORIENTED_EDGE('',*,*,#15910,.T.) ;
#15938=ORIENTED_EDGE('',*,*,#4812,.T.) ;
#15939=ORIENTED_EDGE('',*,*,#15922,.F.) ;
#15967=ORIENTED_EDGE('',*,*,#4825,.T.) ;
#15968=ORIENTED_EDGE('',*,*,#15953,.T.) ;
#15969=ORIENTED_EDGE('',*,*,#15960,.T.) ;
#15970=ORIENTED_EDGE('',*,*,#15965,.F.) ;
#15979=ORIENTED_EDGE('',*,*,#15977,.T.) ;
#15980=ORIENTED_EDGE('',*,*,#15953,.F.) ;
#15981=ORIENTED_EDGE('',*,*,#4830,.T.) ;
#15982=ORIENTED_EDGE('',*,*,#15965,.T.) ;
#16010=ORIENTED_EDGE('',*,*,#4843,.T.) ;
#16011=ORIENTED_EDGE('',*,*,#15996,.T.) ;
#16012=ORIENTED_EDGE('',*,*,#16003,.T.) ;
#16013=ORIENTED_EDGE('',*,*,#16008,.F.) ;
#16022=ORIENTED_EDGE('',*,*,#16020,.T.) ;
#16023=ORIENTED_EDGE('',*,*,#15996,.F.) ;
#16024=ORIENTED_EDGE('',*,*,#4848,.T.) ;
#16025=ORIENTED_EDGE('',*,*,#16008,.T.) ;
#16053=ORIENTED_EDGE('',*,*,#4861,.T.) ;
#16054=ORIENTED_EDGE('',*,*,#16039,.T.) ;
#16055=ORIENTED_EDGE('',*,*,#16046,.T.) ;
#16056=ORIENTED_EDGE('',*,*,#16051,.F.) ;
#16065=ORIENTED_EDGE('',*,*,#16063,.T.) ;
#16066=ORIENTED_EDGE('',*,*,#16039,.F.) ;
#16067=ORIENTED_EDGE('',*,*,#4866,.T.) ;
#16068=ORIENTED_EDGE('',*,*,#16051,.T.) ;
#16096=ORIENTED_EDGE('',*,*,#4879,.T.) ;
#16097=ORIENTED_EDGE('',*,*,#16082,.T.) ;
#16098=ORIENTED_EDGE('',*,*,#16089,.T.) ;
#16099=ORIENTED_EDGE('',*,*,#16094,.F.) ;
#16108=ORIENTED_EDGE('',*,*,#16106,.T.) ;
#16109=ORIENTED_EDGE('',*,*,#16082,.F.) ;
#16110=ORIENTED_EDGE('',*,*,#4884,.T.) ;
#16111=ORIENTED_EDGE('',*,*,#16094,.T.) ;
#16139=ORIENTED_EDGE('',*,*,#4897,.T.) ;
#16140=ORIENTED_EDGE('',*,*,#16125,.T.) ;
#16141=ORIENTED_EDGE('',*,*,#16132,.F.) ;
#16142=ORIENTED_EDGE('',*,*,#16137,.F.) ;
#16151=ORIENTED_EDGE('',*,*,#16149,.F.) ;
#16152=ORIENTED_EDGE('',*,*,#16125,.F.) ;
#16153=ORIENTED_EDGE('',*,*,#4902,.T.) ;
#16154=ORIENTED_EDGE('',*,*,#16137,.T.) ;
#16182=ORIENTED_EDGE('',*,*,#4915,.T.) ;
#16183=ORIENTED_EDGE('',*,*,#16168,.F.) ;
#16184=ORIENTED_EDGE('',*,*,#16175,.T.) ;
#16185=ORIENTED_EDGE('',*,*,#16180,.T.) ;
#16194=ORIENTED_EDGE('',*,*,#16192,.T.) ;
#16195=ORIENTED_EDGE('',*,*,#16168,.T.) ;
#16196=ORIENTED_EDGE('',*,*,#4920,.T.) ;
#16197=ORIENTED_EDGE('',*,*,#16180,.F.) ;
#16225=ORIENTED_EDGE('',*,*,#4933,.T.) ;
#16226=ORIENTED_EDGE('',*,*,#16211,.F.) ;
#16227=ORIENTED_EDGE('',*,*,#16218,.T.) ;
#16228=ORIENTED_EDGE('',*,*,#16223,.T.) ;
#16237=ORIENTED_EDGE('',*,*,#16235,.T.) ;
#16238=ORIENTED_EDGE('',*,*,#16211,.T.) ;
#16239=ORIENTED_EDGE('',*,*,#4938,.T.) ;
#16240=ORIENTED_EDGE('',*,*,#16223,.F.) ;
#16268=ORIENTED_EDGE('',*,*,#16256,.T.) ;
#16269=ORIENTED_EDGE('',*,*,#16261,.F.) ;
#16270=ORIENTED_EDGE('',*,*,#2448,.F.) ;
#16271=ORIENTED_EDGE('',*,*,#16266,.T.) ;
#16280=ORIENTED_EDGE('',*,*,#2425,.F.) ;
#16281=ORIENTED_EDGE('',*,*,#16261,.T.) ;
#16282=ORIENTED_EDGE('',*,*,#16278,.T.) ;
#16283=ORIENTED_EDGE('',*,*,#16266,.F.) ;
#16304=ORIENTED_EDGE('',*,*,#765,.F.) ;
#16305=ORIENTED_EDGE('',*,*,#6004,.T.) ;
#16306=ORIENTED_EDGE('',*,*,#16297,.T.) ;
#16307=ORIENTED_EDGE('',*,*,#16302,.F.) ;
#16321=ORIENTED_EDGE('',*,*,#16302,.T.) ;
#16322=ORIENTED_EDGE('',*,*,#16319,.T.) ;
#16323=ORIENTED_EDGE('',*,*,#5973,.F.) ;
#16324=ORIENTED_EDGE('',*,*,#721,.F.) ;
#16352=ORIENTED_EDGE('',*,*,#16340,.T.) ;
#16353=ORIENTED_EDGE('',*,*,#16345,.F.) ;
#16354=ORIENTED_EDGE('',*,*,#708,.F.) ;
#16355=ORIENTED_EDGE('',*,*,#16350,.T.) ;
#16364=ORIENTED_EDGE('',*,*,#685,.F.) ;
#16365=ORIENTED_EDGE('',*,*,#16345,.T.) ;
#16366=ORIENTED_EDGE('',*,*,#16362,.T.) ;
#16367=ORIENTED_EDGE('',*,*,#16350,.F.) ;
#16388=ORIENTED_EDGE('',*,*,#16381,.T.) ;
#16389=ORIENTED_EDGE('',*,*,#5928,.F.) ;
#16390=ORIENTED_EDGE('',*,*,#646,.F.) ;
#16391=ORIENTED_EDGE('',*,*,#633,.F.) ;
#16392=ORIENTED_EDGE('',*,*,#5909,.T.) ;
#16393=ORIENTED_EDGE('',*,*,#16386,.T.) ;
#16407=ORIENTED_EDGE('',*,*,#16405,.T.) ;
#16408=ORIENTED_EDGE('',*,*,#5897,.F.) ;
#16409=ORIENTED_EDGE('',*,*,#604,.F.) ;
#16410=ORIENTED_EDGE('',*,*,#5940,.T.) ;
#16424=ORIENTED_EDGE('',*,*,#4960,.T.) ;
#16425=ORIENTED_EDGE('',*,*,#331,.F.) ;
#16426=ORIENTED_EDGE('',*,*,#5357,.F.) ;
#16427=ORIENTED_EDGE('',*,*,#16422,.T.) ;
#16448=ORIENTED_EDGE('',*,*,#16441,.T.) ;
#16449=ORIENTED_EDGE('',*,*,#16446,.T.) ;
#16450=ORIENTED_EDGE('',*,*,#5235,.F.) ;
#16451=ORIENTED_EDGE('',*,*,#275,.F.) ;
#16467=ORIENTED_EDGE('',*,*,#16441,.F.) ;
#16468=ORIENTED_EDGE('',*,*,#268,.F.) ;
#16469=ORIENTED_EDGE('',*,*,#16460,.T.) ;
#16470=ORIENTED_EDGE('',*,*,#16465,.T.) ;
#16484=ORIENTED_EDGE('',*,*,#5221,.T.) ;
#16485=ORIENTED_EDGE('',*,*,#16482,.T.) ;
#16486=ORIENTED_EDGE('',*,*,#16460,.F.) ;
#16487=ORIENTED_EDGE('',*,*,#261,.F.) ;
#16508=ORIENTED_EDGE('',*,*,#231,.F.) ;
#16509=ORIENTED_EDGE('',*,*,#16501,.T.) ;
#16510=ORIENTED_EDGE('',*,*,#16506,.T.) ;
#16511=ORIENTED_EDGE('',*,*,#5185,.F.) ;
#16525=ORIENTED_EDGE('',*,*,#5161,.T.) ;
#16526=ORIENTED_EDGE('',*,*,#16523,.T.) ;
#16527=ORIENTED_EDGE('',*,*,#16501,.F.) ;
#16528=ORIENTED_EDGE('',*,*,#224,.F.) ;
#16542=ORIENTED_EDGE('',*,*,#5106,.F.) ;
#16543=ORIENTED_EDGE('',*,*,#16540,.T.) ;
#16544=ORIENTED_EDGE('',*,*,#5130,.F.) ;
#16545=ORIENTED_EDGE('',*,*,#200,.F.) ;
#16566=ORIENTED_EDGE('',*,*,#16559,.T.) ;
#16567=ORIENTED_EDGE('',*,*,#16564,.T.) ;
#16568=ORIENTED_EDGE('',*,*,#4979,.F.) ;
#16569=ORIENTED_EDGE('',*,*,#142,.F.) ;
#16585=ORIENTED_EDGE('',*,*,#16578,.F.) ;
#16586=ORIENTED_EDGE('',*,*,#16583,.T.) ;
#16587=ORIENTED_EDGE('',*,*,#16559,.F.) ;
#16588=ORIENTED_EDGE('',*,*,#135,.F.) ;
#16602=ORIENTED_EDGE('',*,*,#16600,.T.) ;
#16603=ORIENTED_EDGE('',*,*,#16578,.T.) ;
#16604=ORIENTED_EDGE('',*,*,#128,.F.) ;
#16605=ORIENTED_EDGE('',*,*,#90,.F.) ;
#16614=ORIENTED_EDGE('',*,*,#16422,.F.) ;
#16615=ORIENTED_EDGE('',*,*,#5362,.T.) ;
#16616=ORIENTED_EDGE('',*,*,#5333,.F.) ;
#16617=ORIENTED_EDGE('',*,*,#5319,.T.) ;
#16618=ORIENTED_EDGE('',*,*,#5290,.F.) ;
#16619=ORIENTED_EDGE('',*,*,#5271,.T.) ;
#16620=ORIENTED_EDGE('',*,*,#5242,.F.) ;
#16621=ORIENTED_EDGE('',*,*,#16446,.F.) ;
#16622=ORIENTED_EDGE('',*,*,#16465,.F.) ;
#16623=ORIENTED_EDGE('',*,*,#16482,.F.) ;
#16624=ORIENTED_EDGE('',*,*,#5216,.F.) ;
#16625=ORIENTED_EDGE('',*,*,#5192,.T.) ;
#16626=ORIENTED_EDGE('',*,*,#16506,.F.) ;
#16627=ORIENTED_EDGE('',*,*,#16523,.F.) ;
#16628=ORIENTED_EDGE('',*,*,#5166,.F.) ;
#16629=ORIENTED_EDGE('',*,*,#5137,.T.) ;
#16630=ORIENTED_EDGE('',*,*,#16540,.F.) ;
#16631=ORIENTED_EDGE('',*,*,#5111,.T.) ;
#16632=ORIENTED_EDGE('',*,*,#5082,.F.) ;
#16633=ORIENTED_EDGE('',*,*,#5063,.T.) ;
#16634=ORIENTED_EDGE('',*,*,#5034,.F.) ;
#16635=ORIENTED_EDGE('',*,*,#5015,.T.) ;
#16636=ORIENTED_EDGE('',*,*,#4986,.F.) ;
#16637=ORIENTED_EDGE('',*,*,#16564,.F.) ;
#16638=ORIENTED_EDGE('',*,*,#16583,.F.) ;
#16639=ORIENTED_EDGE('',*,*,#16600,.F.) ;
#16640=ORIENTED_EDGE('',*,*,#83,.F.) ;
#16641=ORIENTED_EDGE('',*,*,#4955,.F.) ;
#16644=ORIENTED_EDGE('',*,*,#5405,.F.) ;
#16645=ORIENTED_EDGE('',*,*,#5388,.F.) ;
#16648=ORIENTED_EDGE('',*,*,#5448,.F.) ;
#16649=ORIENTED_EDGE('',*,*,#5431,.F.) ;
#16652=ORIENTED_EDGE('',*,*,#5491,.F.) ;
#16653=ORIENTED_EDGE('',*,*,#5474,.F.) ;
#16656=ORIENTED_EDGE('',*,*,#5534,.F.) ;
#16657=ORIENTED_EDGE('',*,*,#5517,.F.) ;
#16660=ORIENTED_EDGE('',*,*,#5577,.F.) ;
#16661=ORIENTED_EDGE('',*,*,#5560,.F.) ;
#16664=ORIENTED_EDGE('',*,*,#5620,.F.) ;
#16665=ORIENTED_EDGE('',*,*,#5603,.F.) ;
#16668=ORIENTED_EDGE('',*,*,#5663,.F.) ;
#16669=ORIENTED_EDGE('',*,*,#5646,.F.) ;
#16672=ORIENTED_EDGE('',*,*,#5706,.F.) ;
#16673=ORIENTED_EDGE('',*,*,#5689,.F.) ;
#16676=ORIENTED_EDGE('',*,*,#5749,.F.) ;
#16677=ORIENTED_EDGE('',*,*,#5732,.F.) ;
#16680=ORIENTED_EDGE('',*,*,#5792,.F.) ;
#16681=ORIENTED_EDGE('',*,*,#5775,.F.) ;
#16684=ORIENTED_EDGE('',*,*,#5835,.F.) ;
#16685=ORIENTED_EDGE('',*,*,#5818,.F.) ;
#16688=ORIENTED_EDGE('',*,*,#5878,.F.) ;
#16689=ORIENTED_EDGE('',*,*,#5861,.F.) ;
#16692=ORIENTED_EDGE('',*,*,#16340,.F.) ;
#16693=ORIENTED_EDGE('',*,*,#16362,.F.) ;
#16696=ORIENTED_EDGE('',*,*,#5935,.T.) ;
#16697=ORIENTED_EDGE('',*,*,#16381,.F.) ;
#16698=ORIENTED_EDGE('',*,*,#16386,.F.) ;
#16699=ORIENTED_EDGE('',*,*,#5904,.T.) ;
#16700=ORIENTED_EDGE('',*,*,#16405,.F.) ;
#16703=ORIENTED_EDGE('',*,*,#16297,.F.) ;
#16704=ORIENTED_EDGE('',*,*,#5999,.T.) ;
#16705=ORIENTED_EDGE('',*,*,#5961,.F.) ;
#16706=ORIENTED_EDGE('',*,*,#5978,.F.) ;
#16707=ORIENTED_EDGE('',*,*,#16319,.F.) ;
#16710=ORIENTED_EDGE('',*,*,#6100,.F.) ;
#16711=ORIENTED_EDGE('',*,*,#6078,.F.) ;
#16712=ORIENTED_EDGE('',*,*,#6054,.F.) ;
#16713=ORIENTED_EDGE('',*,*,#6025,.F.) ;
#16716=ORIENTED_EDGE('',*,*,#6196,.F.) ;
#16717=ORIENTED_EDGE('',*,*,#6174,.F.) ;
#16718=ORIENTED_EDGE('',*,*,#6150,.F.) ;
#16719=ORIENTED_EDGE('',*,*,#6121,.F.) ;
#16722=ORIENTED_EDGE('',*,*,#6282,.F.) ;
#16723=ORIENTED_EDGE('',*,*,#6260,.F.) ;
#16724=ORIENTED_EDGE('',*,*,#6241,.F.) ;
#16725=ORIENTED_EDGE('',*,*,#6212,.F.) ;
#16728=ORIENTED_EDGE('',*,*,#6368,.F.) ;
#16729=ORIENTED_EDGE('',*,*,#6351,.F.) ;
#16730=ORIENTED_EDGE('',*,*,#6327,.F.) ;
#16731=ORIENTED_EDGE('',*,*,#6303,.F.) ;
#16734=ORIENTED_EDGE('',*,*,#6411,.F.) ;
#16735=ORIENTED_EDGE('',*,*,#6394,.F.) ;
#16738=ORIENTED_EDGE('',*,*,#6454,.F.) ;
#16739=ORIENTED_EDGE('',*,*,#6437,.F.) ;
#16742=ORIENTED_EDGE('',*,*,#6497,.F.) ;
#16743=ORIENTED_EDGE('',*,*,#6480,.F.) ;
#16746=ORIENTED_EDGE('',*,*,#6540,.F.) ;
#16747=ORIENTED_EDGE('',*,*,#6523,.F.) ;
#16750=ORIENTED_EDGE('',*,*,#6583,.F.) ;
#16751=ORIENTED_EDGE('',*,*,#6566,.F.) ;
#16754=ORIENTED_EDGE('',*,*,#6626,.F.) ;
#16755=ORIENTED_EDGE('',*,*,#6609,.F.) ;
#16758=ORIENTED_EDGE('',*,*,#6669,.F.) ;
#16759=ORIENTED_EDGE('',*,*,#6652,.F.) ;
#16762=ORIENTED_EDGE('',*,*,#6712,.F.) ;
#16763=ORIENTED_EDGE('',*,*,#6695,.F.) ;
#16766=ORIENTED_EDGE('',*,*,#6755,.F.) ;
#16767=ORIENTED_EDGE('',*,*,#6738,.F.) ;
#16770=ORIENTED_EDGE('',*,*,#6798,.F.) ;
#16771=ORIENTED_EDGE('',*,*,#6781,.F.) ;
#16774=ORIENTED_EDGE('',*,*,#6841,.F.) ;
#16775=ORIENTED_EDGE('',*,*,#6824,.F.) ;
#16778=ORIENTED_EDGE('',*,*,#6884,.F.) ;
#16779=ORIENTED_EDGE('',*,*,#6867,.F.) ;
#16782=ORIENTED_EDGE('',*,*,#6927,.F.) ;
#16783=ORIENTED_EDGE('',*,*,#6910,.F.) ;
#16786=ORIENTED_EDGE('',*,*,#6970,.F.) ;
#16787=ORIENTED_EDGE('',*,*,#6953,.F.) ;
#16790=ORIENTED_EDGE('',*,*,#7400,.F.) ;
#16791=ORIENTED_EDGE('',*,*,#7383,.F.) ;
#16794=ORIENTED_EDGE('',*,*,#7357,.F.) ;
#16795=ORIENTED_EDGE('',*,*,#7340,.F.) ;
#16798=ORIENTED_EDGE('',*,*,#7314,.F.) ;
#16799=ORIENTED_EDGE('',*,*,#7297,.F.) ;
#16802=ORIENTED_EDGE('',*,*,#7271,.F.) ;
#16803=ORIENTED_EDGE('',*,*,#7254,.F.) ;
#16806=ORIENTED_EDGE('',*,*,#7013,.F.) ;
#16807=ORIENTED_EDGE('',*,*,#6996,.F.) ;
#16810=ORIENTED_EDGE('',*,*,#7056,.F.) ;
#16811=ORIENTED_EDGE('',*,*,#7039,.F.) ;
#16814=ORIENTED_EDGE('',*,*,#7099,.F.) ;
#16815=ORIENTED_EDGE('',*,*,#7082,.F.) ;
#16818=ORIENTED_EDGE('',*,*,#7142,.F.) ;
#16819=ORIENTED_EDGE('',*,*,#7125,.F.) ;
#16822=ORIENTED_EDGE('',*,*,#7185,.F.) ;
#16823=ORIENTED_EDGE('',*,*,#7168,.F.) ;
#16826=ORIENTED_EDGE('',*,*,#7228,.F.) ;
#16827=ORIENTED_EDGE('',*,*,#7211,.F.) ;
#16830=ORIENTED_EDGE('',*,*,#7443,.F.) ;
#16831=ORIENTED_EDGE('',*,*,#7426,.F.) ;
#16834=ORIENTED_EDGE('',*,*,#7486,.F.) ;
#16835=ORIENTED_EDGE('',*,*,#7469,.F.) ;
#16838=ORIENTED_EDGE('',*,*,#7529,.F.) ;
#16839=ORIENTED_EDGE('',*,*,#7512,.F.) ;
#16842=ORIENTED_EDGE('',*,*,#7572,.F.) ;
#16843=ORIENTED_EDGE('',*,*,#7555,.F.) ;
#16846=ORIENTED_EDGE('',*,*,#7615,.F.) ;
#16847=ORIENTED_EDGE('',*,*,#7598,.F.) ;
#16850=ORIENTED_EDGE('',*,*,#7658,.F.) ;
#16851=ORIENTED_EDGE('',*,*,#7641,.F.) ;
#16854=ORIENTED_EDGE('',*,*,#7701,.F.) ;
#16855=ORIENTED_EDGE('',*,*,#7684,.F.) ;
#16858=ORIENTED_EDGE('',*,*,#7744,.F.) ;
#16859=ORIENTED_EDGE('',*,*,#7727,.F.) ;
#16862=ORIENTED_EDGE('',*,*,#7787,.F.) ;
#16863=ORIENTED_EDGE('',*,*,#7770,.F.) ;
#16866=ORIENTED_EDGE('',*,*,#7830,.F.) ;
#16867=ORIENTED_EDGE('',*,*,#7813,.F.) ;
#16870=ORIENTED_EDGE('',*,*,#7873,.F.) ;
#16871=ORIENTED_EDGE('',*,*,#7856,.F.) ;
#16874=ORIENTED_EDGE('',*,*,#7916,.F.) ;
#16875=ORIENTED_EDGE('',*,*,#7899,.F.) ;
#16878=ORIENTED_EDGE('',*,*,#7959,.F.) ;
#16879=ORIENTED_EDGE('',*,*,#7942,.F.) ;
#16882=ORIENTED_EDGE('',*,*,#8002,.F.) ;
#16883=ORIENTED_EDGE('',*,*,#7985,.F.) ;
#16886=ORIENTED_EDGE('',*,*,#8045,.F.) ;
#16887=ORIENTED_EDGE('',*,*,#8028,.F.) ;
#16890=ORIENTED_EDGE('',*,*,#8088,.F.) ;
#16891=ORIENTED_EDGE('',*,*,#8071,.F.) ;
#16894=ORIENTED_EDGE('',*,*,#8131,.F.) ;
#16895=ORIENTED_EDGE('',*,*,#8114,.F.) ;
#16898=ORIENTED_EDGE('',*,*,#8174,.F.) ;
#16899=ORIENTED_EDGE('',*,*,#8157,.F.) ;
#16902=ORIENTED_EDGE('',*,*,#8217,.F.) ;
#16903=ORIENTED_EDGE('',*,*,#8200,.F.) ;
#16906=ORIENTED_EDGE('',*,*,#8260,.F.) ;
#16907=ORIENTED_EDGE('',*,*,#8243,.F.) ;
#16910=ORIENTED_EDGE('',*,*,#8356,.F.) ;
#16911=ORIENTED_EDGE('',*,*,#8334,.F.) ;
#16912=ORIENTED_EDGE('',*,*,#8310,.F.) ;
#16913=ORIENTED_EDGE('',*,*,#8286,.F.) ;
#16916=ORIENTED_EDGE('',*,*,#8452,.F.) ;
#16917=ORIENTED_EDGE('',*,*,#8430,.F.) ;
#16918=ORIENTED_EDGE('',*,*,#8406,.F.) ;
#16919=ORIENTED_EDGE('',*,*,#8382,.F.) ;
#16922=ORIENTED_EDGE('',*,*,#8548,.F.) ;
#16923=ORIENTED_EDGE('',*,*,#8526,.F.) ;
#16924=ORIENTED_EDGE('',*,*,#8502,.F.) ;
#16925=ORIENTED_EDGE('',*,*,#8478,.F.) ;
#16928=ORIENTED_EDGE('',*,*,#8644,.F.) ;
#16929=ORIENTED_EDGE('',*,*,#8622,.F.) ;
#16930=ORIENTED_EDGE('',*,*,#8598,.F.) ;
#16931=ORIENTED_EDGE('',*,*,#8574,.F.) ;
#16934=ORIENTED_EDGE('',*,*,#8687,.F.) ;
#16935=ORIENTED_EDGE('',*,*,#8670,.F.) ;
#16938=ORIENTED_EDGE('',*,*,#8730,.F.) ;
#16939=ORIENTED_EDGE('',*,*,#8713,.F.) ;
#16942=ORIENTED_EDGE('',*,*,#8773,.F.) ;
#16943=ORIENTED_EDGE('',*,*,#8756,.F.) ;
#16946=ORIENTED_EDGE('',*,*,#8816,.F.) ;
#16947=ORIENTED_EDGE('',*,*,#8799,.F.) ;
#16950=ORIENTED_EDGE('',*,*,#8859,.F.) ;
#16951=ORIENTED_EDGE('',*,*,#8842,.F.) ;
#16954=ORIENTED_EDGE('',*,*,#8902,.F.) ;
#16955=ORIENTED_EDGE('',*,*,#8885,.F.) ;
#16958=ORIENTED_EDGE('',*,*,#8998,.F.) ;
#16959=ORIENTED_EDGE('',*,*,#8976,.F.) ;
#16960=ORIENTED_EDGE('',*,*,#8952,.F.) ;
#16961=ORIENTED_EDGE('',*,*,#8928,.F.) ;
#16964=ORIENTED_EDGE('',*,*,#9094,.T.) ;
#16965=ORIENTED_EDGE('',*,*,#9077,.T.) ;
#16966=ORIENTED_EDGE('',*,*,#9053,.T.) ;
#16967=ORIENTED_EDGE('',*,*,#9029,.T.) ;
#16970=ORIENTED_EDGE('',*,*,#9190,.F.) ;
#16971=ORIENTED_EDGE('',*,*,#9168,.F.) ;
#16972=ORIENTED_EDGE('',*,*,#9144,.F.) ;
#16973=ORIENTED_EDGE('',*,*,#9120,.F.) ;
#16976=ORIENTED_EDGE('',*,*,#9286,.F.) ;
#16977=ORIENTED_EDGE('',*,*,#9264,.F.) ;
#16978=ORIENTED_EDGE('',*,*,#9240,.F.) ;
#16979=ORIENTED_EDGE('',*,*,#9216,.F.) ;
#16982=ORIENTED_EDGE('',*,*,#9382,.F.) ;
#16983=ORIENTED_EDGE('',*,*,#9360,.F.) ;
#16984=ORIENTED_EDGE('',*,*,#9336,.F.) ;
#16985=ORIENTED_EDGE('',*,*,#9312,.F.) ;
#16988=ORIENTED_EDGE('',*,*,#9478,.F.) ;
#16989=ORIENTED_EDGE('',*,*,#9456,.F.) ;
#16990=ORIENTED_EDGE('',*,*,#9432,.F.) ;
#16991=ORIENTED_EDGE('',*,*,#9408,.F.) ;
#16994=ORIENTED_EDGE('',*,*,#9574,.F.) ;
#16995=ORIENTED_EDGE('',*,*,#9552,.F.) ;
#16996=ORIENTED_EDGE('',*,*,#9528,.F.) ;
#16997=ORIENTED_EDGE('',*,*,#9504,.F.) ;
#17000=ORIENTED_EDGE('',*,*,#9617,.F.) ;
#17001=ORIENTED_EDGE('',*,*,#9600,.F.) ;
#17004=ORIENTED_EDGE('',*,*,#9660,.F.) ;
#17005=ORIENTED_EDGE('',*,*,#9643,.F.) ;
#17008=ORIENTED_EDGE('',*,*,#9703,.F.) ;
#17009=ORIENTED_EDGE('',*,*,#9686,.F.) ;
#17012=ORIENTED_EDGE('',*,*,#9746,.F.) ;
#17013=ORIENTED_EDGE('',*,*,#9729,.F.) ;
#17016=ORIENTED_EDGE('',*,*,#9789,.F.) ;
#17017=ORIENTED_EDGE('',*,*,#9772,.F.) ;
#17020=ORIENTED_EDGE('',*,*,#9832,.F.) ;
#17021=ORIENTED_EDGE('',*,*,#9815,.F.) ;
#17024=ORIENTED_EDGE('',*,*,#9875,.F.) ;
#17025=ORIENTED_EDGE('',*,*,#9858,.F.) ;
#17028=ORIENTED_EDGE('',*,*,#9918,.F.) ;
#17029=ORIENTED_EDGE('',*,*,#9901,.F.) ;
#17032=ORIENTED_EDGE('',*,*,#9961,.F.) ;
#17033=ORIENTED_EDGE('',*,*,#9944,.F.) ;
#17036=ORIENTED_EDGE('',*,*,#10004,.F.) ;
#17037=ORIENTED_EDGE('',*,*,#9987,.F.) ;
#17040=ORIENTED_EDGE('',*,*,#10047,.F.) ;
#17041=ORIENTED_EDGE('',*,*,#10030,.F.) ;
#17044=ORIENTED_EDGE('',*,*,#10090,.F.) ;
#17045=ORIENTED_EDGE('',*,*,#10073,.F.) ;
#17048=ORIENTED_EDGE('',*,*,#16256,.F.) ;
#17049=ORIENTED_EDGE('',*,*,#16278,.F.) ;
#17052=ORIENTED_EDGE('',*,*,#10133,.F.) ;
#17053=ORIENTED_EDGE('',*,*,#10116,.F.) ;
#17056=ORIENTED_EDGE('',*,*,#10176,.F.) ;
#17057=ORIENTED_EDGE('',*,*,#10159,.F.) ;
#17060=ORIENTED_EDGE('',*,*,#10219,.F.) ;
#17061=ORIENTED_EDGE('',*,*,#10202,.F.) ;
#17064=ORIENTED_EDGE('',*,*,#10262,.F.) ;
#17065=ORIENTED_EDGE('',*,*,#10245,.F.) ;
#17068=ORIENTED_EDGE('',*,*,#10305,.F.) ;
#17069=ORIENTED_EDGE('',*,*,#10288,.F.) ;
#17072=ORIENTED_EDGE('',*,*,#10348,.F.) ;
#17073=ORIENTED_EDGE('',*,*,#10331,.F.) ;
#17076=ORIENTED_EDGE('',*,*,#10391,.F.) ;
#17077=ORIENTED_EDGE('',*,*,#10374,.F.) ;
#17080=ORIENTED_EDGE('',*,*,#10434,.F.) ;
#17081=ORIENTED_EDGE('',*,*,#10417,.F.) ;
#17084=ORIENTED_EDGE('',*,*,#10477,.F.) ;
#17085=ORIENTED_EDGE('',*,*,#10460,.F.) ;
#17088=ORIENTED_EDGE('',*,*,#10520,.F.) ;
#17089=ORIENTED_EDGE('',*,*,#10503,.F.) ;
#17092=ORIENTED_EDGE('',*,*,#10563,.F.) ;
#17093=ORIENTED_EDGE('',*,*,#10546,.F.) ;
#17096=ORIENTED_EDGE('',*,*,#10606,.F.) ;
#17097=ORIENTED_EDGE('',*,*,#10589,.F.) ;
#17100=ORIENTED_EDGE('',*,*,#10649,.F.) ;
#17101=ORIENTED_EDGE('',*,*,#10632,.F.) ;
#17104=ORIENTED_EDGE('',*,*,#10692,.F.) ;
#17105=ORIENTED_EDGE('',*,*,#10675,.F.) ;
#17108=ORIENTED_EDGE('',*,*,#10735,.F.) ;
#17109=ORIENTED_EDGE('',*,*,#10718,.F.) ;
#17112=ORIENTED_EDGE('',*,*,#10778,.F.) ;
#17113=ORIENTED_EDGE('',*,*,#10761,.F.) ;
#17116=ORIENTED_EDGE('',*,*,#10821,.F.) ;
#17117=ORIENTED_EDGE('',*,*,#10804,.F.) ;
#17120=ORIENTED_EDGE('',*,*,#10864,.F.) ;
#17121=ORIENTED_EDGE('',*,*,#10847,.F.) ;
#17124=ORIENTED_EDGE('',*,*,#10907,.F.) ;
#17125=ORIENTED_EDGE('',*,*,#10890,.F.) ;
#17128=ORIENTED_EDGE('',*,*,#10950,.F.) ;
#17129=ORIENTED_EDGE('',*,*,#10933,.F.) ;
#17132=ORIENTED_EDGE('',*,*,#10993,.F.) ;
#17133=ORIENTED_EDGE('',*,*,#10976,.F.) ;
#17136=ORIENTED_EDGE('',*,*,#11036,.F.) ;
#17137=ORIENTED_EDGE('',*,*,#11019,.F.) ;
#17140=ORIENTED_EDGE('',*,*,#11079,.F.) ;
#17141=ORIENTED_EDGE('',*,*,#11062,.F.) ;
#17144=ORIENTED_EDGE('',*,*,#11122,.F.) ;
#17145=ORIENTED_EDGE('',*,*,#11105,.F.) ;
#17148=ORIENTED_EDGE('',*,*,#11165,.F.) ;
#17149=ORIENTED_EDGE('',*,*,#11148,.F.) ;
#17152=ORIENTED_EDGE('',*,*,#11261,.F.) ;
#17153=ORIENTED_EDGE('',*,*,#11239,.F.) ;
#17154=ORIENTED_EDGE('',*,*,#11215,.F.) ;
#17155=ORIENTED_EDGE('',*,*,#11191,.F.) ;
#17158=ORIENTED_EDGE('',*,*,#11304,.F.) ;
#17159=ORIENTED_EDGE('',*,*,#11287,.F.) ;
#17162=ORIENTED_EDGE('',*,*,#11347,.F.) ;
#17163=ORIENTED_EDGE('',*,*,#11330,.F.) ;
#17166=ORIENTED_EDGE('',*,*,#11390,.F.) ;
#17167=ORIENTED_EDGE('',*,*,#11373,.F.) ;
#17170=ORIENTED_EDGE('',*,*,#11433,.F.) ;
#17171=ORIENTED_EDGE('',*,*,#11416,.F.) ;
#17174=ORIENTED_EDGE('',*,*,#11476,.F.) ;
#17175=ORIENTED_EDGE('',*,*,#11459,.F.) ;
#17178=ORIENTED_EDGE('',*,*,#11519,.F.) ;
#17179=ORIENTED_EDGE('',*,*,#11502,.F.) ;
#17182=ORIENTED_EDGE('',*,*,#11562,.F.) ;
#17183=ORIENTED_EDGE('',*,*,#11545,.F.) ;
#17186=ORIENTED_EDGE('',*,*,#11605,.F.) ;
#17187=ORIENTED_EDGE('',*,*,#11588,.F.) ;
#17190=ORIENTED_EDGE('',*,*,#11648,.F.) ;
#17191=ORIENTED_EDGE('',*,*,#11631,.F.) ;
#17194=ORIENTED_EDGE('',*,*,#11691,.F.) ;
#17195=ORIENTED_EDGE('',*,*,#11674,.F.) ;
#17198=ORIENTED_EDGE('',*,*,#11734,.F.) ;
#17199=ORIENTED_EDGE('',*,*,#11717,.F.) ;
#17202=ORIENTED_EDGE('',*,*,#11777,.F.) ;
#17203=ORIENTED_EDGE('',*,*,#11760,.F.) ;
#17206=ORIENTED_EDGE('',*,*,#11820,.F.) ;
#17207=ORIENTED_EDGE('',*,*,#11803,.F.) ;
#17210=ORIENTED_EDGE('',*,*,#11863,.F.) ;
#17211=ORIENTED_EDGE('',*,*,#11846,.F.) ;
#17214=ORIENTED_EDGE('',*,*,#11906,.F.) ;
#17215=ORIENTED_EDGE('',*,*,#11889,.F.) ;
#17218=ORIENTED_EDGE('',*,*,#11949,.F.) ;
#17219=ORIENTED_EDGE('',*,*,#11932,.F.) ;
#17222=ORIENTED_EDGE('',*,*,#11992,.F.) ;
#17223=ORIENTED_EDGE('',*,*,#11975,.F.) ;
#17226=ORIENTED_EDGE('',*,*,#12035,.F.) ;
#17227=ORIENTED_EDGE('',*,*,#12018,.F.) ;
#17230=ORIENTED_EDGE('',*,*,#12078,.F.) ;
#17231=ORIENTED_EDGE('',*,*,#12061,.F.) ;
#17234=ORIENTED_EDGE('',*,*,#12121,.F.) ;
#17235=ORIENTED_EDGE('',*,*,#12104,.F.) ;
#17238=ORIENTED_EDGE('',*,*,#12164,.F.) ;
#17239=ORIENTED_EDGE('',*,*,#12147,.F.) ;
#17242=ORIENTED_EDGE('',*,*,#12207,.F.) ;
#17243=ORIENTED_EDGE('',*,*,#12190,.F.) ;
#17246=ORIENTED_EDGE('',*,*,#12250,.F.) ;
#17247=ORIENTED_EDGE('',*,*,#12233,.F.) ;
#17250=ORIENTED_EDGE('',*,*,#12293,.F.) ;
#17251=ORIENTED_EDGE('',*,*,#12276,.F.) ;
#17254=ORIENTED_EDGE('',*,*,#12336,.F.) ;
#17255=ORIENTED_EDGE('',*,*,#12319,.F.) ;
#17258=ORIENTED_EDGE('',*,*,#12379,.F.) ;
#17259=ORIENTED_EDGE('',*,*,#12362,.F.) ;
#17262=ORIENTED_EDGE('',*,*,#12422,.F.) ;
#17263=ORIENTED_EDGE('',*,*,#12405,.F.) ;
#17266=ORIENTED_EDGE('',*,*,#12465,.F.) ;
#17267=ORIENTED_EDGE('',*,*,#12448,.F.) ;
#17270=ORIENTED_EDGE('',*,*,#12508,.F.) ;
#17271=ORIENTED_EDGE('',*,*,#12491,.F.) ;
#17274=ORIENTED_EDGE('',*,*,#12551,.F.) ;
#17275=ORIENTED_EDGE('',*,*,#12534,.F.) ;
#17278=ORIENTED_EDGE('',*,*,#12594,.F.) ;
#17279=ORIENTED_EDGE('',*,*,#12577,.F.) ;
#17282=ORIENTED_EDGE('',*,*,#12637,.F.) ;
#17283=ORIENTED_EDGE('',*,*,#12620,.F.) ;
#17286=ORIENTED_EDGE('',*,*,#12733,.F.) ;
#17287=ORIENTED_EDGE('',*,*,#12711,.F.) ;
#17288=ORIENTED_EDGE('',*,*,#12687,.F.) ;
#17289=ORIENTED_EDGE('',*,*,#12663,.F.) ;
#17292=ORIENTED_EDGE('',*,*,#12829,.F.) ;
#17293=ORIENTED_EDGE('',*,*,#12812,.T.) ;
#17294=ORIENTED_EDGE('',*,*,#12783,.F.) ;
#17295=ORIENTED_EDGE('',*,*,#12759,.F.) ;
#17298=ORIENTED_EDGE('',*,*,#12925,.T.) ;
#17299=ORIENTED_EDGE('',*,*,#12903,.F.) ;
#17300=ORIENTED_EDGE('',*,*,#12879,.F.) ;
#17301=ORIENTED_EDGE('',*,*,#12855,.F.) ;
#17304=ORIENTED_EDGE('',*,*,#13021,.T.) ;
#17305=ORIENTED_EDGE('',*,*,#12999,.F.) ;
#17306=ORIENTED_EDGE('',*,*,#12975,.F.) ;
#17307=ORIENTED_EDGE('',*,*,#12951,.F.) ;
#17310=ORIENTED_EDGE('',*,*,#13117,.F.) ;
#17311=ORIENTED_EDGE('',*,*,#13100,.T.) ;
#17312=ORIENTED_EDGE('',*,*,#13071,.F.) ;
#17313=ORIENTED_EDGE('',*,*,#13047,.F.) ;
#17316=ORIENTED_EDGE('',*,*,#13160,.F.) ;
#17317=ORIENTED_EDGE('',*,*,#13143,.F.) ;
#17320=ORIENTED_EDGE('',*,*,#13203,.F.) ;
#17321=ORIENTED_EDGE('',*,*,#13186,.F.) ;
#17324=ORIENTED_EDGE('',*,*,#13246,.F.) ;
#17325=ORIENTED_EDGE('',*,*,#13229,.F.) ;
#17328=ORIENTED_EDGE('',*,*,#13289,.F.) ;
#17329=ORIENTED_EDGE('',*,*,#13272,.F.) ;
#17332=ORIENTED_EDGE('',*,*,#13332,.F.) ;
#17333=ORIENTED_EDGE('',*,*,#13315,.F.) ;
#17336=ORIENTED_EDGE('',*,*,#13375,.F.) ;
#17337=ORIENTED_EDGE('',*,*,#13358,.F.) ;
#17340=ORIENTED_EDGE('',*,*,#13418,.F.) ;
#17341=ORIENTED_EDGE('',*,*,#13401,.F.) ;
#17344=ORIENTED_EDGE('',*,*,#13461,.F.) ;
#17345=ORIENTED_EDGE('',*,*,#13444,.F.) ;
#17348=ORIENTED_EDGE('',*,*,#13504,.F.) ;
#17349=ORIENTED_EDGE('',*,*,#13487,.F.) ;
#17352=ORIENTED_EDGE('',*,*,#13547,.F.) ;
#17353=ORIENTED_EDGE('',*,*,#13530,.F.) ;
#17356=ORIENTED_EDGE('',*,*,#13739,.T.) ;
#17357=ORIENTED_EDGE('',*,*,#13717,.F.) ;
#17358=ORIENTED_EDGE('',*,*,#13698,.T.) ;
#17359=ORIENTED_EDGE('',*,*,#13669,.F.) ;
#17360=ORIENTED_EDGE('',*,*,#13650,.T.) ;
#17361=ORIENTED_EDGE('',*,*,#13621,.F.) ;
#17362=ORIENTED_EDGE('',*,*,#13602,.T.) ;
#17363=ORIENTED_EDGE('',*,*,#13573,.F.) ;
#17366=ORIENTED_EDGE('',*,*,#13931,.T.) ;
#17367=ORIENTED_EDGE('',*,*,#13909,.F.) ;
#17368=ORIENTED_EDGE('',*,*,#13890,.T.) ;
#17369=ORIENTED_EDGE('',*,*,#13861,.F.) ;
#17370=ORIENTED_EDGE('',*,*,#13842,.T.) ;
#17371=ORIENTED_EDGE('',*,*,#13813,.F.) ;
#17372=ORIENTED_EDGE('',*,*,#13794,.T.) ;
#17373=ORIENTED_EDGE('',*,*,#13765,.F.) ;
#17376=ORIENTED_EDGE('',*,*,#13974,.F.) ;
#17377=ORIENTED_EDGE('',*,*,#13957,.F.) ;
#17380=ORIENTED_EDGE('',*,*,#14017,.F.) ;
#17381=ORIENTED_EDGE('',*,*,#14000,.F.) ;
#17384=ORIENTED_EDGE('',*,*,#14060,.F.) ;
#17385=ORIENTED_EDGE('',*,*,#14043,.F.) ;
#17388=ORIENTED_EDGE('',*,*,#14103,.F.) ;
#17389=ORIENTED_EDGE('',*,*,#14086,.F.) ;
#17392=ORIENTED_EDGE('',*,*,#14146,.F.) ;
#17393=ORIENTED_EDGE('',*,*,#14129,.F.) ;
#17396=ORIENTED_EDGE('',*,*,#14189,.F.) ;
#17397=ORIENTED_EDGE('',*,*,#14172,.F.) ;
#17400=ORIENTED_EDGE('',*,*,#14232,.F.) ;
#17401=ORIENTED_EDGE('',*,*,#14215,.F.) ;
#17404=ORIENTED_EDGE('',*,*,#14275,.F.) ;
#17405=ORIENTED_EDGE('',*,*,#14258,.F.) ;
#17408=ORIENTED_EDGE('',*,*,#14318,.F.) ;
#17409=ORIENTED_EDGE('',*,*,#14301,.F.) ;
#17412=ORIENTED_EDGE('',*,*,#14361,.F.) ;
#17413=ORIENTED_EDGE('',*,*,#14344,.F.) ;
#17416=ORIENTED_EDGE('',*,*,#14404,.F.) ;
#17417=ORIENTED_EDGE('',*,*,#14387,.F.) ;
#17420=ORIENTED_EDGE('',*,*,#14447,.F.) ;
#17421=ORIENTED_EDGE('',*,*,#14430,.F.) ;
#17424=ORIENTED_EDGE('',*,*,#14490,.F.) ;
#17425=ORIENTED_EDGE('',*,*,#14473,.F.) ;
#17428=ORIENTED_EDGE('',*,*,#14533,.F.) ;
#17429=ORIENTED_EDGE('',*,*,#14516,.F.) ;
#17432=ORIENTED_EDGE('',*,*,#14576,.F.) ;
#17433=ORIENTED_EDGE('',*,*,#14559,.F.) ;
#17436=ORIENTED_EDGE('',*,*,#14619,.F.) ;
#17437=ORIENTED_EDGE('',*,*,#14602,.F.) ;
#17440=ORIENTED_EDGE('',*,*,#14662,.F.) ;
#17441=ORIENTED_EDGE('',*,*,#14645,.F.) ;
#17444=ORIENTED_EDGE('',*,*,#14705,.F.) ;
#17445=ORIENTED_EDGE('',*,*,#14688,.F.) ;
#17448=ORIENTED_EDGE('',*,*,#14748,.F.) ;
#17449=ORIENTED_EDGE('',*,*,#14731,.F.) ;
#17452=ORIENTED_EDGE('',*,*,#14791,.F.) ;
#17453=ORIENTED_EDGE('',*,*,#14774,.F.) ;
#17456=ORIENTED_EDGE('',*,*,#14834,.F.) ;
#17457=ORIENTED_EDGE('',*,*,#14817,.F.) ;
#17460=ORIENTED_EDGE('',*,*,#14877,.F.) ;
#17461=ORIENTED_EDGE('',*,*,#14860,.F.) ;
#17464=ORIENTED_EDGE('',*,*,#14920,.F.) ;
#17465=ORIENTED_EDGE('',*,*,#14903,.F.) ;
#17468=ORIENTED_EDGE('',*,*,#14963,.F.) ;
#17469=ORIENTED_EDGE('',*,*,#14946,.F.) ;
#17472=ORIENTED_EDGE('',*,*,#15006,.F.) ;
#17473=ORIENTED_EDGE('',*,*,#14989,.F.) ;
#17476=ORIENTED_EDGE('',*,*,#15049,.F.) ;
#17477=ORIENTED_EDGE('',*,*,#15032,.F.) ;
#17480=ORIENTED_EDGE('',*,*,#15092,.F.) ;
#17481=ORIENTED_EDGE('',*,*,#15075,.F.) ;
#17484=ORIENTED_EDGE('',*,*,#15135,.F.) ;
#17485=ORIENTED_EDGE('',*,*,#15118,.F.) ;
#17488=ORIENTED_EDGE('',*,*,#15178,.F.) ;
#17489=ORIENTED_EDGE('',*,*,#15161,.F.) ;
#17492=ORIENTED_EDGE('',*,*,#15221,.F.) ;
#17493=ORIENTED_EDGE('',*,*,#15204,.F.) ;
#17496=ORIENTED_EDGE('',*,*,#15264,.F.) ;
#17497=ORIENTED_EDGE('',*,*,#15247,.F.) ;
#17500=ORIENTED_EDGE('',*,*,#15307,.F.) ;
#17501=ORIENTED_EDGE('',*,*,#15290,.F.) ;
#17504=ORIENTED_EDGE('',*,*,#15350,.F.) ;
#17505=ORIENTED_EDGE('',*,*,#15333,.F.) ;
#17508=ORIENTED_EDGE('',*,*,#15393,.F.) ;
#17509=ORIENTED_EDGE('',*,*,#15376,.F.) ;
#17512=ORIENTED_EDGE('',*,*,#15436,.F.) ;
#17513=ORIENTED_EDGE('',*,*,#15419,.F.) ;
#17516=ORIENTED_EDGE('',*,*,#15479,.F.) ;
#17517=ORIENTED_EDGE('',*,*,#15462,.F.) ;
#17520=ORIENTED_EDGE('',*,*,#15522,.F.) ;
#17521=ORIENTED_EDGE('',*,*,#15505,.F.) ;
#17524=ORIENTED_EDGE('',*,*,#15565,.F.) ;
#17525=ORIENTED_EDGE('',*,*,#15548,.F.) ;
#17528=ORIENTED_EDGE('',*,*,#15608,.F.) ;
#17529=ORIENTED_EDGE('',*,*,#15591,.F.) ;
#17532=ORIENTED_EDGE('',*,*,#15752,.T.) ;
#17533=ORIENTED_EDGE('',*,*,#15730,.F.) ;
#17534=ORIENTED_EDGE('',*,*,#15711,.T.) ;
#17535=ORIENTED_EDGE('',*,*,#15682,.F.) ;
#17536=ORIENTED_EDGE('',*,*,#15663,.T.) ;
#17537=ORIENTED_EDGE('',*,*,#15634,.F.) ;
#17540=ORIENTED_EDGE('',*,*,#15848,.F.) ;
#17541=ORIENTED_EDGE('',*,*,#15826,.F.) ;
#17542=ORIENTED_EDGE('',*,*,#15802,.F.) ;
#17543=ORIENTED_EDGE('',*,*,#15773,.F.) ;
#17546=ORIENTED_EDGE('',*,*,#15891,.F.) ;
#17547=ORIENTED_EDGE('',*,*,#15874,.F.) ;
#17550=ORIENTED_EDGE('',*,*,#15934,.F.) ;
#17551=ORIENTED_EDGE('',*,*,#15917,.F.) ;
#17554=ORIENTED_EDGE('',*,*,#15977,.F.) ;
#17555=ORIENTED_EDGE('',*,*,#15960,.F.) ;
#17558=ORIENTED_EDGE('',*,*,#16020,.F.) ;
#17559=ORIENTED_EDGE('',*,*,#16003,.F.) ;
#17562=ORIENTED_EDGE('',*,*,#16063,.F.) ;
#17563=ORIENTED_EDGE('',*,*,#16046,.F.) ;
#17566=ORIENTED_EDGE('',*,*,#16106,.F.) ;
#17567=ORIENTED_EDGE('',*,*,#16089,.F.) ;
#17570=ORIENTED_EDGE('',*,*,#16149,.T.) ;
#17571=ORIENTED_EDGE('',*,*,#16132,.T.) ;
#17574=ORIENTED_EDGE('',*,*,#16192,.F.) ;
#17575=ORIENTED_EDGE('',*,*,#16175,.F.) ;
#17578=ORIENTED_EDGE('',*,*,#16235,.F.) ;
#17579=ORIENTED_EDGE('',*,*,#16218,.F.) ;
#379=FACE_BOUND('',#376,.T.) ;
#397=FACE_BOUND('',#394,.T.) ;
#415=FACE_BOUND('',#412,.T.) ;
#433=FACE_BOUND('',#430,.T.) ;
#451=FACE_BOUND('',#448,.T.) ;
#469=FACE_BOUND('',#466,.T.) ;
#487=FACE_BOUND('',#484,.T.) ;
#505=FACE_BOUND('',#502,.T.) ;
#523=FACE_BOUND('',#520,.T.) ;
#541=FACE_BOUND('',#538,.T.) ;
#559=FACE_BOUND('',#556,.T.) ;
#577=FACE_BOUND('',#574,.T.) ;
#658=FACE_BOUND('',#652,.T.) ;
#712=FACE_BOUND('',#709,.T.) ;
#772=FACE_BOUND('',#766,.T.) ;
#806=FACE_BOUND('',#801,.T.) ;
#840=FACE_BOUND('',#835,.T.) ;
#874=FACE_BOUND('',#869,.T.) ;
#908=FACE_BOUND('',#903,.T.) ;
#926=FACE_BOUND('',#923,.T.) ;
#944=FACE_BOUND('',#941,.T.) ;
#962=FACE_BOUND('',#959,.T.) ;
#980=FACE_BOUND('',#977,.T.) ;
#998=FACE_BOUND('',#995,.T.) ;
#1016=FACE_BOUND('',#1013,.T.) ;
#1034=FACE_BOUND('',#1031,.T.) ;
#1052=FACE_BOUND('',#1049,.T.) ;
#1070=FACE_BOUND('',#1067,.T.) ;
#1088=FACE_BOUND('',#1085,.T.) ;
#1106=FACE_BOUND('',#1103,.T.) ;
#1124=FACE_BOUND('',#1121,.T.) ;
#1142=FACE_BOUND('',#1139,.T.) ;
#1160=FACE_BOUND('',#1157,.T.) ;
#1178=FACE_BOUND('',#1175,.T.) ;
#1196=FACE_BOUND('',#1193,.T.) ;
#1214=FACE_BOUND('',#1211,.T.) ;
#1232=FACE_BOUND('',#1229,.T.) ;
#1250=FACE_BOUND('',#1247,.T.) ;
#1268=FACE_BOUND('',#1265,.T.) ;
#1286=FACE_BOUND('',#1283,.T.) ;
#1304=FACE_BOUND('',#1301,.T.) ;
#1322=FACE_BOUND('',#1319,.T.) ;
#1340=FACE_BOUND('',#1337,.T.) ;
#1358=FACE_BOUND('',#1355,.T.) ;
#1376=FACE_BOUND('',#1373,.T.) ;
#1394=FACE_BOUND('',#1391,.T.) ;
#1412=FACE_BOUND('',#1409,.T.) ;
#1430=FACE_BOUND('',#1427,.T.) ;
#1448=FACE_BOUND('',#1445,.T.) ;
#1466=FACE_BOUND('',#1463,.T.) ;
#1484=FACE_BOUND('',#1481,.T.) ;
#1502=FACE_BOUND('',#1499,.T.) ;
#1520=FACE_BOUND('',#1517,.T.) ;
#1538=FACE_BOUND('',#1535,.T.) ;
#1556=FACE_BOUND('',#1553,.T.) ;
#1574=FACE_BOUND('',#1571,.T.) ;
#1592=FACE_BOUND('',#1589,.T.) ;
#1610=FACE_BOUND('',#1607,.T.) ;
#1628=FACE_BOUND('',#1625,.T.) ;
#1646=FACE_BOUND('',#1643,.T.) ;
#1664=FACE_BOUND('',#1661,.T.) ;
#1682=FACE_BOUND('',#1679,.T.) ;
#1700=FACE_BOUND('',#1697,.T.) ;
#1734=FACE_BOUND('',#1729,.T.) ;
#1768=FACE_BOUND('',#1763,.T.) ;
#1802=FACE_BOUND('',#1797,.T.) ;
#1836=FACE_BOUND('',#1831,.T.) ;
#1854=FACE_BOUND('',#1851,.T.) ;
#1872=FACE_BOUND('',#1869,.T.) ;
#1890=FACE_BOUND('',#1887,.T.) ;
#1908=FACE_BOUND('',#1905,.T.) ;
#1926=FACE_BOUND('',#1923,.T.) ;
#1944=FACE_BOUND('',#1941,.T.) ;
#1978=FACE_BOUND('',#1973,.T.) ;
#2012=FACE_BOUND('',#2007,.T.) ;
#2046=FACE_BOUND('',#2041,.T.) ;
#2080=FACE_BOUND('',#2075,.T.) ;
#2114=FACE_BOUND('',#2109,.T.) ;
#2148=FACE_BOUND('',#2143,.T.) ;
#2182=FACE_BOUND('',#2177,.T.) ;
#2200=FACE_BOUND('',#2197,.T.) ;
#2218=FACE_BOUND('',#2215,.T.) ;
#2236=FACE_BOUND('',#2233,.T.) ;
#2254=FACE_BOUND('',#2251,.T.) ;
#2272=FACE_BOUND('',#2269,.T.) ;
#2290=FACE_BOUND('',#2287,.T.) ;
#2308=FACE_BOUND('',#2305,.T.) ;
#2326=FACE_BOUND('',#2323,.T.) ;
#2344=FACE_BOUND('',#2341,.T.) ;
#2362=FACE_BOUND('',#2359,.T.) ;
#2380=FACE_BOUND('',#2377,.T.) ;
#2398=FACE_BOUND('',#2395,.T.) ;
#2452=FACE_BOUND('',#2449,.T.) ;
#2470=FACE_BOUND('',#2467,.T.) ;
#2488=FACE_BOUND('',#2485,.T.) ;
#2506=FACE_BOUND('',#2503,.T.) ;
#2524=FACE_BOUND('',#2521,.T.) ;
#2542=FACE_BOUND('',#2539,.T.) ;
#2560=FACE_BOUND('',#2557,.T.) ;
#2578=FACE_BOUND('',#2575,.T.) ;
#2596=FACE_BOUND('',#2593,.T.) ;
#2614=FACE_BOUND('',#2611,.T.) ;
#2632=FACE_BOUND('',#2629,.T.) ;
#2650=FACE_BOUND('',#2647,.T.) ;
#2668=FACE_BOUND('',#2665,.T.) ;
#2686=FACE_BOUND('',#2683,.T.) ;
#2704=FACE_BOUND('',#2701,.T.) ;
#2722=FACE_BOUND('',#2719,.T.) ;
#2740=FACE_BOUND('',#2737,.T.) ;
#2758=FACE_BOUND('',#2755,.T.) ;
#2776=FACE_BOUND('',#2773,.T.) ;
#2794=FACE_BOUND('',#2791,.T.) ;
#2812=FACE_BOUND('',#2809,.T.) ;
#2830=FACE_BOUND('',#2827,.T.) ;
#2848=FACE_BOUND('',#2845,.T.) ;
#2866=FACE_BOUND('',#2863,.T.) ;
#2884=FACE_BOUND('',#2881,.T.) ;
#2902=FACE_BOUND('',#2899,.T.) ;
#2936=FACE_BOUND('',#2931,.T.) ;
#2954=FACE_BOUND('',#2951,.T.) ;
#2972=FACE_BOUND('',#2969,.T.) ;
#2990=FACE_BOUND('',#2987,.T.) ;
#3008=FACE_BOUND('',#3005,.T.) ;
#3026=FACE_BOUND('',#3023,.T.) ;
#3044=FACE_BOUND('',#3041,.T.) ;
#3062=FACE_BOUND('',#3059,.T.) ;
#3080=FACE_BOUND('',#3077,.T.) ;
#3098=FACE_BOUND('',#3095,.T.) ;
#3116=FACE_BOUND('',#3113,.T.) ;
#3134=FACE_BOUND('',#3131,.T.) ;
#3152=FACE_BOUND('',#3149,.T.) ;
#3170=FACE_BOUND('',#3167,.T.) ;
#3188=FACE_BOUND('',#3185,.T.) ;
#3206=FACE_BOUND('',#3203,.T.) ;
#3224=FACE_BOUND('',#3221,.T.) ;
#3242=FACE_BOUND('',#3239,.T.) ;
#3260=FACE_BOUND('',#3257,.T.) ;
#3278=FACE_BOUND('',#3275,.T.) ;
#3296=FACE_BOUND('',#3293,.T.) ;
#3314=FACE_BOUND('',#3311,.T.) ;
#3332=FACE_BOUND('',#3329,.T.) ;
#3350=FACE_BOUND('',#3347,.T.) ;
#3368=FACE_BOUND('',#3365,.T.) ;
#3386=FACE_BOUND('',#3383,.T.) ;
#3404=FACE_BOUND('',#3401,.T.) ;
#3422=FACE_BOUND('',#3419,.T.) ;
#3440=FACE_BOUND('',#3437,.T.) ;
#3458=FACE_BOUND('',#3455,.T.) ;
#3476=FACE_BOUND('',#3473,.T.) ;
#3494=FACE_BOUND('',#3491,.T.) ;
#3512=FACE_BOUND('',#3509,.T.) ;
#3546=FACE_BOUND('',#3541,.T.) ;
#3580=FACE_BOUND('',#3575,.T.) ;
#3614=FACE_BOUND('',#3609,.T.) ;
#3648=FACE_BOUND('',#3643,.T.) ;
#3682=FACE_BOUND('',#3677,.T.) ;
#3700=FACE_BOUND('',#3697,.T.) ;
#3718=FACE_BOUND('',#3715,.T.) ;
#3736=FACE_BOUND('',#3733,.T.) ;
#3754=FACE_BOUND('',#3751,.T.) ;
#3772=FACE_BOUND('',#3769,.T.) ;
#3790=FACE_BOUND('',#3787,.T.) ;
#3808=FACE_BOUND('',#3805,.T.) ;
#3826=FACE_BOUND('',#3823,.T.) ;
#3844=FACE_BOUND('',#3841,.T.) ;
#3862=FACE_BOUND('',#3859,.T.) ;
#3928=FACE_BOUND('',#3919,.T.) ;
#3994=FACE_BOUND('',#3985,.T.) ;
#4012=FACE_BOUND('',#4009,.T.) ;
#4030=FACE_BOUND('',#4027,.T.) ;
#4048=FACE_BOUND('',#4045,.T.) ;
#4066=FACE_BOUND('',#4063,.T.) ;
#4084=FACE_BOUND('',#4081,.T.) ;
#4102=FACE_BOUND('',#4099,.T.) ;
#4120=FACE_BOUND('',#4117,.T.) ;
#4138=FACE_BOUND('',#4135,.T.) ;
#4156=FACE_BOUND('',#4153,.T.) ;
#4174=FACE_BOUND('',#4171,.T.) ;
#4192=FACE_BOUND('',#4189,.T.) ;
#4210=FACE_BOUND('',#4207,.T.) ;
#4228=FACE_BOUND('',#4225,.T.) ;
#4246=FACE_BOUND('',#4243,.T.) ;
#4264=FACE_BOUND('',#4261,.T.) ;
#4282=FACE_BOUND('',#4279,.T.) ;
#4300=FACE_BOUND('',#4297,.T.) ;
#4318=FACE_BOUND('',#4315,.T.) ;
#4336=FACE_BOUND('',#4333,.T.) ;
#4354=FACE_BOUND('',#4351,.T.) ;
#4372=FACE_BOUND('',#4369,.T.) ;
#4390=FACE_BOUND('',#4387,.T.) ;
#4408=FACE_BOUND('',#4405,.T.) ;
#4426=FACE_BOUND('',#4423,.T.) ;
#4444=FACE_BOUND('',#4441,.T.) ;
#4462=FACE_BOUND('',#4459,.T.) ;
#4480=FACE_BOUND('',#4477,.T.) ;
#4498=FACE_BOUND('',#4495,.T.) ;
#4516=FACE_BOUND('',#4513,.T.) ;
#4534=FACE_BOUND('',#4531,.T.) ;
#4552=FACE_BOUND('',#4549,.T.) ;
#4570=FACE_BOUND('',#4567,.T.) ;
#4588=FACE_BOUND('',#4585,.T.) ;
#4606=FACE_BOUND('',#4603,.T.) ;
#4624=FACE_BOUND('',#4621,.T.) ;
#4642=FACE_BOUND('',#4639,.T.) ;
#4660=FACE_BOUND('',#4657,.T.) ;
#4678=FACE_BOUND('',#4675,.T.) ;
#4696=FACE_BOUND('',#4693,.T.) ;
#4746=FACE_BOUND('',#4739,.T.) ;
#4780=FACE_BOUND('',#4775,.T.) ;
#4798=FACE_BOUND('',#4795,.T.) ;
#4816=FACE_BOUND('',#4813,.T.) ;
#4834=FACE_BOUND('',#4831,.T.) ;
#4852=FACE_BOUND('',#4849,.T.) ;
#4870=FACE_BOUND('',#4867,.T.) ;
#4888=FACE_BOUND('',#4885,.T.) ;
#4906=FACE_BOUND('',#4903,.T.) ;
#4924=FACE_BOUND('',#4921,.T.) ;
#4942=FACE_BOUND('',#4939,.T.) ;
#16646=FACE_BOUND('',#16643,.T.) ;
#16650=FACE_BOUND('',#16647,.T.) ;
#16654=FACE_BOUND('',#16651,.T.) ;
#16658=FACE_BOUND('',#16655,.T.) ;
#16662=FACE_BOUND('',#16659,.T.) ;
#16666=FACE_BOUND('',#16663,.T.) ;
#16670=FACE_BOUND('',#16667,.T.) ;
#16674=FACE_BOUND('',#16671,.T.) ;
#16678=FACE_BOUND('',#16675,.T.) ;
#16682=FACE_BOUND('',#16679,.T.) ;
#16686=FACE_BOUND('',#16683,.T.) ;
#16690=FACE_BOUND('',#16687,.T.) ;
#16694=FACE_BOUND('',#16691,.T.) ;
#16701=FACE_BOUND('',#16695,.T.) ;
#16708=FACE_BOUND('',#16702,.T.) ;
#16714=FACE_BOUND('',#16709,.T.) ;
#16720=FACE_BOUND('',#16715,.T.) ;
#16726=FACE_BOUND('',#16721,.T.) ;
#16732=FACE_BOUND('',#16727,.T.) ;
#16736=FACE_BOUND('',#16733,.T.) ;
#16740=FACE_BOUND('',#16737,.T.) ;
#16744=FACE_BOUND('',#16741,.T.) ;
#16748=FACE_BOUND('',#16745,.T.) ;
#16752=FACE_BOUND('',#16749,.T.) ;
#16756=FACE_BOUND('',#16753,.T.) ;
#16760=FACE_BOUND('',#16757,.T.) ;
#16764=FACE_BOUND('',#16761,.T.) ;
#16768=FACE_BOUND('',#16765,.T.) ;
#16772=FACE_BOUND('',#16769,.T.) ;
#16776=FACE_BOUND('',#16773,.T.) ;
#16780=FACE_BOUND('',#16777,.T.) ;
#16784=FACE_BOUND('',#16781,.T.) ;
#16788=FACE_BOUND('',#16785,.T.) ;
#16792=FACE_BOUND('',#16789,.T.) ;
#16796=FACE_BOUND('',#16793,.T.) ;
#16800=FACE_BOUND('',#16797,.T.) ;
#16804=FACE_BOUND('',#16801,.T.) ;
#16808=FACE_BOUND('',#16805,.T.) ;
#16812=FACE_BOUND('',#16809,.T.) ;
#16816=FACE_BOUND('',#16813,.T.) ;
#16820=FACE_BOUND('',#16817,.T.) ;
#16824=FACE_BOUND('',#16821,.T.) ;
#16828=FACE_BOUND('',#16825,.T.) ;
#16832=FACE_BOUND('',#16829,.T.) ;
#16836=FACE_BOUND('',#16833,.T.) ;
#16840=FACE_BOUND('',#16837,.T.) ;
#16844=FACE_BOUND('',#16841,.T.) ;
#16848=FACE_BOUND('',#16845,.T.) ;
#16852=FACE_BOUND('',#16849,.T.) ;
#16856=FACE_BOUND('',#16853,.T.) ;
#16860=FACE_BOUND('',#16857,.T.) ;
#16864=FACE_BOUND('',#16861,.T.) ;
#16868=FACE_BOUND('',#16865,.T.) ;
#16872=FACE_BOUND('',#16869,.T.) ;
#16876=FACE_BOUND('',#16873,.T.) ;
#16880=FACE_BOUND('',#16877,.T.) ;
#16884=FACE_BOUND('',#16881,.T.) ;
#16888=FACE_BOUND('',#16885,.T.) ;
#16892=FACE_BOUND('',#16889,.T.) ;
#16896=FACE_BOUND('',#16893,.T.) ;
#16900=FACE_BOUND('',#16897,.T.) ;
#16904=FACE_BOUND('',#16901,.T.) ;
#16908=FACE_BOUND('',#16905,.T.) ;
#16914=FACE_BOUND('',#16909,.T.) ;
#16920=FACE_BOUND('',#16915,.T.) ;
#16926=FACE_BOUND('',#16921,.T.) ;
#16932=FACE_BOUND('',#16927,.T.) ;
#16936=FACE_BOUND('',#16933,.T.) ;
#16940=FACE_BOUND('',#16937,.T.) ;
#16944=FACE_BOUND('',#16941,.T.) ;
#16948=FACE_BOUND('',#16945,.T.) ;
#16952=FACE_BOUND('',#16949,.T.) ;
#16956=FACE_BOUND('',#16953,.T.) ;
#16962=FACE_BOUND('',#16957,.T.) ;
#16968=FACE_BOUND('',#16963,.T.) ;
#16974=FACE_BOUND('',#16969,.T.) ;
#16980=FACE_BOUND('',#16975,.T.) ;
#16986=FACE_BOUND('',#16981,.T.) ;
#16992=FACE_BOUND('',#16987,.T.) ;
#16998=FACE_BOUND('',#16993,.T.) ;
#17002=FACE_BOUND('',#16999,.T.) ;
#17006=FACE_BOUND('',#17003,.T.) ;
#17010=FACE_BOUND('',#17007,.T.) ;
#17014=FACE_BOUND('',#17011,.T.) ;
#17018=FACE_BOUND('',#17015,.T.) ;
#17022=FACE_BOUND('',#17019,.T.) ;
#17026=FACE_BOUND('',#17023,.T.) ;
#17030=FACE_BOUND('',#17027,.T.) ;
#17034=FACE_BOUND('',#17031,.T.) ;
#17038=FACE_BOUND('',#17035,.T.) ;
#17042=FACE_BOUND('',#17039,.T.) ;
#17046=FACE_BOUND('',#17043,.T.) ;
#17050=FACE_BOUND('',#17047,.T.) ;
#17054=FACE_BOUND('',#17051,.T.) ;
#17058=FACE_BOUND('',#17055,.T.) ;
#17062=FACE_BOUND('',#17059,.T.) ;
#17066=FACE_BOUND('',#17063,.T.) ;
#17070=FACE_BOUND('',#17067,.T.) ;
#17074=FACE_BOUND('',#17071,.T.) ;
#17078=FACE_BOUND('',#17075,.T.) ;
#17082=FACE_BOUND('',#17079,.T.) ;
#17086=FACE_BOUND('',#17083,.T.) ;
#17090=FACE_BOUND('',#17087,.T.) ;
#17094=FACE_BOUND('',#17091,.T.) ;
#17098=FACE_BOUND('',#17095,.T.) ;
#17102=FACE_BOUND('',#17099,.T.) ;
#17106=FACE_BOUND('',#17103,.T.) ;
#17110=FACE_BOUND('',#17107,.T.) ;
#17114=FACE_BOUND('',#17111,.T.) ;
#17118=FACE_BOUND('',#17115,.T.) ;
#17122=FACE_BOUND('',#17119,.T.) ;
#17126=FACE_BOUND('',#17123,.T.) ;
#17130=FACE_BOUND('',#17127,.T.) ;
#17134=FACE_BOUND('',#17131,.T.) ;
#17138=FACE_BOUND('',#17135,.T.) ;
#17142=FACE_BOUND('',#17139,.T.) ;
#17146=FACE_BOUND('',#17143,.T.) ;
#17150=FACE_BOUND('',#17147,.T.) ;
#17156=FACE_BOUND('',#17151,.T.) ;
#17160=FACE_BOUND('',#17157,.T.) ;
#17164=FACE_BOUND('',#17161,.T.) ;
#17168=FACE_BOUND('',#17165,.T.) ;
#17172=FACE_BOUND('',#17169,.T.) ;
#17176=FACE_BOUND('',#17173,.T.) ;
#17180=FACE_BOUND('',#17177,.T.) ;
#17184=FACE_BOUND('',#17181,.T.) ;
#17188=FACE_BOUND('',#17185,.T.) ;
#17192=FACE_BOUND('',#17189,.T.) ;
#17196=FACE_BOUND('',#17193,.T.) ;
#17200=FACE_BOUND('',#17197,.T.) ;
#17204=FACE_BOUND('',#17201,.T.) ;
#17208=FACE_BOUND('',#17205,.T.) ;
#17212=FACE_BOUND('',#17209,.T.) ;
#17216=FACE_BOUND('',#17213,.T.) ;
#17220=FACE_BOUND('',#17217,.T.) ;
#17224=FACE_BOUND('',#17221,.T.) ;
#17228=FACE_BOUND('',#17225,.T.) ;
#17232=FACE_BOUND('',#17229,.T.) ;
#17236=FACE_BOUND('',#17233,.T.) ;
#17240=FACE_BOUND('',#17237,.T.) ;
#17244=FACE_BOUND('',#17241,.T.) ;
#17248=FACE_BOUND('',#17245,.T.) ;
#17252=FACE_BOUND('',#17249,.T.) ;
#17256=FACE_BOUND('',#17253,.T.) ;
#17260=FACE_BOUND('',#17257,.T.) ;
#17264=FACE_BOUND('',#17261,.T.) ;
#17268=FACE_BOUND('',#17265,.T.) ;
#17272=FACE_BOUND('',#17269,.T.) ;
#17276=FACE_BOUND('',#17273,.T.) ;
#17280=FACE_BOUND('',#17277,.T.) ;
#17284=FACE_BOUND('',#17281,.T.) ;
#17290=FACE_BOUND('',#17285,.T.) ;
#17296=FACE_BOUND('',#17291,.T.) ;
#17302=FACE_BOUND('',#17297,.T.) ;
#17308=FACE_BOUND('',#17303,.T.) ;
#17314=FACE_BOUND('',#17309,.T.) ;
#17318=FACE_BOUND('',#17315,.T.) ;
#17322=FACE_BOUND('',#17319,.T.) ;
#17326=FACE_BOUND('',#17323,.T.) ;
#17330=FACE_BOUND('',#17327,.T.) ;
#17334=FACE_BOUND('',#17331,.T.) ;
#17338=FACE_BOUND('',#17335,.T.) ;
#17342=FACE_BOUND('',#17339,.T.) ;
#17346=FACE_BOUND('',#17343,.T.) ;
#17350=FACE_BOUND('',#17347,.T.) ;
#17354=FACE_BOUND('',#17351,.T.) ;
#17364=FACE_BOUND('',#17355,.T.) ;
#17374=FACE_BOUND('',#17365,.T.) ;
#17378=FACE_BOUND('',#17375,.T.) ;
#17382=FACE_BOUND('',#17379,.T.) ;
#17386=FACE_BOUND('',#17383,.T.) ;
#17390=FACE_BOUND('',#17387,.T.) ;
#17394=FACE_BOUND('',#17391,.T.) ;
#17398=FACE_BOUND('',#17395,.T.) ;
#17402=FACE_BOUND('',#17399,.T.) ;
#17406=FACE_BOUND('',#17403,.T.) ;
#17410=FACE_BOUND('',#17407,.T.) ;
#17414=FACE_BOUND('',#17411,.T.) ;
#17418=FACE_BOUND('',#17415,.T.) ;
#17422=FACE_BOUND('',#17419,.T.) ;
#17426=FACE_BOUND('',#17423,.T.) ;
#17430=FACE_BOUND('',#17427,.T.) ;
#17434=FACE_BOUND('',#17431,.T.) ;
#17438=FACE_BOUND('',#17435,.T.) ;
#17442=FACE_BOUND('',#17439,.T.) ;
#17446=FACE_BOUND('',#17443,.T.) ;
#17450=FACE_BOUND('',#17447,.T.) ;
#17454=FACE_BOUND('',#17451,.T.) ;
#17458=FACE_BOUND('',#17455,.T.) ;
#17462=FACE_BOUND('',#17459,.T.) ;
#17466=FACE_BOUND('',#17463,.T.) ;
#17470=FACE_BOUND('',#17467,.T.) ;
#17474=FACE_BOUND('',#17471,.T.) ;
#17478=FACE_BOUND('',#17475,.T.) ;
#17482=FACE_BOUND('',#17479,.T.) ;
#17486=FACE_BOUND('',#17483,.T.) ;
#17490=FACE_BOUND('',#17487,.T.) ;
#17494=FACE_BOUND('',#17491,.T.) ;
#17498=FACE_BOUND('',#17495,.T.) ;
#17502=FACE_BOUND('',#17499,.T.) ;
#17506=FACE_BOUND('',#17503,.T.) ;
#17510=FACE_BOUND('',#17507,.T.) ;
#17514=FACE_BOUND('',#17511,.T.) ;
#17518=FACE_BOUND('',#17515,.T.) ;
#17522=FACE_BOUND('',#17519,.T.) ;
#17526=FACE_BOUND('',#17523,.T.) ;
#17530=FACE_BOUND('',#17527,.T.) ;
#17538=FACE_BOUND('',#17531,.T.) ;
#17544=FACE_BOUND('',#17539,.T.) ;
#17548=FACE_BOUND('',#17545,.T.) ;
#17552=FACE_BOUND('',#17549,.T.) ;
#17556=FACE_BOUND('',#17553,.T.) ;
#17560=FACE_BOUND('',#17557,.T.) ;
#17564=FACE_BOUND('',#17561,.T.) ;
#17568=FACE_BOUND('',#17565,.T.) ;
#17572=FACE_BOUND('',#17569,.T.) ;
#17576=FACE_BOUND('',#17573,.T.) ;
#17580=FACE_BOUND('',#17577,.T.) ;
#69=CLOSED_SHELL('Closed Shell',(#109,#4943,#4967,#4998,#5022,#5046,#5070,#5094,#5118,#5149,#5173,#5204,#5228,#5254,#5278,#5302,#5326,#5345,#5369,#5400,#5412,#5443,#5455,#5486,#5498,#5529,#5541,#5572,#5584,#5615,#5627,#5658,#5670,#5701,#5713,#5744,#5756,#5787,#5799,#5830,#5842,#5873,#5885,#5916,#5947,#5987,#6011,#6042,#6066,#6090,#6107,#6138,#6162,#6186,#6203,#6229,#6253,#6272,#6289,#6320,#6339,#6363,#6375,#6406,#6418,#6449,#6461,#6492,#6504,#6535,#6547,#6578,#6590,#6621,#6633,#6664,#6676,#6707,#6719,#6750,#6762,#6793,#6805,#6836,#6848,#6879,#6891,#6922,#6934,#6965,#6977,#7008,#7020,#7051,#7063,#7094,#7106,#7137,#7149,#7180,#7192,#7223,#7235,#7266,#7278,#7309,#7321,#7352,#7364,#7395,#7407,#7438,#7450,#7481,#7493,#7524,#7536,#7567,#7579,#7610,#7622,#7653,#7665,#7696,#7708,#7739,#7751,#7782,#7794,#7825,#7837,#7868,#7880,#7911,#7923,#7954,#7966,#7997,#8009,#8040,#8052,#8083,#8095,#8126,#8138,#8169,#8181,#8212,#8224,#8255,#8267,#8298,#8322,#8346,#8363,#8394,#8418,#8442,#8459,#8490,#8514,#8538,#8555,#8586,#8610,#8634,#8651,#8682,#8694,#8725,#8737,#8768,#8780,#8811,#8823,#8854,#8866,#8897,#8909,#8940,#8964,#8988,#9005,#9036,#9060,#9084,#9101,#9132,#9156,#9180,#9197,#9228,#9252,#9276,#9293,#9324,#9348,#9372,#9389,#9420,#9444,#9468,#9485,#9516,#9540,#9564,#9581,#9612,#9624,#9655,#9667,#9698,#9710,#9741,#9753,#9784,#9796,#9827,#9839,#9870,#9882,#9913,#9925,#9956,#9968,#9999,#10011,#10042,#10054,#10085,#10097,#10128,#10140,#10171,#10183,#10214,#10226,#10257,#10269,#10300,#10312,#10343,#10355,#10386,#10398,#10429,#10441,#10472,#10484,#10515,#10527,#10558,#10570,#10601,#10613,#10644,#10656,#10687,#10699,#10730,#10742,#10773,#10785,#10816,#10828,#10859,#10871,#10902,#10914,#10945,#10957,#10988,#11000,#11031,#11043,#11074,#11086,#11117,#11129,#11160,#11172,#11203,#11227,#11251,#11268,#11299,#11311,#11342,#11354,#11385,#11397,#11428,#11440,#11471,#11483,#11514,#11526,#11557,#11569,#11600,#11612,#11643,#11655,#11686,#11698,#11729,#11741,#11772,#11784,#11815,#11827,#11858,#11870,#11901,#11913,#11944,#11956,#11987,#11999,#12030,#12042,#12073,#12085,#12116,#12128,#12159,#12171,#12202,#12214,#12245,#12257,#12288,#12300,#12331,#12343,#12374,#12386,#12417,#12429,#12460,#12472,#12503,#12515,#12546,#12558,#12589,#12601,#12632,#12644,#12675,#12699,#12723,#12740,#12771,#12795,#12819,#12836,#12867,#12891,#12915,#12932,#12963,#12987,#13011,#13028,#13059,#13083,#13107,#13124,#13155,#13167,#13198,#13210,#13241,#13253,#13284,#13296,#13327,#13339,#13370,#13382,#13413,#13425,#13456,#13468,#13499,#13511,#13542,#13554,#13585,#13609,#13633,#13657,#13681,#13705,#13729,#13746,#13777,#13801,#13825,#13849,#13873,#13897,#13921,#13938,#13969,#13981,#14012,#14024,#14055,#14067,#14098,#14110,#14141,#14153,#14184,#14196,#14227,#14239,#14270,#14282,#14313,#14325,#14356,#14368,#14399,#14411,#14442,#14454,#14485,#14497,#14528,#14540,#14571,#14583,#14614,#14626,#14657,#14669,#14700,#14712,#14743,#14755,#14786,#14798,#14829,#14841,#14872,#14884,#14915,#14927,#14958,#14970,#15001,#15013,#15044,#15056,#15087,#15099,#15130,#15142,#15173,#15185,#15216,#15228,#15259,#15271,#15302,#15314,#15345,#15357,#15388,#15400,#15431,#15443,#15474,#15486,#15517,#15529,#15560,#15572,#15603,#15615,#15646,#15670,#15694,#15718,#15742,#15759,#15790,#15814,#15838,#15855,#15886,#15898,#15929,#15941,#15972,#15984,#16015,#16027,#16058,#16070,#16101,#16113,#16144,#16156,#16187,#16199,#16230,#16242,#16273,#16285,#16309,#16326,#16357,#16369,#16395,#16412,#16429,#16453,#16472,#16489,#16513,#16530,#16547,#16571,#16590,#16607,#17581)) ;
#17589=ITEM_DEFINED_TRANSFORMATION(' ',' ',#17591,#17590) ;
#17602=ITEM_DEFINED_TRANSFORMATION(' ',' ',#17604,#17603) ;
#77=VECTOR('Line Direction',#76,1.) ;
#86=VECTOR('Line Direction',#85,1.) ;
#93=VECTOR('Line Direction',#92,1.) ;
#100=VECTOR('Line Direction',#99,1.) ;
#131=VECTOR('Line Direction',#130,1.) ;
#145=VECTOR('Line Direction',#144,1.) ;
#159=VECTOR('Line Direction',#158,1.) ;
#173=VECTOR('Line Direction',#172,1.) ;
#196=VECTOR('Line Direction',#195,1.) ;
#213=VECTOR('Line Direction',#212,1.) ;
#227=VECTOR('Line Direction',#226,1.) ;
#250=VECTOR('Line Direction',#249,1.) ;
#264=VECTOR('Line Direction',#263,1.) ;
#278=VECTOR('Line Direction',#277,1.) ;
#292=VECTOR('Line Direction',#291,1.) ;
#306=VECTOR('Line Direction',#305,1.) ;
#329=VECTOR('Line Direction',#328,1.) ;
#607=VECTOR('Line Direction',#606,1.) ;
#649=VECTOR('Line Direction',#648,1.) ;
#715=VECTOR('Line Direction',#714,1.) ;
#738=VECTOR('Line Direction',#737,1.) ;
#784=VECTOR('Line Direction',#783,1.) ;
#798=VECTOR('Line Direction',#797,1.) ;
#818=VECTOR('Line Direction',#817,1.) ;
#832=VECTOR('Line Direction',#831,1.) ;
#843=VECTOR('Line Direction',#842,1.) ;
#859=VECTOR('Line Direction',#858,1.) ;
#886=VECTOR('Line Direction',#885,1.) ;
#900=VECTOR('Line Direction',#899,1.) ;
#1712=VECTOR('Line Direction',#1711,1.) ;
#1726=VECTOR('Line Direction',#1725,1.) ;
#1737=VECTOR('Line Direction',#1736,1.) ;
#1753=VECTOR('Line Direction',#1752,1.) ;
#1780=VECTOR('Line Direction',#1779,1.) ;
#1794=VECTOR('Line Direction',#1793,1.) ;
#1814=VECTOR('Line Direction',#1813,1.) ;
#1828=VECTOR('Line Direction',#1827,1.) ;
#1956=VECTOR('Line Direction',#1955,1.) ;
#1970=VECTOR('Line Direction',#1969,1.) ;
#1981=VECTOR('Line Direction',#1980,1.) ;
#1997=VECTOR('Line Direction',#1996,1.) ;
#2024=VECTOR('Line Direction',#2023,1.) ;
#2038=VECTOR('Line Direction',#2037,1.) ;
#2058=VECTOR('Line Direction',#2057,1.) ;
#2072=VECTOR('Line Direction',#2071,1.) ;
#2092=VECTOR('Line Direction',#2091,1.) ;
#2106=VECTOR('Line Direction',#2105,1.) ;
#2126=VECTOR('Line Direction',#2125,1.) ;
#2140=VECTOR('Line Direction',#2139,1.) ;
#2160=VECTOR('Line Direction',#2159,1.) ;
#2174=VECTOR('Line Direction',#2173,1.) ;
#2905=VECTOR('Line Direction',#2904,1.) ;
#2921=VECTOR('Line Direction',#2920,1.) ;
#3515=VECTOR('Line Direction',#3514,1.) ;
#3531=VECTOR('Line Direction',#3530,1.) ;
#3558=VECTOR('Line Direction',#3557,1.) ;
#3572=VECTOR('Line Direction',#3571,1.) ;
#3583=VECTOR('Line Direction',#3582,1.) ;
#3599=VECTOR('Line Direction',#3598,1.) ;
#3617=VECTOR('Line Direction',#3616,1.) ;
#3633=VECTOR('Line Direction',#3632,1.) ;
#3660=VECTOR('Line Direction',#3659,1.) ;
#3674=VECTOR('Line Direction',#3673,1.) ;
#3865=VECTOR('Line Direction',#3864,1.) ;
#3881=VECTOR('Line Direction',#3880,1.) ;
#3895=VECTOR('Line Direction',#3894,1.) ;
#3909=VECTOR('Line Direction',#3908,1.) ;
#3931=VECTOR('Line Direction',#3930,1.) ;
#3947=VECTOR('Line Direction',#3946,1.) ;
#3961=VECTOR('Line Direction',#3960,1.) ;
#3975=VECTOR('Line Direction',#3974,1.) ;
#4699=VECTOR('Line Direction',#4698,1.) ;
#4715=VECTOR('Line Direction',#4714,1.) ;
#4729=VECTOR('Line Direction',#4728,1.) ;
#4758=VECTOR('Line Direction',#4757,1.) ;
#4772=VECTOR('Line Direction',#4771,1.) ;
#4958=VECTOR('Line Direction',#4957,1.) ;
#4975=VECTOR('Line Direction',#4974,1.) ;
#4982=VECTOR('Line Direction',#4981,1.) ;
#4989=VECTOR('Line Direction',#4988,1.) ;
#5006=VECTOR('Line Direction',#5005,1.) ;
#5030=VECTOR('Line Direction',#5029,1.) ;
#5037=VECTOR('Line Direction',#5036,1.) ;
#5054=VECTOR('Line Direction',#5053,1.) ;
#5078=VECTOR('Line Direction',#5077,1.) ;
#5085=VECTOR('Line Direction',#5084,1.) ;
#5102=VECTOR('Line Direction',#5101,1.) ;
#5126=VECTOR('Line Direction',#5125,1.) ;
#5140=VECTOR('Line Direction',#5139,1.) ;
#5157=VECTOR('Line Direction',#5156,1.) ;
#5164=VECTOR('Line Direction',#5163,1.) ;
#5181=VECTOR('Line Direction',#5180,1.) ;
#5195=VECTOR('Line Direction',#5194,1.) ;
#5212=VECTOR('Line Direction',#5211,1.) ;
#5219=VECTOR('Line Direction',#5218,1.) ;
#5231=VECTOR('Line Direction',#5230,1.) ;
#5238=VECTOR('Line Direction',#5237,1.) ;
#5245=VECTOR('Line Direction',#5244,1.) ;
#5262=VECTOR('Line Direction',#5261,1.) ;
#5286=VECTOR('Line Direction',#5285,1.) ;
#5293=VECTOR('Line Direction',#5292,1.) ;
#5310=VECTOR('Line Direction',#5309,1.) ;
#5329=VECTOR('Line Direction',#5328,1.) ;
#5336=VECTOR('Line Direction',#5335,1.) ;
#5353=VECTOR('Line Direction',#5352,1.) ;
#5377=VECTOR('Line Direction',#5376,1.) ;
#5391=VECTOR('Line Direction',#5390,1.) ;
#5420=VECTOR('Line Direction',#5419,1.) ;
#5434=VECTOR('Line Direction',#5433,1.) ;
#5463=VECTOR('Line Direction',#5462,1.) ;
#5477=VECTOR('Line Direction',#5476,1.) ;
#5506=VECTOR('Line Direction',#5505,1.) ;
#5520=VECTOR('Line Direction',#5519,1.) ;
#5549=VECTOR('Line Direction',#5548,1.) ;
#5563=VECTOR('Line Direction',#5562,1.) ;
#5592=VECTOR('Line Direction',#5591,1.) ;
#5606=VECTOR('Line Direction',#5605,1.) ;
#5635=VECTOR('Line Direction',#5634,1.) ;
#5649=VECTOR('Line Direction',#5648,1.) ;
#5678=VECTOR('Line Direction',#5677,1.) ;
#5692=VECTOR('Line Direction',#5691,1.) ;
#5721=VECTOR('Line Direction',#5720,1.) ;
#5735=VECTOR('Line Direction',#5734,1.) ;
#5764=VECTOR('Line Direction',#5763,1.) ;
#5778=VECTOR('Line Direction',#5777,1.) ;
#5807=VECTOR('Line Direction',#5806,1.) ;
#5821=VECTOR('Line Direction',#5820,1.) ;
#5850=VECTOR('Line Direction',#5849,1.) ;
#5864=VECTOR('Line Direction',#5863,1.) ;
#5893=VECTOR('Line Direction',#5892,1.) ;
#5900=VECTOR('Line Direction',#5899,1.) ;
#5907=VECTOR('Line Direction',#5906,1.) ;
#5924=VECTOR('Line Direction',#5923,1.) ;
#5931=VECTOR('Line Direction',#5930,1.) ;
#5938=VECTOR('Line Direction',#5937,1.) ;
#5964=VECTOR('Line Direction',#5963,1.) ;
#5969=VECTOR('Line Direction',#5968,1.) ;
#5995=VECTOR('Line Direction',#5994,1.) ;
#6002=VECTOR('Line Direction',#6001,1.) ;
#6028=VECTOR('Line Direction',#6027,1.) ;
#6033=VECTOR('Line Direction',#6032,1.) ;
#6050=VECTOR('Line Direction',#6049,1.) ;
#6057=VECTOR('Line Direction',#6056,1.) ;
#6081=VECTOR('Line Direction',#6080,1.) ;
#6098=VECTOR('Line Direction',#6097,1.) ;
#6124=VECTOR('Line Direction',#6123,1.) ;
#6129=VECTOR('Line Direction',#6128,1.) ;
#6146=VECTOR('Line Direction',#6145,1.) ;
#6153=VECTOR('Line Direction',#6152,1.) ;
#6177=VECTOR('Line Direction',#6176,1.) ;
#6194=VECTOR('Line Direction',#6193,1.) ;
#6206=VECTOR('Line Direction',#6205,1.) ;
#6215=VECTOR('Line Direction',#6214,1.) ;
#6220=VECTOR('Line Direction',#6219,1.) ;
#6244=VECTOR('Line Direction',#6243,1.) ;
#6256=VECTOR('Line Direction',#6255,1.) ;
#6263=VECTOR('Line Direction',#6262,1.) ;
#6306=VECTOR('Line Direction',#6305,1.) ;
#6311=VECTOR('Line Direction',#6310,1.) ;
#6323=VECTOR('Line Direction',#6322,1.) ;
#6330=VECTOR('Line Direction',#6329,1.) ;
#6354=VECTOR('Line Direction',#6353,1.) ;
#6366=VECTOR('Line Direction',#6365,1.) ;
#6383=VECTOR('Line Direction',#6382,1.) ;
#6397=VECTOR('Line Direction',#6396,1.) ;
#6426=VECTOR('Line Direction',#6425,1.) ;
#6440=VECTOR('Line Direction',#6439,1.) ;
#6469=VECTOR('Line Direction',#6468,1.) ;
#6483=VECTOR('Line Direction',#6482,1.) ;
#6512=VECTOR('Line Direction',#6511,1.) ;
#6526=VECTOR('Line Direction',#6525,1.) ;
#6555=VECTOR('Line Direction',#6554,1.) ;
#6569=VECTOR('Line Direction',#6568,1.) ;
#6598=VECTOR('Line Direction',#6597,1.) ;
#6612=VECTOR('Line Direction',#6611,1.) ;
#6641=VECTOR('Line Direction',#6640,1.) ;
#6655=VECTOR('Line Direction',#6654,1.) ;
#6684=VECTOR('Line Direction',#6683,1.) ;
#6698=VECTOR('Line Direction',#6697,1.) ;
#6727=VECTOR('Line Direction',#6726,1.) ;
#6741=VECTOR('Line Direction',#6740,1.) ;
#6770=VECTOR('Line Direction',#6769,1.) ;
#6784=VECTOR('Line Direction',#6783,1.) ;
#6813=VECTOR('Line Direction',#6812,1.) ;
#6827=VECTOR('Line Direction',#6826,1.) ;
#6856=VECTOR('Line Direction',#6855,1.) ;
#6870=VECTOR('Line Direction',#6869,1.) ;
#6899=VECTOR('Line Direction',#6898,1.) ;
#6913=VECTOR('Line Direction',#6912,1.) ;
#6942=VECTOR('Line Direction',#6941,1.) ;
#6956=VECTOR('Line Direction',#6955,1.) ;
#6985=VECTOR('Line Direction',#6984,1.) ;
#6999=VECTOR('Line Direction',#6998,1.) ;
#7028=VECTOR('Line Direction',#7027,1.) ;
#7042=VECTOR('Line Direction',#7041,1.) ;
#7071=VECTOR('Line Direction',#7070,1.) ;
#7085=VECTOR('Line Direction',#7084,1.) ;
#7114=VECTOR('Line Direction',#7113,1.) ;
#7128=VECTOR('Line Direction',#7127,1.) ;
#7157=VECTOR('Line Direction',#7156,1.) ;
#7171=VECTOR('Line Direction',#7170,1.) ;
#7200=VECTOR('Line Direction',#7199,1.) ;
#7214=VECTOR('Line Direction',#7213,1.) ;
#7243=VECTOR('Line Direction',#7242,1.) ;
#7257=VECTOR('Line Direction',#7256,1.) ;
#7286=VECTOR('Line Direction',#7285,1.) ;
#7300=VECTOR('Line Direction',#7299,1.) ;
#7329=VECTOR('Line Direction',#7328,1.) ;
#7343=VECTOR('Line Direction',#7342,1.) ;
#7372=VECTOR('Line Direction',#7371,1.) ;
#7386=VECTOR('Line Direction',#7385,1.) ;
#7415=VECTOR('Line Direction',#7414,1.) ;
#7429=VECTOR('Line Direction',#7428,1.) ;
#7458=VECTOR('Line Direction',#7457,1.) ;
#7472=VECTOR('Line Direction',#7471,1.) ;
#7501=VECTOR('Line Direction',#7500,1.) ;
#7515=VECTOR('Line Direction',#7514,1.) ;
#7544=VECTOR('Line Direction',#7543,1.) ;
#7558=VECTOR('Line Direction',#7557,1.) ;
#7587=VECTOR('Line Direction',#7586,1.) ;
#7601=VECTOR('Line Direction',#7600,1.) ;
#7630=VECTOR('Line Direction',#7629,1.) ;
#7644=VECTOR('Line Direction',#7643,1.) ;
#7673=VECTOR('Line Direction',#7672,1.) ;
#7687=VECTOR('Line Direction',#7686,1.) ;
#7716=VECTOR('Line Direction',#7715,1.) ;
#7730=VECTOR('Line Direction',#7729,1.) ;
#7759=VECTOR('Line Direction',#7758,1.) ;
#7773=VECTOR('Line Direction',#7772,1.) ;
#7802=VECTOR('Line Direction',#7801,1.) ;
#7816=VECTOR('Line Direction',#7815,1.) ;
#7845=VECTOR('Line Direction',#7844,1.) ;
#7859=VECTOR('Line Direction',#7858,1.) ;
#7888=VECTOR('Line Direction',#7887,1.) ;
#7902=VECTOR('Line Direction',#7901,1.) ;
#7931=VECTOR('Line Direction',#7930,1.) ;
#7945=VECTOR('Line Direction',#7944,1.) ;
#7974=VECTOR('Line Direction',#7973,1.) ;
#7988=VECTOR('Line Direction',#7987,1.) ;
#8017=VECTOR('Line Direction',#8016,1.) ;
#8031=VECTOR('Line Direction',#8030,1.) ;
#8060=VECTOR('Line Direction',#8059,1.) ;
#8074=VECTOR('Line Direction',#8073,1.) ;
#8103=VECTOR('Line Direction',#8102,1.) ;
#8117=VECTOR('Line Direction',#8116,1.) ;
#8146=VECTOR('Line Direction',#8145,1.) ;
#8160=VECTOR('Line Direction',#8159,1.) ;
#8189=VECTOR('Line Direction',#8188,1.) ;
#8203=VECTOR('Line Direction',#8202,1.) ;
#8232=VECTOR('Line Direction',#8231,1.) ;
#8246=VECTOR('Line Direction',#8245,1.) ;
#8275=VECTOR('Line Direction',#8274,1.) ;
#8289=VECTOR('Line Direction',#8288,1.) ;
#8306=VECTOR('Line Direction',#8305,1.) ;
#8313=VECTOR('Line Direction',#8312,1.) ;
#8337=VECTOR('Line Direction',#8336,1.) ;
#8354=VECTOR('Line Direction',#8353,1.) ;
#8371=VECTOR('Line Direction',#8370,1.) ;
#8378=VECTOR('Line Direction',#8377,1.) ;
#8385=VECTOR('Line Direction',#8384,1.) ;
#8409=VECTOR('Line Direction',#8408,1.) ;
#8426=VECTOR('Line Direction',#8425,1.) ;
#8433=VECTOR('Line Direction',#8432,1.) ;
#8467=VECTOR('Line Direction',#8466,1.) ;
#8481=VECTOR('Line Direction',#8480,1.) ;
#8498=VECTOR('Line Direction',#8497,1.) ;
#8505=VECTOR('Line Direction',#8504,1.) ;
#8529=VECTOR('Line Direction',#8528,1.) ;
#8546=VECTOR('Line Direction',#8545,1.) ;
#8563=VECTOR('Line Direction',#8562,1.) ;
#8577=VECTOR('Line Direction',#8576,1.) ;
#8594=VECTOR('Line Direction',#8593,1.) ;
#8601=VECTOR('Line Direction',#8600,1.) ;
#8625=VECTOR('Line Direction',#8624,1.) ;
#8642=VECTOR('Line Direction',#8641,1.) ;
#8659=VECTOR('Line Direction',#8658,1.) ;
#8673=VECTOR('Line Direction',#8672,1.) ;
#8702=VECTOR('Line Direction',#8701,1.) ;
#8716=VECTOR('Line Direction',#8715,1.) ;
#8745=VECTOR('Line Direction',#8744,1.) ;
#8759=VECTOR('Line Direction',#8758,1.) ;
#8788=VECTOR('Line Direction',#8787,1.) ;
#8802=VECTOR('Line Direction',#8801,1.) ;
#8831=VECTOR('Line Direction',#8830,1.) ;
#8845=VECTOR('Line Direction',#8844,1.) ;
#8874=VECTOR('Line Direction',#8873,1.) ;
#8888=VECTOR('Line Direction',#8887,1.) ;
#8917=VECTOR('Line Direction',#8916,1.) ;
#8931=VECTOR('Line Direction',#8930,1.) ;
#8948=VECTOR('Line Direction',#8947,1.) ;
#8955=VECTOR('Line Direction',#8954,1.) ;
#8979=VECTOR('Line Direction',#8978,1.) ;
#8996=VECTOR('Line Direction',#8995,1.) ;
#9013=VECTOR('Line Direction',#9012,1.) ;
#9020=VECTOR('Line Direction',#9019,1.) ;
#9027=VECTOR('Line Direction',#9026,1.) ;
#9044=VECTOR('Line Direction',#9043,1.) ;
#9068=VECTOR('Line Direction',#9067,1.) ;
#9075=VECTOR('Line Direction',#9074,1.) ;
#9109=VECTOR('Line Direction',#9108,1.) ;
#9123=VECTOR('Line Direction',#9122,1.) ;
#9140=VECTOR('Line Direction',#9139,1.) ;
#9147=VECTOR('Line Direction',#9146,1.) ;
#9171=VECTOR('Line Direction',#9170,1.) ;
#9188=VECTOR('Line Direction',#9187,1.) ;
#9205=VECTOR('Line Direction',#9204,1.) ;
#9219=VECTOR('Line Direction',#9218,1.) ;
#9236=VECTOR('Line Direction',#9235,1.) ;
#9243=VECTOR('Line Direction',#9242,1.) ;
#9267=VECTOR('Line Direction',#9266,1.) ;
#9284=VECTOR('Line Direction',#9283,1.) ;
#9301=VECTOR('Line Direction',#9300,1.) ;
#9315=VECTOR('Line Direction',#9314,1.) ;
#9332=VECTOR('Line Direction',#9331,1.) ;
#9339=VECTOR('Line Direction',#9338,1.) ;
#9363=VECTOR('Line Direction',#9362,1.) ;
#9380=VECTOR('Line Direction',#9379,1.) ;
#9397=VECTOR('Line Direction',#9396,1.) ;
#9411=VECTOR('Line Direction',#9410,1.) ;
#9428=VECTOR('Line Direction',#9427,1.) ;
#9435=VECTOR('Line Direction',#9434,1.) ;
#9459=VECTOR('Line Direction',#9458,1.) ;
#9476=VECTOR('Line Direction',#9475,1.) ;
#9493=VECTOR('Line Direction',#9492,1.) ;
#9507=VECTOR('Line Direction',#9506,1.) ;
#9524=VECTOR('Line Direction',#9523,1.) ;
#9531=VECTOR('Line Direction',#9530,1.) ;
#9555=VECTOR('Line Direction',#9554,1.) ;
#9572=VECTOR('Line Direction',#9571,1.) ;
#9589=VECTOR('Line Direction',#9588,1.) ;
#9603=VECTOR('Line Direction',#9602,1.) ;
#9632=VECTOR('Line Direction',#9631,1.) ;
#9646=VECTOR('Line Direction',#9645,1.) ;
#9675=VECTOR('Line Direction',#9674,1.) ;
#9689=VECTOR('Line Direction',#9688,1.) ;
#9718=VECTOR('Line Direction',#9717,1.) ;
#9732=VECTOR('Line Direction',#9731,1.) ;
#9761=VECTOR('Line Direction',#9760,1.) ;
#9775=VECTOR('Line Direction',#9774,1.) ;
#9804=VECTOR('Line Direction',#9803,1.) ;
#9818=VECTOR('Line Direction',#9817,1.) ;
#9847=VECTOR('Line Direction',#9846,1.) ;
#9861=VECTOR('Line Direction',#9860,1.) ;
#9890=VECTOR('Line Direction',#9889,1.) ;
#9904=VECTOR('Line Direction',#9903,1.) ;
#9933=VECTOR('Line Direction',#9932,1.) ;
#9947=VECTOR('Line Direction',#9946,1.) ;
#9976=VECTOR('Line Direction',#9975,1.) ;
#9990=VECTOR('Line Direction',#9989,1.) ;
#10019=VECTOR('Line Direction',#10018,1.) ;
#10033=VECTOR('Line Direction',#10032,1.) ;
#10062=VECTOR('Line Direction',#10061,1.) ;
#10076=VECTOR('Line Direction',#10075,1.) ;
#10105=VECTOR('Line Direction',#10104,1.) ;
#10119=VECTOR('Line Direction',#10118,1.) ;
#10148=VECTOR('Line Direction',#10147,1.) ;
#10162=VECTOR('Line Direction',#10161,1.) ;
#10191=VECTOR('Line Direction',#10190,1.) ;
#10205=VECTOR('Line Direction',#10204,1.) ;
#10234=VECTOR('Line Direction',#10233,1.) ;
#10248=VECTOR('Line Direction',#10247,1.) ;
#10277=VECTOR('Line Direction',#10276,1.) ;
#10291=VECTOR('Line Direction',#10290,1.) ;
#10320=VECTOR('Line Direction',#10319,1.) ;
#10334=VECTOR('Line Direction',#10333,1.) ;
#10363=VECTOR('Line Direction',#10362,1.) ;
#10377=VECTOR('Line Direction',#10376,1.) ;
#10406=VECTOR('Line Direction',#10405,1.) ;
#10420=VECTOR('Line Direction',#10419,1.) ;
#10449=VECTOR('Line Direction',#10448,1.) ;
#10463=VECTOR('Line Direction',#10462,1.) ;
#10492=VECTOR('Line Direction',#10491,1.) ;
#10506=VECTOR('Line Direction',#10505,1.) ;
#10535=VECTOR('Line Direction',#10534,1.) ;
#10549=VECTOR('Line Direction',#10548,1.) ;
#10578=VECTOR('Line Direction',#10577,1.) ;
#10592=VECTOR('Line Direction',#10591,1.) ;
#10621=VECTOR('Line Direction',#10620,1.) ;
#10635=VECTOR('Line Direction',#10634,1.) ;
#10664=VECTOR('Line Direction',#10663,1.) ;
#10678=VECTOR('Line Direction',#10677,1.) ;
#10707=VECTOR('Line Direction',#10706,1.) ;
#10721=VECTOR('Line Direction',#10720,1.) ;
#10750=VECTOR('Line Direction',#10749,1.) ;
#10764=VECTOR('Line Direction',#10763,1.) ;
#10793=VECTOR('Line Direction',#10792,1.) ;
#10807=VECTOR('Line Direction',#10806,1.) ;
#10836=VECTOR('Line Direction',#10835,1.) ;
#10850=VECTOR('Line Direction',#10849,1.) ;
#10879=VECTOR('Line Direction',#10878,1.) ;
#10893=VECTOR('Line Direction',#10892,1.) ;
#10922=VECTOR('Line Direction',#10921,1.) ;
#10936=VECTOR('Line Direction',#10935,1.) ;
#10965=VECTOR('Line Direction',#10964,1.) ;
#10979=VECTOR('Line Direction',#10978,1.) ;
#11008=VECTOR('Line Direction',#11007,1.) ;
#11022=VECTOR('Line Direction',#11021,1.) ;
#11051=VECTOR('Line Direction',#11050,1.) ;
#11065=VECTOR('Line Direction',#11064,1.) ;
#11094=VECTOR('Line Direction',#11093,1.) ;
#11108=VECTOR('Line Direction',#11107,1.) ;
#11137=VECTOR('Line Direction',#11136,1.) ;
#11151=VECTOR('Line Direction',#11150,1.) ;
#11180=VECTOR('Line Direction',#11179,1.) ;
#11187=VECTOR('Line Direction',#11186,1.) ;
#11194=VECTOR('Line Direction',#11193,1.) ;
#11218=VECTOR('Line Direction',#11217,1.) ;
#11235=VECTOR('Line Direction',#11234,1.) ;
#11242=VECTOR('Line Direction',#11241,1.) ;
#11276=VECTOR('Line Direction',#11275,1.) ;
#11290=VECTOR('Line Direction',#11289,1.) ;
#11319=VECTOR('Line Direction',#11318,1.) ;
#11333=VECTOR('Line Direction',#11332,1.) ;
#11362=VECTOR('Line Direction',#11361,1.) ;
#11376=VECTOR('Line Direction',#11375,1.) ;
#11405=VECTOR('Line Direction',#11404,1.) ;
#11419=VECTOR('Line Direction',#11418,1.) ;
#11448=VECTOR('Line Direction',#11447,1.) ;
#11462=VECTOR('Line Direction',#11461,1.) ;
#11491=VECTOR('Line Direction',#11490,1.) ;
#11505=VECTOR('Line Direction',#11504,1.) ;
#11534=VECTOR('Line Direction',#11533,1.) ;
#11548=VECTOR('Line Direction',#11547,1.) ;
#11577=VECTOR('Line Direction',#11576,1.) ;
#11591=VECTOR('Line Direction',#11590,1.) ;
#11620=VECTOR('Line Direction',#11619,1.) ;
#11634=VECTOR('Line Direction',#11633,1.) ;
#11663=VECTOR('Line Direction',#11662,1.) ;
#11677=VECTOR('Line Direction',#11676,1.) ;
#11706=VECTOR('Line Direction',#11705,1.) ;
#11720=VECTOR('Line Direction',#11719,1.) ;
#11749=VECTOR('Line Direction',#11748,1.) ;
#11763=VECTOR('Line Direction',#11762,1.) ;
#11792=VECTOR('Line Direction',#11791,1.) ;
#11806=VECTOR('Line Direction',#11805,1.) ;
#11835=VECTOR('Line Direction',#11834,1.) ;
#11849=VECTOR('Line Direction',#11848,1.) ;
#11878=VECTOR('Line Direction',#11877,1.) ;
#11892=VECTOR('Line Direction',#11891,1.) ;
#11921=VECTOR('Line Direction',#11920,1.) ;
#11935=VECTOR('Line Direction',#11934,1.) ;
#11964=VECTOR('Line Direction',#11963,1.) ;
#11978=VECTOR('Line Direction',#11977,1.) ;
#12007=VECTOR('Line Direction',#12006,1.) ;
#12021=VECTOR('Line Direction',#12020,1.) ;
#12050=VECTOR('Line Direction',#12049,1.) ;
#12064=VECTOR('Line Direction',#12063,1.) ;
#12093=VECTOR('Line Direction',#12092,1.) ;
#12107=VECTOR('Line Direction',#12106,1.) ;
#12136=VECTOR('Line Direction',#12135,1.) ;
#12150=VECTOR('Line Direction',#12149,1.) ;
#12179=VECTOR('Line Direction',#12178,1.) ;
#12193=VECTOR('Line Direction',#12192,1.) ;
#12222=VECTOR('Line Direction',#12221,1.) ;
#12236=VECTOR('Line Direction',#12235,1.) ;
#12265=VECTOR('Line Direction',#12264,1.) ;
#12279=VECTOR('Line Direction',#12278,1.) ;
#12308=VECTOR('Line Direction',#12307,1.) ;
#12322=VECTOR('Line Direction',#12321,1.) ;
#12351=VECTOR('Line Direction',#12350,1.) ;
#12365=VECTOR('Line Direction',#12364,1.) ;
#12394=VECTOR('Line Direction',#12393,1.) ;
#12408=VECTOR('Line Direction',#12407,1.) ;
#12437=VECTOR('Line Direction',#12436,1.) ;
#12451=VECTOR('Line Direction',#12450,1.) ;
#12480=VECTOR('Line Direction',#12479,1.) ;
#12494=VECTOR('Line Direction',#12493,1.) ;
#12523=VECTOR('Line Direction',#12522,1.) ;
#12537=VECTOR('Line Direction',#12536,1.) ;
#12566=VECTOR('Line Direction',#12565,1.) ;
#12580=VECTOR('Line Direction',#12579,1.) ;
#12609=VECTOR('Line Direction',#12608,1.) ;
#12623=VECTOR('Line Direction',#12622,1.) ;
#12652=VECTOR('Line Direction',#12651,1.) ;
#12659=VECTOR('Line Direction',#12658,1.) ;
#12666=VECTOR('Line Direction',#12665,1.) ;
#12690=VECTOR('Line Direction',#12689,1.) ;
#12707=VECTOR('Line Direction',#12706,1.) ;
#12714=VECTOR('Line Direction',#12713,1.) ;
#12748=VECTOR('Line Direction',#12747,1.) ;
#12762=VECTOR('Line Direction',#12761,1.) ;
#12779=VECTOR('Line Direction',#12778,1.) ;
#12786=VECTOR('Line Direction',#12785,1.) ;
#12803=VECTOR('Line Direction',#12802,1.) ;
#12827=VECTOR('Line Direction',#12826,1.) ;
#12844=VECTOR('Line Direction',#12843,1.) ;
#12851=VECTOR('Line Direction',#12850,1.) ;
#12858=VECTOR('Line Direction',#12857,1.) ;
#12882=VECTOR('Line Direction',#12881,1.) ;
#12899=VECTOR('Line Direction',#12898,1.) ;
#12906=VECTOR('Line Direction',#12905,1.) ;
#12940=VECTOR('Line Direction',#12939,1.) ;
#12947=VECTOR('Line Direction',#12946,1.) ;
#12954=VECTOR('Line Direction',#12953,1.) ;
#12978=VECTOR('Line Direction',#12977,1.) ;
#12995=VECTOR('Line Direction',#12994,1.) ;
#13002=VECTOR('Line Direction',#13001,1.) ;
#13036=VECTOR('Line Direction',#13035,1.) ;
#13050=VECTOR('Line Direction',#13049,1.) ;
#13067=VECTOR('Line Direction',#13066,1.) ;
#13074=VECTOR('Line Direction',#13073,1.) ;
#13091=VECTOR('Line Direction',#13090,1.) ;
#13115=VECTOR('Line Direction',#13114,1.) ;
#13132=VECTOR('Line Direction',#13131,1.) ;
#13146=VECTOR('Line Direction',#13145,1.) ;
#13175=VECTOR('Line Direction',#13174,1.) ;
#13189=VECTOR('Line Direction',#13188,1.) ;
#13218=VECTOR('Line Direction',#13217,1.) ;
#13232=VECTOR('Line Direction',#13231,1.) ;
#13261=VECTOR('Line Direction',#13260,1.) ;
#13275=VECTOR('Line Direction',#13274,1.) ;
#13304=VECTOR('Line Direction',#13303,1.) ;
#13318=VECTOR('Line Direction',#13317,1.) ;
#13347=VECTOR('Line Direction',#13346,1.) ;
#13361=VECTOR('Line Direction',#13360,1.) ;
#13390=VECTOR('Line Direction',#13389,1.) ;
#13404=VECTOR('Line Direction',#13403,1.) ;
#13433=VECTOR('Line Direction',#13432,1.) ;
#13447=VECTOR('Line Direction',#13446,1.) ;
#13476=VECTOR('Line Direction',#13475,1.) ;
#13490=VECTOR('Line Direction',#13489,1.) ;
#13519=VECTOR('Line Direction',#13518,1.) ;
#13533=VECTOR('Line Direction',#13532,1.) ;
#13562=VECTOR('Line Direction',#13561,1.) ;
#13569=VECTOR('Line Direction',#13568,1.) ;
#13576=VECTOR('Line Direction',#13575,1.) ;
#13593=VECTOR('Line Direction',#13592,1.) ;
#13617=VECTOR('Line Direction',#13616,1.) ;
#13624=VECTOR('Line Direction',#13623,1.) ;
#13641=VECTOR('Line Direction',#13640,1.) ;
#13665=VECTOR('Line Direction',#13664,1.) ;
#13672=VECTOR('Line Direction',#13671,1.) ;
#13689=VECTOR('Line Direction',#13688,1.) ;
#13713=VECTOR('Line Direction',#13712,1.) ;
#13720=VECTOR('Line Direction',#13719,1.) ;
#13754=VECTOR('Line Direction',#13753,1.) ;
#13761=VECTOR('Line Direction',#13760,1.) ;
#13768=VECTOR('Line Direction',#13767,1.) ;
#13785=VECTOR('Line Direction',#13784,1.) ;
#13809=VECTOR('Line Direction',#13808,1.) ;
#13816=VECTOR('Line Direction',#13815,1.) ;
#13833=VECTOR('Line Direction',#13832,1.) ;
#13857=VECTOR('Line Direction',#13856,1.) ;
#13864=VECTOR('Line Direction',#13863,1.) ;
#13881=VECTOR('Line Direction',#13880,1.) ;
#13905=VECTOR('Line Direction',#13904,1.) ;
#13912=VECTOR('Line Direction',#13911,1.) ;
#13946=VECTOR('Line Direction',#13945,1.) ;
#13960=VECTOR('Line Direction',#13959,1.) ;
#13989=VECTOR('Line Direction',#13988,1.) ;
#14003=VECTOR('Line Direction',#14002,1.) ;
#14032=VECTOR('Line Direction',#14031,1.) ;
#14046=VECTOR('Line Direction',#14045,1.) ;
#14075=VECTOR('Line Direction',#14074,1.) ;
#14089=VECTOR('Line Direction',#14088,1.) ;
#14118=VECTOR('Line Direction',#14117,1.) ;
#14132=VECTOR('Line Direction',#14131,1.) ;
#14161=VECTOR('Line Direction',#14160,1.) ;
#14175=VECTOR('Line Direction',#14174,1.) ;
#14204=VECTOR('Line Direction',#14203,1.) ;
#14218=VECTOR('Line Direction',#14217,1.) ;
#14247=VECTOR('Line Direction',#14246,1.) ;
#14261=VECTOR('Line Direction',#14260,1.) ;
#14290=VECTOR('Line Direction',#14289,1.) ;
#14304=VECTOR('Line Direction',#14303,1.) ;
#14333=VECTOR('Line Direction',#14332,1.) ;
#14347=VECTOR('Line Direction',#14346,1.) ;
#14376=VECTOR('Line Direction',#14375,1.) ;
#14390=VECTOR('Line Direction',#14389,1.) ;
#14419=VECTOR('Line Direction',#14418,1.) ;
#14433=VECTOR('Line Direction',#14432,1.) ;
#14462=VECTOR('Line Direction',#14461,1.) ;
#14476=VECTOR('Line Direction',#14475,1.) ;
#14505=VECTOR('Line Direction',#14504,1.) ;
#14519=VECTOR('Line Direction',#14518,1.) ;
#14548=VECTOR('Line Direction',#14547,1.) ;
#14562=VECTOR('Line Direction',#14561,1.) ;
#14591=VECTOR('Line Direction',#14590,1.) ;
#14605=VECTOR('Line Direction',#14604,1.) ;
#14634=VECTOR('Line Direction',#14633,1.) ;
#14648=VECTOR('Line Direction',#14647,1.) ;
#14677=VECTOR('Line Direction',#14676,1.) ;
#14691=VECTOR('Line Direction',#14690,1.) ;
#14720=VECTOR('Line Direction',#14719,1.) ;
#14734=VECTOR('Line Direction',#14733,1.) ;
#14763=VECTOR('Line Direction',#14762,1.) ;
#14777=VECTOR('Line Direction',#14776,1.) ;
#14806=VECTOR('Line Direction',#14805,1.) ;
#14820=VECTOR('Line Direction',#14819,1.) ;
#14849=VECTOR('Line Direction',#14848,1.) ;
#14863=VECTOR('Line Direction',#14862,1.) ;
#14892=VECTOR('Line Direction',#14891,1.) ;
#14906=VECTOR('Line Direction',#14905,1.) ;
#14935=VECTOR('Line Direction',#14934,1.) ;
#14949=VECTOR('Line Direction',#14948,1.) ;
#14978=VECTOR('Line Direction',#14977,1.) ;
#14992=VECTOR('Line Direction',#14991,1.) ;
#15021=VECTOR('Line Direction',#15020,1.) ;
#15035=VECTOR('Line Direction',#15034,1.) ;
#15064=VECTOR('Line Direction',#15063,1.) ;
#15078=VECTOR('Line Direction',#15077,1.) ;
#15107=VECTOR('Line Direction',#15106,1.) ;
#15121=VECTOR('Line Direction',#15120,1.) ;
#15150=VECTOR('Line Direction',#15149,1.) ;
#15164=VECTOR('Line Direction',#15163,1.) ;
#15193=VECTOR('Line Direction',#15192,1.) ;
#15207=VECTOR('Line Direction',#15206,1.) ;
#15236=VECTOR('Line Direction',#15235,1.) ;
#15250=VECTOR('Line Direction',#15249,1.) ;
#15279=VECTOR('Line Direction',#15278,1.) ;
#15293=VECTOR('Line Direction',#15292,1.) ;
#15322=VECTOR('Line Direction',#15321,1.) ;
#15336=VECTOR('Line Direction',#15335,1.) ;
#15365=VECTOR('Line Direction',#15364,1.) ;
#15379=VECTOR('Line Direction',#15378,1.) ;
#15408=VECTOR('Line Direction',#15407,1.) ;
#15422=VECTOR('Line Direction',#15421,1.) ;
#15451=VECTOR('Line Direction',#15450,1.) ;
#15465=VECTOR('Line Direction',#15464,1.) ;
#15494=VECTOR('Line Direction',#15493,1.) ;
#15508=VECTOR('Line Direction',#15507,1.) ;
#15537=VECTOR('Line Direction',#15536,1.) ;
#15551=VECTOR('Line Direction',#15550,1.) ;
#15580=VECTOR('Line Direction',#15579,1.) ;
#15594=VECTOR('Line Direction',#15593,1.) ;
#15623=VECTOR('Line Direction',#15622,1.) ;
#15630=VECTOR('Line Direction',#15629,1.) ;
#15637=VECTOR('Line Direction',#15636,1.) ;
#15654=VECTOR('Line Direction',#15653,1.) ;
#15678=VECTOR('Line Direction',#15677,1.) ;
#15685=VECTOR('Line Direction',#15684,1.) ;
#15702=VECTOR('Line Direction',#15701,1.) ;
#15726=VECTOR('Line Direction',#15725,1.) ;
#15733=VECTOR('Line Direction',#15732,1.) ;
#15776=VECTOR('Line Direction',#15775,1.) ;
#15781=VECTOR('Line Direction',#15780,1.) ;
#15798=VECTOR('Line Direction',#15797,1.) ;
#15805=VECTOR('Line Direction',#15804,1.) ;
#15829=VECTOR('Line Direction',#15828,1.) ;
#15846=VECTOR('Line Direction',#15845,1.) ;
#15863=VECTOR('Line Direction',#15862,1.) ;
#15877=VECTOR('Line Direction',#15876,1.) ;
#15906=VECTOR('Line Direction',#15905,1.) ;
#15920=VECTOR('Line Direction',#15919,1.) ;
#15949=VECTOR('Line Direction',#15948,1.) ;
#15963=VECTOR('Line Direction',#15962,1.) ;
#15992=VECTOR('Line Direction',#15991,1.) ;
#16006=VECTOR('Line Direction',#16005,1.) ;
#16035=VECTOR('Line Direction',#16034,1.) ;
#16049=VECTOR('Line Direction',#16048,1.) ;
#16078=VECTOR('Line Direction',#16077,1.) ;
#16092=VECTOR('Line Direction',#16091,1.) ;
#16121=VECTOR('Line Direction',#16120,1.) ;
#16135=VECTOR('Line Direction',#16134,1.) ;
#16164=VECTOR('Line Direction',#16163,1.) ;
#16178=VECTOR('Line Direction',#16177,1.) ;
#16207=VECTOR('Line Direction',#16206,1.) ;
#16221=VECTOR('Line Direction',#16220,1.) ;
#16259=VECTOR('Line Direction',#16258,1.) ;
#16264=VECTOR('Line Direction',#16263,1.) ;
#16300=VECTOR('Line Direction',#16299,1.) ;
#16317=VECTOR('Line Direction',#16316,1.) ;
#16343=VECTOR('Line Direction',#16342,1.) ;
#16348=VECTOR('Line Direction',#16347,1.) ;
#16420=VECTOR('Line Direction',#16419,1.) ;
#16437=VECTOR('Line Direction',#16436,1.) ;
#16456=VECTOR('Line Direction',#16455,1.) ;
#16463=VECTOR('Line Direction',#16462,1.) ;
#16497=VECTOR('Line Direction',#16496,1.) ;
#16504=VECTOR('Line Direction',#16503,1.) ;
#16538=VECTOR('Line Direction',#16537,1.) ;
#16555=VECTOR('Line Direction',#16554,1.) ;
#16574=VECTOR('Line Direction',#16573,1.) ;
#16581=VECTOR('Line Direction',#16580,1.) ;
#17583=ADVANCED_BREP_SHAPE_REPRESENTATION('NONE',(#17582),#60) ;
#44=SHAPE_REPRESENTATION(' ',(#17603),#50) ;
#53=SHAPE_REPRESENTATION(' ',(#17590,#17604),#52) ;
#61=SHAPE_REPRESENTATION(' ',(#17591),#60) ;
#109=ADVANCED_FACE('S1',(#108),#74,.T.) ;
#4943=ADVANCED_FACE('S1',(#361,#379,#397,#415,#433,#451,#469,#487,#505,#523,#541,#559,#577,#658,#712,#772,#806,#840,#874,#908,#926,#944,#962,#980,#998,#1016,#1034,#1052,#1070,#1088,#1106,#1124,#1142,#1160,#1178,#1196,#1214,#1232,#1250,#1268,#1286,#1304,#1322,#1340,#1358,#1376,#1394,#1412,#1430,#1448,#1466,#1484,#1502,#1520,#1538,#1556,#1574,#1592,#1610,#1628,#1646,#1664,#1682,#1700,#1734,#1768,#1802,#1836,#1854,#1872,#1890,#1908,#1926,#1944,#1978,#2012,#2046,#2080,#2114,#2148,#2182,#2200,#2218,#2236,#2254,#2272,#2290,#2308,#2326,#2344,#2362,#2380,#2398,#2452,#2470,#2488,#2506,#2524,#2542,#2560,#2578,#2596,#2614,#2632,#2650,#2668,#2686,#2704,#2722,#2740,#2758,#2776,#2794,#2812,#2830,#2848,#2866,#2884,#2902,#2936,#2954,#2972,#2990,#3008,#3026,#3044,#3062,#3080,#3098,#3116,#3134,#3152,#3170,#3188,#3206,#3224,#3242,#3260,#3278,#3296,#3314,#3332,#3350,#3368,#3386,#3404,#3422,#3440,#3458,#3476,#3494,#3512,#3546,#3580,#3614,#3648,#3682,#3700,#3718,#3736,#3754,#3772,#3790,#3808,#3826,#3844,#3862,#3928,#3994,#4012,#4030,#4048,#4066,#4084,#4102,#4120,#4138,#4156,#4174,#4192,#4210,#4228,#4246,#4264,#4282,#4300,#4318,#4336,#4354,#4372,#4390,#4408,#4426,#4444,#4462,#4480,#4498,#4516,#4534,#4552,#4570,#4588,#4606,#4624,#4642,#4660,#4678,#4696,#4746,#4780,#4798,#4816,#4834,#4852,#4870,#4888,#4906,#4924,#4942),#114,.T.) ;
#4967=ADVANCED_FACE('S1',(#4966),#4948,.T.) ;
#4998=ADVANCED_FACE('S1',(#4997),#4972,.T.) ;
#5022=ADVANCED_FACE('S1',(#5021),#5003,.F.) ;
#5046=ADVANCED_FACE('S1',(#5045),#5027,.T.) ;
#5070=ADVANCED_FACE('S1',(#5069),#5051,.F.) ;
#5094=ADVANCED_FACE('S1',(#5093),#5075,.T.) ;
#5118=ADVANCED_FACE('S1',(#5117),#5099,.T.) ;
#5149=ADVANCED_FACE('S1',(#5148),#5123,.T.) ;
#5173=ADVANCED_FACE('S1',(#5172),#5154,.T.) ;
#5204=ADVANCED_FACE('S1',(#5203),#5178,.T.) ;
#5228=ADVANCED_FACE('S1',(#5227),#5209,.T.) ;
#5254=ADVANCED_FACE('S1',(#5253),#5075,.T.) ;
#5278=ADVANCED_FACE('S1',(#5277),#5259,.F.) ;
#5302=ADVANCED_FACE('S1',(#5301),#5283,.T.) ;
#5326=ADVANCED_FACE('S1',(#5325),#5307,.F.) ;
#5345=ADVANCED_FACE('S1',(#5344),#4972,.T.) ;
#5369=ADVANCED_FACE('S1',(#5368),#5350,.T.) ;
#5400=ADVANCED_FACE('S1',(#5399),#5374,.F.) ;
#5412=ADVANCED_FACE('S1',(#5411),#5374,.F.) ;
#5443=ADVANCED_FACE('S1',(#5442),#5417,.F.) ;
#5455=ADVANCED_FACE('S1',(#5454),#5417,.F.) ;
#5486=ADVANCED_FACE('S1',(#5485),#5460,.F.) ;
#5498=ADVANCED_FACE('S1',(#5497),#5460,.F.) ;
#5529=ADVANCED_FACE('S1',(#5528),#5503,.F.) ;
#5541=ADVANCED_FACE('S1',(#5540),#5503,.F.) ;
#5572=ADVANCED_FACE('S1',(#5571),#5546,.F.) ;
#5584=ADVANCED_FACE('S1',(#5583),#5546,.F.) ;
#5615=ADVANCED_FACE('S1',(#5614),#5589,.F.) ;
#5627=ADVANCED_FACE('S1',(#5626),#5589,.F.) ;
#5658=ADVANCED_FACE('S1',(#5657),#5632,.F.) ;
#5670=ADVANCED_FACE('S1',(#5669),#5632,.F.) ;
#5701=ADVANCED_FACE('S1',(#5700),#5675,.F.) ;
#5713=ADVANCED_FACE('S1',(#5712),#5675,.F.) ;
#5744=ADVANCED_FACE('S1',(#5743),#5718,.F.) ;
#5756=ADVANCED_FACE('S1',(#5755),#5718,.F.) ;
#5787=ADVANCED_FACE('S1',(#5786),#5761,.F.) ;
#5799=ADVANCED_FACE('S1',(#5798),#5761,.F.) ;
#5830=ADVANCED_FACE('S1',(#5829),#5804,.F.) ;
#5842=ADVANCED_FACE('S1',(#5841),#5804,.F.) ;
#5873=ADVANCED_FACE('S1',(#5872),#5847,.F.) ;
#5885=ADVANCED_FACE('S1',(#5884),#5847,.F.) ;
#5916=ADVANCED_FACE('S1',(#5915),#5890,.T.) ;
#5947=ADVANCED_FACE('S1',(#5946),#5921,.T.) ;
#5987=ADVANCED_FACE('S1',(#5986),#5952,.F.) ;
#6011=ADVANCED_FACE('S1',(#6010),#5992,.T.) ;
#6042=ADVANCED_FACE('S1',(#6041),#6016,.F.) ;
#6066=ADVANCED_FACE('S1',(#6065),#6047,.T.) ;
#6090=ADVANCED_FACE('S1',(#6089),#6071,.F.) ;
#6107=ADVANCED_FACE('S1',(#6106),#6095,.T.) ;
#6138=ADVANCED_FACE('S1',(#6137),#6112,.F.) ;
#6162=ADVANCED_FACE('S1',(#6161),#6143,.T.) ;
#6186=ADVANCED_FACE('S1',(#6185),#6167,.F.) ;
#6203=ADVANCED_FACE('S1',(#6202),#6191,.T.) ;
#6229=ADVANCED_FACE('S1',(#6228),#6095,.T.) ;
#6253=ADVANCED_FACE('S1',(#6252),#6234,.F.) ;
#6272=ADVANCED_FACE('S1',(#6271),#6047,.T.) ;
#6289=ADVANCED_FACE('S1',(#6288),#6277,.F.) ;
#6320=ADVANCED_FACE('S1',(#6319),#6294,.F.) ;
#6339=ADVANCED_FACE('S1',(#6338),#6143,.T.) ;
#6363=ADVANCED_FACE('S1',(#6362),#6344,.F.) ;
#6375=ADVANCED_FACE('S1',(#6374),#6191,.T.) ;
#6406=ADVANCED_FACE('S1',(#6405),#6380,.F.) ;
#6418=ADVANCED_FACE('S1',(#6417),#6380,.F.) ;
#6449=ADVANCED_FACE('S1',(#6448),#6423,.F.) ;
#6461=ADVANCED_FACE('S1',(#6460),#6423,.F.) ;
#6492=ADVANCED_FACE('S1',(#6491),#6466,.F.) ;
#6504=ADVANCED_FACE('S1',(#6503),#6466,.F.) ;
#6535=ADVANCED_FACE('S1',(#6534),#6509,.F.) ;
#6547=ADVANCED_FACE('S1',(#6546),#6509,.F.) ;
#6578=ADVANCED_FACE('S1',(#6577),#6552,.F.) ;
#6590=ADVANCED_FACE('S1',(#6589),#6552,.F.) ;
#6621=ADVANCED_FACE('S1',(#6620),#6595,.F.) ;
#6633=ADVANCED_FACE('S1',(#6632),#6595,.F.) ;
#6664=ADVANCED_FACE('S1',(#6663),#6638,.F.) ;
#6676=ADVANCED_FACE('S1',(#6675),#6638,.F.) ;
#6707=ADVANCED_FACE('S1',(#6706),#6681,.F.) ;
#6719=ADVANCED_FACE('S1',(#6718),#6681,.F.) ;
#6750=ADVANCED_FACE('S1',(#6749),#6724,.F.) ;
#6762=ADVANCED_FACE('S1',(#6761),#6724,.F.) ;
#6793=ADVANCED_FACE('S1',(#6792),#6767,.F.) ;
#6805=ADVANCED_FACE('S1',(#6804),#6767,.F.) ;
#6836=ADVANCED_FACE('S1',(#6835),#6810,.F.) ;
#6848=ADVANCED_FACE('S1',(#6847),#6810,.F.) ;
#6879=ADVANCED_FACE('S1',(#6878),#6853,.F.) ;
#6891=ADVANCED_FACE('S1',(#6890),#6853,.F.) ;
#6922=ADVANCED_FACE('S1',(#6921),#6896,.F.) ;
#6934=ADVANCED_FACE('S1',(#6933),#6896,.F.) ;
#6965=ADVANCED_FACE('S1',(#6964),#6939,.F.) ;
#6977=ADVANCED_FACE('S1',(#6976),#6939,.F.) ;
#7008=ADVANCED_FACE('S1',(#7007),#6982,.F.) ;
#7020=ADVANCED_FACE('S1',(#7019),#6982,.F.) ;
#7051=ADVANCED_FACE('S1',(#7050),#7025,.F.) ;
#7063=ADVANCED_FACE('S1',(#7062),#7025,.F.) ;
#7094=ADVANCED_FACE('S1',(#7093),#7068,.F.) ;
#7106=ADVANCED_FACE('S1',(#7105),#7068,.F.) ;
#7137=ADVANCED_FACE('S1',(#7136),#7111,.F.) ;
#7149=ADVANCED_FACE('S1',(#7148),#7111,.F.) ;
#7180=ADVANCED_FACE('S1',(#7179),#7154,.F.) ;
#7192=ADVANCED_FACE('S1',(#7191),#7154,.F.) ;
#7223=ADVANCED_FACE('S1',(#7222),#7197,.F.) ;
#7235=ADVANCED_FACE('S1',(#7234),#7197,.F.) ;
#7266=ADVANCED_FACE('S1',(#7265),#7240,.F.) ;
#7278=ADVANCED_FACE('S1',(#7277),#7240,.F.) ;
#7309=ADVANCED_FACE('S1',(#7308),#7283,.F.) ;
#7321=ADVANCED_FACE('S1',(#7320),#7283,.F.) ;
#7352=ADVANCED_FACE('S1',(#7351),#7326,.F.) ;
#7364=ADVANCED_FACE('S1',(#7363),#7326,.F.) ;
#7395=ADVANCED_FACE('S1',(#7394),#7369,.F.) ;
#7407=ADVANCED_FACE('S1',(#7406),#7369,.F.) ;
#7438=ADVANCED_FACE('S1',(#7437),#7412,.F.) ;
#7450=ADVANCED_FACE('S1',(#7449),#7412,.F.) ;
#7481=ADVANCED_FACE('S1',(#7480),#7455,.F.) ;
#7493=ADVANCED_FACE('S1',(#7492),#7455,.F.) ;
#7524=ADVANCED_FACE('S1',(#7523),#7498,.F.) ;
#7536=ADVANCED_FACE('S1',(#7535),#7498,.F.) ;
#7567=ADVANCED_FACE('S1',(#7566),#7541,.F.) ;
#7579=ADVANCED_FACE('S1',(#7578),#7541,.F.) ;
#7610=ADVANCED_FACE('S1',(#7609),#7584,.F.) ;
#7622=ADVANCED_FACE('S1',(#7621),#7584,.F.) ;
#7653=ADVANCED_FACE('S1',(#7652),#7627,.F.) ;
#7665=ADVANCED_FACE('S1',(#7664),#7627,.F.) ;
#7696=ADVANCED_FACE('S1',(#7695),#7670,.F.) ;
#7708=ADVANCED_FACE('S1',(#7707),#7670,.F.) ;
#7739=ADVANCED_FACE('S1',(#7738),#7713,.F.) ;
#7751=ADVANCED_FACE('S1',(#7750),#7713,.F.) ;
#7782=ADVANCED_FACE('S1',(#7781),#7756,.F.) ;
#7794=ADVANCED_FACE('S1',(#7793),#7756,.F.) ;
#7825=ADVANCED_FACE('S1',(#7824),#7799,.F.) ;
#7837=ADVANCED_FACE('S1',(#7836),#7799,.F.) ;
#7868=ADVANCED_FACE('S1',(#7867),#7842,.F.) ;
#7880=ADVANCED_FACE('S1',(#7879),#7842,.F.) ;
#7911=ADVANCED_FACE('S1',(#7910),#7885,.F.) ;
#7923=ADVANCED_FACE('S1',(#7922),#7885,.F.) ;
#7954=ADVANCED_FACE('S1',(#7953),#7928,.F.) ;
#7966=ADVANCED_FACE('S1',(#7965),#7928,.F.) ;
#7997=ADVANCED_FACE('S1',(#7996),#7971,.F.) ;
#8009=ADVANCED_FACE('S1',(#8008),#7971,.F.) ;
#8040=ADVANCED_FACE('S1',(#8039),#8014,.F.) ;
#8052=ADVANCED_FACE('S1',(#8051),#8014,.F.) ;
#8083=ADVANCED_FACE('S1',(#8082),#8057,.F.) ;
#8095=ADVANCED_FACE('S1',(#8094),#8057,.F.) ;
#8126=ADVANCED_FACE('S1',(#8125),#8100,.F.) ;
#8138=ADVANCED_FACE('S1',(#8137),#8100,.F.) ;
#8169=ADVANCED_FACE('S1',(#8168),#8143,.F.) ;
#8181=ADVANCED_FACE('S1',(#8180),#8143,.F.) ;
#8212=ADVANCED_FACE('S1',(#8211),#8186,.F.) ;
#8224=ADVANCED_FACE('S1',(#8223),#8186,.F.) ;
#8255=ADVANCED_FACE('S1',(#8254),#8229,.F.) ;
#8267=ADVANCED_FACE('S1',(#8266),#8229,.F.) ;
#8298=ADVANCED_FACE('S1',(#8297),#8272,.F.) ;
#8322=ADVANCED_FACE('S1',(#8321),#8303,.T.) ;
#8346=ADVANCED_FACE('S1',(#8345),#8327,.F.) ;
#8363=ADVANCED_FACE('S1',(#8362),#8351,.T.) ;
#8394=ADVANCED_FACE('S1',(#8393),#8368,.T.) ;
#8418=ADVANCED_FACE('S1',(#8417),#8399,.F.) ;
#8442=ADVANCED_FACE('S1',(#8441),#8423,.T.) ;
#8459=ADVANCED_FACE('S1',(#8458),#8447,.F.) ;
#8490=ADVANCED_FACE('S1',(#8489),#8464,.F.) ;
#8514=ADVANCED_FACE('S1',(#8513),#8495,.T.) ;
#8538=ADVANCED_FACE('S1',(#8537),#8519,.F.) ;
#8555=ADVANCED_FACE('S1',(#8554),#8543,.T.) ;
#8586=ADVANCED_FACE('S1',(#8585),#8560,.F.) ;
#8610=ADVANCED_FACE('S1',(#8609),#8591,.T.) ;
#8634=ADVANCED_FACE('S1',(#8633),#8615,.F.) ;
#8651=ADVANCED_FACE('S1',(#8650),#8639,.T.) ;
#8682=ADVANCED_FACE('S1',(#8681),#8656,.F.) ;
#8694=ADVANCED_FACE('S1',(#8693),#8656,.F.) ;
#8725=ADVANCED_FACE('S1',(#8724),#8699,.F.) ;
#8737=ADVANCED_FACE('S1',(#8736),#8699,.F.) ;
#8768=ADVANCED_FACE('S1',(#8767),#8742,.F.) ;
#8780=ADVANCED_FACE('S1',(#8779),#8742,.F.) ;
#8811=ADVANCED_FACE('S1',(#8810),#8785,.F.) ;
#8823=ADVANCED_FACE('S1',(#8822),#8785,.F.) ;
#8854=ADVANCED_FACE('S1',(#8853),#8828,.F.) ;
#8866=ADVANCED_FACE('S1',(#8865),#8828,.F.) ;
#8897=ADVANCED_FACE('S1',(#8896),#8871,.F.) ;
#8909=ADVANCED_FACE('S1',(#8908),#8871,.F.) ;
#8940=ADVANCED_FACE('S1',(#8939),#8914,.F.) ;
#8964=ADVANCED_FACE('S1',(#8963),#8945,.T.) ;
#8988=ADVANCED_FACE('S1',(#8987),#8969,.F.) ;
#9005=ADVANCED_FACE('S1',(#9004),#8993,.T.) ;
#9036=ADVANCED_FACE('S1',(#9035),#9010,.F.) ;
#9060=ADVANCED_FACE('S1',(#9059),#9041,.F.) ;
#9084=ADVANCED_FACE('S1',(#9083),#9065,.F.) ;
#9101=ADVANCED_FACE('S1',(#9100),#9089,.F.) ;
#9132=ADVANCED_FACE('S1',(#9131),#9106,.F.) ;
#9156=ADVANCED_FACE('S1',(#9155),#9137,.T.) ;
#9180=ADVANCED_FACE('S1',(#9179),#9161,.F.) ;
#9197=ADVANCED_FACE('S1',(#9196),#9185,.T.) ;
#9228=ADVANCED_FACE('S1',(#9227),#9202,.F.) ;
#9252=ADVANCED_FACE('S1',(#9251),#9233,.T.) ;
#9276=ADVANCED_FACE('S1',(#9275),#9257,.F.) ;
#9293=ADVANCED_FACE('S1',(#9292),#9281,.T.) ;
#9324=ADVANCED_FACE('S1',(#9323),#9298,.F.) ;
#9348=ADVANCED_FACE('S1',(#9347),#9329,.T.) ;
#9372=ADVANCED_FACE('S1',(#9371),#9353,.F.) ;
#9389=ADVANCED_FACE('S1',(#9388),#9377,.T.) ;
#9420=ADVANCED_FACE('S1',(#9419),#9394,.F.) ;
#9444=ADVANCED_FACE('S1',(#9443),#9425,.T.) ;
#9468=ADVANCED_FACE('S1',(#9467),#9449,.F.) ;
#9485=ADVANCED_FACE('S1',(#9484),#9473,.T.) ;
#9516=ADVANCED_FACE('S1',(#9515),#9490,.F.) ;
#9540=ADVANCED_FACE('S1',(#9539),#9521,.T.) ;
#9564=ADVANCED_FACE('S1',(#9563),#9545,.F.) ;
#9581=ADVANCED_FACE('S1',(#9580),#9569,.T.) ;
#9612=ADVANCED_FACE('S1',(#9611),#9586,.F.) ;
#9624=ADVANCED_FACE('S1',(#9623),#9586,.F.) ;
#9655=ADVANCED_FACE('S1',(#9654),#9629,.F.) ;
#9667=ADVANCED_FACE('S1',(#9666),#9629,.F.) ;
#9698=ADVANCED_FACE('S1',(#9697),#9672,.F.) ;
#9710=ADVANCED_FACE('S1',(#9709),#9672,.F.) ;
#9741=ADVANCED_FACE('S1',(#9740),#9715,.F.) ;
#9753=ADVANCED_FACE('S1',(#9752),#9715,.F.) ;
#9784=ADVANCED_FACE('S1',(#9783),#9758,.F.) ;
#9796=ADVANCED_FACE('S1',(#9795),#9758,.F.) ;
#9827=ADVANCED_FACE('S1',(#9826),#9801,.F.) ;
#9839=ADVANCED_FACE('S1',(#9838),#9801,.F.) ;
#9870=ADVANCED_FACE('S1',(#9869),#9844,.F.) ;
#9882=ADVANCED_FACE('S1',(#9881),#9844,.F.) ;
#9913=ADVANCED_FACE('S1',(#9912),#9887,.F.) ;
#9925=ADVANCED_FACE('S1',(#9924),#9887,.F.) ;
#9956=ADVANCED_FACE('S1',(#9955),#9930,.F.) ;
#9968=ADVANCED_FACE('S1',(#9967),#9930,.F.) ;
#9999=ADVANCED_FACE('S1',(#9998),#9973,.F.) ;
#10011=ADVANCED_FACE('S1',(#10010),#9973,.F.) ;
#10042=ADVANCED_FACE('S1',(#10041),#10016,.F.) ;
#10054=ADVANCED_FACE('S1',(#10053),#10016,.F.) ;
#10085=ADVANCED_FACE('S1',(#10084),#10059,.F.) ;
#10097=ADVANCED_FACE('S1',(#10096),#10059,.F.) ;
#10128=ADVANCED_FACE('S1',(#10127),#10102,.F.) ;
#10140=ADVANCED_FACE('S1',(#10139),#10102,.F.) ;
#10171=ADVANCED_FACE('S1',(#10170),#10145,.F.) ;
#10183=ADVANCED_FACE('S1',(#10182),#10145,.F.) ;
#10214=ADVANCED_FACE('S1',(#10213),#10188,.F.) ;
#10226=ADVANCED_FACE('S1',(#10225),#10188,.F.) ;
#10257=ADVANCED_FACE('S1',(#10256),#10231,.F.) ;
#10269=ADVANCED_FACE('S1',(#10268),#10231,.F.) ;
#10300=ADVANCED_FACE('S1',(#10299),#10274,.F.) ;
#10312=ADVANCED_FACE('S1',(#10311),#10274,.F.) ;
#10343=ADVANCED_FACE('S1',(#10342),#10317,.F.) ;
#10355=ADVANCED_FACE('S1',(#10354),#10317,.F.) ;
#10386=ADVANCED_FACE('S1',(#10385),#10360,.F.) ;
#10398=ADVANCED_FACE('S1',(#10397),#10360,.F.) ;
#10429=ADVANCED_FACE('S1',(#10428),#10403,.F.) ;
#10441=ADVANCED_FACE('S1',(#10440),#10403,.F.) ;
#10472=ADVANCED_FACE('S1',(#10471),#10446,.F.) ;
#10484=ADVANCED_FACE('S1',(#10483),#10446,.F.) ;
#10515=ADVANCED_FACE('S1',(#10514),#10489,.F.) ;
#10527=ADVANCED_FACE('S1',(#10526),#10489,.F.) ;
#10558=ADVANCED_FACE('S1',(#10557),#10532,.F.) ;
#10570=ADVANCED_FACE('S1',(#10569),#10532,.F.) ;
#10601=ADVANCED_FACE('S1',(#10600),#10575,.F.) ;
#10613=ADVANCED_FACE('S1',(#10612),#10575,.F.) ;
#10644=ADVANCED_FACE('S1',(#10643),#10618,.F.) ;
#10656=ADVANCED_FACE('S1',(#10655),#10618,.F.) ;
#10687=ADVANCED_FACE('S1',(#10686),#10661,.F.) ;
#10699=ADVANCED_FACE('S1',(#10698),#10661,.F.) ;
#10730=ADVANCED_FACE('S1',(#10729),#10704,.F.) ;
#10742=ADVANCED_FACE('S1',(#10741),#10704,.F.) ;
#10773=ADVANCED_FACE('S1',(#10772),#10747,.F.) ;
#10785=ADVANCED_FACE('S1',(#10784),#10747,.F.) ;
#10816=ADVANCED_FACE('S1',(#10815),#10790,.F.) ;
#10828=ADVANCED_FACE('S1',(#10827),#10790,.F.) ;
#10859=ADVANCED_FACE('S1',(#10858),#10833,.F.) ;
#10871=ADVANCED_FACE('S1',(#10870),#10833,.F.) ;
#10902=ADVANCED_FACE('S1',(#10901),#10876,.F.) ;
#10914=ADVANCED_FACE('S1',(#10913),#10876,.F.) ;
#10945=ADVANCED_FACE('S1',(#10944),#10919,.F.) ;
#10957=ADVANCED_FACE('S1',(#10956),#10919,.F.) ;
#10988=ADVANCED_FACE('S1',(#10987),#10962,.F.) ;
#11000=ADVANCED_FACE('S1',(#10999),#10962,.F.) ;
#11031=ADVANCED_FACE('S1',(#11030),#11005,.F.) ;
#11043=ADVANCED_FACE('S1',(#11042),#11005,.F.) ;
#11074=ADVANCED_FACE('S1',(#11073),#11048,.F.) ;
#11086=ADVANCED_FACE('S1',(#11085),#11048,.F.) ;
#11117=ADVANCED_FACE('S1',(#11116),#11091,.F.) ;
#11129=ADVANCED_FACE('S1',(#11128),#11091,.F.) ;
#11160=ADVANCED_FACE('S1',(#11159),#11134,.F.) ;
#11172=ADVANCED_FACE('S1',(#11171),#11134,.F.) ;
#11203=ADVANCED_FACE('S1',(#11202),#11177,.T.) ;
#11227=ADVANCED_FACE('S1',(#11226),#11208,.F.) ;
#11251=ADVANCED_FACE('S1',(#11250),#11232,.T.) ;
#11268=ADVANCED_FACE('S1',(#11267),#11256,.F.) ;
#11299=ADVANCED_FACE('S1',(#11298),#11273,.F.) ;
#11311=ADVANCED_FACE('S1',(#11310),#11273,.F.) ;
#11342=ADVANCED_FACE('S1',(#11341),#11316,.F.) ;
#11354=ADVANCED_FACE('S1',(#11353),#11316,.F.) ;
#11385=ADVANCED_FACE('S1',(#11384),#11359,.F.) ;
#11397=ADVANCED_FACE('S1',(#11396),#11359,.F.) ;
#11428=ADVANCED_FACE('S1',(#11427),#11402,.F.) ;
#11440=ADVANCED_FACE('S1',(#11439),#11402,.F.) ;
#11471=ADVANCED_FACE('S1',(#11470),#11445,.F.) ;
#11483=ADVANCED_FACE('S1',(#11482),#11445,.F.) ;
#11514=ADVANCED_FACE('S1',(#11513),#11488,.F.) ;
#11526=ADVANCED_FACE('S1',(#11525),#11488,.F.) ;
#11557=ADVANCED_FACE('S1',(#11556),#11531,.F.) ;
#11569=ADVANCED_FACE('S1',(#11568),#11531,.F.) ;
#11600=ADVANCED_FACE('S1',(#11599),#11574,.F.) ;
#11612=ADVANCED_FACE('S1',(#11611),#11574,.F.) ;
#11643=ADVANCED_FACE('S1',(#11642),#11617,.F.) ;
#11655=ADVANCED_FACE('S1',(#11654),#11617,.F.) ;
#11686=ADVANCED_FACE('S1',(#11685),#11660,.F.) ;
#11698=ADVANCED_FACE('S1',(#11697),#11660,.F.) ;
#11729=ADVANCED_FACE('S1',(#11728),#11703,.F.) ;
#11741=ADVANCED_FACE('S1',(#11740),#11703,.F.) ;
#11772=ADVANCED_FACE('S1',(#11771),#11746,.F.) ;
#11784=ADVANCED_FACE('S1',(#11783),#11746,.F.) ;
#11815=ADVANCED_FACE('S1',(#11814),#11789,.F.) ;
#11827=ADVANCED_FACE('S1',(#11826),#11789,.F.) ;
#11858=ADVANCED_FACE('S1',(#11857),#11832,.F.) ;
#11870=ADVANCED_FACE('S1',(#11869),#11832,.F.) ;
#11901=ADVANCED_FACE('S1',(#11900),#11875,.F.) ;
#11913=ADVANCED_FACE('S1',(#11912),#11875,.F.) ;
#11944=ADVANCED_FACE('S1',(#11943),#11918,.F.) ;
#11956=ADVANCED_FACE('S1',(#11955),#11918,.F.) ;
#11987=ADVANCED_FACE('S1',(#11986),#11961,.F.) ;
#11999=ADVANCED_FACE('S1',(#11998),#11961,.F.) ;
#12030=ADVANCED_FACE('S1',(#12029),#12004,.F.) ;
#12042=ADVANCED_FACE('S1',(#12041),#12004,.F.) ;
#12073=ADVANCED_FACE('S1',(#12072),#12047,.F.) ;
#12085=ADVANCED_FACE('S1',(#12084),#12047,.F.) ;
#12116=ADVANCED_FACE('S1',(#12115),#12090,.F.) ;
#12128=ADVANCED_FACE('S1',(#12127),#12090,.F.) ;
#12159=ADVANCED_FACE('S1',(#12158),#12133,.F.) ;
#12171=ADVANCED_FACE('S1',(#12170),#12133,.F.) ;
#12202=ADVANCED_FACE('S1',(#12201),#12176,.F.) ;
#12214=ADVANCED_FACE('S1',(#12213),#12176,.F.) ;
#12245=ADVANCED_FACE('S1',(#12244),#12219,.F.) ;
#12257=ADVANCED_FACE('S1',(#12256),#12219,.F.) ;
#12288=ADVANCED_FACE('S1',(#12287),#12262,.F.) ;
#12300=ADVANCED_FACE('S1',(#12299),#12262,.F.) ;
#12331=ADVANCED_FACE('S1',(#12330),#12305,.F.) ;
#12343=ADVANCED_FACE('S1',(#12342),#12305,.F.) ;
#12374=ADVANCED_FACE('S1',(#12373),#12348,.F.) ;
#12386=ADVANCED_FACE('S1',(#12385),#12348,.F.) ;
#12417=ADVANCED_FACE('S1',(#12416),#12391,.F.) ;
#12429=ADVANCED_FACE('S1',(#12428),#12391,.F.) ;
#12460=ADVANCED_FACE('S1',(#12459),#12434,.F.) ;
#12472=ADVANCED_FACE('S1',(#12471),#12434,.F.) ;
#12503=ADVANCED_FACE('S1',(#12502),#12477,.F.) ;
#12515=ADVANCED_FACE('S1',(#12514),#12477,.F.) ;
#12546=ADVANCED_FACE('S1',(#12545),#12520,.F.) ;
#12558=ADVANCED_FACE('S1',(#12557),#12520,.F.) ;
#12589=ADVANCED_FACE('S1',(#12588),#12563,.F.) ;
#12601=ADVANCED_FACE('S1',(#12600),#12563,.F.) ;
#12632=ADVANCED_FACE('S1',(#12631),#12606,.F.) ;
#12644=ADVANCED_FACE('S1',(#12643),#12606,.F.) ;
#12675=ADVANCED_FACE('S1',(#12674),#12649,.T.) ;
#12699=ADVANCED_FACE('S1',(#12698),#12680,.F.) ;
#12723=ADVANCED_FACE('S1',(#12722),#12704,.T.) ;
#12740=ADVANCED_FACE('S1',(#12739),#12728,.F.) ;
#12771=ADVANCED_FACE('S1',(#12770),#12745,.F.) ;
#12795=ADVANCED_FACE('S1',(#12794),#12776,.T.) ;
#12819=ADVANCED_FACE('S1',(#12818),#12800,.F.) ;
#12836=ADVANCED_FACE('S1',(#12835),#12824,.T.) ;
#12867=ADVANCED_FACE('S1',(#12866),#12841,.T.) ;
#12891=ADVANCED_FACE('S1',(#12890),#12872,.F.) ;
#12915=ADVANCED_FACE('S1',(#12914),#12896,.T.) ;
#12932=ADVANCED_FACE('S1',(#12931),#12920,.F.) ;
#12963=ADVANCED_FACE('S1',(#12962),#12937,.T.) ;
#12987=ADVANCED_FACE('S1',(#12986),#12968,.F.) ;
#13011=ADVANCED_FACE('S1',(#13010),#12992,.T.) ;
#13028=ADVANCED_FACE('S1',(#13027),#13016,.F.) ;
#13059=ADVANCED_FACE('S1',(#13058),#13033,.F.) ;
#13083=ADVANCED_FACE('S1',(#13082),#13064,.T.) ;
#13107=ADVANCED_FACE('S1',(#13106),#13088,.F.) ;
#13124=ADVANCED_FACE('S1',(#13123),#13112,.T.) ;
#13155=ADVANCED_FACE('S1',(#13154),#13129,.F.) ;
#13167=ADVANCED_FACE('S1',(#13166),#13129,.F.) ;
#13198=ADVANCED_FACE('S1',(#13197),#13172,.F.) ;
#13210=ADVANCED_FACE('S1',(#13209),#13172,.F.) ;
#13241=ADVANCED_FACE('S1',(#13240),#13215,.F.) ;
#13253=ADVANCED_FACE('S1',(#13252),#13215,.F.) ;
#13284=ADVANCED_FACE('S1',(#13283),#13258,.F.) ;
#13296=ADVANCED_FACE('S1',(#13295),#13258,.F.) ;
#13327=ADVANCED_FACE('S1',(#13326),#13301,.F.) ;
#13339=ADVANCED_FACE('S1',(#13338),#13301,.F.) ;
#13370=ADVANCED_FACE('S1',(#13369),#13344,.F.) ;
#13382=ADVANCED_FACE('S1',(#13381),#13344,.F.) ;
#13413=ADVANCED_FACE('S1',(#13412),#13387,.F.) ;
#13425=ADVANCED_FACE('S1',(#13424),#13387,.F.) ;
#13456=ADVANCED_FACE('S1',(#13455),#13430,.F.) ;
#13468=ADVANCED_FACE('S1',(#13467),#13430,.F.) ;
#13499=ADVANCED_FACE('S1',(#13498),#13473,.F.) ;
#13511=ADVANCED_FACE('S1',(#13510),#13473,.F.) ;
#13542=ADVANCED_FACE('S1',(#13541),#13516,.F.) ;
#13554=ADVANCED_FACE('S1',(#13553),#13516,.F.) ;
#13585=ADVANCED_FACE('S1',(#13584),#13559,.T.) ;
#13609=ADVANCED_FACE('S1',(#13608),#13590,.F.) ;
#13633=ADVANCED_FACE('S1',(#13632),#13614,.T.) ;
#13657=ADVANCED_FACE('S1',(#13656),#13638,.F.) ;
#13681=ADVANCED_FACE('S1',(#13680),#13662,.T.) ;
#13705=ADVANCED_FACE('S1',(#13704),#13686,.F.) ;
#13729=ADVANCED_FACE('S1',(#13728),#13710,.T.) ;
#13746=ADVANCED_FACE('S1',(#13745),#13734,.F.) ;
#13777=ADVANCED_FACE('S1',(#13776),#13751,.T.) ;
#13801=ADVANCED_FACE('S1',(#13800),#13782,.F.) ;
#13825=ADVANCED_FACE('S1',(#13824),#13806,.T.) ;
#13849=ADVANCED_FACE('S1',(#13848),#13830,.F.) ;
#13873=ADVANCED_FACE('S1',(#13872),#13854,.T.) ;
#13897=ADVANCED_FACE('S1',(#13896),#13878,.F.) ;
#13921=ADVANCED_FACE('S1',(#13920),#13902,.T.) ;
#13938=ADVANCED_FACE('S1',(#13937),#13926,.F.) ;
#13969=ADVANCED_FACE('S1',(#13968),#13943,.F.) ;
#13981=ADVANCED_FACE('S1',(#13980),#13943,.F.) ;
#14012=ADVANCED_FACE('S1',(#14011),#13986,.F.) ;
#14024=ADVANCED_FACE('S1',(#14023),#13986,.F.) ;
#14055=ADVANCED_FACE('S1',(#14054),#14029,.F.) ;
#14067=ADVANCED_FACE('S1',(#14066),#14029,.F.) ;
#14098=ADVANCED_FACE('S1',(#14097),#14072,.F.) ;
#14110=ADVANCED_FACE('S1',(#14109),#14072,.F.) ;
#14141=ADVANCED_FACE('S1',(#14140),#14115,.F.) ;
#14153=ADVANCED_FACE('S1',(#14152),#14115,.F.) ;
#14184=ADVANCED_FACE('S1',(#14183),#14158,.F.) ;
#14196=ADVANCED_FACE('S1',(#14195),#14158,.F.) ;
#14227=ADVANCED_FACE('S1',(#14226),#14201,.F.) ;
#14239=ADVANCED_FACE('S1',(#14238),#14201,.F.) ;
#14270=ADVANCED_FACE('S1',(#14269),#14244,.F.) ;
#14282=ADVANCED_FACE('S1',(#14281),#14244,.F.) ;
#14313=ADVANCED_FACE('S1',(#14312),#14287,.F.) ;
#14325=ADVANCED_FACE('S1',(#14324),#14287,.F.) ;
#14356=ADVANCED_FACE('S1',(#14355),#14330,.F.) ;
#14368=ADVANCED_FACE('S1',(#14367),#14330,.F.) ;
#14399=ADVANCED_FACE('S1',(#14398),#14373,.F.) ;
#14411=ADVANCED_FACE('S1',(#14410),#14373,.F.) ;
#14442=ADVANCED_FACE('S1',(#14441),#14416,.F.) ;
#14454=ADVANCED_FACE('S1',(#14453),#14416,.F.) ;
#14485=ADVANCED_FACE('S1',(#14484),#14459,.F.) ;
#14497=ADVANCED_FACE('S1',(#14496),#14459,.F.) ;
#14528=ADVANCED_FACE('S1',(#14527),#14502,.F.) ;
#14540=ADVANCED_FACE('S1',(#14539),#14502,.F.) ;
#14571=ADVANCED_FACE('S1',(#14570),#14545,.F.) ;
#14583=ADVANCED_FACE('S1',(#14582),#14545,.F.) ;
#14614=ADVANCED_FACE('S1',(#14613),#14588,.F.) ;
#14626=ADVANCED_FACE('S1',(#14625),#14588,.F.) ;
#14657=ADVANCED_FACE('S1',(#14656),#14631,.F.) ;
#14669=ADVANCED_FACE('S1',(#14668),#14631,.F.) ;
#14700=ADVANCED_FACE('S1',(#14699),#14674,.F.) ;
#14712=ADVANCED_FACE('S1',(#14711),#14674,.F.) ;
#14743=ADVANCED_FACE('S1',(#14742),#14717,.F.) ;
#14755=ADVANCED_FACE('S1',(#14754),#14717,.F.) ;
#14786=ADVANCED_FACE('S1',(#14785),#14760,.F.) ;
#14798=ADVANCED_FACE('S1',(#14797),#14760,.F.) ;
#14829=ADVANCED_FACE('S1',(#14828),#14803,.F.) ;
#14841=ADVANCED_FACE('S1',(#14840),#14803,.F.) ;
#14872=ADVANCED_FACE('S1',(#14871),#14846,.F.) ;
#14884=ADVANCED_FACE('S1',(#14883),#14846,.F.) ;
#14915=ADVANCED_FACE('S1',(#14914),#14889,.F.) ;
#14927=ADVANCED_FACE('S1',(#14926),#14889,.F.) ;
#14958=ADVANCED_FACE('S1',(#14957),#14932,.F.) ;
#14970=ADVANCED_FACE('S1',(#14969),#14932,.F.) ;
#15001=ADVANCED_FACE('S1',(#15000),#14975,.F.) ;
#15013=ADVANCED_FACE('S1',(#15012),#14975,.F.) ;
#15044=ADVANCED_FACE('S1',(#15043),#15018,.F.) ;
#15056=ADVANCED_FACE('S1',(#15055),#15018,.F.) ;
#15087=ADVANCED_FACE('S1',(#15086),#15061,.F.) ;
#15099=ADVANCED_FACE('S1',(#15098),#15061,.F.) ;
#15130=ADVANCED_FACE('S1',(#15129),#15104,.F.) ;
#15142=ADVANCED_FACE('S1',(#15141),#15104,.F.) ;
#15173=ADVANCED_FACE('S1',(#15172),#15147,.F.) ;
#15185=ADVANCED_FACE('S1',(#15184),#15147,.F.) ;
#15216=ADVANCED_FACE('S1',(#15215),#15190,.F.) ;
#15228=ADVANCED_FACE('S1',(#15227),#15190,.F.) ;
#15259=ADVANCED_FACE('S1',(#15258),#15233,.F.) ;
#15271=ADVANCED_FACE('S1',(#15270),#15233,.F.) ;
#15302=ADVANCED_FACE('S1',(#15301),#15276,.F.) ;
#15314=ADVANCED_FACE('S1',(#15313),#15276,.F.) ;
#15345=ADVANCED_FACE('S1',(#15344),#15319,.F.) ;
#15357=ADVANCED_FACE('S1',(#15356),#15319,.F.) ;
#15388=ADVANCED_FACE('S1',(#15387),#15362,.F.) ;
#15400=ADVANCED_FACE('S1',(#15399),#15362,.F.) ;
#15431=ADVANCED_FACE('S1',(#15430),#15405,.F.) ;
#15443=ADVANCED_FACE('S1',(#15442),#15405,.F.) ;
#15474=ADVANCED_FACE('S1',(#15473),#15448,.F.) ;
#15486=ADVANCED_FACE('S1',(#15485),#15448,.F.) ;
#15517=ADVANCED_FACE('S1',(#15516),#15491,.F.) ;
#15529=ADVANCED_FACE('S1',(#15528),#15491,.F.) ;
#15560=ADVANCED_FACE('S1',(#15559),#15534,.F.) ;
#15572=ADVANCED_FACE('S1',(#15571),#15534,.F.) ;
#15603=ADVANCED_FACE('S1',(#15602),#15577,.F.) ;
#15615=ADVANCED_FACE('S1',(#15614),#15577,.F.) ;
#15646=ADVANCED_FACE('S1',(#15645),#15620,.F.) ;
#15670=ADVANCED_FACE('S1',(#15669),#15651,.F.) ;
#15694=ADVANCED_FACE('S1',(#15693),#15675,.T.) ;
#15718=ADVANCED_FACE('S1',(#15717),#15699,.F.) ;
#15742=ADVANCED_FACE('S1',(#15741),#15723,.T.) ;
#15759=ADVANCED_FACE('S1',(#15758),#15747,.F.) ;
#15790=ADVANCED_FACE('S1',(#15789),#15764,.F.) ;
#15814=ADVANCED_FACE('S1',(#15813),#15795,.T.) ;
#15838=ADVANCED_FACE('S1',(#15837),#15819,.F.) ;
#15855=ADVANCED_FACE('S1',(#15854),#15843,.T.) ;
#15886=ADVANCED_FACE('S1',(#15885),#15860,.F.) ;
#15898=ADVANCED_FACE('S1',(#15897),#15860,.F.) ;
#15929=ADVANCED_FACE('S1',(#15928),#15903,.F.) ;
#15941=ADVANCED_FACE('S1',(#15940),#15903,.F.) ;
#15972=ADVANCED_FACE('S1',(#15971),#15946,.F.) ;
#15984=ADVANCED_FACE('S1',(#15983),#15946,.F.) ;
#16015=ADVANCED_FACE('S1',(#16014),#15989,.F.) ;
#16027=ADVANCED_FACE('S1',(#16026),#15989,.F.) ;
#16058=ADVANCED_FACE('S1',(#16057),#16032,.F.) ;
#16070=ADVANCED_FACE('S1',(#16069),#16032,.F.) ;
#16101=ADVANCED_FACE('S1',(#16100),#16075,.F.) ;
#16113=ADVANCED_FACE('S1',(#16112),#16075,.F.) ;
#16144=ADVANCED_FACE('S1',(#16143),#16118,.F.) ;
#16156=ADVANCED_FACE('S1',(#16155),#16118,.F.) ;
#16187=ADVANCED_FACE('S1',(#16186),#16161,.F.) ;
#16199=ADVANCED_FACE('S1',(#16198),#16161,.F.) ;
#16230=ADVANCED_FACE('S1',(#16229),#16204,.F.) ;
#16242=ADVANCED_FACE('S1',(#16241),#16204,.F.) ;
#16273=ADVANCED_FACE('S1',(#16272),#16247,.F.) ;
#16285=ADVANCED_FACE('S1',(#16284),#16247,.F.) ;
#16309=ADVANCED_FACE('S1',(#16308),#16290,.F.) ;
#16326=ADVANCED_FACE('S1',(#16325),#16314,.T.) ;
#16357=ADVANCED_FACE('S1',(#16356),#16331,.F.) ;
#16369=ADVANCED_FACE('S1',(#16368),#16331,.F.) ;
#16395=ADVANCED_FACE('S1',(#16394),#16374,.F.) ;
#16412=ADVANCED_FACE('S1',(#16411),#16400,.F.) ;
#16429=ADVANCED_FACE('S1',(#16428),#16417,.T.) ;
#16453=ADVANCED_FACE('S1',(#16452),#16434,.T.) ;
#16472=ADVANCED_FACE('S1',(#16471),#16417,.T.) ;
#16489=ADVANCED_FACE('S1',(#16488),#16477,.T.) ;
#16513=ADVANCED_FACE('S1',(#16512),#16494,.T.) ;
#16530=ADVANCED_FACE('S1',(#16529),#16518,.T.) ;
#16547=ADVANCED_FACE('S1',(#16546),#16535,.T.) ;
#16571=ADVANCED_FACE('S1',(#16570),#16552,.T.) ;
#16590=ADVANCED_FACE('S1',(#16589),#16535,.T.) ;
#16607=ADVANCED_FACE('S1',(#16606),#16595,.T.) ;
#17581=ADVANCED_FACE('S1',(#16642,#16646,#16650,#16654,#16658,#16662,#16666,#16670,#16674,#16678,#16682,#16686,#16690,#16694,#16701,#16708,#16714,#16720,#16726,#16732,#16736,#16740,#16744,#16748,#16752,#16756,#16760,#16764,#16768,#16772,#16776,#16780,#16784,#16788,#16792,#16796,#16800,#16804,#16808,#16812,#16816,#16820,#16824,#16828,#16832,#16836,#16840,#16844,#16848,#16852,#16856,#16860,#16864,#16868,#16872,#16876,#16880,#16884,#16888,#16892,#16896,#16900,#16904,#16908,#16914,#16920,#16926,#16932,#16936,#16940,#16944,#16948,#16952,#16956,#16962,#16968,#16974,#16980,#16986,#16992,#16998,#17002,#17006,#17010,#17014,#17018,#17022,#17026,#17030,#17034,#17038,#17042,#17046,#17050,#17054,#17058,#17062,#17066,#17070,#17074,#17078,#17082,#17086,#17090,#17094,#17098,#17102,#17106,#17110,#17114,#17118,#17122,#17126,#17130,#17134,#17138,#17142,#17146,#17150,#17156,#17160,#17164,#17168,#17172,#17176,#17180,#17184,#17188,#17192,#17196,#17200,#17204,#17208,#17212,#17216,#17220,#17224,#17228,#17232,#17236,#17240,#17244,#17248,#17252,#17256,#17260,#17264,#17268,#17272,#17276,#17280,#17284,#17290,#17296,#17302,#17308,#17314,#17318,#17322,#17326,#17330,#17334,#17338,#17342,#17346,#17350,#17354,#17364,#17374,#17378,#17382,#17386,#17390,#17394,#17398,#17402,#17406,#17410,#17414,#17418,#17422,#17426,#17430,#17434,#17438,#17442,#17446,#17450,#17454,#17458,#17462,#17466,#17470,#17474,#17478,#17482,#17486,#17490,#17494,#17498,#17502,#17506,#17510,#17514,#17518,#17522,#17526,#17530,#17538,#17544,#17548,#17552,#17556,#17560,#17564,#17568,#17572,#17576,#17580),#16612,.F.) ;
#4=APPLICATION_PROTOCOL_DEFINITION('international standard','config_control_design',1994,#1) ;
#35=APPROVAL_DATE_TIME(#13,#24) ;
#178=B_SPLINE_CURVE_WITH_KNOTS('',5,(#179,#180,#181,#182,#183,#184,#185,#186,#187,#188,#189,#190),.UNSPECIFIED.,.F.,.U.,(6,3,3,6),(0.,3.87292075598,7.74584152663,11.1070504823),.UNSPECIFIED.) ;
#201=B_SPLINE_CURVE_WITH_KNOTS('',5,(#202,#203,#204,#205,#206,#207),.UNSPECIFIED.,.F.,.U.,(6,6),(0.,13.1060763403),.UNSPECIFIED.) ;
#232=B_SPLINE_CURVE_WITH_KNOTS('',5,(#233,#234,#235,#236,#237,#238,#239,#240,#241,#242,#243,#244),.UNSPECIFIED.,.F.,.U.,(6,3,3,6),(0.,20.8708078549,41.7416157124,58.7790631352),.UNSPECIFIED.) ;
#311=B_SPLINE_CURVE_WITH_KNOTS('',5,(#312,#313,#314,#315,#316,#317,#318,#319,#320,#321,#322,#323),.UNSPECIFIED.,.F.,.U.,(6,3,3,6),(0.,3.87292074507,7.74584148573,11.1070503956),.UNSPECIFIED.) ;
#578=B_SPLINE_CURVE_WITH_KNOTS('',5,(#579,#580,#581,#582,#583,#584,#585,#586,#587,#588,#589,#590,#591,#592,#593,#594,#595,#596,#597,#598,#599),.UNSPECIFIED.,.F.,.U.,(6,3,3,3,3,3,6),(0.,1.27276331311,2.54552663783,3.81828995159,5.09105327317,6.36381661303,6.66405459257),.UNSPECIFIED.) ;
#612=B_SPLINE_CURVE_WITH_KNOTS('',5,(#613,#614,#615,#616,#617,#618,#619,#620,#621,#622,#623,#624,#625,#626,#627,#628,#629,#630),.UNSPECIFIED.,.F.,.U.,(6,3,3,3,3,6),(0.,1.27276331879,2.54552665441,3.8182899803,5.09105328878,5.13372618877),.UNSPECIFIED.) ;
#634=B_SPLINE_CURVE_WITH_KNOTS('',5,(#635,#636,#637,#638,#639,#640,#641,#642,#643),.UNSPECIFIED.,.F.,.U.,(6,3,6),(5.13372618877,6.36381661031,6.66405458984),.UNSPECIFIED.) ;
#659=B_SPLINE_CURVE_WITH_KNOTS('',5,(#660,#661,#662,#663,#664,#665,#666,#667,#668,#669,#670,#671,#672,#673,#674,#675,#676,#677,#678,#679,#680),.UNSPECIFIED.,.F.,.U.,(6,3,3,3,3,3,6),(0.,1.31450769378,2.62901539281,3.94352307849,5.25803074788,6.57253843229,7.10785486194),.UNSPECIFIED.) ;
#686=B_SPLINE_CURVE_WITH_KNOTS('',5,(#687,#688,#689,#690,#691,#692,#693,#694,#695,#696,#697,#698,#699,#700,#701,#702,#703,#704,#705,#706,#707),.UNSPECIFIED.,.F.,.U.,(6,3,3,3,3,3,6),(0.,1.31450769625,2.62901537849,3.94352305737,5.25803073097,6.57253841727,7.10785484693),.UNSPECIFIED.) ;
#743=B_SPLINE_CURVE_WITH_KNOTS('',5,(#744,#745,#746,#747,#748,#749,#750,#751,#752,#753,#754,#755,#756,#757,#758,#759,#760,#761,#762,#763,#764),.UNSPECIFIED.,.F.,.U.,(6,3,3,3,3,3,6),(0.,1.31450768533,2.62901536591,3.94352304968,5.25803072345,6.57253839362,7.10785482343),.UNSPECIFIED.) ;
#2399=B_SPLINE_CURVE_WITH_KNOTS('',5,(#2400,#2401,#2402,#2403,#2404,#2405,#2406,#2407,#2408,#2409,#2410,#2411,#2412,#2413,#2414,#2415,#2416,#2417,#2418,#2419,#2420),.UNSPECIFIED.,.F.,.U.,(6,3,3,3,3,3,6),(0.,1.3145076878,2.62901536987,3.94352304423,5.25803072816,6.57253841926,7.10785484903),.UNSPECIFIED.) ;
#2426=B_SPLINE_CURVE_WITH_KNOTS('',5,(#2427,#2428,#2429,#2430,#2431,#2432,#2433,#2434,#2435,#2436,#2437,#2438,#2439,#2440,#2441,#2442,#2443,#2444,#2445,#2446,#2447),.UNSPECIFIED.,.F.,.U.,(6,3,3,3,3,3,6),(0.,1.31450768783,2.62901537018,3.94352304426,5.258030728,6.57253841895,7.10785484872),.UNSPECIFIED.) ;
#17582=MANIFOLD_SOLID_BREP('S1',#69) ;
#11=CALENDAR_DATE(2026,29,7) ;
#33=CC_DESIGN_APPROVAL(#24,(#19,#6,#17)) ;
#21=CC_DESIGN_DATE_AND_TIME_ASSIGNMENT(#13,#20,(#19)) ;
#32=CC_DESIGN_DATE_AND_TIME_ASSIGNMENT(#13,#31,(#17)) ;
#20=DATE_TIME_ROLE('classification_date') ;
#31=DATE_TIME_ROLE('creation_date') ;
#30=CC_DESIGN_PERSON_AND_ORGANIZATION_ASSIGNMENT(#28,#29,(#19)) ;
#36=CC_DESIGN_PERSON_AND_ORGANIZATION_ASSIGNMENT(#28,#37,(#6)) ;
#38=CC_DESIGN_PERSON_AND_ORGANIZATION_ASSIGNMENT(#28,#39,(#6,#17)) ;
#40=CC_DESIGN_PERSON_AND_ORGANIZATION_ASSIGNMENT(#28,#41,(#5)) ;
#29=PERSON_AND_ORGANIZATION_ROLE('classification_officer') ;
#37=PERSON_AND_ORGANIZATION_ROLE('design_supplier') ;
#39=PERSON_AND_ORGANIZATION_ROLE('creator') ;
#41=PERSON_AND_ORGANIZATION_ROLE('design_owner') ;
#42=CC_DESIGN_SECURITY_CLASSIFICATION(#19,(#6,#17585,#17598)) ;
#67=DOCUMENT('1','_NPart#93.CATPart','CATPart document',#66) ;
#66=DOCUMENT_TYPE('') ;
#118=CIRCLE('generated circle',#117,29.9999999994) ;
#125=CIRCLE('generated circle',#124,29.9999999994) ;
#139=CIRCLE('generated circle',#138,5.00000000308) ;
#153=CIRCLE('generated circle',#152,4.9999999999) ;
#167=CIRCLE('generated circle',#166,5.00000000308) ;
#221=CIRCLE('generated circle',#220,29.999999995) ;
#258=CIRCLE('generated circle',#257,49.999999959) ;
#272=CIRCLE('generated circle',#271,4.9999999999) ;
#286=CIRCLE('generated circle',#285,5.00000000308) ;
#300=CIRCLE('generated circle',#299,4.9999999999) ;
#365=CIRCLE('generated circle',#364,1.94999999925) ;
#374=CIRCLE('generated circle',#373,1.94999999925) ;
#383=CIRCLE('generated circle',#382,1.94999999925) ;
#392=CIRCLE('generated circle',#391,1.94999999925) ;
#401=CIRCLE('generated circle',#400,1.94999999925) ;
#410=CIRCLE('generated circle',#409,1.94999999925) ;
#419=CIRCLE('generated circle',#418,1.94999999925) ;
#428=CIRCLE('generated circle',#427,1.94999999925) ;
#437=CIRCLE('generated circle',#436,1.94999999925) ;
#446=CIRCLE('generated circle',#445,1.94999999925) ;
#455=CIRCLE('generated circle',#454,1.94999999925) ;
#464=CIRCLE('generated circle',#463,1.94999999925) ;
#473=CIRCLE('generated circle',#472,1.94999999925) ;
#482=CIRCLE('generated circle',#481,1.94999999925) ;
#491=CIRCLE('generated circle',#490,1.94999999925) ;
#500=CIRCLE('generated circle',#499,1.94999999925) ;
#509=CIRCLE('generated circle',#508,1.94999999925) ;
#518=CIRCLE('generated circle',#517,1.94999999925) ;
#527=CIRCLE('generated circle',#526,1.94999999925) ;
#536=CIRCLE('generated circle',#535,1.94999999925) ;
#545=CIRCLE('generated circle',#544,1.94999999925) ;
#554=CIRCLE('generated circle',#553,1.94999999925) ;
#563=CIRCLE('generated circle',#562,1.94999999925) ;
#572=CIRCLE('generated circle',#571,1.94999999925) ;
#725=CIRCLE('generated circle',#724,1.59999999996) ;
#732=CIRCLE('generated circle',#731,1.59999999996) ;
#776=CIRCLE('generated circle',#775,1.60000000056) ;
#792=CIRCLE('generated circle',#791,1.60000000056) ;
#810=CIRCLE('generated circle',#809,1.59999999963) ;
#826=CIRCLE('generated circle',#825,1.59999999963) ;
#853=CIRCLE('generated circle',#852,1.60000000056) ;
#867=CIRCLE('generated circle',#866,1.60000000056) ;
#878=CIRCLE('generated circle',#877,1.59999999963) ;
#894=CIRCLE('generated circle',#893,1.59999999963) ;
#912=CIRCLE('generated circle',#911,1.60000000056) ;
#921=CIRCLE('generated circle',#920,1.60000000056) ;
#930=CIRCLE('generated circle',#929,1.60000000056) ;
#939=CIRCLE('generated circle',#938,1.60000000056) ;
#948=CIRCLE('generated circle',#947,1.59999999963) ;
#957=CIRCLE('generated circle',#956,1.59999999963) ;
#966=CIRCLE('generated circle',#965,1.60000000056) ;
#975=CIRCLE('generated circle',#974,1.60000000056) ;
#984=CIRCLE('generated circle',#983,1.60000000056) ;
#993=CIRCLE('generated circle',#992,1.60000000056) ;
#1002=CIRCLE('generated circle',#1001,1.60000000056) ;
#1011=CIRCLE('generated circle',#1010,1.60000000056) ;
#1020=CIRCLE('generated circle',#1019,1.60000000056) ;
#1029=CIRCLE('generated circle',#1028,1.60000000056) ;
#1038=CIRCLE('generated circle',#1037,1.60000000056) ;
#1047=CIRCLE('generated circle',#1046,1.60000000056) ;
#1056=CIRCLE('generated circle',#1055,1.60000000056) ;
#1065=CIRCLE('generated circle',#1064,1.60000000056) ;
#1074=CIRCLE('generated circle',#1073,1.60000000056) ;
#1083=CIRCLE('generated circle',#1082,1.60000000056) ;
#1092=CIRCLE('generated circle',#1091,1.60000000056) ;
#1101=CIRCLE('generated circle',#1100,1.60000000056) ;
#1110=CIRCLE('generated circle',#1109,1.60000000056) ;
#1119=CIRCLE('generated circle',#1118,1.60000000056) ;
#1128=CIRCLE('generated circle',#1127,1.60000000056) ;
#1137=CIRCLE('generated circle',#1136,1.60000000056) ;
#1146=CIRCLE('generated circle',#1145,1.60000000056) ;
#1155=CIRCLE('generated circle',#1154,1.60000000056) ;
#1164=CIRCLE('generated circle',#1163,1.59999999963) ;
#1173=CIRCLE('generated circle',#1172,1.59999999963) ;
#1182=CIRCLE('generated circle',#1181,1.59999999963) ;
#1191=CIRCLE('generated circle',#1190,1.59999999963) ;
#1200=CIRCLE('generated circle',#1199,1.59999999963) ;
#1209=CIRCLE('generated circle',#1208,1.59999999963) ;
#1218=CIRCLE('generated circle',#1217,1.60000000056) ;
#1227=CIRCLE('generated circle',#1226,1.60000000056) ;
#1236=CIRCLE('generated circle',#1235,1.59999999963) ;
#1245=CIRCLE('generated circle',#1244,1.59999999963) ;
#1254=CIRCLE('generated circle',#1253,1.59999999963) ;
#1263=CIRCLE('generated circle',#1262,1.59999999963) ;
#1272=CIRCLE('generated circle',#1271,1.59999999963) ;
#1281=CIRCLE('generated circle',#1280,1.59999999963) ;
#1290=CIRCLE('generated circle',#1289,1.59999999963) ;
#1299=CIRCLE('generated circle',#1298,1.59999999963) ;
#1308=CIRCLE('generated circle',#1307,1.59999999963) ;
#1317=CIRCLE('generated circle',#1316,1.59999999963) ;
#1326=CIRCLE('generated circle',#1325,1.60000000056) ;
#1335=CIRCLE('generated circle',#1334,1.60000000056) ;
#1344=CIRCLE('generated circle',#1343,1.59999999963) ;
#1353=CIRCLE('generated circle',#1352,1.59999999963) ;
#1362=CIRCLE('generated circle',#1361,1.59999999963) ;
#1371=CIRCLE('generated circle',#1370,1.59999999963) ;
#1380=CIRCLE('generated circle',#1379,1.59999999963) ;
#1389=CIRCLE('generated circle',#1388,1.59999999963) ;
#1398=CIRCLE('generated circle',#1397,1.59999999963) ;
#1407=CIRCLE('generated circle',#1406,1.59999999963) ;
#1416=CIRCLE('generated circle',#1415,1.59999999963) ;
#1425=CIRCLE('generated circle',#1424,1.59999999963) ;
#1434=CIRCLE('generated circle',#1433,1.59999999963) ;
#1443=CIRCLE('generated circle',#1442,1.59999999963) ;
#1452=CIRCLE('generated circle',#1451,1.60000000056) ;
#1461=CIRCLE('generated circle',#1460,1.60000000056) ;
#1470=CIRCLE('generated circle',#1469,1.60000000056) ;
#1479=CIRCLE('generated circle',#1478,1.60000000056) ;
#1488=CIRCLE('generated circle',#1487,1.60000000056) ;
#1497=CIRCLE('generated circle',#1496,1.60000000056) ;
#1506=CIRCLE('generated circle',#1505,1.59999999963) ;
#1515=CIRCLE('generated circle',#1514,1.59999999963) ;
#1524=CIRCLE('generated circle',#1523,1.59999999963) ;
#1533=CIRCLE('generated circle',#1532,1.59999999963) ;
#1542=CIRCLE('generated circle',#1541,1.59999999963) ;
#1551=CIRCLE('generated circle',#1550,1.59999999963) ;
#1560=CIRCLE('generated circle',#1559,1.59999999963) ;
#1569=CIRCLE('generated circle',#1568,1.59999999963) ;
#1578=CIRCLE('generated circle',#1577,1.59999999963) ;
#1587=CIRCLE('generated circle',#1586,1.59999999963) ;
#1596=CIRCLE('generated circle',#1595,1.59999999963) ;
#1605=CIRCLE('generated circle',#1604,1.59999999963) ;
#1614=CIRCLE('generated circle',#1613,1.60000000056) ;
#1623=CIRCLE('generated circle',#1622,1.60000000056) ;
#1632=CIRCLE('generated circle',#1631,1.59999999963) ;
#1641=CIRCLE('generated circle',#1640,1.59999999963) ;
#1650=CIRCLE('generated circle',#1649,1.59999999963) ;
#1659=CIRCLE('generated circle',#1658,1.59999999963) ;
#1668=CIRCLE('generated circle',#1667,1.60000000056) ;
#1677=CIRCLE('generated circle',#1676,1.60000000056) ;
#1686=CIRCLE('generated circle',#1685,1.60000000056) ;
#1695=CIRCLE('generated circle',#1694,1.60000000056) ;
#1704=CIRCLE('generated circle',#1703,1.60000000064) ;
#1720=CIRCLE('generated circle',#1719,1.59999999972) ;
#1747=CIRCLE('generated circle',#1746,1.60000000064) ;
#1761=CIRCLE('generated circle',#1760,1.59999999972) ;
#1772=CIRCLE('generated circle',#1771,1.59999999972) ;
#1788=CIRCLE('generated circle',#1787,1.60000000064) ;
#1806=CIRCLE('generated circle',#1805,1.59999999972) ;
#1822=CIRCLE('generated circle',#1821,1.60000000064) ;
#1840=CIRCLE('generated circle',#1839,1.59999999963) ;
#1849=CIRCLE('generated circle',#1848,1.59999999963) ;
#1858=CIRCLE('generated circle',#1857,1.59999999963) ;
#1867=CIRCLE('generated circle',#1866,1.59999999963) ;
#1876=CIRCLE('generated circle',#1875,1.59999999963) ;
#1885=CIRCLE('generated circle',#1884,1.59999999963) ;
#1894=CIRCLE('generated circle',#1893,1.59999999963) ;
#1903=CIRCLE('generated circle',#1902,1.59999999963) ;
#1912=CIRCLE('generated circle',#1911,1.59999999963) ;
#1921=CIRCLE('generated circle',#1920,1.59999999963) ;
#1930=CIRCLE('generated circle',#1929,1.59999999963) ;
#1939=CIRCLE('generated circle',#1938,1.59999999963) ;
#1948=CIRCLE('generated circle',#1947,10.) ;
#1964=CIRCLE('generated circle',#1963,10.) ;
#1991=CIRCLE('generated circle',#1990,7.) ;
#2005=CIRCLE('generated circle',#2004,7.) ;
#2016=CIRCLE('generated circle',#2015,5.5) ;
#2032=CIRCLE('generated circle',#2031,5.5) ;
#2050=CIRCLE('generated circle',#2049,1.59999999963) ;
#2066=CIRCLE('generated circle',#2065,1.59999999963) ;
#2084=CIRCLE('generated circle',#2083,1.59999999963) ;
#2100=CIRCLE('generated circle',#2099,1.59999999963) ;
#2118=CIRCLE('generated circle',#2117,1.59999999963) ;
#2134=CIRCLE('generated circle',#2133,1.59999999963) ;
#2152=CIRCLE('generated circle',#2151,1.59999999963) ;
#2168=CIRCLE('generated circle',#2167,1.59999999963) ;
#2186=CIRCLE('generated circle',#2185,1.60000000056) ;
#2195=CIRCLE('generated circle',#2194,1.60000000056) ;
#2204=CIRCLE('generated circle',#2203,1.60000000056) ;
#2213=CIRCLE('generated circle',#2212,1.60000000056) ;
#2222=CIRCLE('generated circle',#2221,1.60000000056) ;
#2231=CIRCLE('generated circle',#2230,1.60000000056) ;
#2240=CIRCLE('generated circle',#2239,1.59999999963) ;
#2249=CIRCLE('generated circle',#2248,1.59999999963) ;
#2258=CIRCLE('generated circle',#2257,1.59999999963) ;
#2267=CIRCLE('generated circle',#2266,1.59999999963) ;
#2276=CIRCLE('generated circle',#2275,1.59999999963) ;
#2285=CIRCLE('generated circle',#2284,1.59999999963) ;
#2294=CIRCLE('generated circle',#2293,1.60000000056) ;
#2303=CIRCLE('generated circle',#2302,1.60000000056) ;
#2312=CIRCLE('generated circle',#2311,1.59999999963) ;
#2321=CIRCLE('generated circle',#2320,1.59999999963) ;
#2330=CIRCLE('generated circle',#2329,1.59999999963) ;
#2339=CIRCLE('generated circle',#2338,1.59999999963) ;
#2348=CIRCLE('generated circle',#2347,1.59999999963) ;
#2357=CIRCLE('generated circle',#2356,1.59999999963) ;
#2366=CIRCLE('generated circle',#2365,1.60000000056) ;
#2375=CIRCLE('generated circle',#2374,1.60000000056) ;
#2384=CIRCLE('generated circle',#2383,1.60000000056) ;
#2393=CIRCLE('generated circle',#2392,1.60000000056) ;
#2456=CIRCLE('generated circle',#2455,1.59999999963) ;
#2465=CIRCLE('generated circle',#2464,1.59999999963) ;
#2474=CIRCLE('generated circle',#2473,1.60000000056) ;
#2483=CIRCLE('generated circle',#2482,1.60000000056) ;
#2492=CIRCLE('generated circle',#2491,1.59999999963) ;
#2501=CIRCLE('generated circle',#2500,1.59999999963) ;
#2510=CIRCLE('generated circle',#2509,1.59999999963) ;
#2519=CIRCLE('generated circle',#2518,1.59999999963) ;
#2528=CIRCLE('generated circle',#2527,1.60000000056) ;
#2537=CIRCLE('generated circle',#2536,1.60000000056) ;
#2546=CIRCLE('generated circle',#2545,1.60000000056) ;
#2555=CIRCLE('generated circle',#2554,1.60000000056) ;
#2564=CIRCLE('generated circle',#2563,1.59999999963) ;
#2573=CIRCLE('generated circle',#2572,1.59999999963) ;
#2582=CIRCLE('generated circle',#2581,1.09999999963) ;
#2591=CIRCLE('generated circle',#2590,1.09999999963) ;
#2600=CIRCLE('generated circle',#2599,4.) ;
#2609=CIRCLE('generated circle',#2608,4.) ;
#2618=CIRCLE('generated circle',#2617,1.60000000056) ;
#2627=CIRCLE('generated circle',#2626,1.60000000056) ;
#2636=CIRCLE('generated circle',#2635,1.59999999963) ;
#2645=CIRCLE('generated circle',#2644,1.59999999963) ;
#2654=CIRCLE('generated circle',#2653,1.59999999963) ;
#2663=CIRCLE('generated circle',#2662,1.59999999963) ;
#2672=CIRCLE('generated circle',#2671,1.59999999963) ;
#2681=CIRCLE('generated circle',#2680,1.59999999963) ;
#2690=CIRCLE('generated circle',#2689,1.59999999963) ;
#2699=CIRCLE('generated circle',#2698,1.59999999963) ;
#2708=CIRCLE('generated circle',#2707,1.60000000056) ;
#2717=CIRCLE('generated circle',#2716,1.60000000056) ;
#2726=CIRCLE('generated circle',#2725,1.59999999963) ;
#2735=CIRCLE('generated circle',#2734,1.59999999963) ;
#2744=CIRCLE('generated circle',#2743,1.59999999963) ;
#2753=CIRCLE('generated circle',#2752,1.59999999963) ;
#2762=CIRCLE('generated circle',#2761,1.59999999963) ;
#2771=CIRCLE('generated circle',#2770,1.59999999963) ;
#2780=CIRCLE('generated circle',#2779,1.59999999963) ;
#2789=CIRCLE('generated circle',#2788,1.59999999963) ;
#2798=CIRCLE('generated circle',#2797,1.60000000056) ;
#2807=CIRCLE('generated circle',#2806,1.60000000056) ;
#2816=CIRCLE('generated circle',#2815,1.59999999963) ;
#2825=CIRCLE('generated circle',#2824,1.59999999963) ;
#2834=CIRCLE('generated circle',#2833,1.59999999963) ;
#2843=CIRCLE('generated circle',#2842,1.59999999963) ;
#2852=CIRCLE('generated circle',#2851,1.59999999963) ;
#2861=CIRCLE('generated circle',#2860,1.59999999963) ;
#2870=CIRCLE('generated circle',#2869,1.60000000056) ;
#2879=CIRCLE('generated circle',#2878,1.60000000056) ;
#2888=CIRCLE('generated circle',#2887,1.59999999963) ;
#2897=CIRCLE('generated circle',#2896,1.59999999963) ;
#2915=CIRCLE('generated circle',#2914,1.59999999925) ;
#2929=CIRCLE('generated circle',#2928,1.60000000018) ;
#2940=CIRCLE('generated circle',#2939,1.09999999963) ;
#2949=CIRCLE('generated circle',#2948,1.09999999963) ;
#2958=CIRCLE('generated circle',#2957,1.59999999963) ;
#2967=CIRCLE('generated circle',#2966,1.59999999963) ;
#2976=CIRCLE('generated circle',#2975,1.59999999963) ;
#2985=CIRCLE('generated circle',#2984,1.59999999963) ;
#2994=CIRCLE('generated circle',#2993,1.59999999963) ;
#3003=CIRCLE('generated circle',#3002,1.59999999963) ;
#3012=CIRCLE('generated circle',#3011,1.59999999963) ;
#3021=CIRCLE('generated circle',#3020,1.59999999963) ;
#3030=CIRCLE('generated circle',#3029,1.60000000056) ;
#3039=CIRCLE('generated circle',#3038,1.60000000056) ;
#3048=CIRCLE('generated circle',#3047,1.59999999963) ;
#3057=CIRCLE('generated circle',#3056,1.59999999963) ;
#3066=CIRCLE('generated circle',#3065,1.59999999963) ;
#3075=CIRCLE('generated circle',#3074,1.59999999963) ;
#3084=CIRCLE('generated circle',#3083,1.59999999963) ;
#3093=CIRCLE('generated circle',#3092,1.59999999963) ;
#3102=CIRCLE('generated circle',#3101,1.59999999963) ;
#3111=CIRCLE('generated circle',#3110,1.59999999963) ;
#3120=CIRCLE('generated circle',#3119,1.59999999963) ;
#3129=CIRCLE('generated circle',#3128,1.59999999963) ;
#3138=CIRCLE('generated circle',#3137,1.59999999963) ;
#3147=CIRCLE('generated circle',#3146,1.59999999963) ;
#3156=CIRCLE('generated circle',#3155,1.59999999963) ;
#3165=CIRCLE('generated circle',#3164,1.59999999963) ;
#3174=CIRCLE('generated circle',#3173,1.59999999963) ;
#3183=CIRCLE('generated circle',#3182,1.59999999963) ;
#3192=CIRCLE('generated circle',#3191,1.59999999963) ;
#3201=CIRCLE('generated circle',#3200,1.59999999963) ;
#3210=CIRCLE('generated circle',#3209,1.59999999963) ;
#3219=CIRCLE('generated circle',#3218,1.59999999963) ;
#3228=CIRCLE('generated circle',#3227,1.59999999963) ;
#3237=CIRCLE('generated circle',#3236,1.59999999963) ;
#3246=CIRCLE('generated circle',#3245,1.59999999963) ;
#3255=CIRCLE('generated circle',#3254,1.59999999963) ;
#3264=CIRCLE('generated circle',#3263,1.59999999963) ;
#3273=CIRCLE('generated circle',#3272,1.59999999963) ;
#3282=CIRCLE('generated circle',#3281,1.59999999963) ;
#3291=CIRCLE('generated circle',#3290,1.59999999963) ;
#3300=CIRCLE('generated circle',#3299,1.59999999963) ;
#3309=CIRCLE('generated circle',#3308,1.59999999963) ;
#3318=CIRCLE('generated circle',#3317,1.59999999963) ;
#3327=CIRCLE('generated circle',#3326,1.59999999963) ;
#3336=CIRCLE('generated circle',#3335,1.59999999963) ;
#3345=CIRCLE('generated circle',#3344,1.59999999963) ;
#3354=CIRCLE('generated circle',#3353,1.59999999963) ;
#3363=CIRCLE('generated circle',#3362,1.59999999963) ;
#3372=CIRCLE('generated circle',#3371,1.59999999963) ;
#3381=CIRCLE('generated circle',#3380,1.59999999963) ;
#3390=CIRCLE('generated circle',#3389,1.59999999963) ;
#3399=CIRCLE('generated circle',#3398,1.59999999963) ;
#3408=CIRCLE('generated circle',#3407,1.59999999963) ;
#3417=CIRCLE('generated circle',#3416,1.59999999963) ;
#3426=CIRCLE('generated circle',#3425,1.59999999963) ;
#3435=CIRCLE('generated circle',#3434,1.59999999963) ;
#3444=CIRCLE('generated circle',#3443,1.59999999963) ;
#3453=CIRCLE('generated circle',#3452,1.59999999963) ;
#3462=CIRCLE('generated circle',#3461,1.60000000056) ;
#3471=CIRCLE('generated circle',#3470,1.60000000056) ;
#3480=CIRCLE('generated circle',#3479,1.60000000056) ;
#3489=CIRCLE('generated circle',#3488,1.60000000056) ;
#3498=CIRCLE('generated circle',#3497,1.59999999963) ;
#3507=CIRCLE('generated circle',#3506,1.59999999963) ;
#3525=CIRCLE('generated circle',#3524,8.) ;
#3539=CIRCLE('generated circle',#3538,8.) ;
#3550=CIRCLE('generated circle',#3549,1.50000000078) ;
#3566=CIRCLE('generated circle',#3565,1.50000000078) ;
#3593=CIRCLE('generated circle',#3592,1.50000000078) ;
#3607=CIRCLE('generated circle',#3606,1.50000000078) ;
#3627=CIRCLE('generated circle',#3626,1.50000000078) ;
#3641=CIRCLE('generated circle',#3640,1.50000000078) ;
#3652=CIRCLE('generated circle',#3651,1.50000000078) ;
#3668=CIRCLE('generated circle',#3667,1.50000000078) ;
#3686=CIRCLE('generated circle',#3685,1.34999999963) ;
#3695=CIRCLE('generated circle',#3694,1.34999999963) ;
#3704=CIRCLE('generated circle',#3703,1.34999999963) ;
#3713=CIRCLE('generated circle',#3712,1.34999999963) ;
#3722=CIRCLE('generated circle',#3721,1.34999999963) ;
#3731=CIRCLE('generated circle',#3730,1.34999999963) ;
#3740=CIRCLE('generated circle',#3739,1.34999999963) ;
#3749=CIRCLE('generated circle',#3748,1.34999999963) ;
#3758=CIRCLE('generated circle',#3757,1.34999999963) ;
#3767=CIRCLE('generated circle',#3766,1.34999999963) ;
#3776=CIRCLE('generated circle',#3775,1.34999999963) ;
#3785=CIRCLE('generated circle',#3784,1.34999999963) ;
#3794=CIRCLE('generated circle',#3793,1.34999999963) ;
#3803=CIRCLE('generated circle',#3802,1.34999999963) ;
#3812=CIRCLE('generated circle',#3811,1.34999999963) ;
#3821=CIRCLE('generated circle',#3820,1.34999999963) ;
#3830=CIRCLE('generated circle',#3829,4.25) ;
#3839=CIRCLE('generated circle',#3838,4.25) ;
#3848=CIRCLE('generated circle',#3847,4.25) ;
#3857=CIRCLE('generated circle',#3856,4.25) ;
#3875=CIRCLE('generated circle',#3874,1.99999999996) ;
#3889=CIRCLE('generated circle',#3888,1.99999999996) ;
#3903=CIRCLE('generated circle',#3902,1.99999999996) ;
#3917=CIRCLE('generated circle',#3916,1.99999999996) ;
#3941=CIRCLE('generated circle',#3940,1.99999999996) ;
#3955=CIRCLE('generated circle',#3954,1.99999999996) ;
#3969=CIRCLE('generated circle',#3968,1.99999999996) ;
#3983=CIRCLE('generated circle',#3982,1.99999999996) ;
#3998=CIRCLE('generated circle',#3997,1.59999999963) ;
#4007=CIRCLE('generated circle',#4006,1.59999999963) ;
#4016=CIRCLE('generated circle',#4015,1.59999999963) ;
#4025=CIRCLE('generated circle',#4024,1.59999999963) ;
#4034=CIRCLE('generated circle',#4033,1.59999999963) ;
#4043=CIRCLE('generated circle',#4042,1.59999999963) ;
#4052=CIRCLE('generated circle',#4051,1.59999999963) ;
#4061=CIRCLE('generated circle',#4060,1.59999999963) ;
#4070=CIRCLE('generated circle',#4069,1.59999999963) ;
#4079=CIRCLE('generated circle',#4078,1.59999999963) ;
#4088=CIRCLE('generated circle',#4087,1.59999999963) ;
#4097=CIRCLE('generated circle',#4096,1.59999999963) ;
#4106=CIRCLE('generated circle',#4105,1.59999999963) ;
#4115=CIRCLE('generated circle',#4114,1.59999999963) ;
#4124=CIRCLE('generated circle',#4123,1.59999999963) ;
#4133=CIRCLE('generated circle',#4132,1.59999999963) ;
#4142=CIRCLE('generated circle',#4141,1.59999999963) ;
#4151=CIRCLE('generated circle',#4150,1.59999999963) ;
#4160=CIRCLE('generated circle',#4159,1.59999999963) ;
#4169=CIRCLE('generated circle',#4168,1.59999999963) ;
#4178=CIRCLE('generated circle',#4177,1.59999999963) ;
#4187=CIRCLE('generated circle',#4186,1.59999999963) ;
#4196=CIRCLE('generated circle',#4195,1.59999999963) ;
#4205=CIRCLE('generated circle',#4204,1.59999999963) ;
#4214=CIRCLE('generated circle',#4213,1.59999999963) ;
#4223=CIRCLE('generated circle',#4222,1.59999999963) ;
#4232=CIRCLE('generated circle',#4231,1.59999999963) ;
#4241=CIRCLE('generated circle',#4240,1.59999999963) ;
#4250=CIRCLE('generated circle',#4249,1.59999999963) ;
#4259=CIRCLE('generated circle',#4258,1.59999999963) ;
#4268=CIRCLE('generated circle',#4267,1.59999999963) ;
#4277=CIRCLE('generated circle',#4276,1.59999999963) ;
#4286=CIRCLE('generated circle',#4285,1.59999999963) ;
#4295=CIRCLE('generated circle',#4294,1.59999999963) ;
#4304=CIRCLE('generated circle',#4303,1.59999999963) ;
#4313=CIRCLE('generated circle',#4312,1.59999999963) ;
#4322=CIRCLE('generated circle',#4321,1.59999999963) ;
#4331=CIRCLE('generated circle',#4330,1.59999999963) ;
#4340=CIRCLE('generated circle',#4339,1.59999999963) ;
#4349=CIRCLE('generated circle',#4348,1.59999999963) ;
#4358=CIRCLE('generated circle',#4357,1.59999999963) ;
#4367=CIRCLE('generated circle',#4366,1.59999999963) ;
#4376=CIRCLE('generated circle',#4375,1.59999999963) ;
#4385=CIRCLE('generated circle',#4384,1.59999999963) ;
#4394=CIRCLE('generated circle',#4393,1.59999999963) ;
#4403=CIRCLE('generated circle',#4402,1.59999999963) ;
#4412=CIRCLE('generated circle',#4411,1.59999999963) ;
#4421=CIRCLE('generated circle',#4420,1.59999999963) ;
#4430=CIRCLE('generated circle',#4429,1.59999999963) ;
#4439=CIRCLE('generated circle',#4438,1.59999999963) ;
#4448=CIRCLE('generated circle',#4447,1.59999999963) ;
#4457=CIRCLE('generated circle',#4456,1.59999999963) ;
#4466=CIRCLE('generated circle',#4465,1.59999999963) ;
#4475=CIRCLE('generated circle',#4474,1.59999999963) ;
#4484=CIRCLE('generated circle',#4483,1.59999999963) ;
#4493=CIRCLE('generated circle',#4492,1.59999999963) ;
#4502=CIRCLE('generated circle',#4501,1.59999999963) ;
#4511=CIRCLE('generated circle',#4510,1.59999999963) ;
#4520=CIRCLE('generated circle',#4519,1.59999999963) ;
#4529=CIRCLE('generated circle',#4528,1.59999999963) ;
#4538=CIRCLE('generated circle',#4537,1.59999999963) ;
#4547=CIRCLE('generated circle',#4546,1.59999999963) ;
#4556=CIRCLE('generated circle',#4555,1.59999999963) ;
#4565=CIRCLE('generated circle',#4564,1.59999999963) ;
#4574=CIRCLE('generated circle',#4573,11.) ;
#4583=CIRCLE('generated circle',#4582,11.) ;
#4592=CIRCLE('generated circle',#4591,2.) ;
#4601=CIRCLE('generated circle',#4600,2.) ;
#4610=CIRCLE('generated circle',#4609,2.) ;
#4619=CIRCLE('generated circle',#4618,2.) ;
#4628=CIRCLE('generated circle',#4627,2.) ;
#4637=CIRCLE('generated circle',#4636,2.) ;
#4646=CIRCLE('generated circle',#4645,2.) ;
#4655=CIRCLE('generated circle',#4654,2.) ;
#4664=CIRCLE('generated circle',#4663,2.) ;
#4673=CIRCLE('generated circle',#4672,2.) ;
#4682=CIRCLE('generated circle',#4681,2.) ;
#4691=CIRCLE('generated circle',#4690,2.) ;
#4709=CIRCLE('generated circle',#4708,0.299999999733) ;
#4723=CIRCLE('generated circle',#4722,0.300000000028) ;
#4737=CIRCLE('generated circle',#4736,0.299999999733) ;
#4750=CIRCLE('generated circle',#4749,1.60000000042) ;
#4766=CIRCLE('generated circle',#4765,1.5999999994) ;
#4784=CIRCLE('generated circle',#4783,1.5) ;
#4793=CIRCLE('generated circle',#4792,1.5) ;
#4802=CIRCLE('generated circle',#4801,1.5) ;
#4811=CIRCLE('generated circle',#4810,1.5) ;
#4820=CIRCLE('generated circle',#4819,1.59999999963) ;
#4829=CIRCLE('generated circle',#4828,1.59999999963) ;
#4838=CIRCLE('generated circle',#4837,1.59999999963) ;
#4847=CIRCLE('generated circle',#4846,1.59999999963) ;
#4856=CIRCLE('generated circle',#4855,1.59999999963) ;
#4865=CIRCLE('generated circle',#4864,1.59999999963) ;
#4874=CIRCLE('generated circle',#4873,1.60000000056) ;
#4883=CIRCLE('generated circle',#4882,1.60000000056) ;
#4892=CIRCLE('generated circle',#4891,1.59999999963) ;
#4901=CIRCLE('generated circle',#4900,1.59999999963) ;
#4910=CIRCLE('generated circle',#4909,1.95000000019) ;
#4919=CIRCLE('generated circle',#4918,1.95000000019) ;
#4928=CIRCLE('generated circle',#4927,1.95000000019) ;
#4937=CIRCLE('generated circle',#4936,1.95000000019) ;
#4952=CIRCLE('generated circle',#4951,30.) ;
#5014=CIRCLE('generated circle',#5013,5.) ;
#5062=CIRCLE('generated circle',#5061,5.) ;
#5110=CIRCLE('generated circle',#5109,5.) ;
#5134=CIRCLE('generated circle',#5133,50.) ;
#5189=CIRCLE('generated circle',#5188,30.) ;
#5270=CIRCLE('generated circle',#5269,5.) ;
#5318=CIRCLE('generated circle',#5317,5.) ;
#5361=CIRCLE('generated circle',#5360,5.) ;
#5385=CIRCLE('generated circle',#5384,1.95) ;
#5404=CIRCLE('generated circle',#5403,1.95) ;
#5428=CIRCLE('generated circle',#5427,1.95) ;
#5447=CIRCLE('generated circle',#5446,1.95) ;
#5471=CIRCLE('generated circle',#5470,1.95) ;
#5490=CIRCLE('generated circle',#5489,1.95) ;
#5514=CIRCLE('generated circle',#5513,1.95) ;
#5533=CIRCLE('generated circle',#5532,1.95) ;
#5557=CIRCLE('generated circle',#5556,1.95) ;
#5576=CIRCLE('generated circle',#5575,1.95) ;
#5600=CIRCLE('generated circle',#5599,1.95) ;
#5619=CIRCLE('generated circle',#5618,1.95) ;
#5643=CIRCLE('generated circle',#5642,1.95) ;
#5662=CIRCLE('generated circle',#5661,1.95) ;
#5686=CIRCLE('generated circle',#5685,1.95) ;
#5705=CIRCLE('generated circle',#5704,1.95) ;
#5729=CIRCLE('generated circle',#5728,1.95) ;
#5748=CIRCLE('generated circle',#5747,1.95) ;
#5772=CIRCLE('generated circle',#5771,1.95) ;
#5791=CIRCLE('generated circle',#5790,1.95) ;
#5815=CIRCLE('generated circle',#5814,1.95) ;
#5834=CIRCLE('generated circle',#5833,1.95) ;
#5858=CIRCLE('generated circle',#5857,1.95) ;
#5877=CIRCLE('generated circle',#5876,1.95) ;
#5956=CIRCLE('generated circle',#5955,1.6) ;
#5977=CIRCLE('generated circle',#5976,1.6) ;
#6020=CIRCLE('generated circle',#6019,1.6) ;
#6075=CIRCLE('generated circle',#6074,1.6) ;
#6116=CIRCLE('generated circle',#6115,1.6) ;
#6171=CIRCLE('generated circle',#6170,1.6) ;
#6238=CIRCLE('generated circle',#6237,1.6) ;
#6281=CIRCLE('generated circle',#6280,1.6) ;
#6298=CIRCLE('generated circle',#6297,1.6) ;
#6348=CIRCLE('generated circle',#6347,1.6) ;
#6391=CIRCLE('generated circle',#6390,1.6) ;
#6410=CIRCLE('generated circle',#6409,1.6) ;
#6434=CIRCLE('generated circle',#6433,1.6) ;
#6453=CIRCLE('generated circle',#6452,1.6) ;
#6477=CIRCLE('generated circle',#6476,1.6) ;
#6496=CIRCLE('generated circle',#6495,1.6) ;
#6520=CIRCLE('generated circle',#6519,1.6) ;
#6539=CIRCLE('generated circle',#6538,1.6) ;
#6563=CIRCLE('generated circle',#6562,1.6) ;
#6582=CIRCLE('generated circle',#6581,1.6) ;
#6606=CIRCLE('generated circle',#6605,1.6) ;
#6625=CIRCLE('generated circle',#6624,1.6) ;
#6649=CIRCLE('generated circle',#6648,1.6) ;
#6668=CIRCLE('generated circle',#6667,1.6) ;
#6692=CIRCLE('generated circle',#6691,1.6) ;
#6711=CIRCLE('generated circle',#6710,1.6) ;
#6735=CIRCLE('generated circle',#6734,1.6) ;
#6754=CIRCLE('generated circle',#6753,1.6) ;
#6778=CIRCLE('generated circle',#6777,1.6) ;
#6797=CIRCLE('generated circle',#6796,1.6) ;
#6821=CIRCLE('generated circle',#6820,1.6) ;
#6840=CIRCLE('generated circle',#6839,1.6) ;
#6864=CIRCLE('generated circle',#6863,1.6) ;
#6883=CIRCLE('generated circle',#6882,1.6) ;
#6907=CIRCLE('generated circle',#6906,1.6) ;
#6926=CIRCLE('generated circle',#6925,1.6) ;
#6950=CIRCLE('generated circle',#6949,1.6) ;
#6969=CIRCLE('generated circle',#6968,1.6) ;
#6993=CIRCLE('generated circle',#6992,1.6) ;
#7012=CIRCLE('generated circle',#7011,1.6) ;
#7036=CIRCLE('generated circle',#7035,1.6) ;
#7055=CIRCLE('generated circle',#7054,1.6) ;
#7079=CIRCLE('generated circle',#7078,1.6) ;
#7098=CIRCLE('generated circle',#7097,1.6) ;
#7122=CIRCLE('generated circle',#7121,1.6) ;
#7141=CIRCLE('generated circle',#7140,1.6) ;
#7165=CIRCLE('generated circle',#7164,1.6) ;
#7184=CIRCLE('generated circle',#7183,1.6) ;
#7208=CIRCLE('generated circle',#7207,1.6) ;
#7227=CIRCLE('generated circle',#7226,1.6) ;
#7251=CIRCLE('generated circle',#7250,1.6) ;
#7270=CIRCLE('generated circle',#7269,1.6) ;
#7294=CIRCLE('generated circle',#7293,1.6) ;
#7313=CIRCLE('generated circle',#7312,1.6) ;
#7337=CIRCLE('generated circle',#7336,1.6) ;
#7356=CIRCLE('generated circle',#7355,1.6) ;
#7380=CIRCLE('generated circle',#7379,1.6) ;
#7399=CIRCLE('generated circle',#7398,1.6) ;
#7423=CIRCLE('generated circle',#7422,1.6) ;
#7442=CIRCLE('generated circle',#7441,1.6) ;
#7466=CIRCLE('generated circle',#7465,1.6) ;
#7485=CIRCLE('generated circle',#7484,1.6) ;
#7509=CIRCLE('generated circle',#7508,1.6) ;
#7528=CIRCLE('generated circle',#7527,1.6) ;
#7552=CIRCLE('generated circle',#7551,1.6) ;
#7571=CIRCLE('generated circle',#7570,1.6) ;
#7595=CIRCLE('generated circle',#7594,1.6) ;
#7614=CIRCLE('generated circle',#7613,1.6) ;
#7638=CIRCLE('generated circle',#7637,1.6) ;
#7657=CIRCLE('generated circle',#7656,1.6) ;
#7681=CIRCLE('generated circle',#7680,1.6) ;
#7700=CIRCLE('generated circle',#7699,1.6) ;
#7724=CIRCLE('generated circle',#7723,1.6) ;
#7743=CIRCLE('generated circle',#7742,1.6) ;
#7767=CIRCLE('generated circle',#7766,1.6) ;
#7786=CIRCLE('generated circle',#7785,1.6) ;
#7810=CIRCLE('generated circle',#7809,1.6) ;
#7829=CIRCLE('generated circle',#7828,1.6) ;
#7853=CIRCLE('generated circle',#7852,1.6) ;
#7872=CIRCLE('generated circle',#7871,1.6) ;
#7896=CIRCLE('generated circle',#7895,1.6) ;
#7915=CIRCLE('generated circle',#7914,1.6) ;
#7939=CIRCLE('generated circle',#7938,1.6) ;
#7958=CIRCLE('generated circle',#7957,1.6) ;
#7982=CIRCLE('generated circle',#7981,1.6) ;
#8001=CIRCLE('generated circle',#8000,1.6) ;
#8025=CIRCLE('generated circle',#8024,1.6) ;
#8044=CIRCLE('generated circle',#8043,1.6) ;
#8068=CIRCLE('generated circle',#8067,1.6) ;
#8087=CIRCLE('generated circle',#8086,1.6) ;
#8111=CIRCLE('generated circle',#8110,1.6) ;
#8130=CIRCLE('generated circle',#8129,1.6) ;
#8154=CIRCLE('generated circle',#8153,1.6) ;
#8173=CIRCLE('generated circle',#8172,1.6) ;
#8197=CIRCLE('generated circle',#8196,1.6) ;
#8216=CIRCLE('generated circle',#8215,1.6) ;
#8240=CIRCLE('generated circle',#8239,1.6) ;
#8259=CIRCLE('generated circle',#8258,1.6) ;
#8283=CIRCLE('generated circle',#8282,1.6) ;
#8331=CIRCLE('generated circle',#8330,1.6) ;
#8403=CIRCLE('generated circle',#8402,1.6) ;
#8451=CIRCLE('generated circle',#8450,1.6) ;
#8475=CIRCLE('generated circle',#8474,1.6) ;
#8523=CIRCLE('generated circle',#8522,1.6) ;
#8571=CIRCLE('generated circle',#8570,1.6) ;
#8619=CIRCLE('generated circle',#8618,1.6) ;
#8667=CIRCLE('generated circle',#8666,1.6) ;
#8686=CIRCLE('generated circle',#8685,1.6) ;
#8710=CIRCLE('generated circle',#8709,1.6) ;
#8729=CIRCLE('generated circle',#8728,1.6) ;
#8753=CIRCLE('generated circle',#8752,1.6) ;
#8772=CIRCLE('generated circle',#8771,1.6) ;
#8796=CIRCLE('generated circle',#8795,1.6) ;
#8815=CIRCLE('generated circle',#8814,1.6) ;
#8839=CIRCLE('generated circle',#8838,1.6) ;
#8858=CIRCLE('generated circle',#8857,1.6) ;
#8882=CIRCLE('generated circle',#8881,1.6) ;
#8901=CIRCLE('generated circle',#8900,1.6) ;
#8925=CIRCLE('generated circle',#8924,10.) ;
#8973=CIRCLE('generated circle',#8972,10.) ;
#9052=CIRCLE('generated circle',#9051,7.) ;
#9093=CIRCLE('generated circle',#9092,7.) ;
#9117=CIRCLE('generated circle',#9116,5.5) ;
#9165=CIRCLE('generated circle',#9164,5.5) ;
#9213=CIRCLE('generated circle',#9212,1.6) ;
#9261=CIRCLE('generated circle',#9260,1.6) ;
#9309=CIRCLE('generated circle',#9308,1.6) ;
#9357=CIRCLE('generated circle',#9356,1.6) ;
#9405=CIRCLE('generated circle',#9404,1.6) ;
#9453=CIRCLE('generated circle',#9452,1.6) ;
#9501=CIRCLE('generated circle',#9500,1.6) ;
#9549=CIRCLE('generated circle',#9548,1.6) ;
#9597=CIRCLE('generated circle',#9596,1.6) ;
#9616=CIRCLE('generated circle',#9615,1.6) ;
#9640=CIRCLE('generated circle',#9639,1.6) ;
#9659=CIRCLE('generated circle',#9658,1.6) ;
#9683=CIRCLE('generated circle',#9682,1.6) ;
#9702=CIRCLE('generated circle',#9701,1.6) ;
#9726=CIRCLE('generated circle',#9725,1.6) ;
#9745=CIRCLE('generated circle',#9744,1.6) ;
#9769=CIRCLE('generated circle',#9768,1.6) ;
#9788=CIRCLE('generated circle',#9787,1.6) ;
#9812=CIRCLE('generated circle',#9811,1.6) ;
#9831=CIRCLE('generated circle',#9830,1.6) ;
#9855=CIRCLE('generated circle',#9854,1.6) ;
#9874=CIRCLE('generated circle',#9873,1.6) ;
#9898=CIRCLE('generated circle',#9897,1.6) ;
#9917=CIRCLE('generated circle',#9916,1.6) ;
#9941=CIRCLE('generated circle',#9940,1.6) ;
#9960=CIRCLE('generated circle',#9959,1.6) ;
#9984=CIRCLE('generated circle',#9983,1.6) ;
#10003=CIRCLE('generated circle',#10002,1.6) ;
#10027=CIRCLE('generated circle',#10026,1.6) ;
#10046=CIRCLE('generated circle',#10045,1.6) ;
#10070=CIRCLE('generated circle',#10069,1.6) ;
#10089=CIRCLE('generated circle',#10088,1.6) ;
#10113=CIRCLE('generated circle',#10112,1.6) ;
#10132=CIRCLE('generated circle',#10131,1.6) ;
#10156=CIRCLE('generated circle',#10155,1.6) ;
#10175=CIRCLE('generated circle',#10174,1.6) ;
#10199=CIRCLE('generated circle',#10198,1.6) ;
#10218=CIRCLE('generated circle',#10217,1.6) ;
#10242=CIRCLE('generated circle',#10241,1.6) ;
#10261=CIRCLE('generated circle',#10260,1.6) ;
#10285=CIRCLE('generated circle',#10284,1.6) ;
#10304=CIRCLE('generated circle',#10303,1.6) ;
#10328=CIRCLE('generated circle',#10327,1.6) ;
#10347=CIRCLE('generated circle',#10346,1.6) ;
#10371=CIRCLE('generated circle',#10370,1.6) ;
#10390=CIRCLE('generated circle',#10389,1.6) ;
#10414=CIRCLE('generated circle',#10413,1.1) ;
#10433=CIRCLE('generated circle',#10432,1.1) ;
#10457=CIRCLE('generated circle',#10456,4.) ;
#10476=CIRCLE('generated circle',#10475,4.) ;
#10500=CIRCLE('generated circle',#10499,1.6) ;
#10519=CIRCLE('generated circle',#10518,1.6) ;
#10543=CIRCLE('generated circle',#10542,1.6) ;
#10562=CIRCLE('generated circle',#10561,1.6) ;
#10586=CIRCLE('generated circle',#10585,1.6) ;
#10605=CIRCLE('generated circle',#10604,1.6) ;
#10629=CIRCLE('generated circle',#10628,1.6) ;
#10648=CIRCLE('generated circle',#10647,1.6) ;
#10672=CIRCLE('generated circle',#10671,1.6) ;
#10691=CIRCLE('generated circle',#10690,1.6) ;
#10715=CIRCLE('generated circle',#10714,1.6) ;
#10734=CIRCLE('generated circle',#10733,1.6) ;
#10758=CIRCLE('generated circle',#10757,1.6) ;
#10777=CIRCLE('generated circle',#10776,1.6) ;
#10801=CIRCLE('generated circle',#10800,1.6) ;
#10820=CIRCLE('generated circle',#10819,1.6) ;
#10844=CIRCLE('generated circle',#10843,1.6) ;
#10863=CIRCLE('generated circle',#10862,1.6) ;
#10887=CIRCLE('generated circle',#10886,1.6) ;
#10906=CIRCLE('generated circle',#10905,1.6) ;
#10930=CIRCLE('generated circle',#10929,1.6) ;
#10949=CIRCLE('generated circle',#10948,1.6) ;
#10973=CIRCLE('generated circle',#10972,1.6) ;
#10992=CIRCLE('generated circle',#10991,1.6) ;
#11016=CIRCLE('generated circle',#11015,1.6) ;
#11035=CIRCLE('generated circle',#11034,1.6) ;
#11059=CIRCLE('generated circle',#11058,1.6) ;
#11078=CIRCLE('generated circle',#11077,1.6) ;
#11102=CIRCLE('generated circle',#11101,1.6) ;
#11121=CIRCLE('generated circle',#11120,1.6) ;
#11145=CIRCLE('generated circle',#11144,1.6) ;
#11164=CIRCLE('generated circle',#11163,1.6) ;
#11212=CIRCLE('generated circle',#11211,1.6) ;
#11260=CIRCLE('generated circle',#11259,1.6) ;
#11284=CIRCLE('generated circle',#11283,1.1) ;
#11303=CIRCLE('generated circle',#11302,1.1) ;
#11327=CIRCLE('generated circle',#11326,1.6) ;
#11346=CIRCLE('generated circle',#11345,1.6) ;
#11370=CIRCLE('generated circle',#11369,1.6) ;
#11389=CIRCLE('generated circle',#11388,1.6) ;
#11413=CIRCLE('generated circle',#11412,1.6) ;
#11432=CIRCLE('generated circle',#11431,1.6) ;
#11456=CIRCLE('generated circle',#11455,1.6) ;
#11475=CIRCLE('generated circle',#11474,1.6) ;
#11499=CIRCLE('generated circle',#11498,1.6) ;
#11518=CIRCLE('generated circle',#11517,1.6) ;
#11542=CIRCLE('generated circle',#11541,1.6) ;
#11561=CIRCLE('generated circle',#11560,1.6) ;
#11585=CIRCLE('generated circle',#11584,1.6) ;
#11604=CIRCLE('generated circle',#11603,1.6) ;
#11628=CIRCLE('generated circle',#11627,1.6) ;
#11647=CIRCLE('generated circle',#11646,1.6) ;
#11671=CIRCLE('generated circle',#11670,1.6) ;
#11690=CIRCLE('generated circle',#11689,1.6) ;
#11714=CIRCLE('generated circle',#11713,1.6) ;
#11733=CIRCLE('generated circle',#11732,1.6) ;
#11757=CIRCLE('generated circle',#11756,1.6) ;
#11776=CIRCLE('generated circle',#11775,1.6) ;
#11800=CIRCLE('generated circle',#11799,1.6) ;
#11819=CIRCLE('generated circle',#11818,1.6) ;
#11843=CIRCLE('generated circle',#11842,1.6) ;
#11862=CIRCLE('generated circle',#11861,1.6) ;
#11886=CIRCLE('generated circle',#11885,1.6) ;
#11905=CIRCLE('generated circle',#11904,1.6) ;
#11929=CIRCLE('generated circle',#11928,1.6) ;
#11948=CIRCLE('generated circle',#11947,1.6) ;
#11972=CIRCLE('generated circle',#11971,1.6) ;
#11991=CIRCLE('generated circle',#11990,1.6) ;
#12015=CIRCLE('generated circle',#12014,1.6) ;
#12034=CIRCLE('generated circle',#12033,1.6) ;
#12058=CIRCLE('generated circle',#12057,1.6) ;
#12077=CIRCLE('generated circle',#12076,1.6) ;
#12101=CIRCLE('generated circle',#12100,1.6) ;
#12120=CIRCLE('generated circle',#12119,1.6) ;
#12144=CIRCLE('generated circle',#12143,1.6) ;
#12163=CIRCLE('generated circle',#12162,1.6) ;
#12187=CIRCLE('generated circle',#12186,1.6) ;
#12206=CIRCLE('generated circle',#12205,1.6) ;
#12230=CIRCLE('generated circle',#12229,1.6) ;
#12249=CIRCLE('generated circle',#12248,1.6) ;
#12273=CIRCLE('generated circle',#12272,1.6) ;
#12292=CIRCLE('generated circle',#12291,1.6) ;
#12316=CIRCLE('generated circle',#12315,1.6) ;
#12335=CIRCLE('generated circle',#12334,1.6) ;
#12359=CIRCLE('generated circle',#12358,1.6) ;
#12378=CIRCLE('generated circle',#12377,1.6) ;
#12402=CIRCLE('generated circle',#12401,1.6) ;
#12421=CIRCLE('generated circle',#12420,1.6) ;
#12445=CIRCLE('generated circle',#12444,1.6) ;
#12464=CIRCLE('generated circle',#12463,1.6) ;
#12488=CIRCLE('generated circle',#12487,1.6) ;
#12507=CIRCLE('generated circle',#12506,1.6) ;
#12531=CIRCLE('generated circle',#12530,1.6) ;
#12550=CIRCLE('generated circle',#12549,1.6) ;
#12574=CIRCLE('generated circle',#12573,1.6) ;
#12593=CIRCLE('generated circle',#12592,1.6) ;
#12617=CIRCLE('generated circle',#12616,1.6) ;
#12636=CIRCLE('generated circle',#12635,1.6) ;
#12684=CIRCLE('generated circle',#12683,8.) ;
#12732=CIRCLE('generated circle',#12731,8.) ;
#12756=CIRCLE('generated circle',#12755,1.5) ;
#12811=CIRCLE('generated circle',#12810,1.5) ;
#12876=CIRCLE('generated circle',#12875,1.5) ;
#12924=CIRCLE('generated circle',#12923,1.5) ;
#12972=CIRCLE('generated circle',#12971,1.5) ;
#13020=CIRCLE('generated circle',#13019,1.5) ;
#13044=CIRCLE('generated circle',#13043,1.5) ;
#13099=CIRCLE('generated circle',#13098,1.5) ;
#13140=CIRCLE('generated circle',#13139,1.35) ;
#13159=CIRCLE('generated circle',#13158,1.35) ;
#13183=CIRCLE('generated circle',#13182,1.35) ;
#13202=CIRCLE('generated circle',#13201,1.35) ;
#13226=CIRCLE('generated circle',#13225,1.35) ;
#13245=CIRCLE('generated circle',#13244,1.35) ;
#13269=CIRCLE('generated circle',#13268,1.35) ;
#13288=CIRCLE('generated circle',#13287,1.35) ;
#13312=CIRCLE('generated circle',#13311,1.35) ;
#13331=CIRCLE('generated circle',#13330,1.35) ;
#13355=CIRCLE('generated circle',#13354,1.35) ;
#13374=CIRCLE('generated circle',#13373,1.35) ;
#13398=CIRCLE('generated circle',#13397,1.35) ;
#13417=CIRCLE('generated circle',#13416,1.35) ;
#13441=CIRCLE('generated circle',#13440,1.35) ;
#13460=CIRCLE('generated circle',#13459,1.35) ;
#13484=CIRCLE('generated circle',#13483,4.25) ;
#13503=CIRCLE('generated circle',#13502,4.25) ;
#13527=CIRCLE('generated circle',#13526,4.25) ;
#13546=CIRCLE('generated circle',#13545,4.25) ;
#13601=CIRCLE('generated circle',#13600,2.) ;
#13649=CIRCLE('generated circle',#13648,2.) ;
#13697=CIRCLE('generated circle',#13696,2.) ;
#13738=CIRCLE('generated circle',#13737,2.) ;
#13793=CIRCLE('generated circle',#13792,2.) ;
#13841=CIRCLE('generated circle',#13840,2.) ;
#13889=CIRCLE('generated circle',#13888,2.) ;
#13930=CIRCLE('generated circle',#13929,2.) ;
#13954=CIRCLE('generated circle',#13953,1.6) ;
#13973=CIRCLE('generated circle',#13972,1.6) ;
#13997=CIRCLE('generated circle',#13996,1.6) ;
#14016=CIRCLE('generated circle',#14015,1.6) ;
#14040=CIRCLE('generated circle',#14039,1.6) ;
#14059=CIRCLE('generated circle',#14058,1.6) ;
#14083=CIRCLE('generated circle',#14082,1.6) ;
#14102=CIRCLE('generated circle',#14101,1.6) ;
#14126=CIRCLE('generated circle',#14125,1.6) ;
#14145=CIRCLE('generated circle',#14144,1.6) ;
#14169=CIRCLE('generated circle',#14168,1.6) ;
#14188=CIRCLE('generated circle',#14187,1.6) ;
#14212=CIRCLE('generated circle',#14211,1.6) ;
#14231=CIRCLE('generated circle',#14230,1.6) ;
#14255=CIRCLE('generated circle',#14254,1.6) ;
#14274=CIRCLE('generated circle',#14273,1.6) ;
#14298=CIRCLE('generated circle',#14297,1.6) ;
#14317=CIRCLE('generated circle',#14316,1.6) ;
#14341=CIRCLE('generated circle',#14340,1.6) ;
#14360=CIRCLE('generated circle',#14359,1.6) ;
#14384=CIRCLE('generated circle',#14383,1.6) ;
#14403=CIRCLE('generated circle',#14402,1.6) ;
#14427=CIRCLE('generated circle',#14426,1.6) ;
#14446=CIRCLE('generated circle',#14445,1.6) ;
#14470=CIRCLE('generated circle',#14469,1.6) ;
#14489=CIRCLE('generated circle',#14488,1.6) ;
#14513=CIRCLE('generated circle',#14512,1.6) ;
#14532=CIRCLE('generated circle',#14531,1.6) ;
#14556=CIRCLE('generated circle',#14555,1.6) ;
#14575=CIRCLE('generated circle',#14574,1.6) ;
#14599=CIRCLE('generated circle',#14598,1.6) ;
#14618=CIRCLE('generated circle',#14617,1.6) ;
#14642=CIRCLE('generated circle',#14641,1.6) ;
#14661=CIRCLE('generated circle',#14660,1.6) ;
#14685=CIRCLE('generated circle',#14684,1.6) ;
#14704=CIRCLE('generated circle',#14703,1.6) ;
#14728=CIRCLE('generated circle',#14727,1.6) ;
#14747=CIRCLE('generated circle',#14746,1.6) ;
#14771=CIRCLE('generated circle',#14770,1.6) ;
#14790=CIRCLE('generated circle',#14789,1.6) ;
#14814=CIRCLE('generated circle',#14813,1.6) ;
#14833=CIRCLE('generated circle',#14832,1.6) ;
#14857=CIRCLE('generated circle',#14856,1.6) ;
#14876=CIRCLE('generated circle',#14875,1.6) ;
#14900=CIRCLE('generated circle',#14899,1.6) ;
#14919=CIRCLE('generated circle',#14918,1.6) ;
#14943=CIRCLE('generated circle',#14942,1.6) ;
#14962=CIRCLE('generated circle',#14961,1.6) ;
#14986=CIRCLE('generated circle',#14985,1.6) ;
#15005=CIRCLE('generated circle',#15004,1.6) ;
#15029=CIRCLE('generated circle',#15028,1.6) ;
#15048=CIRCLE('generated circle',#15047,1.6) ;
#15072=CIRCLE('generated circle',#15071,1.6) ;
#15091=CIRCLE('generated circle',#15090,1.6) ;
#15115=CIRCLE('generated circle',#15114,1.6) ;
#15134=CIRCLE('generated circle',#15133,1.6) ;
#15158=CIRCLE('generated circle',#15157,1.6) ;
#15177=CIRCLE('generated circle',#15176,1.6) ;
#15201=CIRCLE('generated circle',#15200,1.6) ;
#15220=CIRCLE('generated circle',#15219,1.6) ;
#15244=CIRCLE('generated circle',#15243,1.6) ;
#15263=CIRCLE('generated circle',#15262,1.6) ;
#15287=CIRCLE('generated circle',#15286,1.6) ;
#15306=CIRCLE('generated circle',#15305,1.6) ;
#15330=CIRCLE('generated circle',#15329,11.) ;
#15349=CIRCLE('generated circle',#15348,11.) ;
#15373=CIRCLE('generated circle',#15372,2.) ;
#15392=CIRCLE('generated circle',#15391,2.) ;
#15416=CIRCLE('generated circle',#15415,2.) ;
#15435=CIRCLE('generated circle',#15434,2.) ;
#15459=CIRCLE('generated circle',#15458,2.) ;
#15478=CIRCLE('generated circle',#15477,2.) ;
#15502=CIRCLE('generated circle',#15501,2.) ;
#15521=CIRCLE('generated circle',#15520,2.) ;
#15545=CIRCLE('generated circle',#15544,2.) ;
#15564=CIRCLE('generated circle',#15563,2.) ;
#15588=CIRCLE('generated circle',#15587,2.) ;
#15607=CIRCLE('generated circle',#15606,2.) ;
#15662=CIRCLE('generated circle',#15661,0.3) ;
#15710=CIRCLE('generated circle',#15709,0.3) ;
#15751=CIRCLE('generated circle',#15750,0.3) ;
#15768=CIRCLE('generated circle',#15767,1.6) ;
#15823=CIRCLE('generated circle',#15822,1.6) ;
#15871=CIRCLE('generated circle',#15870,1.5) ;
#15890=CIRCLE('generated circle',#15889,1.5) ;
#15914=CIRCLE('generated circle',#15913,1.5) ;
#15933=CIRCLE('generated circle',#15932,1.5) ;
#15957=CIRCLE('generated circle',#15956,1.6) ;
#15976=CIRCLE('generated circle',#15975,1.6) ;
#16000=CIRCLE('generated circle',#15999,1.6) ;
#16019=CIRCLE('generated circle',#16018,1.6) ;
#16043=CIRCLE('generated circle',#16042,1.6) ;
#16062=CIRCLE('generated circle',#16061,1.6) ;
#16086=CIRCLE('generated circle',#16085,1.6) ;
#16105=CIRCLE('generated circle',#16104,1.6) ;
#16129=CIRCLE('generated circle',#16128,1.6) ;
#16148=CIRCLE('generated circle',#16147,1.6) ;
#16172=CIRCLE('generated circle',#16171,1.95) ;
#16191=CIRCLE('generated circle',#16190,1.95) ;
#16215=CIRCLE('generated circle',#16214,1.95) ;
#16234=CIRCLE('generated circle',#16233,1.95) ;
#16251=CIRCLE('generated circle',#16250,1.6) ;
#16277=CIRCLE('generated circle',#16276,1.6) ;
#16294=CIRCLE('generated circle',#16293,1.6) ;
#16335=CIRCLE('generated circle',#16334,1.6) ;
#16361=CIRCLE('generated circle',#16360,1.6) ;
#16378=CIRCLE('generated circle',#16377,1.5) ;
#16385=CIRCLE('generated circle',#16384,1.5) ;
#16404=CIRCLE('generated circle',#16403,1.5) ;
#16445=CIRCLE('generated circle',#16444,5.) ;
#16481=CIRCLE('generated circle',#16480,50.) ;
#16522=CIRCLE('generated circle',#16521,30.) ;
#16563=CIRCLE('generated circle',#16562,5.) ;
#16599=CIRCLE('generated circle',#16598,30.) ;
#17587=CONTEXT_DEPENDENT_SHAPE_REPRESENTATION(#17588,#17586) ;
#17600=CONTEXT_DEPENDENT_SHAPE_REPRESENTATION(#17601,#17599) ;
#17584=SHAPE_REPRESENTATION_RELATIONSHIP(' ',' ',#61,#17583) ;
#4948=CYLINDRICAL_SURFACE('generated cylinder',#4947,30.) ;
#5003=CYLINDRICAL_SURFACE('generated cylinder',#5002,5.) ;
#5051=CYLINDRICAL_SURFACE('generated cylinder',#5050,5.) ;
#5099=CYLINDRICAL_SURFACE('generated cylinder',#5098,5.) ;
#5123=CYLINDRICAL_SURFACE('generated cylinder',#5122,50.) ;
#5178=CYLINDRICAL_SURFACE('generated cylinder',#5177,30.) ;
#5259=CYLINDRICAL_SURFACE('generated cylinder',#5258,5.) ;
#5307=CYLINDRICAL_SURFACE('generated cylinder',#5306,5.) ;
#5350=CYLINDRICAL_SURFACE('generated cylinder',#5349,5.) ;
#5374=CYLINDRICAL_SURFACE('generated cylinder',#5373,1.95) ;
#5417=CYLINDRICAL_SURFACE('generated cylinder',#5416,1.95) ;
#5460=CYLINDRICAL_SURFACE('generated cylinder',#5459,1.95) ;
#5503=CYLINDRICAL_SURFACE('generated cylinder',#5502,1.95) ;
#5546=CYLINDRICAL_SURFACE('generated cylinder',#5545,1.95) ;
#5589=CYLINDRICAL_SURFACE('generated cylinder',#5588,1.95) ;
#5632=CYLINDRICAL_SURFACE('generated cylinder',#5631,1.95) ;
#5675=CYLINDRICAL_SURFACE('generated cylinder',#5674,1.95) ;
#5718=CYLINDRICAL_SURFACE('generated cylinder',#5717,1.95) ;
#5761=CYLINDRICAL_SURFACE('generated cylinder',#5760,1.95) ;
#5804=CYLINDRICAL_SURFACE('generated cylinder',#5803,1.95) ;
#5847=CYLINDRICAL_SURFACE('generated cylinder',#5846,1.95) ;
#5952=CYLINDRICAL_SURFACE('generated cylinder',#5951,1.6) ;
#6016=CYLINDRICAL_SURFACE('generated cylinder',#6015,1.6) ;
#6071=CYLINDRICAL_SURFACE('generated cylinder',#6070,1.6) ;
#6112=CYLINDRICAL_SURFACE('generated cylinder',#6111,1.6) ;
#6167=CYLINDRICAL_SURFACE('generated cylinder',#6166,1.6) ;
#6234=CYLINDRICAL_SURFACE('generated cylinder',#6233,1.6) ;
#6277=CYLINDRICAL_SURFACE('generated cylinder',#6276,1.6) ;
#6294=CYLINDRICAL_SURFACE('generated cylinder',#6293,1.6) ;
#6344=CYLINDRICAL_SURFACE('generated cylinder',#6343,1.6) ;
#6380=CYLINDRICAL_SURFACE('generated cylinder',#6379,1.6) ;
#6423=CYLINDRICAL_SURFACE('generated cylinder',#6422,1.6) ;
#6466=CYLINDRICAL_SURFACE('generated cylinder',#6465,1.6) ;
#6509=CYLINDRICAL_SURFACE('generated cylinder',#6508,1.6) ;
#6552=CYLINDRICAL_SURFACE('generated cylinder',#6551,1.6) ;
#6595=CYLINDRICAL_SURFACE('generated cylinder',#6594,1.6) ;
#6638=CYLINDRICAL_SURFACE('generated cylinder',#6637,1.6) ;
#6681=CYLINDRICAL_SURFACE('generated cylinder',#6680,1.6) ;
#6724=CYLINDRICAL_SURFACE('generated cylinder',#6723,1.6) ;
#6767=CYLINDRICAL_SURFACE('generated cylinder',#6766,1.6) ;
#6810=CYLINDRICAL_SURFACE('generated cylinder',#6809,1.6) ;
#6853=CYLINDRICAL_SURFACE('generated cylinder',#6852,1.6) ;
#6896=CYLINDRICAL_SURFACE('generated cylinder',#6895,1.6) ;
#6939=CYLINDRICAL_SURFACE('generated cylinder',#6938,1.6) ;
#6982=CYLINDRICAL_SURFACE('generated cylinder',#6981,1.6) ;
#7025=CYLINDRICAL_SURFACE('generated cylinder',#7024,1.6) ;
#7068=CYLINDRICAL_SURFACE('generated cylinder',#7067,1.6) ;
#7111=CYLINDRICAL_SURFACE('generated cylinder',#7110,1.6) ;
#7154=CYLINDRICAL_SURFACE('generated cylinder',#7153,1.6) ;
#7197=CYLINDRICAL_SURFACE('generated cylinder',#7196,1.6) ;
#7240=CYLINDRICAL_SURFACE('generated cylinder',#7239,1.6) ;
#7283=CYLINDRICAL_SURFACE('generated cylinder',#7282,1.6) ;
#7326=CYLINDRICAL_SURFACE('generated cylinder',#7325,1.6) ;
#7369=CYLINDRICAL_SURFACE('generated cylinder',#7368,1.6) ;
#7412=CYLINDRICAL_SURFACE('generated cylinder',#7411,1.6) ;
#7455=CYLINDRICAL_SURFACE('generated cylinder',#7454,1.6) ;
#7498=CYLINDRICAL_SURFACE('generated cylinder',#7497,1.6) ;
#7541=CYLINDRICAL_SURFACE('generated cylinder',#7540,1.6) ;
#7584=CYLINDRICAL_SURFACE('generated cylinder',#7583,1.6) ;
#7627=CYLINDRICAL_SURFACE('generated cylinder',#7626,1.6) ;
#7670=CYLINDRICAL_SURFACE('generated cylinder',#7669,1.6) ;
#7713=CYLINDRICAL_SURFACE('generated cylinder',#7712,1.6) ;
#7756=CYLINDRICAL_SURFACE('generated cylinder',#7755,1.6) ;
#7799=CYLINDRICAL_SURFACE('generated cylinder',#7798,1.6) ;
#7842=CYLINDRICAL_SURFACE('generated cylinder',#7841,1.6) ;
#7885=CYLINDRICAL_SURFACE('generated cylinder',#7884,1.6) ;
#7928=CYLINDRICAL_SURFACE('generated cylinder',#7927,1.6) ;
#7971=CYLINDRICAL_SURFACE('generated cylinder',#7970,1.6) ;
#8014=CYLINDRICAL_SURFACE('generated cylinder',#8013,1.6) ;
#8057=CYLINDRICAL_SURFACE('generated cylinder',#8056,1.6) ;
#8100=CYLINDRICAL_SURFACE('generated cylinder',#8099,1.6) ;
#8143=CYLINDRICAL_SURFACE('generated cylinder',#8142,1.6) ;
#8186=CYLINDRICAL_SURFACE('generated cylinder',#8185,1.6) ;
#8229=CYLINDRICAL_SURFACE('generated cylinder',#8228,1.6) ;
#8272=CYLINDRICAL_SURFACE('generated cylinder',#8271,1.6) ;
#8327=CYLINDRICAL_SURFACE('generated cylinder',#8326,1.6) ;
#8399=CYLINDRICAL_SURFACE('generated cylinder',#8398,1.6) ;
#8447=CYLINDRICAL_SURFACE('generated cylinder',#8446,1.6) ;
#8464=CYLINDRICAL_SURFACE('generated cylinder',#8463,1.6) ;
#8519=CYLINDRICAL_SURFACE('generated cylinder',#8518,1.6) ;
#8560=CYLINDRICAL_SURFACE('generated cylinder',#8559,1.6) ;
#8615=CYLINDRICAL_SURFACE('generated cylinder',#8614,1.6) ;
#8656=CYLINDRICAL_SURFACE('generated cylinder',#8655,1.6) ;
#8699=CYLINDRICAL_SURFACE('generated cylinder',#8698,1.6) ;
#8742=CYLINDRICAL_SURFACE('generated cylinder',#8741,1.6) ;
#8785=CYLINDRICAL_SURFACE('generated cylinder',#8784,1.6) ;
#8828=CYLINDRICAL_SURFACE('generated cylinder',#8827,1.6) ;
#8871=CYLINDRICAL_SURFACE('generated cylinder',#8870,1.6) ;
#8914=CYLINDRICAL_SURFACE('generated cylinder',#8913,10.) ;
#8969=CYLINDRICAL_SURFACE('generated cylinder',#8968,10.) ;
#9041=CYLINDRICAL_SURFACE('generated cylinder',#9040,7.) ;
#9089=CYLINDRICAL_SURFACE('generated cylinder',#9088,7.) ;
#9106=CYLINDRICAL_SURFACE('generated cylinder',#9105,5.5) ;
#9161=CYLINDRICAL_SURFACE('generated cylinder',#9160,5.5) ;
#9202=CYLINDRICAL_SURFACE('generated cylinder',#9201,1.6) ;
#9257=CYLINDRICAL_SURFACE('generated cylinder',#9256,1.6) ;
#9298=CYLINDRICAL_SURFACE('generated cylinder',#9297,1.6) ;
#9353=CYLINDRICAL_SURFACE('generated cylinder',#9352,1.6) ;
#9394=CYLINDRICAL_SURFACE('generated cylinder',#9393,1.6) ;
#9449=CYLINDRICAL_SURFACE('generated cylinder',#9448,1.6) ;
#9490=CYLINDRICAL_SURFACE('generated cylinder',#9489,1.6) ;
#9545=CYLINDRICAL_SURFACE('generated cylinder',#9544,1.6) ;
#9586=CYLINDRICAL_SURFACE('generated cylinder',#9585,1.6) ;
#9629=CYLINDRICAL_SURFACE('generated cylinder',#9628,1.6) ;
#9672=CYLINDRICAL_SURFACE('generated cylinder',#9671,1.6) ;
#9715=CYLINDRICAL_SURFACE('generated cylinder',#9714,1.6) ;
#9758=CYLINDRICAL_SURFACE('generated cylinder',#9757,1.6) ;
#9801=CYLINDRICAL_SURFACE('generated cylinder',#9800,1.6) ;
#9844=CYLINDRICAL_SURFACE('generated cylinder',#9843,1.6) ;
#9887=CYLINDRICAL_SURFACE('generated cylinder',#9886,1.6) ;
#9930=CYLINDRICAL_SURFACE('generated cylinder',#9929,1.6) ;
#9973=CYLINDRICAL_SURFACE('generated cylinder',#9972,1.6) ;
#10016=CYLINDRICAL_SURFACE('generated cylinder',#10015,1.6) ;
#10059=CYLINDRICAL_SURFACE('generated cylinder',#10058,1.6) ;
#10102=CYLINDRICAL_SURFACE('generated cylinder',#10101,1.6) ;
#10145=CYLINDRICAL_SURFACE('generated cylinder',#10144,1.6) ;
#10188=CYLINDRICAL_SURFACE('generated cylinder',#10187,1.6) ;
#10231=CYLINDRICAL_SURFACE('generated cylinder',#10230,1.6) ;
#10274=CYLINDRICAL_SURFACE('generated cylinder',#10273,1.6) ;
#10317=CYLINDRICAL_SURFACE('generated cylinder',#10316,1.6) ;
#10360=CYLINDRICAL_SURFACE('generated cylinder',#10359,1.6) ;
#10403=CYLINDRICAL_SURFACE('generated cylinder',#10402,1.1) ;
#10446=CYLINDRICAL_SURFACE('generated cylinder',#10445,4.) ;
#10489=CYLINDRICAL_SURFACE('generated cylinder',#10488,1.6) ;
#10532=CYLINDRICAL_SURFACE('generated cylinder',#10531,1.6) ;
#10575=CYLINDRICAL_SURFACE('generated cylinder',#10574,1.6) ;
#10618=CYLINDRICAL_SURFACE('generated cylinder',#10617,1.6) ;
#10661=CYLINDRICAL_SURFACE('generated cylinder',#10660,1.6) ;
#10704=CYLINDRICAL_SURFACE('generated cylinder',#10703,1.6) ;
#10747=CYLINDRICAL_SURFACE('generated cylinder',#10746,1.6) ;
#10790=CYLINDRICAL_SURFACE('generated cylinder',#10789,1.6) ;
#10833=CYLINDRICAL_SURFACE('generated cylinder',#10832,1.6) ;
#10876=CYLINDRICAL_SURFACE('generated cylinder',#10875,1.6) ;
#10919=CYLINDRICAL_SURFACE('generated cylinder',#10918,1.6) ;
#10962=CYLINDRICAL_SURFACE('generated cylinder',#10961,1.6) ;
#11005=CYLINDRICAL_SURFACE('generated cylinder',#11004,1.6) ;
#11048=CYLINDRICAL_SURFACE('generated cylinder',#11047,1.6) ;
#11091=CYLINDRICAL_SURFACE('generated cylinder',#11090,1.6) ;
#11134=CYLINDRICAL_SURFACE('generated cylinder',#11133,1.6) ;
#11208=CYLINDRICAL_SURFACE('generated cylinder',#11207,1.6) ;
#11256=CYLINDRICAL_SURFACE('generated cylinder',#11255,1.6) ;
#11273=CYLINDRICAL_SURFACE('generated cylinder',#11272,1.1) ;
#11316=CYLINDRICAL_SURFACE('generated cylinder',#11315,1.6) ;
#11359=CYLINDRICAL_SURFACE('generated cylinder',#11358,1.6) ;
#11402=CYLINDRICAL_SURFACE('generated cylinder',#11401,1.6) ;
#11445=CYLINDRICAL_SURFACE('generated cylinder',#11444,1.6) ;
#11488=CYLINDRICAL_SURFACE('generated cylinder',#11487,1.6) ;
#11531=CYLINDRICAL_SURFACE('generated cylinder',#11530,1.6) ;
#11574=CYLINDRICAL_SURFACE('generated cylinder',#11573,1.6) ;
#11617=CYLINDRICAL_SURFACE('generated cylinder',#11616,1.6) ;
#11660=CYLINDRICAL_SURFACE('generated cylinder',#11659,1.6) ;
#11703=CYLINDRICAL_SURFACE('generated cylinder',#11702,1.6) ;
#11746=CYLINDRICAL_SURFACE('generated cylinder',#11745,1.6) ;
#11789=CYLINDRICAL_SURFACE('generated cylinder',#11788,1.6) ;
#11832=CYLINDRICAL_SURFACE('generated cylinder',#11831,1.6) ;
#11875=CYLINDRICAL_SURFACE('generated cylinder',#11874,1.6) ;
#11918=CYLINDRICAL_SURFACE('generated cylinder',#11917,1.6) ;
#11961=CYLINDRICAL_SURFACE('generated cylinder',#11960,1.6) ;
#12004=CYLINDRICAL_SURFACE('generated cylinder',#12003,1.6) ;
#12047=CYLINDRICAL_SURFACE('generated cylinder',#12046,1.6) ;
#12090=CYLINDRICAL_SURFACE('generated cylinder',#12089,1.6) ;
#12133=CYLINDRICAL_SURFACE('generated cylinder',#12132,1.6) ;
#12176=CYLINDRICAL_SURFACE('generated cylinder',#12175,1.6) ;
#12219=CYLINDRICAL_SURFACE('generated cylinder',#12218,1.6) ;
#12262=CYLINDRICAL_SURFACE('generated cylinder',#12261,1.6) ;
#12305=CYLINDRICAL_SURFACE('generated cylinder',#12304,1.6) ;
#12348=CYLINDRICAL_SURFACE('generated cylinder',#12347,1.6) ;
#12391=CYLINDRICAL_SURFACE('generated cylinder',#12390,1.6) ;
#12434=CYLINDRICAL_SURFACE('generated cylinder',#12433,1.6) ;
#12477=CYLINDRICAL_SURFACE('generated cylinder',#12476,1.6) ;
#12520=CYLINDRICAL_SURFACE('generated cylinder',#12519,1.6) ;
#12563=CYLINDRICAL_SURFACE('generated cylinder',#12562,1.6) ;
#12606=CYLINDRICAL_SURFACE('generated cylinder',#12605,1.6) ;
#12680=CYLINDRICAL_SURFACE('generated cylinder',#12679,8.) ;
#12728=CYLINDRICAL_SURFACE('generated cylinder',#12727,8.) ;
#12745=CYLINDRICAL_SURFACE('generated cylinder',#12744,1.5) ;
#12800=CYLINDRICAL_SURFACE('generated cylinder',#12799,1.5) ;
#12872=CYLINDRICAL_SURFACE('generated cylinder',#12871,1.5) ;
#12920=CYLINDRICAL_SURFACE('generated cylinder',#12919,1.5) ;
#12968=CYLINDRICAL_SURFACE('generated cylinder',#12967,1.5) ;
#13016=CYLINDRICAL_SURFACE('generated cylinder',#13015,1.5) ;
#13033=CYLINDRICAL_SURFACE('generated cylinder',#13032,1.5) ;
#13088=CYLINDRICAL_SURFACE('generated cylinder',#13087,1.5) ;
#13129=CYLINDRICAL_SURFACE('generated cylinder',#13128,1.35) ;
#13172=CYLINDRICAL_SURFACE('generated cylinder',#13171,1.35) ;
#13215=CYLINDRICAL_SURFACE('generated cylinder',#13214,1.35) ;
#13258=CYLINDRICAL_SURFACE('generated cylinder',#13257,1.35) ;
#13301=CYLINDRICAL_SURFACE('generated cylinder',#13300,1.35) ;
#13344=CYLINDRICAL_SURFACE('generated cylinder',#13343,1.35) ;
#13387=CYLINDRICAL_SURFACE('generated cylinder',#13386,1.35) ;
#13430=CYLINDRICAL_SURFACE('generated cylinder',#13429,1.35) ;
#13473=CYLINDRICAL_SURFACE('generated cylinder',#13472,4.25) ;
#13516=CYLINDRICAL_SURFACE('generated cylinder',#13515,4.25) ;
#13590=CYLINDRICAL_SURFACE('generated cylinder',#13589,2.) ;
#13638=CYLINDRICAL_SURFACE('generated cylinder',#13637,2.) ;
#13686=CYLINDRICAL_SURFACE('generated cylinder',#13685,2.) ;
#13734=CYLINDRICAL_SURFACE('generated cylinder',#13733,2.) ;
#13782=CYLINDRICAL_SURFACE('generated cylinder',#13781,2.) ;
#13830=CYLINDRICAL_SURFACE('generated cylinder',#13829,2.) ;
#13878=CYLINDRICAL_SURFACE('generated cylinder',#13877,2.) ;
#13926=CYLINDRICAL_SURFACE('generated cylinder',#13925,2.) ;
#13943=CYLINDRICAL_SURFACE('generated cylinder',#13942,1.6) ;
#13986=CYLINDRICAL_SURFACE('generated cylinder',#13985,1.6) ;
#14029=CYLINDRICAL_SURFACE('generated cylinder',#14028,1.6) ;
#14072=CYLINDRICAL_SURFACE('generated cylinder',#14071,1.6) ;
#14115=CYLINDRICAL_SURFACE('generated cylinder',#14114,1.6) ;
#14158=CYLINDRICAL_SURFACE('generated cylinder',#14157,1.6) ;
#14201=CYLINDRICAL_SURFACE('generated cylinder',#14200,1.6) ;
#14244=CYLINDRICAL_SURFACE('generated cylinder',#14243,1.6) ;
#14287=CYLINDRICAL_SURFACE('generated cylinder',#14286,1.6) ;
#14330=CYLINDRICAL_SURFACE('generated cylinder',#14329,1.6) ;
#14373=CYLINDRICAL_SURFACE('generated cylinder',#14372,1.6) ;
#14416=CYLINDRICAL_SURFACE('generated cylinder',#14415,1.6) ;
#14459=CYLINDRICAL_SURFACE('generated cylinder',#14458,1.6) ;
#14502=CYLINDRICAL_SURFACE('generated cylinder',#14501,1.6) ;
#14545=CYLINDRICAL_SURFACE('generated cylinder',#14544,1.6) ;
#14588=CYLINDRICAL_SURFACE('generated cylinder',#14587,1.6) ;
#14631=CYLINDRICAL_SURFACE('generated cylinder',#14630,1.6) ;
#14674=CYLINDRICAL_SURFACE('generated cylinder',#14673,1.6) ;
#14717=CYLINDRICAL_SURFACE('generated cylinder',#14716,1.6) ;
#14760=CYLINDRICAL_SURFACE('generated cylinder',#14759,1.6) ;
#14803=CYLINDRICAL_SURFACE('generated cylinder',#14802,1.6) ;
#14846=CYLINDRICAL_SURFACE('generated cylinder',#14845,1.6) ;
#14889=CYLINDRICAL_SURFACE('generated cylinder',#14888,1.6) ;
#14932=CYLINDRICAL_SURFACE('generated cylinder',#14931,1.6) ;
#14975=CYLINDRICAL_SURFACE('generated cylinder',#14974,1.6) ;
#15018=CYLINDRICAL_SURFACE('generated cylinder',#15017,1.6) ;
#15061=CYLINDRICAL_SURFACE('generated cylinder',#15060,1.6) ;
#15104=CYLINDRICAL_SURFACE('generated cylinder',#15103,1.6) ;
#15147=CYLINDRICAL_SURFACE('generated cylinder',#15146,1.6) ;
#15190=CYLINDRICAL_SURFACE('generated cylinder',#15189,1.6) ;
#15233=CYLINDRICAL_SURFACE('generated cylinder',#15232,1.6) ;
#15276=CYLINDRICAL_SURFACE('generated cylinder',#15275,1.6) ;
#15319=CYLINDRICAL_SURFACE('generated cylinder',#15318,11.) ;
#15362=CYLINDRICAL_SURFACE('generated cylinder',#15361,2.) ;
#15405=CYLINDRICAL_SURFACE('generated cylinder',#15404,2.) ;
#15448=CYLINDRICAL_SURFACE('generated cylinder',#15447,2.) ;
#15491=CYLINDRICAL_SURFACE('generated cylinder',#15490,2.) ;
#15534=CYLINDRICAL_SURFACE('generated cylinder',#15533,2.) ;
#15577=CYLINDRICAL_SURFACE('generated cylinder',#15576,2.) ;
#15651=CYLINDRICAL_SURFACE('generated cylinder',#15650,0.3) ;
#15699=CYLINDRICAL_SURFACE('generated cylinder',#15698,0.3) ;
#15747=CYLINDRICAL_SURFACE('generated cylinder',#15746,0.3) ;
#15764=CYLINDRICAL_SURFACE('generated cylinder',#15763,1.6) ;
#15819=CYLINDRICAL_SURFACE('generated cylinder',#15818,1.6) ;
#15860=CYLINDRICAL_SURFACE('generated cylinder',#15859,1.5) ;
#15903=CYLINDRICAL_SURFACE('generated cylinder',#15902,1.5) ;
#15946=CYLINDRICAL_SURFACE('generated cylinder',#15945,1.6) ;
#15989=CYLINDRICAL_SURFACE('generated cylinder',#15988,1.6) ;
#16032=CYLINDRICAL_SURFACE('generated cylinder',#16031,1.6) ;
#16075=CYLINDRICAL_SURFACE('generated cylinder',#16074,1.6) ;
#16118=CYLINDRICAL_SURFACE('generated cylinder',#16117,1.6) ;
#16161=CYLINDRICAL_SURFACE('generated cylinder',#16160,1.95) ;
#16204=CYLINDRICAL_SURFACE('generated cylinder',#16203,1.95) ;
#16247=CYLINDRICAL_SURFACE('generated cylinder',#16246,1.6) ;
#16290=CYLINDRICAL_SURFACE('generated cylinder',#16289,1.6) ;
#16331=CYLINDRICAL_SURFACE('generated cylinder',#16330,1.6) ;
#16374=CYLINDRICAL_SURFACE('generated cylinder',#16373,1.5) ;
#16400=CYLINDRICAL_SURFACE('generated cylinder',#16399,1.5) ;
#16434=CYLINDRICAL_SURFACE('generated cylinder',#16433,5.) ;
#16477=CYLINDRICAL_SURFACE('generated cylinder',#16476,50.) ;
#16518=CYLINDRICAL_SURFACE('generated cylinder',#16517,30.) ;
#16552=CYLINDRICAL_SURFACE('generated cylinder',#16551,5.) ;
#16595=CYLINDRICAL_SURFACE('generated cylinder',#16594,30.) ;
#3=DESIGN_CONTEXT(' ',#1,'design') ;
#83=EDGE_CURVE('',#80,#82,#78,.T.) ;
#90=EDGE_CURVE('',#82,#89,#87,.T.) ;
#97=EDGE_CURVE('',#96,#89,#94,.T.) ;
#102=EDGE_CURVE('',#80,#96,#101,.T.) ;
#121=EDGE_CURVE('',#120,#96,#118,.T.) ;
#128=EDGE_CURVE('',#89,#127,#125,.T.) ;
#135=EDGE_CURVE('',#127,#134,#132,.T.) ;
#142=EDGE_CURVE('',#134,#141,#139,.T.) ;
#149=EDGE_CURVE('',#148,#141,#146,.T.) ;
#156=EDGE_CURVE('',#155,#148,#153,.T.) ;
#163=EDGE_CURVE('',#162,#155,#160,.T.) ;
#170=EDGE_CURVE('',#169,#162,#167,.T.) ;
#177=EDGE_CURVE('',#176,#169,#174,.T.) ;
#193=EDGE_CURVE('',#192,#176,#178,.T.) ;
#200=EDGE_CURVE('',#192,#199,#197,.T.) ;
#210=EDGE_CURVE('',#209,#199,#201,.T.) ;
#217=EDGE_CURVE('',#216,#209,#214,.T.) ;
#224=EDGE_CURVE('',#216,#223,#221,.T.) ;
#231=EDGE_CURVE('',#223,#230,#228,.T.) ;
#247=EDGE_CURVE('',#246,#230,#232,.T.) ;
#254=EDGE_CURVE('',#253,#246,#251,.T.) ;
#261=EDGE_CURVE('',#253,#260,#258,.T.) ;
#268=EDGE_CURVE('',#260,#267,#265,.T.) ;
#275=EDGE_CURVE('',#267,#274,#272,.T.) ;
#282=EDGE_CURVE('',#281,#274,#279,.T.) ;
#289=EDGE_CURVE('',#288,#281,#286,.T.) ;
#296=EDGE_CURVE('',#295,#288,#293,.T.) ;
#303=EDGE_CURVE('',#302,#295,#300,.T.) ;
#310=EDGE_CURVE('',#309,#302,#307,.T.) ;
#326=EDGE_CURVE('',#325,#309,#311,.T.) ;
#331=EDGE_CURVE('',#325,#120,#330,.T.) ;
#370=EDGE_CURVE('',#367,#369,#365,.T.) ;
#375=EDGE_CURVE('',#369,#367,#374,.T.) ;
#388=EDGE_CURVE('',#385,#387,#383,.T.) ;
#393=EDGE_CURVE('',#387,#385,#392,.T.) ;
#406=EDGE_CURVE('',#403,#405,#401,.T.) ;
#411=EDGE_CURVE('',#405,#403,#410,.T.) ;
#424=EDGE_CURVE('',#421,#423,#419,.T.) ;
#429=EDGE_CURVE('',#423,#421,#428,.T.) ;
#442=EDGE_CURVE('',#439,#441,#437,.T.) ;
#447=EDGE_CURVE('',#441,#439,#446,.T.) ;
#460=EDGE_CURVE('',#457,#459,#455,.T.) ;
#465=EDGE_CURVE('',#459,#457,#464,.T.) ;
#478=EDGE_CURVE('',#475,#477,#473,.T.) ;
#483=EDGE_CURVE('',#477,#475,#482,.T.) ;
#496=EDGE_CURVE('',#493,#495,#491,.T.) ;
#501=EDGE_CURVE('',#495,#493,#500,.T.) ;
#514=EDGE_CURVE('',#511,#513,#509,.T.) ;
#519=EDGE_CURVE('',#513,#511,#518,.T.) ;
#532=EDGE_CURVE('',#529,#531,#527,.T.) ;
#537=EDGE_CURVE('',#531,#529,#536,.T.) ;
#550=EDGE_CURVE('',#547,#549,#545,.T.) ;
#555=EDGE_CURVE('',#549,#547,#554,.T.) ;
#568=EDGE_CURVE('',#565,#567,#563,.T.) ;
#573=EDGE_CURVE('',#567,#565,#572,.T.) ;
#604=EDGE_CURVE('',#601,#603,#578,.T.) ;
#611=EDGE_CURVE('',#610,#603,#608,.T.) ;
#633=EDGE_CURVE('',#610,#632,#612,.T.) ;
#646=EDGE_CURVE('',#632,#645,#634,.T.) ;
#651=EDGE_CURVE('',#601,#645,#650,.T.) ;
#685=EDGE_CURVE('',#682,#684,#659,.T.) ;
#708=EDGE_CURVE('',#684,#682,#686,.T.) ;
#721=EDGE_CURVE('',#718,#720,#716,.T.) ;
#728=EDGE_CURVE('',#727,#720,#725,.T.) ;
#735=EDGE_CURVE('',#734,#727,#732,.T.) ;
#742=EDGE_CURVE('',#741,#734,#739,.T.) ;
#765=EDGE_CURVE('',#741,#718,#743,.T.) ;
#781=EDGE_CURVE('',#778,#780,#776,.T.) ;
#788=EDGE_CURVE('',#787,#778,#785,.T.) ;
#795=EDGE_CURVE('',#794,#787,#792,.T.) ;
#800=EDGE_CURVE('',#780,#794,#799,.T.) ;
#815=EDGE_CURVE('',#812,#814,#810,.T.) ;
#822=EDGE_CURVE('',#821,#812,#819,.T.) ;
#829=EDGE_CURVE('',#828,#821,#826,.T.) ;
#834=EDGE_CURVE('',#814,#828,#833,.T.) ;
#849=EDGE_CURVE('',#846,#848,#844,.T.) ;
#856=EDGE_CURVE('',#855,#846,#853,.T.) ;
#863=EDGE_CURVE('',#862,#855,#860,.T.) ;
#868=EDGE_CURVE('',#848,#862,#867,.T.) ;
#883=EDGE_CURVE('',#880,#882,#878,.T.) ;
#890=EDGE_CURVE('',#889,#880,#887,.T.) ;
#897=EDGE_CURVE('',#896,#889,#894,.T.) ;
#902=EDGE_CURVE('',#882,#896,#901,.T.) ;
#917=EDGE_CURVE('',#914,#916,#912,.T.) ;
#922=EDGE_CURVE('',#916,#914,#921,.T.) ;
#935=EDGE_CURVE('',#932,#934,#930,.T.) ;
#940=EDGE_CURVE('',#934,#932,#939,.T.) ;
#953=EDGE_CURVE('',#950,#952,#948,.T.) ;
#958=EDGE_CURVE('',#952,#950,#957,.T.) ;
#971=EDGE_CURVE('',#968,#970,#966,.T.) ;
#976=EDGE_CURVE('',#970,#968,#975,.T.) ;
#989=EDGE_CURVE('',#986,#988,#984,.T.) ;
#994=EDGE_CURVE('',#988,#986,#993,.T.) ;
#1007=EDGE_CURVE('',#1004,#1006,#1002,.T.) ;
#1012=EDGE_CURVE('',#1006,#1004,#1011,.T.) ;
#1025=EDGE_CURVE('',#1022,#1024,#1020,.T.) ;
#1030=EDGE_CURVE('',#1024,#1022,#1029,.T.) ;
#1043=EDGE_CURVE('',#1040,#1042,#1038,.T.) ;
#1048=EDGE_CURVE('',#1042,#1040,#1047,.T.) ;
#1061=EDGE_CURVE('',#1058,#1060,#1056,.T.) ;
#1066=EDGE_CURVE('',#1060,#1058,#1065,.T.) ;
#1079=EDGE_CURVE('',#1076,#1078,#1074,.T.) ;
#1084=EDGE_CURVE('',#1078,#1076,#1083,.T.) ;
#1097=EDGE_CURVE('',#1094,#1096,#1092,.T.) ;
#1102=EDGE_CURVE('',#1096,#1094,#1101,.T.) ;
#1115=EDGE_CURVE('',#1112,#1114,#1110,.T.) ;
#1120=EDGE_CURVE('',#1114,#1112,#1119,.T.) ;
#1133=EDGE_CURVE('',#1130,#1132,#1128,.T.) ;
#1138=EDGE_CURVE('',#1132,#1130,#1137,.T.) ;
#1151=EDGE_CURVE('',#1148,#1150,#1146,.T.) ;
#1156=EDGE_CURVE('',#1150,#1148,#1155,.T.) ;
#1169=EDGE_CURVE('',#1166,#1168,#1164,.T.) ;
#1174=EDGE_CURVE('',#1168,#1166,#1173,.T.) ;
#1187=EDGE_CURVE('',#1184,#1186,#1182,.T.) ;
#1192=EDGE_CURVE('',#1186,#1184,#1191,.T.) ;
#1205=EDGE_CURVE('',#1202,#1204,#1200,.T.) ;
#1210=EDGE_CURVE('',#1204,#1202,#1209,.T.) ;
#1223=EDGE_CURVE('',#1220,#1222,#1218,.T.) ;
#1228=EDGE_CURVE('',#1222,#1220,#1227,.T.) ;
#1241=EDGE_CURVE('',#1238,#1240,#1236,.T.) ;
#1246=EDGE_CURVE('',#1240,#1238,#1245,.T.) ;
#1259=EDGE_CURVE('',#1256,#1258,#1254,.T.) ;
#1264=EDGE_CURVE('',#1258,#1256,#1263,.T.) ;
#1277=EDGE_CURVE('',#1274,#1276,#1272,.T.) ;
#1282=EDGE_CURVE('',#1276,#1274,#1281,.T.) ;
#1295=EDGE_CURVE('',#1292,#1294,#1290,.T.) ;
#1300=EDGE_CURVE('',#1294,#1292,#1299,.T.) ;
#1313=EDGE_CURVE('',#1310,#1312,#1308,.T.) ;
#1318=EDGE_CURVE('',#1312,#1310,#1317,.T.) ;
#1331=EDGE_CURVE('',#1328,#1330,#1326,.T.) ;
#1336=EDGE_CURVE('',#1330,#1328,#1335,.T.) ;
#1349=EDGE_CURVE('',#1346,#1348,#1344,.T.) ;
#1354=EDGE_CURVE('',#1348,#1346,#1353,.T.) ;
#1367=EDGE_CURVE('',#1364,#1366,#1362,.T.) ;
#1372=EDGE_CURVE('',#1366,#1364,#1371,.T.) ;
#1385=EDGE_CURVE('',#1382,#1384,#1380,.T.) ;
#1390=EDGE_CURVE('',#1384,#1382,#1389,.T.) ;
#1403=EDGE_CURVE('',#1400,#1402,#1398,.T.) ;
#1408=EDGE_CURVE('',#1402,#1400,#1407,.T.) ;
#1421=EDGE_CURVE('',#1418,#1420,#1416,.T.) ;
#1426=EDGE_CURVE('',#1420,#1418,#1425,.T.) ;
#1439=EDGE_CURVE('',#1436,#1438,#1434,.T.) ;
#1444=EDGE_CURVE('',#1438,#1436,#1443,.T.) ;
#1457=EDGE_CURVE('',#1454,#1456,#1452,.T.) ;
#1462=EDGE_CURVE('',#1456,#1454,#1461,.T.) ;
#1475=EDGE_CURVE('',#1472,#1474,#1470,.T.) ;
#1480=EDGE_CURVE('',#1474,#1472,#1479,.T.) ;
#1493=EDGE_CURVE('',#1490,#1492,#1488,.T.) ;
#1498=EDGE_CURVE('',#1492,#1490,#1497,.T.) ;
#1511=EDGE_CURVE('',#1508,#1510,#1506,.T.) ;
#1516=EDGE_CURVE('',#1510,#1508,#1515,.T.) ;
#1529=EDGE_CURVE('',#1526,#1528,#1524,.T.) ;
#1534=EDGE_CURVE('',#1528,#1526,#1533,.T.) ;
#1547=EDGE_CURVE('',#1544,#1546,#1542,.T.) ;
#1552=EDGE_CURVE('',#1546,#1544,#1551,.T.) ;
#1565=EDGE_CURVE('',#1562,#1564,#1560,.T.) ;
#1570=EDGE_CURVE('',#1564,#1562,#1569,.T.) ;
#1583=EDGE_CURVE('',#1580,#1582,#1578,.T.) ;
#1588=EDGE_CURVE('',#1582,#1580,#1587,.T.) ;
#1601=EDGE_CURVE('',#1598,#1600,#1596,.T.) ;
#1606=EDGE_CURVE('',#1600,#1598,#1605,.T.) ;
#1619=EDGE_CURVE('',#1616,#1618,#1614,.T.) ;
#1624=EDGE_CURVE('',#1618,#1616,#1623,.T.) ;
#1637=EDGE_CURVE('',#1634,#1636,#1632,.T.) ;
#1642=EDGE_CURVE('',#1636,#1634,#1641,.T.) ;
#1655=EDGE_CURVE('',#1652,#1654,#1650,.T.) ;
#1660=EDGE_CURVE('',#1654,#1652,#1659,.T.) ;
#1673=EDGE_CURVE('',#1670,#1672,#1668,.T.) ;
#1678=EDGE_CURVE('',#1672,#1670,#1677,.T.) ;
#1691=EDGE_CURVE('',#1688,#1690,#1686,.T.) ;
#1696=EDGE_CURVE('',#1690,#1688,#1695,.T.) ;
#1709=EDGE_CURVE('',#1706,#1708,#1704,.T.) ;
#1716=EDGE_CURVE('',#1715,#1706,#1713,.T.) ;
#1723=EDGE_CURVE('',#1722,#1715,#1720,.T.) ;
#1728=EDGE_CURVE('',#1708,#1722,#1727,.T.) ;
#1743=EDGE_CURVE('',#1740,#1742,#1738,.T.) ;
#1750=EDGE_CURVE('',#1749,#1740,#1747,.T.) ;
#1757=EDGE_CURVE('',#1756,#1749,#1754,.T.) ;
#1762=EDGE_CURVE('',#1742,#1756,#1761,.T.) ;
#1777=EDGE_CURVE('',#1774,#1776,#1772,.T.) ;
#1784=EDGE_CURVE('',#1783,#1774,#1781,.T.) ;
#1791=EDGE_CURVE('',#1790,#1783,#1788,.T.) ;
#1796=EDGE_CURVE('',#1776,#1790,#1795,.T.) ;
#1811=EDGE_CURVE('',#1808,#1810,#1806,.T.) ;
#1818=EDGE_CURVE('',#1817,#1808,#1815,.T.) ;
#1825=EDGE_CURVE('',#1824,#1817,#1822,.T.) ;
#1830=EDGE_CURVE('',#1810,#1824,#1829,.T.) ;
#1845=EDGE_CURVE('',#1842,#1844,#1840,.T.) ;
#1850=EDGE_CURVE('',#1844,#1842,#1849,.T.) ;
#1863=EDGE_CURVE('',#1860,#1862,#1858,.T.) ;
#1868=EDGE_CURVE('',#1862,#1860,#1867,.T.) ;
#1881=EDGE_CURVE('',#1878,#1880,#1876,.T.) ;
#1886=EDGE_CURVE('',#1880,#1878,#1885,.T.) ;
#1899=EDGE_CURVE('',#1896,#1898,#1894,.T.) ;
#1904=EDGE_CURVE('',#1898,#1896,#1903,.T.) ;
#1917=EDGE_CURVE('',#1914,#1916,#1912,.T.) ;
#1922=EDGE_CURVE('',#1916,#1914,#1921,.T.) ;
#1935=EDGE_CURVE('',#1932,#1934,#1930,.T.) ;
#1940=EDGE_CURVE('',#1934,#1932,#1939,.T.) ;
#1953=EDGE_CURVE('',#1950,#1952,#1948,.T.) ;
#1960=EDGE_CURVE('',#1959,#1950,#1957,.T.) ;
#1967=EDGE_CURVE('',#1966,#1959,#1964,.T.) ;
#1972=EDGE_CURVE('',#1952,#1966,#1971,.T.) ;
#1987=EDGE_CURVE('',#1984,#1986,#1982,.T.) ;
#1994=EDGE_CURVE('',#1993,#1984,#1991,.T.) ;
#2001=EDGE_CURVE('',#2000,#1993,#1998,.T.) ;
#2006=EDGE_CURVE('',#1986,#2000,#2005,.T.) ;
#2021=EDGE_CURVE('',#2018,#2020,#2016,.T.) ;
#2028=EDGE_CURVE('',#2027,#2018,#2025,.T.) ;
#2035=EDGE_CURVE('',#2034,#2027,#2032,.T.) ;
#2040=EDGE_CURVE('',#2020,#2034,#2039,.T.) ;
#2055=EDGE_CURVE('',#2052,#2054,#2050,.T.) ;
#2062=EDGE_CURVE('',#2061,#2052,#2059,.T.) ;
#2069=EDGE_CURVE('',#2068,#2061,#2066,.T.) ;
#2074=EDGE_CURVE('',#2054,#2068,#2073,.T.) ;
#2089=EDGE_CURVE('',#2086,#2088,#2084,.T.) ;
#2096=EDGE_CURVE('',#2095,#2086,#2093,.T.) ;
#2103=EDGE_CURVE('',#2102,#2095,#2100,.T.) ;
#2108=EDGE_CURVE('',#2088,#2102,#2107,.T.) ;
#2123=EDGE_CURVE('',#2120,#2122,#2118,.T.) ;
#2130=EDGE_CURVE('',#2129,#2120,#2127,.T.) ;
#2137=EDGE_CURVE('',#2136,#2129,#2134,.T.) ;
#2142=EDGE_CURVE('',#2122,#2136,#2141,.T.) ;
#2157=EDGE_CURVE('',#2154,#2156,#2152,.T.) ;
#2164=EDGE_CURVE('',#2163,#2154,#2161,.T.) ;
#2171=EDGE_CURVE('',#2170,#2163,#2168,.T.) ;
#2176=EDGE_CURVE('',#2156,#2170,#2175,.T.) ;
#2191=EDGE_CURVE('',#2188,#2190,#2186,.T.) ;
#2196=EDGE_CURVE('',#2190,#2188,#2195,.T.) ;
#2209=EDGE_CURVE('',#2206,#2208,#2204,.T.) ;
#2214=EDGE_CURVE('',#2208,#2206,#2213,.T.) ;
#2227=EDGE_CURVE('',#2224,#2226,#2222,.T.) ;
#2232=EDGE_CURVE('',#2226,#2224,#2231,.T.) ;
#2245=EDGE_CURVE('',#2242,#2244,#2240,.T.) ;
#2250=EDGE_CURVE('',#2244,#2242,#2249,.T.) ;
#2263=EDGE_CURVE('',#2260,#2262,#2258,.T.) ;
#2268=EDGE_CURVE('',#2262,#2260,#2267,.T.) ;
#2281=EDGE_CURVE('',#2278,#2280,#2276,.T.) ;
#2286=EDGE_CURVE('',#2280,#2278,#2285,.T.) ;
#2299=EDGE_CURVE('',#2296,#2298,#2294,.T.) ;
#2304=EDGE_CURVE('',#2298,#2296,#2303,.T.) ;
#2317=EDGE_CURVE('',#2314,#2316,#2312,.T.) ;
#2322=EDGE_CURVE('',#2316,#2314,#2321,.T.) ;
#2335=EDGE_CURVE('',#2332,#2334,#2330,.T.) ;
#2340=EDGE_CURVE('',#2334,#2332,#2339,.T.) ;
#2353=EDGE_CURVE('',#2350,#2352,#2348,.T.) ;
#2358=EDGE_CURVE('',#2352,#2350,#2357,.T.) ;
#2371=EDGE_CURVE('',#2368,#2370,#2366,.T.) ;
#2376=EDGE_CURVE('',#2370,#2368,#2375,.T.) ;
#2389=EDGE_CURVE('',#2386,#2388,#2384,.T.) ;
#2394=EDGE_CURVE('',#2388,#2386,#2393,.T.) ;
#2425=EDGE_CURVE('',#2422,#2424,#2399,.T.) ;
#2448=EDGE_CURVE('',#2424,#2422,#2426,.T.) ;
#2461=EDGE_CURVE('',#2458,#2460,#2456,.T.) ;
#2466=EDGE_CURVE('',#2460,#2458,#2465,.T.) ;
#2479=EDGE_CURVE('',#2476,#2478,#2474,.T.) ;
#2484=EDGE_CURVE('',#2478,#2476,#2483,.T.) ;
#2497=EDGE_CURVE('',#2494,#2496,#2492,.T.) ;
#2502=EDGE_CURVE('',#2496,#2494,#2501,.T.) ;
#2515=EDGE_CURVE('',#2512,#2514,#2510,.T.) ;
#2520=EDGE_CURVE('',#2514,#2512,#2519,.T.) ;
#2533=EDGE_CURVE('',#2530,#2532,#2528,.T.) ;
#2538=EDGE_CURVE('',#2532,#2530,#2537,.T.) ;
#2551=EDGE_CURVE('',#2548,#2550,#2546,.T.) ;
#2556=EDGE_CURVE('',#2550,#2548,#2555,.T.) ;
#2569=EDGE_CURVE('',#2566,#2568,#2564,.T.) ;
#2574=EDGE_CURVE('',#2568,#2566,#2573,.T.) ;
#2587=EDGE_CURVE('',#2584,#2586,#2582,.T.) ;
#2592=EDGE_CURVE('',#2586,#2584,#2591,.T.) ;
#2605=EDGE_CURVE('',#2602,#2604,#2600,.T.) ;
#2610=EDGE_CURVE('',#2604,#2602,#2609,.T.) ;
#2623=EDGE_CURVE('',#2620,#2622,#2618,.T.) ;
#2628=EDGE_CURVE('',#2622,#2620,#2627,.T.) ;
#2641=EDGE_CURVE('',#2638,#2640,#2636,.T.) ;
#2646=EDGE_CURVE('',#2640,#2638,#2645,.T.) ;
#2659=EDGE_CURVE('',#2656,#2658,#2654,.T.) ;
#2664=EDGE_CURVE('',#2658,#2656,#2663,.T.) ;
#2677=EDGE_CURVE('',#2674,#2676,#2672,.T.) ;
#2682=EDGE_CURVE('',#2676,#2674,#2681,.T.) ;
#2695=EDGE_CURVE('',#2692,#2694,#2690,.T.) ;
#2700=EDGE_CURVE('',#2694,#2692,#2699,.T.) ;
#2713=EDGE_CURVE('',#2710,#2712,#2708,.T.) ;
#2718=EDGE_CURVE('',#2712,#2710,#2717,.T.) ;
#2731=EDGE_CURVE('',#2728,#2730,#2726,.T.) ;
#2736=EDGE_CURVE('',#2730,#2728,#2735,.T.) ;
#2749=EDGE_CURVE('',#2746,#2748,#2744,.T.) ;
#2754=EDGE_CURVE('',#2748,#2746,#2753,.T.) ;
#2767=EDGE_CURVE('',#2764,#2766,#2762,.T.) ;
#2772=EDGE_CURVE('',#2766,#2764,#2771,.T.) ;
#2785=EDGE_CURVE('',#2782,#2784,#2780,.T.) ;
#2790=EDGE_CURVE('',#2784,#2782,#2789,.T.) ;
#2803=EDGE_CURVE('',#2800,#2802,#2798,.T.) ;
#2808=EDGE_CURVE('',#2802,#2800,#2807,.T.) ;
#2821=EDGE_CURVE('',#2818,#2820,#2816,.T.) ;
#2826=EDGE_CURVE('',#2820,#2818,#2825,.T.) ;
#2839=EDGE_CURVE('',#2836,#2838,#2834,.T.) ;
#2844=EDGE_CURVE('',#2838,#2836,#2843,.T.) ;
#2857=EDGE_CURVE('',#2854,#2856,#2852,.T.) ;
#2862=EDGE_CURVE('',#2856,#2854,#2861,.T.) ;
#2875=EDGE_CURVE('',#2872,#2874,#2870,.T.) ;
#2880=EDGE_CURVE('',#2874,#2872,#2879,.T.) ;
#2893=EDGE_CURVE('',#2890,#2892,#2888,.T.) ;
#2898=EDGE_CURVE('',#2892,#2890,#2897,.T.) ;
#2911=EDGE_CURVE('',#2908,#2910,#2906,.T.) ;
#2918=EDGE_CURVE('',#2917,#2908,#2915,.T.) ;
#2925=EDGE_CURVE('',#2924,#2917,#2922,.T.) ;
#2930=EDGE_CURVE('',#2910,#2924,#2929,.T.) ;
#2945=EDGE_CURVE('',#2942,#2944,#2940,.T.) ;
#2950=EDGE_CURVE('',#2944,#2942,#2949,.T.) ;
#2963=EDGE_CURVE('',#2960,#2962,#2958,.T.) ;
#2968=EDGE_CURVE('',#2962,#2960,#2967,.T.) ;
#2981=EDGE_CURVE('',#2978,#2980,#2976,.T.) ;
#2986=EDGE_CURVE('',#2980,#2978,#2985,.T.) ;
#2999=EDGE_CURVE('',#2996,#2998,#2994,.T.) ;
#3004=EDGE_CURVE('',#2998,#2996,#3003,.T.) ;
#3017=EDGE_CURVE('',#3014,#3016,#3012,.T.) ;
#3022=EDGE_CURVE('',#3016,#3014,#3021,.T.) ;
#3035=EDGE_CURVE('',#3032,#3034,#3030,.T.) ;
#3040=EDGE_CURVE('',#3034,#3032,#3039,.T.) ;
#3053=EDGE_CURVE('',#3050,#3052,#3048,.T.) ;
#3058=EDGE_CURVE('',#3052,#3050,#3057,.T.) ;
#3071=EDGE_CURVE('',#3068,#3070,#3066,.T.) ;
#3076=EDGE_CURVE('',#3070,#3068,#3075,.T.) ;
#3089=EDGE_CURVE('',#3086,#3088,#3084,.T.) ;
#3094=EDGE_CURVE('',#3088,#3086,#3093,.T.) ;
#3107=EDGE_CURVE('',#3104,#3106,#3102,.T.) ;
#3112=EDGE_CURVE('',#3106,#3104,#3111,.T.) ;
#3125=EDGE_CURVE('',#3122,#3124,#3120,.T.) ;
#3130=EDGE_CURVE('',#3124,#3122,#3129,.T.) ;
#3143=EDGE_CURVE('',#3140,#3142,#3138,.T.) ;
#3148=EDGE_CURVE('',#3142,#3140,#3147,.T.) ;
#3161=EDGE_CURVE('',#3158,#3160,#3156,.T.) ;
#3166=EDGE_CURVE('',#3160,#3158,#3165,.T.) ;
#3179=EDGE_CURVE('',#3176,#3178,#3174,.T.) ;
#3184=EDGE_CURVE('',#3178,#3176,#3183,.T.) ;
#3197=EDGE_CURVE('',#3194,#3196,#3192,.T.) ;
#3202=EDGE_CURVE('',#3196,#3194,#3201,.T.) ;
#3215=EDGE_CURVE('',#3212,#3214,#3210,.T.) ;
#3220=EDGE_CURVE('',#3214,#3212,#3219,.T.) ;
#3233=EDGE_CURVE('',#3230,#3232,#3228,.T.) ;
#3238=EDGE_CURVE('',#3232,#3230,#3237,.T.) ;
#3251=EDGE_CURVE('',#3248,#3250,#3246,.T.) ;
#3256=EDGE_CURVE('',#3250,#3248,#3255,.T.) ;
#3269=EDGE_CURVE('',#3266,#3268,#3264,.T.) ;
#3274=EDGE_CURVE('',#3268,#3266,#3273,.T.) ;
#3287=EDGE_CURVE('',#3284,#3286,#3282,.T.) ;
#3292=EDGE_CURVE('',#3286,#3284,#3291,.T.) ;
#3305=EDGE_CURVE('',#3302,#3304,#3300,.T.) ;
#3310=EDGE_CURVE('',#3304,#3302,#3309,.T.) ;
#3323=EDGE_CURVE('',#3320,#3322,#3318,.T.) ;
#3328=EDGE_CURVE('',#3322,#3320,#3327,.T.) ;
#3341=EDGE_CURVE('',#3338,#3340,#3336,.T.) ;
#3346=EDGE_CURVE('',#3340,#3338,#3345,.T.) ;
#3359=EDGE_CURVE('',#3356,#3358,#3354,.T.) ;
#3364=EDGE_CURVE('',#3358,#3356,#3363,.T.) ;
#3377=EDGE_CURVE('',#3374,#3376,#3372,.T.) ;
#3382=EDGE_CURVE('',#3376,#3374,#3381,.T.) ;
#3395=EDGE_CURVE('',#3392,#3394,#3390,.T.) ;
#3400=EDGE_CURVE('',#3394,#3392,#3399,.T.) ;
#3413=EDGE_CURVE('',#3410,#3412,#3408,.T.) ;
#3418=EDGE_CURVE('',#3412,#3410,#3417,.T.) ;
#3431=EDGE_CURVE('',#3428,#3430,#3426,.T.) ;
#3436=EDGE_CURVE('',#3430,#3428,#3435,.T.) ;
#3449=EDGE_CURVE('',#3446,#3448,#3444,.T.) ;
#3454=EDGE_CURVE('',#3448,#3446,#3453,.T.) ;
#3467=EDGE_CURVE('',#3464,#3466,#3462,.T.) ;
#3472=EDGE_CURVE('',#3466,#3464,#3471,.T.) ;
#3485=EDGE_CURVE('',#3482,#3484,#3480,.T.) ;
#3490=EDGE_CURVE('',#3484,#3482,#3489,.T.) ;
#3503=EDGE_CURVE('',#3500,#3502,#3498,.T.) ;
#3508=EDGE_CURVE('',#3502,#3500,#3507,.T.) ;
#3521=EDGE_CURVE('',#3518,#3520,#3516,.T.) ;
#3528=EDGE_CURVE('',#3527,#3518,#3525,.T.) ;
#3535=EDGE_CURVE('',#3534,#3527,#3532,.T.) ;
#3540=EDGE_CURVE('',#3520,#3534,#3539,.T.) ;
#3555=EDGE_CURVE('',#3552,#3554,#3550,.T.) ;
#3562=EDGE_CURVE('',#3561,#3552,#3559,.T.) ;
#3569=EDGE_CURVE('',#3568,#3561,#3566,.T.) ;
#3574=EDGE_CURVE('',#3554,#3568,#3573,.T.) ;
#3589=EDGE_CURVE('',#3586,#3588,#3584,.T.) ;
#3596=EDGE_CURVE('',#3595,#3586,#3593,.T.) ;
#3603=EDGE_CURVE('',#3602,#3595,#3600,.T.) ;
#3608=EDGE_CURVE('',#3588,#3602,#3607,.T.) ;
#3623=EDGE_CURVE('',#3620,#3622,#3618,.T.) ;
#3630=EDGE_CURVE('',#3629,#3620,#3627,.T.) ;
#3637=EDGE_CURVE('',#3636,#3629,#3634,.T.) ;
#3642=EDGE_CURVE('',#3622,#3636,#3641,.T.) ;
#3657=EDGE_CURVE('',#3654,#3656,#3652,.T.) ;
#3664=EDGE_CURVE('',#3663,#3654,#3661,.T.) ;
#3671=EDGE_CURVE('',#3670,#3663,#3668,.T.) ;
#3676=EDGE_CURVE('',#3656,#3670,#3675,.T.) ;
#3691=EDGE_CURVE('',#3688,#3690,#3686,.T.) ;
#3696=EDGE_CURVE('',#3690,#3688,#3695,.T.) ;
#3709=EDGE_CURVE('',#3706,#3708,#3704,.T.) ;
#3714=EDGE_CURVE('',#3708,#3706,#3713,.T.) ;
#3727=EDGE_CURVE('',#3724,#3726,#3722,.T.) ;
#3732=EDGE_CURVE('',#3726,#3724,#3731,.T.) ;
#3745=EDGE_CURVE('',#3742,#3744,#3740,.T.) ;
#3750=EDGE_CURVE('',#3744,#3742,#3749,.T.) ;
#3763=EDGE_CURVE('',#3760,#3762,#3758,.T.) ;
#3768=EDGE_CURVE('',#3762,#3760,#3767,.T.) ;
#3781=EDGE_CURVE('',#3778,#3780,#3776,.T.) ;
#3786=EDGE_CURVE('',#3780,#3778,#3785,.T.) ;
#3799=EDGE_CURVE('',#3796,#3798,#3794,.T.) ;
#3804=EDGE_CURVE('',#3798,#3796,#3803,.T.) ;
#3817=EDGE_CURVE('',#3814,#3816,#3812,.T.) ;
#3822=EDGE_CURVE('',#3816,#3814,#3821,.T.) ;
#3835=EDGE_CURVE('',#3832,#3834,#3830,.T.) ;
#3840=EDGE_CURVE('',#3834,#3832,#3839,.T.) ;
#3853=EDGE_CURVE('',#3850,#3852,#3848,.T.) ;
#3858=EDGE_CURVE('',#3852,#3850,#3857,.T.) ;
#3871=EDGE_CURVE('',#3868,#3870,#3866,.T.) ;
#3878=EDGE_CURVE('',#3877,#3868,#3875,.T.) ;
#3885=EDGE_CURVE('',#3884,#3877,#3882,.T.) ;
#3892=EDGE_CURVE('',#3891,#3884,#3889,.T.) ;
#3899=EDGE_CURVE('',#3898,#3891,#3896,.T.) ;
#3906=EDGE_CURVE('',#3905,#3898,#3903,.T.) ;
#3913=EDGE_CURVE('',#3912,#3905,#3910,.T.) ;
#3918=EDGE_CURVE('',#3870,#3912,#3917,.T.) ;
#3937=EDGE_CURVE('',#3934,#3936,#3932,.T.) ;
#3944=EDGE_CURVE('',#3943,#3934,#3941,.T.) ;
#3951=EDGE_CURVE('',#3950,#3943,#3948,.T.) ;
#3958=EDGE_CURVE('',#3957,#3950,#3955,.T.) ;
#3965=EDGE_CURVE('',#3964,#3957,#3962,.T.) ;
#3972=EDGE_CURVE('',#3971,#3964,#3969,.T.) ;
#3979=EDGE_CURVE('',#3978,#3971,#3976,.T.) ;
#3984=EDGE_CURVE('',#3936,#3978,#3983,.T.) ;
#4003=EDGE_CURVE('',#4000,#4002,#3998,.T.) ;
#4008=EDGE_CURVE('',#4002,#4000,#4007,.T.) ;
#4021=EDGE_CURVE('',#4018,#4020,#4016,.T.) ;
#4026=EDGE_CURVE('',#4020,#4018,#4025,.T.) ;
#4039=EDGE_CURVE('',#4036,#4038,#4034,.T.) ;
#4044=EDGE_CURVE('',#4038,#4036,#4043,.T.) ;
#4057=EDGE_CURVE('',#4054,#4056,#4052,.T.) ;
#4062=EDGE_CURVE('',#4056,#4054,#4061,.T.) ;
#4075=EDGE_CURVE('',#4072,#4074,#4070,.T.) ;
#4080=EDGE_CURVE('',#4074,#4072,#4079,.T.) ;
#4093=EDGE_CURVE('',#4090,#4092,#4088,.T.) ;
#4098=EDGE_CURVE('',#4092,#4090,#4097,.T.) ;
#4111=EDGE_CURVE('',#4108,#4110,#4106,.T.) ;
#4116=EDGE_CURVE('',#4110,#4108,#4115,.T.) ;
#4129=EDGE_CURVE('',#4126,#4128,#4124,.T.) ;
#4134=EDGE_CURVE('',#4128,#4126,#4133,.T.) ;
#4147=EDGE_CURVE('',#4144,#4146,#4142,.T.) ;
#4152=EDGE_CURVE('',#4146,#4144,#4151,.T.) ;
#4165=EDGE_CURVE('',#4162,#4164,#4160,.T.) ;
#4170=EDGE_CURVE('',#4164,#4162,#4169,.T.) ;
#4183=EDGE_CURVE('',#4180,#4182,#4178,.T.) ;
#4188=EDGE_CURVE('',#4182,#4180,#4187,.T.) ;
#4201=EDGE_CURVE('',#4198,#4200,#4196,.T.) ;
#4206=EDGE_CURVE('',#4200,#4198,#4205,.T.) ;
#4219=EDGE_CURVE('',#4216,#4218,#4214,.T.) ;
#4224=EDGE_CURVE('',#4218,#4216,#4223,.T.) ;
#4237=EDGE_CURVE('',#4234,#4236,#4232,.T.) ;
#4242=EDGE_CURVE('',#4236,#4234,#4241,.T.) ;
#4255=EDGE_CURVE('',#4252,#4254,#4250,.T.) ;
#4260=EDGE_CURVE('',#4254,#4252,#4259,.T.) ;
#4273=EDGE_CURVE('',#4270,#4272,#4268,.T.) ;
#4278=EDGE_CURVE('',#4272,#4270,#4277,.T.) ;
#4291=EDGE_CURVE('',#4288,#4290,#4286,.T.) ;
#4296=EDGE_CURVE('',#4290,#4288,#4295,.T.) ;
#4309=EDGE_CURVE('',#4306,#4308,#4304,.T.) ;
#4314=EDGE_CURVE('',#4308,#4306,#4313,.T.) ;
#4327=EDGE_CURVE('',#4324,#4326,#4322,.T.) ;
#4332=EDGE_CURVE('',#4326,#4324,#4331,.T.) ;
#4345=EDGE_CURVE('',#4342,#4344,#4340,.T.) ;
#4350=EDGE_CURVE('',#4344,#4342,#4349,.T.) ;
#4363=EDGE_CURVE('',#4360,#4362,#4358,.T.) ;
#4368=EDGE_CURVE('',#4362,#4360,#4367,.T.) ;
#4381=EDGE_CURVE('',#4378,#4380,#4376,.T.) ;
#4386=EDGE_CURVE('',#4380,#4378,#4385,.T.) ;
#4399=EDGE_CURVE('',#4396,#4398,#4394,.T.) ;
#4404=EDGE_CURVE('',#4398,#4396,#4403,.T.) ;
#4417=EDGE_CURVE('',#4414,#4416,#4412,.T.) ;
#4422=EDGE_CURVE('',#4416,#4414,#4421,.T.) ;
#4435=EDGE_CURVE('',#4432,#4434,#4430,.T.) ;
#4440=EDGE_CURVE('',#4434,#4432,#4439,.T.) ;
#4453=EDGE_CURVE('',#4450,#4452,#4448,.T.) ;
#4458=EDGE_CURVE('',#4452,#4450,#4457,.T.) ;
#4471=EDGE_CURVE('',#4468,#4470,#4466,.T.) ;
#4476=EDGE_CURVE('',#4470,#4468,#4475,.T.) ;
#4489=EDGE_CURVE('',#4486,#4488,#4484,.T.) ;
#4494=EDGE_CURVE('',#4488,#4486,#4493,.T.) ;
#4507=EDGE_CURVE('',#4504,#4506,#4502,.T.) ;
#4512=EDGE_CURVE('',#4506,#4504,#4511,.T.) ;
#4525=EDGE_CURVE('',#4522,#4524,#4520,.T.) ;
#4530=EDGE_CURVE('',#4524,#4522,#4529,.T.) ;
#4543=EDGE_CURVE('',#4540,#4542,#4538,.T.) ;
#4548=EDGE_CURVE('',#4542,#4540,#4547,.T.) ;
#4561=EDGE_CURVE('',#4558,#4560,#4556,.T.) ;
#4566=EDGE_CURVE('',#4560,#4558,#4565,.T.) ;
#4579=EDGE_CURVE('',#4576,#4578,#4574,.T.) ;
#4584=EDGE_CURVE('',#4578,#4576,#4583,.T.) ;
#4597=EDGE_CURVE('',#4594,#4596,#4592,.T.) ;
#4602=EDGE_CURVE('',#4596,#4594,#4601,.T.) ;
#4615=EDGE_CURVE('',#4612,#4614,#4610,.T.) ;
#4620=EDGE_CURVE('',#4614,#4612,#4619,.T.) ;
#4633=EDGE_CURVE('',#4630,#4632,#4628,.T.) ;
#4638=EDGE_CURVE('',#4632,#4630,#4637,.T.) ;
#4651=EDGE_CURVE('',#4648,#4650,#4646,.T.) ;
#4656=EDGE_CURVE('',#4650,#4648,#4655,.T.) ;
#4669=EDGE_CURVE('',#4666,#4668,#4664,.T.) ;
#4674=EDGE_CURVE('',#4668,#4666,#4673,.T.) ;
#4687=EDGE_CURVE('',#4684,#4686,#4682,.T.) ;
#4692=EDGE_CURVE('',#4686,#4684,#4691,.T.) ;
#4705=EDGE_CURVE('',#4702,#4704,#4700,.T.) ;
#4712=EDGE_CURVE('',#4711,#4702,#4709,.T.) ;
#4719=EDGE_CURVE('',#4718,#4711,#4716,.T.) ;
#4726=EDGE_CURVE('',#4725,#4718,#4723,.T.) ;
#4733=EDGE_CURVE('',#4732,#4725,#4730,.T.) ;
#4738=EDGE_CURVE('',#4704,#4732,#4737,.T.) ;
#4755=EDGE_CURVE('',#4752,#4754,#4750,.T.) ;
#4762=EDGE_CURVE('',#4761,#4752,#4759,.T.) ;
#4769=EDGE_CURVE('',#4768,#4761,#4766,.T.) ;
#4774=EDGE_CURVE('',#4754,#4768,#4773,.T.) ;
#4789=EDGE_CURVE('',#4786,#4788,#4784,.T.) ;
#4794=EDGE_CURVE('',#4788,#4786,#4793,.T.) ;
#4807=EDGE_CURVE('',#4804,#4806,#4802,.T.) ;
#4812=EDGE_CURVE('',#4806,#4804,#4811,.T.) ;
#4825=EDGE_CURVE('',#4822,#4824,#4820,.T.) ;
#4830=EDGE_CURVE('',#4824,#4822,#4829,.T.) ;
#4843=EDGE_CURVE('',#4840,#4842,#4838,.T.) ;
#4848=EDGE_CURVE('',#4842,#4840,#4847,.T.) ;
#4861=EDGE_CURVE('',#4858,#4860,#4856,.T.) ;
#4866=EDGE_CURVE('',#4860,#4858,#4865,.T.) ;
#4879=EDGE_CURVE('',#4876,#4878,#4874,.T.) ;
#4884=EDGE_CURVE('',#4878,#4876,#4883,.T.) ;
#4897=EDGE_CURVE('',#4894,#4896,#4892,.T.) ;
#4902=EDGE_CURVE('',#4896,#4894,#4901,.T.) ;
#4915=EDGE_CURVE('',#4912,#4914,#4910,.T.) ;
#4920=EDGE_CURVE('',#4914,#4912,#4919,.T.) ;
#4933=EDGE_CURVE('',#4930,#4932,#4928,.T.) ;
#4938=EDGE_CURVE('',#4932,#4930,#4937,.T.) ;
#4955=EDGE_CURVE('',#4954,#80,#4952,.T.) ;
#4960=EDGE_CURVE('',#4954,#120,#4959,.T.) ;
#4979=EDGE_CURVE('',#141,#4978,#4976,.T.) ;
#4986=EDGE_CURVE('',#4978,#4985,#4983,.T.) ;
#4991=EDGE_CURVE('',#148,#4985,#4990,.T.) ;
#5010=EDGE_CURVE('',#155,#5009,#5007,.T.) ;
#5015=EDGE_CURVE('',#5009,#4985,#5014,.F.) ;
#5034=EDGE_CURVE('',#5009,#5033,#5031,.T.) ;
#5039=EDGE_CURVE('',#162,#5033,#5038,.T.) ;
#5058=EDGE_CURVE('',#169,#5057,#5055,.T.) ;
#5063=EDGE_CURVE('',#5057,#5033,#5062,.F.) ;
#5082=EDGE_CURVE('',#5057,#5081,#5079,.T.) ;
#5087=EDGE_CURVE('',#5081,#176,#5086,.T.) ;
#5106=EDGE_CURVE('',#5105,#192,#5103,.T.) ;
#5111=EDGE_CURVE('',#5105,#5081,#5110,.F.) ;
#5130=EDGE_CURVE('',#199,#5129,#5127,.T.) ;
#5137=EDGE_CURVE('',#5136,#5129,#5134,.T.) ;
#5142=EDGE_CURVE('',#209,#5136,#5141,.T.) ;
#5161=EDGE_CURVE('',#216,#5160,#5158,.T.) ;
#5166=EDGE_CURVE('',#5136,#5160,#5165,.T.) ;
#5185=EDGE_CURVE('',#230,#5184,#5182,.T.) ;
#5192=EDGE_CURVE('',#5191,#5184,#5189,.T.) ;
#5197=EDGE_CURVE('',#246,#5191,#5196,.T.) ;
#5216=EDGE_CURVE('',#5191,#5215,#5213,.T.) ;
#5221=EDGE_CURVE('',#253,#5215,#5220,.T.) ;
#5235=EDGE_CURVE('',#274,#5234,#5232,.T.) ;
#5242=EDGE_CURVE('',#5234,#5241,#5239,.T.) ;
#5247=EDGE_CURVE('',#281,#5241,#5246,.T.) ;
#5266=EDGE_CURVE('',#288,#5265,#5263,.T.) ;
#5271=EDGE_CURVE('',#5265,#5241,#5270,.F.) ;
#5290=EDGE_CURVE('',#5265,#5289,#5287,.T.) ;
#5295=EDGE_CURVE('',#295,#5289,#5294,.T.) ;
#5314=EDGE_CURVE('',#302,#5313,#5311,.T.) ;
#5319=EDGE_CURVE('',#5313,#5289,#5318,.F.) ;
#5333=EDGE_CURVE('',#5313,#5332,#5330,.T.) ;
#5338=EDGE_CURVE('',#5332,#309,#5337,.T.) ;
#5357=EDGE_CURVE('',#5356,#325,#5354,.T.) ;
#5362=EDGE_CURVE('',#5356,#5332,#5361,.F.) ;
#5381=EDGE_CURVE('',#369,#5380,#5378,.T.) ;
#5388=EDGE_CURVE('',#5380,#5387,#5385,.T.) ;
#5393=EDGE_CURVE('',#367,#5387,#5392,.T.) ;
#5405=EDGE_CURVE('',#5387,#5380,#5404,.T.) ;
#5424=EDGE_CURVE('',#387,#5423,#5421,.T.) ;
#5431=EDGE_CURVE('',#5423,#5430,#5428,.T.) ;
#5436=EDGE_CURVE('',#385,#5430,#5435,.T.) ;
#5448=EDGE_CURVE('',#5430,#5423,#5447,.T.) ;
#5467=EDGE_CURVE('',#405,#5466,#5464,.T.) ;
#5474=EDGE_CURVE('',#5466,#5473,#5471,.T.) ;
#5479=EDGE_CURVE('',#403,#5473,#5478,.T.) ;
#5491=EDGE_CURVE('',#5473,#5466,#5490,.T.) ;
#5510=EDGE_CURVE('',#423,#5509,#5507,.T.) ;
#5517=EDGE_CURVE('',#5509,#5516,#5514,.T.) ;
#5522=EDGE_CURVE('',#421,#5516,#5521,.T.) ;
#5534=EDGE_CURVE('',#5516,#5509,#5533,.T.) ;
#5553=EDGE_CURVE('',#441,#5552,#5550,.T.) ;
#5560=EDGE_CURVE('',#5552,#5559,#5557,.T.) ;
#5565=EDGE_CURVE('',#439,#5559,#5564,.T.) ;
#5577=EDGE_CURVE('',#5559,#5552,#5576,.T.) ;
#5596=EDGE_CURVE('',#459,#5595,#5593,.T.) ;
#5603=EDGE_CURVE('',#5595,#5602,#5600,.T.) ;
#5608=EDGE_CURVE('',#457,#5602,#5607,.T.) ;
#5620=EDGE_CURVE('',#5602,#5595,#5619,.T.) ;
#5639=EDGE_CURVE('',#477,#5638,#5636,.T.) ;
#5646=EDGE_CURVE('',#5638,#5645,#5643,.T.) ;
#5651=EDGE_CURVE('',#475,#5645,#5650,.T.) ;
#5663=EDGE_CURVE('',#5645,#5638,#5662,.T.) ;
#5682=EDGE_CURVE('',#495,#5681,#5679,.T.) ;
#5689=EDGE_CURVE('',#5681,#5688,#5686,.T.) ;
#5694=EDGE_CURVE('',#493,#5688,#5693,.T.) ;
#5706=EDGE_CURVE('',#5688,#5681,#5705,.T.) ;
#5725=EDGE_CURVE('',#513,#5724,#5722,.T.) ;
#5732=EDGE_CURVE('',#5724,#5731,#5729,.T.) ;
#5737=EDGE_CURVE('',#511,#5731,#5736,.T.) ;
#5749=EDGE_CURVE('',#5731,#5724,#5748,.T.) ;
#5768=EDGE_CURVE('',#531,#5767,#5765,.T.) ;
#5775=EDGE_CURVE('',#5767,#5774,#5772,.T.) ;
#5780=EDGE_CURVE('',#529,#5774,#5779,.T.) ;
#5792=EDGE_CURVE('',#5774,#5767,#5791,.T.) ;
#5811=EDGE_CURVE('',#549,#5810,#5808,.T.) ;
#5818=EDGE_CURVE('',#5810,#5817,#5815,.T.) ;
#5823=EDGE_CURVE('',#547,#5817,#5822,.T.) ;
#5835=EDGE_CURVE('',#5817,#5810,#5834,.T.) ;
#5854=EDGE_CURVE('',#567,#5853,#5851,.T.) ;
#5861=EDGE_CURVE('',#5853,#5860,#5858,.T.) ;
#5866=EDGE_CURVE('',#565,#5860,#5865,.T.) ;
#5878=EDGE_CURVE('',#5860,#5853,#5877,.T.) ;
#5897=EDGE_CURVE('',#603,#5896,#5894,.T.) ;
#5904=EDGE_CURVE('',#5903,#5896,#5901,.T.) ;
#5909=EDGE_CURVE('',#610,#5903,#5908,.T.) ;
#5928=EDGE_CURVE('',#645,#5927,#5925,.T.) ;
#5935=EDGE_CURVE('',#5934,#5927,#5932,.T.) ;
#5940=EDGE_CURVE('',#601,#5934,#5939,.T.) ;
#5961=EDGE_CURVE('',#5958,#5960,#5956,.T.) ;
#5966=EDGE_CURVE('',#734,#5960,#5965,.T.) ;
#5973=EDGE_CURVE('',#720,#5972,#5970,.T.) ;
#5978=EDGE_CURVE('',#5972,#5958,#5977,.T.) ;
#5999=EDGE_CURVE('',#5998,#5960,#5996,.T.) ;
#6004=EDGE_CURVE('',#741,#5998,#6003,.T.) ;
#6025=EDGE_CURVE('',#6022,#6024,#6020,.F.) ;
#6030=EDGE_CURVE('',#6024,#778,#6029,.T.) ;
#6035=EDGE_CURVE('',#6022,#780,#6034,.T.) ;
#6054=EDGE_CURVE('',#6024,#6053,#6051,.T.) ;
#6059=EDGE_CURVE('',#6053,#787,#6058,.T.) ;
#6078=EDGE_CURVE('',#6053,#6077,#6075,.F.) ;
#6083=EDGE_CURVE('',#6077,#794,#6082,.T.) ;
#6100=EDGE_CURVE('',#6077,#6022,#6099,.T.) ;
#6121=EDGE_CURVE('',#6118,#6120,#6116,.F.) ;
#6126=EDGE_CURVE('',#6120,#812,#6125,.T.) ;
#6131=EDGE_CURVE('',#6118,#814,#6130,.T.) ;
#6150=EDGE_CURVE('',#6120,#6149,#6147,.T.) ;
#6155=EDGE_CURVE('',#6149,#821,#6154,.T.) ;
#6174=EDGE_CURVE('',#6149,#6173,#6171,.F.) ;
#6179=EDGE_CURVE('',#6173,#828,#6178,.T.) ;
#6196=EDGE_CURVE('',#6173,#6118,#6195,.T.) ;
#6212=EDGE_CURVE('',#6209,#6211,#6207,.T.) ;
#6217=EDGE_CURVE('',#6211,#846,#6216,.T.) ;
#6222=EDGE_CURVE('',#6209,#848,#6221,.T.) ;
#6241=EDGE_CURVE('',#6211,#6240,#6238,.F.) ;
#6246=EDGE_CURVE('',#6240,#855,#6245,.T.) ;
#6260=EDGE_CURVE('',#6240,#6259,#6257,.T.) ;
#6265=EDGE_CURVE('',#6259,#862,#6264,.T.) ;
#6282=EDGE_CURVE('',#6259,#6209,#6281,.F.) ;
#6303=EDGE_CURVE('',#6300,#6302,#6298,.F.) ;
#6308=EDGE_CURVE('',#6302,#880,#6307,.T.) ;
#6313=EDGE_CURVE('',#6300,#882,#6312,.T.) ;
#6327=EDGE_CURVE('',#6302,#6326,#6324,.T.) ;
#6332=EDGE_CURVE('',#6326,#889,#6331,.T.) ;
#6351=EDGE_CURVE('',#6326,#6350,#6348,.F.) ;
#6356=EDGE_CURVE('',#6350,#896,#6355,.T.) ;
#6368=EDGE_CURVE('',#6350,#6300,#6367,.T.) ;
#6387=EDGE_CURVE('',#6386,#916,#6384,.T.) ;
#6394=EDGE_CURVE('',#6386,#6393,#6391,.F.) ;
#6399=EDGE_CURVE('',#6393,#914,#6398,.T.) ;
#6411=EDGE_CURVE('',#6393,#6386,#6410,.F.) ;
#6430=EDGE_CURVE('',#6429,#934,#6427,.T.) ;
#6437=EDGE_CURVE('',#6429,#6436,#6434,.F.) ;
#6442=EDGE_CURVE('',#6436,#932,#6441,.T.) ;
#6454=EDGE_CURVE('',#6436,#6429,#6453,.F.) ;
#6473=EDGE_CURVE('',#6472,#952,#6470,.T.) ;
#6480=EDGE_CURVE('',#6472,#6479,#6477,.F.) ;
#6485=EDGE_CURVE('',#6479,#950,#6484,.T.) ;
#6497=EDGE_CURVE('',#6479,#6472,#6496,.F.) ;
#6516=EDGE_CURVE('',#6515,#970,#6513,.T.) ;
#6523=EDGE_CURVE('',#6515,#6522,#6520,.F.) ;
#6528=EDGE_CURVE('',#6522,#968,#6527,.T.) ;
#6540=EDGE_CURVE('',#6522,#6515,#6539,.F.) ;
#6559=EDGE_CURVE('',#6558,#988,#6556,.T.) ;
#6566=EDGE_CURVE('',#6558,#6565,#6563,.F.) ;
#6571=EDGE_CURVE('',#6565,#986,#6570,.T.) ;
#6583=EDGE_CURVE('',#6565,#6558,#6582,.F.) ;
#6602=EDGE_CURVE('',#6601,#1006,#6599,.T.) ;
#6609=EDGE_CURVE('',#6601,#6608,#6606,.F.) ;
#6614=EDGE_CURVE('',#6608,#1004,#6613,.T.) ;
#6626=EDGE_CURVE('',#6608,#6601,#6625,.F.) ;
#6645=EDGE_CURVE('',#6644,#1024,#6642,.T.) ;
#6652=EDGE_CURVE('',#6644,#6651,#6649,.F.) ;
#6657=EDGE_CURVE('',#6651,#1022,#6656,.T.) ;
#6669=EDGE_CURVE('',#6651,#6644,#6668,.F.) ;
#6688=EDGE_CURVE('',#6687,#1042,#6685,.T.) ;
#6695=EDGE_CURVE('',#6687,#6694,#6692,.F.) ;
#6700=EDGE_CURVE('',#6694,#1040,#6699,.T.) ;
#6712=EDGE_CURVE('',#6694,#6687,#6711,.F.) ;
#6731=EDGE_CURVE('',#6730,#1060,#6728,.T.) ;
#6738=EDGE_CURVE('',#6730,#6737,#6735,.F.) ;
#6743=EDGE_CURVE('',#6737,#1058,#6742,.T.) ;
#6755=EDGE_CURVE('',#6737,#6730,#6754,.F.) ;
#6774=EDGE_CURVE('',#6773,#1078,#6771,.T.) ;
#6781=EDGE_CURVE('',#6773,#6780,#6778,.F.) ;
#6786=EDGE_CURVE('',#6780,#1076,#6785,.T.) ;
#6798=EDGE_CURVE('',#6780,#6773,#6797,.F.) ;
#6817=EDGE_CURVE('',#6816,#1096,#6814,.T.) ;
#6824=EDGE_CURVE('',#6816,#6823,#6821,.F.) ;
#6829=EDGE_CURVE('',#6823,#1094,#6828,.T.) ;
#6841=EDGE_CURVE('',#6823,#6816,#6840,.F.) ;
#6860=EDGE_CURVE('',#6859,#1114,#6857,.T.) ;
#6867=EDGE_CURVE('',#6859,#6866,#6864,.F.) ;
#6872=EDGE_CURVE('',#6866,#1112,#6871,.T.) ;
#6884=EDGE_CURVE('',#6866,#6859,#6883,.F.) ;
#6903=EDGE_CURVE('',#6902,#1132,#6900,.T.) ;
#6910=EDGE_CURVE('',#6902,#6909,#6907,.F.) ;
#6915=EDGE_CURVE('',#6909,#1130,#6914,.T.) ;
#6927=EDGE_CURVE('',#6909,#6902,#6926,.F.) ;
#6946=EDGE_CURVE('',#1150,#6945,#6943,.T.) ;
#6953=EDGE_CURVE('',#6945,#6952,#6950,.T.) ;
#6958=EDGE_CURVE('',#1148,#6952,#6957,.T.) ;
#6970=EDGE_CURVE('',#6952,#6945,#6969,.T.) ;
#6989=EDGE_CURVE('',#1168,#6988,#6986,.T.) ;
#6996=EDGE_CURVE('',#6988,#6995,#6993,.T.) ;
#7001=EDGE_CURVE('',#1166,#6995,#7000,.T.) ;
#7013=EDGE_CURVE('',#6995,#6988,#7012,.T.) ;
#7032=EDGE_CURVE('',#1186,#7031,#7029,.T.) ;
#7039=EDGE_CURVE('',#7031,#7038,#7036,.T.) ;
#7044=EDGE_CURVE('',#1184,#7038,#7043,.T.) ;
#7056=EDGE_CURVE('',#7038,#7031,#7055,.T.) ;
#7075=EDGE_CURVE('',#1204,#7074,#7072,.T.) ;
#7082=EDGE_CURVE('',#7074,#7081,#7079,.T.) ;
#7087=EDGE_CURVE('',#1202,#7081,#7086,.T.) ;
#7099=EDGE_CURVE('',#7081,#7074,#7098,.T.) ;
#7118=EDGE_CURVE('',#1222,#7117,#7115,.T.) ;
#7125=EDGE_CURVE('',#7117,#7124,#7122,.T.) ;
#7130=EDGE_CURVE('',#1220,#7124,#7129,.T.) ;
#7142=EDGE_CURVE('',#7124,#7117,#7141,.T.) ;
#7161=EDGE_CURVE('',#1240,#7160,#7158,.T.) ;
#7168=EDGE_CURVE('',#7160,#7167,#7165,.T.) ;
#7173=EDGE_CURVE('',#1238,#7167,#7172,.T.) ;
#7185=EDGE_CURVE('',#7167,#7160,#7184,.T.) ;
#7204=EDGE_CURVE('',#1258,#7203,#7201,.T.) ;
#7211=EDGE_CURVE('',#7203,#7210,#7208,.T.) ;
#7216=EDGE_CURVE('',#1256,#7210,#7215,.T.) ;
#7228=EDGE_CURVE('',#7210,#7203,#7227,.T.) ;
#7247=EDGE_CURVE('',#1276,#7246,#7244,.T.) ;
#7254=EDGE_CURVE('',#7246,#7253,#7251,.T.) ;
#7259=EDGE_CURVE('',#1274,#7253,#7258,.T.) ;
#7271=EDGE_CURVE('',#7253,#7246,#7270,.T.) ;
#7290=EDGE_CURVE('',#1294,#7289,#7287,.T.) ;
#7297=EDGE_CURVE('',#7289,#7296,#7294,.T.) ;
#7302=EDGE_CURVE('',#1292,#7296,#7301,.T.) ;
#7314=EDGE_CURVE('',#7296,#7289,#7313,.T.) ;
#7333=EDGE_CURVE('',#1312,#7332,#7330,.T.) ;
#7340=EDGE_CURVE('',#7332,#7339,#7337,.T.) ;
#7345=EDGE_CURVE('',#1310,#7339,#7344,.T.) ;
#7357=EDGE_CURVE('',#7339,#7332,#7356,.T.) ;
#7376=EDGE_CURVE('',#1330,#7375,#7373,.T.) ;
#7383=EDGE_CURVE('',#7375,#7382,#7380,.T.) ;
#7388=EDGE_CURVE('',#1328,#7382,#7387,.T.) ;
#7400=EDGE_CURVE('',#7382,#7375,#7399,.T.) ;
#7419=EDGE_CURVE('',#1348,#7418,#7416,.T.) ;
#7426=EDGE_CURVE('',#7418,#7425,#7423,.T.) ;
#7431=EDGE_CURVE('',#1346,#7425,#7430,.T.) ;
#7443=EDGE_CURVE('',#7425,#7418,#7442,.T.) ;
#7462=EDGE_CURVE('',#1366,#7461,#7459,.T.) ;
#7469=EDGE_CURVE('',#7461,#7468,#7466,.T.) ;
#7474=EDGE_CURVE('',#1364,#7468,#7473,.T.) ;
#7486=EDGE_CURVE('',#7468,#7461,#7485,.T.) ;
#7505=EDGE_CURVE('',#1384,#7504,#7502,.T.) ;
#7512=EDGE_CURVE('',#7504,#7511,#7509,.T.) ;
#7517=EDGE_CURVE('',#1382,#7511,#7516,.T.) ;
#7529=EDGE_CURVE('',#7511,#7504,#7528,.T.) ;
#7548=EDGE_CURVE('',#1402,#7547,#7545,.T.) ;
#7555=EDGE_CURVE('',#7547,#7554,#7552,.T.) ;
#7560=EDGE_CURVE('',#1400,#7554,#7559,.T.) ;
#7572=EDGE_CURVE('',#7554,#7547,#7571,.T.) ;
#7591=EDGE_CURVE('',#1420,#7590,#7588,.T.) ;
#7598=EDGE_CURVE('',#7590,#7597,#7595,.T.) ;
#7603=EDGE_CURVE('',#1418,#7597,#7602,.T.) ;
#7615=EDGE_CURVE('',#7597,#7590,#7614,.T.) ;
#7634=EDGE_CURVE('',#1438,#7633,#7631,.T.) ;
#7641=EDGE_CURVE('',#7633,#7640,#7638,.T.) ;
#7646=EDGE_CURVE('',#1436,#7640,#7645,.T.) ;
#7658=EDGE_CURVE('',#7640,#7633,#7657,.T.) ;
#7677=EDGE_CURVE('',#1456,#7676,#7674,.T.) ;
#7684=EDGE_CURVE('',#7676,#7683,#7681,.T.) ;
#7689=EDGE_CURVE('',#1454,#7683,#7688,.T.) ;
#7701=EDGE_CURVE('',#7683,#7676,#7700,.T.) ;
#7720=EDGE_CURVE('',#1474,#7719,#7717,.T.) ;
#7727=EDGE_CURVE('',#7719,#7726,#7724,.T.) ;
#7732=EDGE_CURVE('',#1472,#7726,#7731,.T.) ;
#7744=EDGE_CURVE('',#7726,#7719,#7743,.T.) ;
#7763=EDGE_CURVE('',#1492,#7762,#7760,.T.) ;
#7770=EDGE_CURVE('',#7762,#7769,#7767,.T.) ;
#7775=EDGE_CURVE('',#1490,#7769,#7774,.T.) ;
#7787=EDGE_CURVE('',#7769,#7762,#7786,.T.) ;
#7806=EDGE_CURVE('',#1510,#7805,#7803,.T.) ;
#7813=EDGE_CURVE('',#7805,#7812,#7810,.T.) ;
#7818=EDGE_CURVE('',#1508,#7812,#7817,.T.) ;
#7830=EDGE_CURVE('',#7812,#7805,#7829,.T.) ;
#7849=EDGE_CURVE('',#1528,#7848,#7846,.T.) ;
#7856=EDGE_CURVE('',#7848,#7855,#7853,.T.) ;
#7861=EDGE_CURVE('',#1526,#7855,#7860,.T.) ;
#7873=EDGE_CURVE('',#7855,#7848,#7872,.T.) ;
#7892=EDGE_CURVE('',#1546,#7891,#7889,.T.) ;
#7899=EDGE_CURVE('',#7891,#7898,#7896,.T.) ;
#7904=EDGE_CURVE('',#1544,#7898,#7903,.T.) ;
#7916=EDGE_CURVE('',#7898,#7891,#7915,.T.) ;
#7935=EDGE_CURVE('',#1564,#7934,#7932,.T.) ;
#7942=EDGE_CURVE('',#7934,#7941,#7939,.T.) ;
#7947=EDGE_CURVE('',#1562,#7941,#7946,.T.) ;
#7959=EDGE_CURVE('',#7941,#7934,#7958,.T.) ;
#7978=EDGE_CURVE('',#1582,#7977,#7975,.T.) ;
#7985=EDGE_CURVE('',#7977,#7984,#7982,.T.) ;
#7990=EDGE_CURVE('',#1580,#7984,#7989,.T.) ;
#8002=EDGE_CURVE('',#7984,#7977,#8001,.T.) ;
#8021=EDGE_CURVE('',#1600,#8020,#8018,.T.) ;
#8028=EDGE_CURVE('',#8020,#8027,#8025,.T.) ;
#8033=EDGE_CURVE('',#1598,#8027,#8032,.T.) ;
#8045=EDGE_CURVE('',#8027,#8020,#8044,.T.) ;
#8064=EDGE_CURVE('',#1618,#8063,#8061,.T.) ;
#8071=EDGE_CURVE('',#8063,#8070,#8068,.T.) ;
#8076=EDGE_CURVE('',#1616,#8070,#8075,.T.) ;
#8088=EDGE_CURVE('',#8070,#8063,#8087,.T.) ;
#8107=EDGE_CURVE('',#1636,#8106,#8104,.T.) ;
#8114=EDGE_CURVE('',#8106,#8113,#8111,.T.) ;
#8119=EDGE_CURVE('',#1634,#8113,#8118,.T.) ;
#8131=EDGE_CURVE('',#8113,#8106,#8130,.T.) ;
#8150=EDGE_CURVE('',#1654,#8149,#8147,.T.) ;
#8157=EDGE_CURVE('',#8149,#8156,#8154,.T.) ;
#8162=EDGE_CURVE('',#1652,#8156,#8161,.T.) ;
#8174=EDGE_CURVE('',#8156,#8149,#8173,.T.) ;
#8193=EDGE_CURVE('',#1672,#8192,#8190,.T.) ;
#8200=EDGE_CURVE('',#8192,#8199,#8197,.T.) ;
#8205=EDGE_CURVE('',#1670,#8199,#8204,.T.) ;
#8217=EDGE_CURVE('',#8199,#8192,#8216,.T.) ;
#8236=EDGE_CURVE('',#1690,#8235,#8233,.T.) ;
#8243=EDGE_CURVE('',#8235,#8242,#8240,.T.) ;
#8248=EDGE_CURVE('',#1688,#8242,#8247,.T.) ;
#8260=EDGE_CURVE('',#8242,#8235,#8259,.T.) ;
#8279=EDGE_CURVE('',#1708,#8278,#8276,.T.) ;
#8286=EDGE_CURVE('',#8278,#8285,#8283,.T.) ;
#8291=EDGE_CURVE('',#1706,#8285,#8290,.T.) ;
#8310=EDGE_CURVE('',#8285,#8309,#8307,.T.) ;
#8315=EDGE_CURVE('',#1715,#8309,#8314,.T.) ;
#8334=EDGE_CURVE('',#8309,#8333,#8331,.T.) ;
#8339=EDGE_CURVE('',#1722,#8333,#8338,.T.) ;
#8356=EDGE_CURVE('',#8333,#8278,#8355,.T.) ;
#8375=EDGE_CURVE('',#1742,#8374,#8372,.T.) ;
#8382=EDGE_CURVE('',#8374,#8381,#8379,.T.) ;
#8387=EDGE_CURVE('',#1740,#8381,#8386,.T.) ;
#8406=EDGE_CURVE('',#8381,#8405,#8403,.T.) ;
#8411=EDGE_CURVE('',#1749,#8405,#8410,.T.) ;
#8430=EDGE_CURVE('',#8405,#8429,#8427,.T.) ;
#8435=EDGE_CURVE('',#1756,#8429,#8434,.T.) ;
#8452=EDGE_CURVE('',#8429,#8374,#8451,.T.) ;
#8471=EDGE_CURVE('',#1776,#8470,#8468,.T.) ;
#8478=EDGE_CURVE('',#8470,#8477,#8475,.T.) ;
#8483=EDGE_CURVE('',#1774,#8477,#8482,.T.) ;
#8502=EDGE_CURVE('',#8477,#8501,#8499,.T.) ;
#8507=EDGE_CURVE('',#1783,#8501,#8506,.T.) ;
#8526=EDGE_CURVE('',#8501,#8525,#8523,.T.) ;
#8531=EDGE_CURVE('',#1790,#8525,#8530,.T.) ;
#8548=EDGE_CURVE('',#8525,#8470,#8547,.T.) ;
#8567=EDGE_CURVE('',#1810,#8566,#8564,.T.) ;
#8574=EDGE_CURVE('',#8566,#8573,#8571,.T.) ;
#8579=EDGE_CURVE('',#1808,#8573,#8578,.T.) ;
#8598=EDGE_CURVE('',#8573,#8597,#8595,.T.) ;
#8603=EDGE_CURVE('',#1817,#8597,#8602,.T.) ;
#8622=EDGE_CURVE('',#8597,#8621,#8619,.T.) ;
#8627=EDGE_CURVE('',#1824,#8621,#8626,.T.) ;
#8644=EDGE_CURVE('',#8621,#8566,#8643,.T.) ;
#8663=EDGE_CURVE('',#1844,#8662,#8660,.T.) ;
#8670=EDGE_CURVE('',#8662,#8669,#8667,.T.) ;
#8675=EDGE_CURVE('',#1842,#8669,#8674,.T.) ;
#8687=EDGE_CURVE('',#8669,#8662,#8686,.T.) ;
#8706=EDGE_CURVE('',#1862,#8705,#8703,.T.) ;
#8713=EDGE_CURVE('',#8705,#8712,#8710,.T.) ;
#8718=EDGE_CURVE('',#1860,#8712,#8717,.T.) ;
#8730=EDGE_CURVE('',#8712,#8705,#8729,.T.) ;
#8749=EDGE_CURVE('',#1880,#8748,#8746,.T.) ;
#8756=EDGE_CURVE('',#8748,#8755,#8753,.T.) ;
#8761=EDGE_CURVE('',#1878,#8755,#8760,.T.) ;
#8773=EDGE_CURVE('',#8755,#8748,#8772,.T.) ;
#8792=EDGE_CURVE('',#1898,#8791,#8789,.T.) ;
#8799=EDGE_CURVE('',#8791,#8798,#8796,.T.) ;
#8804=EDGE_CURVE('',#1896,#8798,#8803,.T.) ;
#8816=EDGE_CURVE('',#8798,#8791,#8815,.T.) ;
#8835=EDGE_CURVE('',#1916,#8834,#8832,.T.) ;
#8842=EDGE_CURVE('',#8834,#8841,#8839,.T.) ;
#8847=EDGE_CURVE('',#1914,#8841,#8846,.T.) ;
#8859=EDGE_CURVE('',#8841,#8834,#8858,.T.) ;
#8878=EDGE_CURVE('',#1934,#8877,#8875,.T.) ;
#8885=EDGE_CURVE('',#8877,#8884,#8882,.T.) ;
#8890=EDGE_CURVE('',#1932,#8884,#8889,.T.) ;
#8902=EDGE_CURVE('',#8884,#8877,#8901,.T.) ;
#8921=EDGE_CURVE('',#1952,#8920,#8918,.T.) ;
#8928=EDGE_CURVE('',#8920,#8927,#8925,.T.) ;
#8933=EDGE_CURVE('',#1950,#8927,#8932,.T.) ;
#8952=EDGE_CURVE('',#8927,#8951,#8949,.T.) ;
#8957=EDGE_CURVE('',#1959,#8951,#8956,.T.) ;
#8976=EDGE_CURVE('',#8951,#8975,#8973,.T.) ;
#8981=EDGE_CURVE('',#1966,#8975,#8980,.T.) ;
#8998=EDGE_CURVE('',#8975,#8920,#8997,.T.) ;
#9017=EDGE_CURVE('',#9016,#1984,#9014,.T.) ;
#9024=EDGE_CURVE('',#9023,#1986,#9021,.T.) ;
#9029=EDGE_CURVE('',#9016,#9023,#9028,.T.) ;
#9048=EDGE_CURVE('',#9047,#1993,#9045,.T.) ;
#9053=EDGE_CURVE('',#9047,#9016,#9052,.T.) ;
#9072=EDGE_CURVE('',#9071,#2000,#9069,.T.) ;
#9077=EDGE_CURVE('',#9071,#9047,#9076,.T.) ;
#9094=EDGE_CURVE('',#9023,#9071,#9093,.T.) ;
#9113=EDGE_CURVE('',#2020,#9112,#9110,.T.) ;
#9120=EDGE_CURVE('',#9112,#9119,#9117,.T.) ;
#9125=EDGE_CURVE('',#2018,#9119,#9124,.T.) ;
#9144=EDGE_CURVE('',#9119,#9143,#9141,.T.) ;
#9149=EDGE_CURVE('',#2027,#9143,#9148,.T.) ;
#9168=EDGE_CURVE('',#9143,#9167,#9165,.T.) ;
#9173=EDGE_CURVE('',#2034,#9167,#9172,.T.) ;
#9190=EDGE_CURVE('',#9167,#9112,#9189,.T.) ;
#9209=EDGE_CURVE('',#2054,#9208,#9206,.T.) ;
#9216=EDGE_CURVE('',#9208,#9215,#9213,.T.) ;
#9221=EDGE_CURVE('',#2052,#9215,#9220,.T.) ;
#9240=EDGE_CURVE('',#9215,#9239,#9237,.T.) ;
#9245=EDGE_CURVE('',#2061,#9239,#9244,.T.) ;
#9264=EDGE_CURVE('',#9239,#9263,#9261,.T.) ;
#9269=EDGE_CURVE('',#2068,#9263,#9268,.T.) ;
#9286=EDGE_CURVE('',#9263,#9208,#9285,.T.) ;
#9305=EDGE_CURVE('',#2088,#9304,#9302,.T.) ;
#9312=EDGE_CURVE('',#9304,#9311,#9309,.T.) ;
#9317=EDGE_CURVE('',#2086,#9311,#9316,.T.) ;
#9336=EDGE_CURVE('',#9311,#9335,#9333,.T.) ;
#9341=EDGE_CURVE('',#2095,#9335,#9340,.T.) ;
#9360=EDGE_CURVE('',#9335,#9359,#9357,.T.) ;
#9365=EDGE_CURVE('',#2102,#9359,#9364,.T.) ;
#9382=EDGE_CURVE('',#9359,#9304,#9381,.T.) ;
#9401=EDGE_CURVE('',#2122,#9400,#9398,.T.) ;
#9408=EDGE_CURVE('',#9400,#9407,#9405,.T.) ;
#9413=EDGE_CURVE('',#2120,#9407,#9412,.T.) ;
#9432=EDGE_CURVE('',#9407,#9431,#9429,.T.) ;
#9437=EDGE_CURVE('',#2129,#9431,#9436,.T.) ;
#9456=EDGE_CURVE('',#9431,#9455,#9453,.T.) ;
#9461=EDGE_CURVE('',#2136,#9455,#9460,.T.) ;
#9478=EDGE_CURVE('',#9455,#9400,#9477,.T.) ;
#9497=EDGE_CURVE('',#2156,#9496,#9494,.T.) ;
#9504=EDGE_CURVE('',#9496,#9503,#9501,.T.) ;
#9509=EDGE_CURVE('',#2154,#9503,#9508,.T.) ;
#9528=EDGE_CURVE('',#9503,#9527,#9525,.T.) ;
#9533=EDGE_CURVE('',#2163,#9527,#9532,.T.) ;
#9552=EDGE_CURVE('',#9527,#9551,#9549,.T.) ;
#9557=EDGE_CURVE('',#2170,#9551,#9556,.T.) ;
#9574=EDGE_CURVE('',#9551,#9496,#9573,.T.) ;
#9593=EDGE_CURVE('',#2190,#9592,#9590,.T.) ;
#9600=EDGE_CURVE('',#9592,#9599,#9597,.T.) ;
#9605=EDGE_CURVE('',#2188,#9599,#9604,.T.) ;
#9617=EDGE_CURVE('',#9599,#9592,#9616,.T.) ;
#9636=EDGE_CURVE('',#2208,#9635,#9633,.T.) ;
#9643=EDGE_CURVE('',#9635,#9642,#9640,.T.) ;
#9648=EDGE_CURVE('',#2206,#9642,#9647,.T.) ;
#9660=EDGE_CURVE('',#9642,#9635,#9659,.T.) ;
#9679=EDGE_CURVE('',#2226,#9678,#9676,.T.) ;
#9686=EDGE_CURVE('',#9678,#9685,#9683,.T.) ;
#9691=EDGE_CURVE('',#2224,#9685,#9690,.T.) ;
#9703=EDGE_CURVE('',#9685,#9678,#9702,.T.) ;
#9722=EDGE_CURVE('',#2244,#9721,#9719,.T.) ;
#9729=EDGE_CURVE('',#9721,#9728,#9726,.T.) ;
#9734=EDGE_CURVE('',#2242,#9728,#9733,.T.) ;
#9746=EDGE_CURVE('',#9728,#9721,#9745,.T.) ;
#9765=EDGE_CURVE('',#2262,#9764,#9762,.T.) ;
#9772=EDGE_CURVE('',#9764,#9771,#9769,.T.) ;
#9777=EDGE_CURVE('',#2260,#9771,#9776,.T.) ;
#9789=EDGE_CURVE('',#9771,#9764,#9788,.T.) ;
#9808=EDGE_CURVE('',#2280,#9807,#9805,.T.) ;
#9815=EDGE_CURVE('',#9807,#9814,#9812,.T.) ;
#9820=EDGE_CURVE('',#2278,#9814,#9819,.T.) ;
#9832=EDGE_CURVE('',#9814,#9807,#9831,.T.) ;
#9851=EDGE_CURVE('',#2298,#9850,#9848,.T.) ;
#9858=EDGE_CURVE('',#9850,#9857,#9855,.T.) ;
#9863=EDGE_CURVE('',#2296,#9857,#9862,.T.) ;
#9875=EDGE_CURVE('',#9857,#9850,#9874,.T.) ;
#9894=EDGE_CURVE('',#2316,#9893,#9891,.T.) ;
#9901=EDGE_CURVE('',#9893,#9900,#9898,.T.) ;
#9906=EDGE_CURVE('',#2314,#9900,#9905,.T.) ;
#9918=EDGE_CURVE('',#9900,#9893,#9917,.T.) ;
#9937=EDGE_CURVE('',#2334,#9936,#9934,.T.) ;
#9944=EDGE_CURVE('',#9936,#9943,#9941,.T.) ;
#9949=EDGE_CURVE('',#2332,#9943,#9948,.T.) ;
#9961=EDGE_CURVE('',#9943,#9936,#9960,.T.) ;
#9980=EDGE_CURVE('',#2352,#9979,#9977,.T.) ;
#9987=EDGE_CURVE('',#9979,#9986,#9984,.T.) ;
#9992=EDGE_CURVE('',#2350,#9986,#9991,.T.) ;
#10004=EDGE_CURVE('',#9986,#9979,#10003,.T.) ;
#10023=EDGE_CURVE('',#2370,#10022,#10020,.T.) ;
#10030=EDGE_CURVE('',#10022,#10029,#10027,.T.) ;
#10035=EDGE_CURVE('',#2368,#10029,#10034,.T.) ;
#10047=EDGE_CURVE('',#10029,#10022,#10046,.T.) ;
#10066=EDGE_CURVE('',#2388,#10065,#10063,.T.) ;
#10073=EDGE_CURVE('',#10065,#10072,#10070,.T.) ;
#10078=EDGE_CURVE('',#2386,#10072,#10077,.T.) ;
#10090=EDGE_CURVE('',#10072,#10065,#10089,.T.) ;
#10109=EDGE_CURVE('',#2460,#10108,#10106,.T.) ;
#10116=EDGE_CURVE('',#10108,#10115,#10113,.T.) ;
#10121=EDGE_CURVE('',#2458,#10115,#10120,.T.) ;
#10133=EDGE_CURVE('',#10115,#10108,#10132,.T.) ;
#10152=EDGE_CURVE('',#2478,#10151,#10149,.T.) ;
#10159=EDGE_CURVE('',#10151,#10158,#10156,.T.) ;
#10164=EDGE_CURVE('',#2476,#10158,#10163,.T.) ;
#10176=EDGE_CURVE('',#10158,#10151,#10175,.T.) ;
#10195=EDGE_CURVE('',#2496,#10194,#10192,.T.) ;
#10202=EDGE_CURVE('',#10194,#10201,#10199,.T.) ;
#10207=EDGE_CURVE('',#2494,#10201,#10206,.T.) ;
#10219=EDGE_CURVE('',#10201,#10194,#10218,.T.) ;
#10238=EDGE_CURVE('',#2514,#10237,#10235,.T.) ;
#10245=EDGE_CURVE('',#10237,#10244,#10242,.T.) ;
#10250=EDGE_CURVE('',#2512,#10244,#10249,.T.) ;
#10262=EDGE_CURVE('',#10244,#10237,#10261,.T.) ;
#10281=EDGE_CURVE('',#2532,#10280,#10278,.T.) ;
#10288=EDGE_CURVE('',#10280,#10287,#10285,.T.) ;
#10293=EDGE_CURVE('',#2530,#10287,#10292,.T.) ;
#10305=EDGE_CURVE('',#10287,#10280,#10304,.T.) ;
#10324=EDGE_CURVE('',#2550,#10323,#10321,.T.) ;
#10331=EDGE_CURVE('',#10323,#10330,#10328,.T.) ;
#10336=EDGE_CURVE('',#2548,#10330,#10335,.T.) ;
#10348=EDGE_CURVE('',#10330,#10323,#10347,.T.) ;
#10367=EDGE_CURVE('',#2568,#10366,#10364,.T.) ;
#10374=EDGE_CURVE('',#10366,#10373,#10371,.T.) ;
#10379=EDGE_CURVE('',#2566,#10373,#10378,.T.) ;
#10391=EDGE_CURVE('',#10373,#10366,#10390,.T.) ;
#10410=EDGE_CURVE('',#2586,#10409,#10407,.T.) ;
#10417=EDGE_CURVE('',#10409,#10416,#10414,.T.) ;
#10422=EDGE_CURVE('',#2584,#10416,#10421,.T.) ;
#10434=EDGE_CURVE('',#10416,#10409,#10433,.T.) ;
#10453=EDGE_CURVE('',#2604,#10452,#10450,.T.) ;
#10460=EDGE_CURVE('',#10452,#10459,#10457,.T.) ;
#10465=EDGE_CURVE('',#2602,#10459,#10464,.T.) ;
#10477=EDGE_CURVE('',#10459,#10452,#10476,.T.) ;
#10496=EDGE_CURVE('',#2622,#10495,#10493,.T.) ;
#10503=EDGE_CURVE('',#10495,#10502,#10500,.T.) ;
#10508=EDGE_CURVE('',#2620,#10502,#10507,.T.) ;
#10520=EDGE_CURVE('',#10502,#10495,#10519,.T.) ;
#10539=EDGE_CURVE('',#2640,#10538,#10536,.T.) ;
#10546=EDGE_CURVE('',#10538,#10545,#10543,.T.) ;
#10551=EDGE_CURVE('',#2638,#10545,#10550,.T.) ;
#10563=EDGE_CURVE('',#10545,#10538,#10562,.T.) ;
#10582=EDGE_CURVE('',#2658,#10581,#10579,.T.) ;
#10589=EDGE_CURVE('',#10581,#10588,#10586,.T.) ;
#10594=EDGE_CURVE('',#2656,#10588,#10593,.T.) ;
#10606=EDGE_CURVE('',#10588,#10581,#10605,.T.) ;
#10625=EDGE_CURVE('',#2676,#10624,#10622,.T.) ;
#10632=EDGE_CURVE('',#10624,#10631,#10629,.T.) ;
#10637=EDGE_CURVE('',#2674,#10631,#10636,.T.) ;
#10649=EDGE_CURVE('',#10631,#10624,#10648,.T.) ;
#10668=EDGE_CURVE('',#2694,#10667,#10665,.T.) ;
#10675=EDGE_CURVE('',#10667,#10674,#10672,.T.) ;
#10680=EDGE_CURVE('',#2692,#10674,#10679,.T.) ;
#10692=EDGE_CURVE('',#10674,#10667,#10691,.T.) ;
#10711=EDGE_CURVE('',#2712,#10710,#10708,.T.) ;
#10718=EDGE_CURVE('',#10710,#10717,#10715,.T.) ;
#10723=EDGE_CURVE('',#2710,#10717,#10722,.T.) ;
#10735=EDGE_CURVE('',#10717,#10710,#10734,.T.) ;
#10754=EDGE_CURVE('',#2730,#10753,#10751,.T.) ;
#10761=EDGE_CURVE('',#10753,#10760,#10758,.T.) ;
#10766=EDGE_CURVE('',#2728,#10760,#10765,.T.) ;
#10778=EDGE_CURVE('',#10760,#10753,#10777,.T.) ;
#10797=EDGE_CURVE('',#2748,#10796,#10794,.T.) ;
#10804=EDGE_CURVE('',#10796,#10803,#10801,.T.) ;
#10809=EDGE_CURVE('',#2746,#10803,#10808,.T.) ;
#10821=EDGE_CURVE('',#10803,#10796,#10820,.T.) ;
#10840=EDGE_CURVE('',#2766,#10839,#10837,.T.) ;
#10847=EDGE_CURVE('',#10839,#10846,#10844,.T.) ;
#10852=EDGE_CURVE('',#2764,#10846,#10851,.T.) ;
#10864=EDGE_CURVE('',#10846,#10839,#10863,.T.) ;
#10883=EDGE_CURVE('',#2784,#10882,#10880,.T.) ;
#10890=EDGE_CURVE('',#10882,#10889,#10887,.T.) ;
#10895=EDGE_CURVE('',#2782,#10889,#10894,.T.) ;
#10907=EDGE_CURVE('',#10889,#10882,#10906,.T.) ;
#10926=EDGE_CURVE('',#2802,#10925,#10923,.T.) ;
#10933=EDGE_CURVE('',#10925,#10932,#10930,.T.) ;
#10938=EDGE_CURVE('',#2800,#10932,#10937,.T.) ;
#10950=EDGE_CURVE('',#10932,#10925,#10949,.T.) ;
#10969=EDGE_CURVE('',#2820,#10968,#10966,.T.) ;
#10976=EDGE_CURVE('',#10968,#10975,#10973,.T.) ;
#10981=EDGE_CURVE('',#2818,#10975,#10980,.T.) ;
#10993=EDGE_CURVE('',#10975,#10968,#10992,.T.) ;
#11012=EDGE_CURVE('',#2838,#11011,#11009,.T.) ;
#11019=EDGE_CURVE('',#11011,#11018,#11016,.T.) ;
#11024=EDGE_CURVE('',#2836,#11018,#11023,.T.) ;
#11036=EDGE_CURVE('',#11018,#11011,#11035,.T.) ;
#11055=EDGE_CURVE('',#2856,#11054,#11052,.T.) ;
#11062=EDGE_CURVE('',#11054,#11061,#11059,.T.) ;
#11067=EDGE_CURVE('',#2854,#11061,#11066,.T.) ;
#11079=EDGE_CURVE('',#11061,#11054,#11078,.T.) ;
#11098=EDGE_CURVE('',#2874,#11097,#11095,.T.) ;
#11105=EDGE_CURVE('',#11097,#11104,#11102,.T.) ;
#11110=EDGE_CURVE('',#2872,#11104,#11109,.T.) ;
#11122=EDGE_CURVE('',#11104,#11097,#11121,.T.) ;
#11141=EDGE_CURVE('',#2892,#11140,#11138,.T.) ;
#11148=EDGE_CURVE('',#11140,#11147,#11145,.T.) ;
#11153=EDGE_CURVE('',#2890,#11147,#11152,.T.) ;
#11165=EDGE_CURVE('',#11147,#11140,#11164,.T.) ;
#11184=EDGE_CURVE('',#2910,#11183,#11181,.T.) ;
#11191=EDGE_CURVE('',#11183,#11190,#11188,.T.) ;
#11196=EDGE_CURVE('',#2908,#11190,#11195,.T.) ;
#11215=EDGE_CURVE('',#11190,#11214,#11212,.T.) ;
#11220=EDGE_CURVE('',#2917,#11214,#11219,.T.) ;
#11239=EDGE_CURVE('',#11214,#11238,#11236,.T.) ;
#11244=EDGE_CURVE('',#2924,#11238,#11243,.T.) ;
#11261=EDGE_CURVE('',#11238,#11183,#11260,.T.) ;
#11280=EDGE_CURVE('',#2944,#11279,#11277,.T.) ;
#11287=EDGE_CURVE('',#11279,#11286,#11284,.T.) ;
#11292=EDGE_CURVE('',#2942,#11286,#11291,.T.) ;
#11304=EDGE_CURVE('',#11286,#11279,#11303,.T.) ;
#11323=EDGE_CURVE('',#2962,#11322,#11320,.T.) ;
#11330=EDGE_CURVE('',#11322,#11329,#11327,.T.) ;
#11335=EDGE_CURVE('',#2960,#11329,#11334,.T.) ;
#11347=EDGE_CURVE('',#11329,#11322,#11346,.T.) ;
#11366=EDGE_CURVE('',#2980,#11365,#11363,.T.) ;
#11373=EDGE_CURVE('',#11365,#11372,#11370,.T.) ;
#11378=EDGE_CURVE('',#2978,#11372,#11377,.T.) ;
#11390=EDGE_CURVE('',#11372,#11365,#11389,.T.) ;
#11409=EDGE_CURVE('',#2998,#11408,#11406,.T.) ;
#11416=EDGE_CURVE('',#11408,#11415,#11413,.T.) ;
#11421=EDGE_CURVE('',#2996,#11415,#11420,.T.) ;
#11433=EDGE_CURVE('',#11415,#11408,#11432,.T.) ;
#11452=EDGE_CURVE('',#3016,#11451,#11449,.T.) ;
#11459=EDGE_CURVE('',#11451,#11458,#11456,.T.) ;
#11464=EDGE_CURVE('',#3014,#11458,#11463,.T.) ;
#11476=EDGE_CURVE('',#11458,#11451,#11475,.T.) ;
#11495=EDGE_CURVE('',#3034,#11494,#11492,.T.) ;
#11502=EDGE_CURVE('',#11494,#11501,#11499,.T.) ;
#11507=EDGE_CURVE('',#3032,#11501,#11506,.T.) ;
#11519=EDGE_CURVE('',#11501,#11494,#11518,.T.) ;
#11538=EDGE_CURVE('',#3052,#11537,#11535,.T.) ;
#11545=EDGE_CURVE('',#11537,#11544,#11542,.T.) ;
#11550=EDGE_CURVE('',#3050,#11544,#11549,.T.) ;
#11562=EDGE_CURVE('',#11544,#11537,#11561,.T.) ;
#11581=EDGE_CURVE('',#3070,#11580,#11578,.T.) ;
#11588=EDGE_CURVE('',#11580,#11587,#11585,.T.) ;
#11593=EDGE_CURVE('',#3068,#11587,#11592,.T.) ;
#11605=EDGE_CURVE('',#11587,#11580,#11604,.T.) ;
#11624=EDGE_CURVE('',#3088,#11623,#11621,.T.) ;
#11631=EDGE_CURVE('',#11623,#11630,#11628,.T.) ;
#11636=EDGE_CURVE('',#3086,#11630,#11635,.T.) ;
#11648=EDGE_CURVE('',#11630,#11623,#11647,.T.) ;
#11667=EDGE_CURVE('',#3106,#11666,#11664,.T.) ;
#11674=EDGE_CURVE('',#11666,#11673,#11671,.T.) ;
#11679=EDGE_CURVE('',#3104,#11673,#11678,.T.) ;
#11691=EDGE_CURVE('',#11673,#11666,#11690,.T.) ;
#11710=EDGE_CURVE('',#3124,#11709,#11707,.T.) ;
#11717=EDGE_CURVE('',#11709,#11716,#11714,.T.) ;
#11722=EDGE_CURVE('',#3122,#11716,#11721,.T.) ;
#11734=EDGE_CURVE('',#11716,#11709,#11733,.T.) ;
#11753=EDGE_CURVE('',#3142,#11752,#11750,.T.) ;
#11760=EDGE_CURVE('',#11752,#11759,#11757,.T.) ;
#11765=EDGE_CURVE('',#3140,#11759,#11764,.T.) ;
#11777=EDGE_CURVE('',#11759,#11752,#11776,.T.) ;
#11796=EDGE_CURVE('',#3160,#11795,#11793,.T.) ;
#11803=EDGE_CURVE('',#11795,#11802,#11800,.T.) ;
#11808=EDGE_CURVE('',#3158,#11802,#11807,.T.) ;
#11820=EDGE_CURVE('',#11802,#11795,#11819,.T.) ;
#11839=EDGE_CURVE('',#3178,#11838,#11836,.T.) ;
#11846=EDGE_CURVE('',#11838,#11845,#11843,.T.) ;
#11851=EDGE_CURVE('',#3176,#11845,#11850,.T.) ;
#11863=EDGE_CURVE('',#11845,#11838,#11862,.T.) ;
#11882=EDGE_CURVE('',#3196,#11881,#11879,.T.) ;
#11889=EDGE_CURVE('',#11881,#11888,#11886,.T.) ;
#11894=EDGE_CURVE('',#3194,#11888,#11893,.T.) ;
#11906=EDGE_CURVE('',#11888,#11881,#11905,.T.) ;
#11925=EDGE_CURVE('',#3214,#11924,#11922,.T.) ;
#11932=EDGE_CURVE('',#11924,#11931,#11929,.T.) ;
#11937=EDGE_CURVE('',#3212,#11931,#11936,.T.) ;
#11949=EDGE_CURVE('',#11931,#11924,#11948,.T.) ;
#11968=EDGE_CURVE('',#3232,#11967,#11965,.T.) ;
#11975=EDGE_CURVE('',#11967,#11974,#11972,.T.) ;
#11980=EDGE_CURVE('',#3230,#11974,#11979,.T.) ;
#11992=EDGE_CURVE('',#11974,#11967,#11991,.T.) ;
#12011=EDGE_CURVE('',#3250,#12010,#12008,.T.) ;
#12018=EDGE_CURVE('',#12010,#12017,#12015,.T.) ;
#12023=EDGE_CURVE('',#3248,#12017,#12022,.T.) ;
#12035=EDGE_CURVE('',#12017,#12010,#12034,.T.) ;
#12054=EDGE_CURVE('',#3268,#12053,#12051,.T.) ;
#12061=EDGE_CURVE('',#12053,#12060,#12058,.T.) ;
#12066=EDGE_CURVE('',#3266,#12060,#12065,.T.) ;
#12078=EDGE_CURVE('',#12060,#12053,#12077,.T.) ;
#12097=EDGE_CURVE('',#3286,#12096,#12094,.T.) ;
#12104=EDGE_CURVE('',#12096,#12103,#12101,.T.) ;
#12109=EDGE_CURVE('',#3284,#12103,#12108,.T.) ;
#12121=EDGE_CURVE('',#12103,#12096,#12120,.T.) ;
#12140=EDGE_CURVE('',#3304,#12139,#12137,.T.) ;
#12147=EDGE_CURVE('',#12139,#12146,#12144,.T.) ;
#12152=EDGE_CURVE('',#3302,#12146,#12151,.T.) ;
#12164=EDGE_CURVE('',#12146,#12139,#12163,.T.) ;
#12183=EDGE_CURVE('',#3322,#12182,#12180,.T.) ;
#12190=EDGE_CURVE('',#12182,#12189,#12187,.T.) ;
#12195=EDGE_CURVE('',#3320,#12189,#12194,.T.) ;
#12207=EDGE_CURVE('',#12189,#12182,#12206,.T.) ;
#12226=EDGE_CURVE('',#3340,#12225,#12223,.T.) ;
#12233=EDGE_CURVE('',#12225,#12232,#12230,.T.) ;
#12238=EDGE_CURVE('',#3338,#12232,#12237,.T.) ;
#12250=EDGE_CURVE('',#12232,#12225,#12249,.T.) ;
#12269=EDGE_CURVE('',#3358,#12268,#12266,.T.) ;
#12276=EDGE_CURVE('',#12268,#12275,#12273,.T.) ;
#12281=EDGE_CURVE('',#3356,#12275,#12280,.T.) ;
#12293=EDGE_CURVE('',#12275,#12268,#12292,.T.) ;
#12312=EDGE_CURVE('',#3376,#12311,#12309,.T.) ;
#12319=EDGE_CURVE('',#12311,#12318,#12316,.T.) ;
#12324=EDGE_CURVE('',#3374,#12318,#12323,.T.) ;
#12336=EDGE_CURVE('',#12318,#12311,#12335,.T.) ;
#12355=EDGE_CURVE('',#3394,#12354,#12352,.T.) ;
#12362=EDGE_CURVE('',#12354,#12361,#12359,.T.) ;
#12367=EDGE_CURVE('',#3392,#12361,#12366,.T.) ;
#12379=EDGE_CURVE('',#12361,#12354,#12378,.T.) ;
#12398=EDGE_CURVE('',#3412,#12397,#12395,.T.) ;
#12405=EDGE_CURVE('',#12397,#12404,#12402,.T.) ;
#12410=EDGE_CURVE('',#3410,#12404,#12409,.T.) ;
#12422=EDGE_CURVE('',#12404,#12397,#12421,.T.) ;
#12441=EDGE_CURVE('',#3430,#12440,#12438,.T.) ;
#12448=EDGE_CURVE('',#12440,#12447,#12445,.T.) ;
#12453=EDGE_CURVE('',#3428,#12447,#12452,.T.) ;
#12465=EDGE_CURVE('',#12447,#12440,#12464,.T.) ;
#12484=EDGE_CURVE('',#3448,#12483,#12481,.T.) ;
#12491=EDGE_CURVE('',#12483,#12490,#12488,.T.) ;
#12496=EDGE_CURVE('',#3446,#12490,#12495,.T.) ;
#12508=EDGE_CURVE('',#12490,#12483,#12507,.T.) ;
#12527=EDGE_CURVE('',#3466,#12526,#12524,.T.) ;
#12534=EDGE_CURVE('',#12526,#12533,#12531,.T.) ;
#12539=EDGE_CURVE('',#3464,#12533,#12538,.T.) ;
#12551=EDGE_CURVE('',#12533,#12526,#12550,.T.) ;
#12570=EDGE_CURVE('',#3484,#12569,#12567,.T.) ;
#12577=EDGE_CURVE('',#12569,#12576,#12574,.T.) ;
#12582=EDGE_CURVE('',#3482,#12576,#12581,.T.) ;
#12594=EDGE_CURVE('',#12576,#12569,#12593,.T.) ;
#12613=EDGE_CURVE('',#3502,#12612,#12610,.T.) ;
#12620=EDGE_CURVE('',#12612,#12619,#12617,.T.) ;
#12625=EDGE_CURVE('',#3500,#12619,#12624,.T.) ;
#12637=EDGE_CURVE('',#12619,#12612,#12636,.T.) ;
#12656=EDGE_CURVE('',#3520,#12655,#12653,.T.) ;
#12663=EDGE_CURVE('',#12655,#12662,#12660,.T.) ;
#12668=EDGE_CURVE('',#3518,#12662,#12667,.T.) ;
#12687=EDGE_CURVE('',#12662,#12686,#12684,.T.) ;
#12692=EDGE_CURVE('',#3527,#12686,#12691,.T.) ;
#12711=EDGE_CURVE('',#12686,#12710,#12708,.T.) ;
#12716=EDGE_CURVE('',#3534,#12710,#12715,.T.) ;
#12733=EDGE_CURVE('',#12710,#12655,#12732,.T.) ;
#12752=EDGE_CURVE('',#3554,#12751,#12749,.T.) ;
#12759=EDGE_CURVE('',#12751,#12758,#12756,.T.) ;
#12764=EDGE_CURVE('',#3552,#12758,#12763,.T.) ;
#12783=EDGE_CURVE('',#12758,#12782,#12780,.T.) ;
#12788=EDGE_CURVE('',#12782,#3561,#12787,.T.) ;
#12807=EDGE_CURVE('',#12806,#3568,#12804,.T.) ;
#12812=EDGE_CURVE('',#12806,#12782,#12811,.T.) ;
#12829=EDGE_CURVE('',#12806,#12751,#12828,.T.) ;
#12848=EDGE_CURVE('',#12847,#3588,#12845,.T.) ;
#12855=EDGE_CURVE('',#12847,#12854,#12852,.T.) ;
#12860=EDGE_CURVE('',#3586,#12854,#12859,.T.) ;
#12879=EDGE_CURVE('',#12854,#12878,#12876,.T.) ;
#12884=EDGE_CURVE('',#3595,#12878,#12883,.T.) ;
#12903=EDGE_CURVE('',#12878,#12902,#12900,.T.) ;
#12908=EDGE_CURVE('',#12902,#3602,#12907,.T.) ;
#12925=EDGE_CURVE('',#12847,#12902,#12924,.T.) ;
#12944=EDGE_CURVE('',#12943,#3622,#12941,.T.) ;
#12951=EDGE_CURVE('',#12943,#12950,#12948,.T.) ;
#12956=EDGE_CURVE('',#3620,#12950,#12955,.T.) ;
#12975=EDGE_CURVE('',#12950,#12974,#12972,.T.) ;
#12980=EDGE_CURVE('',#3629,#12974,#12979,.T.) ;
#12999=EDGE_CURVE('',#12974,#12998,#12996,.T.) ;
#13004=EDGE_CURVE('',#12998,#3636,#13003,.T.) ;
#13021=EDGE_CURVE('',#12943,#12998,#13020,.T.) ;
#13040=EDGE_CURVE('',#3656,#13039,#13037,.T.) ;
#13047=EDGE_CURVE('',#13039,#13046,#13044,.T.) ;
#13052=EDGE_CURVE('',#3654,#13046,#13051,.T.) ;
#13071=EDGE_CURVE('',#13046,#13070,#13068,.T.) ;
#13076=EDGE_CURVE('',#13070,#3663,#13075,.T.) ;
#13095=EDGE_CURVE('',#13094,#3670,#13092,.T.) ;
#13100=EDGE_CURVE('',#13094,#13070,#13099,.T.) ;
#13117=EDGE_CURVE('',#13094,#13039,#13116,.T.) ;
#13136=EDGE_CURVE('',#3690,#13135,#13133,.T.) ;
#13143=EDGE_CURVE('',#13135,#13142,#13140,.T.) ;
#13148=EDGE_CURVE('',#3688,#13142,#13147,.T.) ;
#13160=EDGE_CURVE('',#13142,#13135,#13159,.T.) ;
#13179=EDGE_CURVE('',#3708,#13178,#13176,.T.) ;
#13186=EDGE_CURVE('',#13178,#13185,#13183,.T.) ;
#13191=EDGE_CURVE('',#3706,#13185,#13190,.T.) ;
#13203=EDGE_CURVE('',#13185,#13178,#13202,.T.) ;
#13222=EDGE_CURVE('',#3726,#13221,#13219,.T.) ;
#13229=EDGE_CURVE('',#13221,#13228,#13226,.T.) ;
#13234=EDGE_CURVE('',#3724,#13228,#13233,.T.) ;
#13246=EDGE_CURVE('',#13228,#13221,#13245,.T.) ;
#13265=EDGE_CURVE('',#3744,#13264,#13262,.T.) ;
#13272=EDGE_CURVE('',#13264,#13271,#13269,.T.) ;
#13277=EDGE_CURVE('',#3742,#13271,#13276,.T.) ;
#13289=EDGE_CURVE('',#13271,#13264,#13288,.T.) ;
#13308=EDGE_CURVE('',#3762,#13307,#13305,.T.) ;
#13315=EDGE_CURVE('',#13307,#13314,#13312,.T.) ;
#13320=EDGE_CURVE('',#3760,#13314,#13319,.T.) ;
#13332=EDGE_CURVE('',#13314,#13307,#13331,.T.) ;
#13351=EDGE_CURVE('',#3780,#13350,#13348,.T.) ;
#13358=EDGE_CURVE('',#13350,#13357,#13355,.T.) ;
#13363=EDGE_CURVE('',#3778,#13357,#13362,.T.) ;
#13375=EDGE_CURVE('',#13357,#13350,#13374,.T.) ;
#13394=EDGE_CURVE('',#3798,#13393,#13391,.T.) ;
#13401=EDGE_CURVE('',#13393,#13400,#13398,.T.) ;
#13406=EDGE_CURVE('',#3796,#13400,#13405,.T.) ;
#13418=EDGE_CURVE('',#13400,#13393,#13417,.T.) ;
#13437=EDGE_CURVE('',#3816,#13436,#13434,.T.) ;
#13444=EDGE_CURVE('',#13436,#13443,#13441,.T.) ;
#13449=EDGE_CURVE('',#3814,#13443,#13448,.T.) ;
#13461=EDGE_CURVE('',#13443,#13436,#13460,.T.) ;
#13480=EDGE_CURVE('',#3834,#13479,#13477,.T.) ;
#13487=EDGE_CURVE('',#13479,#13486,#13484,.T.) ;
#13492=EDGE_CURVE('',#3832,#13486,#13491,.T.) ;
#13504=EDGE_CURVE('',#13486,#13479,#13503,.T.) ;
#13523=EDGE_CURVE('',#3852,#13522,#13520,.T.) ;
#13530=EDGE_CURVE('',#13522,#13529,#13527,.T.) ;
#13535=EDGE_CURVE('',#3850,#13529,#13534,.T.) ;
#13547=EDGE_CURVE('',#13529,#13522,#13546,.T.) ;
#13566=EDGE_CURVE('',#3870,#13565,#13563,.T.) ;
#13573=EDGE_CURVE('',#13565,#13572,#13570,.T.) ;
#13578=EDGE_CURVE('',#3868,#13572,#13577,.T.) ;
#13597=EDGE_CURVE('',#3877,#13596,#13594,.T.) ;
#13602=EDGE_CURVE('',#13596,#13572,#13601,.F.) ;
#13621=EDGE_CURVE('',#13596,#13620,#13618,.T.) ;
#13626=EDGE_CURVE('',#3884,#13620,#13625,.T.) ;
#13645=EDGE_CURVE('',#3891,#13644,#13642,.T.) ;
#13650=EDGE_CURVE('',#13644,#13620,#13649,.F.) ;
#13669=EDGE_CURVE('',#13644,#13668,#13666,.T.) ;
#13674=EDGE_CURVE('',#3898,#13668,#13673,.T.) ;
#13693=EDGE_CURVE('',#3905,#13692,#13690,.T.) ;
#13698=EDGE_CURVE('',#13692,#13668,#13697,.F.) ;
#13717=EDGE_CURVE('',#13692,#13716,#13714,.T.) ;
#13722=EDGE_CURVE('',#3912,#13716,#13721,.T.) ;
#13739=EDGE_CURVE('',#13565,#13716,#13738,.F.) ;
#13758=EDGE_CURVE('',#3936,#13757,#13755,.T.) ;
#13765=EDGE_CURVE('',#13757,#13764,#13762,.T.) ;
#13770=EDGE_CURVE('',#3934,#13764,#13769,.T.) ;
#13789=EDGE_CURVE('',#3943,#13788,#13786,.T.) ;
#13794=EDGE_CURVE('',#13788,#13764,#13793,.F.) ;
#13813=EDGE_CURVE('',#13788,#13812,#13810,.T.) ;
#13818=EDGE_CURVE('',#3950,#13812,#13817,.T.) ;
#13837=EDGE_CURVE('',#3957,#13836,#13834,.T.) ;
#13842=EDGE_CURVE('',#13836,#13812,#13841,.F.) ;
#13861=EDGE_CURVE('',#13836,#13860,#13858,.T.) ;
#13866=EDGE_CURVE('',#3964,#13860,#13865,.T.) ;
#13885=EDGE_CURVE('',#3971,#13884,#13882,.T.) ;
#13890=EDGE_CURVE('',#13884,#13860,#13889,.F.) ;
#13909=EDGE_CURVE('',#13884,#13908,#13906,.T.) ;
#13914=EDGE_CURVE('',#3978,#13908,#13913,.T.) ;
#13931=EDGE_CURVE('',#13757,#13908,#13930,.F.) ;
#13950=EDGE_CURVE('',#4002,#13949,#13947,.T.) ;
#13957=EDGE_CURVE('',#13949,#13956,#13954,.T.) ;
#13962=EDGE_CURVE('',#4000,#13956,#13961,.T.) ;
#13974=EDGE_CURVE('',#13956,#13949,#13973,.T.) ;
#13993=EDGE_CURVE('',#4020,#13992,#13990,.T.) ;
#14000=EDGE_CURVE('',#13992,#13999,#13997,.T.) ;
#14005=EDGE_CURVE('',#4018,#13999,#14004,.T.) ;
#14017=EDGE_CURVE('',#13999,#13992,#14016,.T.) ;
#14036=EDGE_CURVE('',#4038,#14035,#14033,.T.) ;
#14043=EDGE_CURVE('',#14035,#14042,#14040,.T.) ;
#14048=EDGE_CURVE('',#4036,#14042,#14047,.T.) ;
#14060=EDGE_CURVE('',#14042,#14035,#14059,.T.) ;
#14079=EDGE_CURVE('',#4056,#14078,#14076,.T.) ;
#14086=EDGE_CURVE('',#14078,#14085,#14083,.T.) ;
#14091=EDGE_CURVE('',#4054,#14085,#14090,.T.) ;
#14103=EDGE_CURVE('',#14085,#14078,#14102,.T.) ;
#14122=EDGE_CURVE('',#4074,#14121,#14119,.T.) ;
#14129=EDGE_CURVE('',#14121,#14128,#14126,.T.) ;
#14134=EDGE_CURVE('',#4072,#14128,#14133,.T.) ;
#14146=EDGE_CURVE('',#14128,#14121,#14145,.T.) ;
#14165=EDGE_CURVE('',#4092,#14164,#14162,.T.) ;
#14172=EDGE_CURVE('',#14164,#14171,#14169,.T.) ;
#14177=EDGE_CURVE('',#4090,#14171,#14176,.T.) ;
#14189=EDGE_CURVE('',#14171,#14164,#14188,.T.) ;
#14208=EDGE_CURVE('',#4110,#14207,#14205,.T.) ;
#14215=EDGE_CURVE('',#14207,#14214,#14212,.T.) ;
#14220=EDGE_CURVE('',#4108,#14214,#14219,.T.) ;
#14232=EDGE_CURVE('',#14214,#14207,#14231,.T.) ;
#14251=EDGE_CURVE('',#4128,#14250,#14248,.T.) ;
#14258=EDGE_CURVE('',#14250,#14257,#14255,.T.) ;
#14263=EDGE_CURVE('',#4126,#14257,#14262,.T.) ;
#14275=EDGE_CURVE('',#14257,#14250,#14274,.T.) ;
#14294=EDGE_CURVE('',#4146,#14293,#14291,.T.) ;
#14301=EDGE_CURVE('',#14293,#14300,#14298,.T.) ;
#14306=EDGE_CURVE('',#4144,#14300,#14305,.T.) ;
#14318=EDGE_CURVE('',#14300,#14293,#14317,.T.) ;
#14337=EDGE_CURVE('',#4164,#14336,#14334,.T.) ;
#14344=EDGE_CURVE('',#14336,#14343,#14341,.T.) ;
#14349=EDGE_CURVE('',#4162,#14343,#14348,.T.) ;
#14361=EDGE_CURVE('',#14343,#14336,#14360,.T.) ;
#14380=EDGE_CURVE('',#4182,#14379,#14377,.T.) ;
#14387=EDGE_CURVE('',#14379,#14386,#14384,.T.) ;
#14392=EDGE_CURVE('',#4180,#14386,#14391,.T.) ;
#14404=EDGE_CURVE('',#14386,#14379,#14403,.T.) ;
#14423=EDGE_CURVE('',#4200,#14422,#14420,.T.) ;
#14430=EDGE_CURVE('',#14422,#14429,#14427,.T.) ;
#14435=EDGE_CURVE('',#4198,#14429,#14434,.T.) ;
#14447=EDGE_CURVE('',#14429,#14422,#14446,.T.) ;
#14466=EDGE_CURVE('',#4218,#14465,#14463,.T.) ;
#14473=EDGE_CURVE('',#14465,#14472,#14470,.T.) ;
#14478=EDGE_CURVE('',#4216,#14472,#14477,.T.) ;
#14490=EDGE_CURVE('',#14472,#14465,#14489,.T.) ;
#14509=EDGE_CURVE('',#4236,#14508,#14506,.T.) ;
#14516=EDGE_CURVE('',#14508,#14515,#14513,.T.) ;
#14521=EDGE_CURVE('',#4234,#14515,#14520,.T.) ;
#14533=EDGE_CURVE('',#14515,#14508,#14532,.T.) ;
#14552=EDGE_CURVE('',#4254,#14551,#14549,.T.) ;
#14559=EDGE_CURVE('',#14551,#14558,#14556,.T.) ;
#14564=EDGE_CURVE('',#4252,#14558,#14563,.T.) ;
#14576=EDGE_CURVE('',#14558,#14551,#14575,.T.) ;
#14595=EDGE_CURVE('',#4272,#14594,#14592,.T.) ;
#14602=EDGE_CURVE('',#14594,#14601,#14599,.T.) ;
#14607=EDGE_CURVE('',#4270,#14601,#14606,.T.) ;
#14619=EDGE_CURVE('',#14601,#14594,#14618,.T.) ;
#14638=EDGE_CURVE('',#4290,#14637,#14635,.T.) ;
#14645=EDGE_CURVE('',#14637,#14644,#14642,.T.) ;
#14650=EDGE_CURVE('',#4288,#14644,#14649,.T.) ;
#14662=EDGE_CURVE('',#14644,#14637,#14661,.T.) ;
#14681=EDGE_CURVE('',#4308,#14680,#14678,.T.) ;
#14688=EDGE_CURVE('',#14680,#14687,#14685,.T.) ;
#14693=EDGE_CURVE('',#4306,#14687,#14692,.T.) ;
#14705=EDGE_CURVE('',#14687,#14680,#14704,.T.) ;
#14724=EDGE_CURVE('',#4326,#14723,#14721,.T.) ;
#14731=EDGE_CURVE('',#14723,#14730,#14728,.T.) ;
#14736=EDGE_CURVE('',#4324,#14730,#14735,.T.) ;
#14748=EDGE_CURVE('',#14730,#14723,#14747,.T.) ;
#14767=EDGE_CURVE('',#4344,#14766,#14764,.T.) ;
#14774=EDGE_CURVE('',#14766,#14773,#14771,.T.) ;
#14779=EDGE_CURVE('',#4342,#14773,#14778,.T.) ;
#14791=EDGE_CURVE('',#14773,#14766,#14790,.T.) ;
#14810=EDGE_CURVE('',#4362,#14809,#14807,.T.) ;
#14817=EDGE_CURVE('',#14809,#14816,#14814,.T.) ;
#14822=EDGE_CURVE('',#4360,#14816,#14821,.T.) ;
#14834=EDGE_CURVE('',#14816,#14809,#14833,.T.) ;
#14853=EDGE_CURVE('',#4380,#14852,#14850,.T.) ;
#14860=EDGE_CURVE('',#14852,#14859,#14857,.T.) ;
#14865=EDGE_CURVE('',#4378,#14859,#14864,.T.) ;
#14877=EDGE_CURVE('',#14859,#14852,#14876,.T.) ;
#14896=EDGE_CURVE('',#4398,#14895,#14893,.T.) ;
#14903=EDGE_CURVE('',#14895,#14902,#14900,.T.) ;
#14908=EDGE_CURVE('',#4396,#14902,#14907,.T.) ;
#14920=EDGE_CURVE('',#14902,#14895,#14919,.T.) ;
#14939=EDGE_CURVE('',#4416,#14938,#14936,.T.) ;
#14946=EDGE_CURVE('',#14938,#14945,#14943,.T.) ;
#14951=EDGE_CURVE('',#4414,#14945,#14950,.T.) ;
#14963=EDGE_CURVE('',#14945,#14938,#14962,.T.) ;
#14982=EDGE_CURVE('',#4434,#14981,#14979,.T.) ;
#14989=EDGE_CURVE('',#14981,#14988,#14986,.T.) ;
#14994=EDGE_CURVE('',#4432,#14988,#14993,.T.) ;
#15006=EDGE_CURVE('',#14988,#14981,#15005,.T.) ;
#15025=EDGE_CURVE('',#4452,#15024,#15022,.T.) ;
#15032=EDGE_CURVE('',#15024,#15031,#15029,.T.) ;
#15037=EDGE_CURVE('',#4450,#15031,#15036,.T.) ;
#15049=EDGE_CURVE('',#15031,#15024,#15048,.T.) ;
#15068=EDGE_CURVE('',#4470,#15067,#15065,.T.) ;
#15075=EDGE_CURVE('',#15067,#15074,#15072,.T.) ;
#15080=EDGE_CURVE('',#4468,#15074,#15079,.T.) ;
#15092=EDGE_CURVE('',#15074,#15067,#15091,.T.) ;
#15111=EDGE_CURVE('',#4488,#15110,#15108,.T.) ;
#15118=EDGE_CURVE('',#15110,#15117,#15115,.T.) ;
#15123=EDGE_CURVE('',#4486,#15117,#15122,.T.) ;
#15135=EDGE_CURVE('',#15117,#15110,#15134,.T.) ;
#15154=EDGE_CURVE('',#4506,#15153,#15151,.T.) ;
#15161=EDGE_CURVE('',#15153,#15160,#15158,.T.) ;
#15166=EDGE_CURVE('',#4504,#15160,#15165,.T.) ;
#15178=EDGE_CURVE('',#15160,#15153,#15177,.T.) ;
#15197=EDGE_CURVE('',#4524,#15196,#15194,.T.) ;
#15204=EDGE_CURVE('',#15196,#15203,#15201,.T.) ;
#15209=EDGE_CURVE('',#4522,#15203,#15208,.T.) ;
#15221=EDGE_CURVE('',#15203,#15196,#15220,.T.) ;
#15240=EDGE_CURVE('',#4542,#15239,#15237,.T.) ;
#15247=EDGE_CURVE('',#15239,#15246,#15244,.T.) ;
#15252=EDGE_CURVE('',#4540,#15246,#15251,.T.) ;
#15264=EDGE_CURVE('',#15246,#15239,#15263,.T.) ;
#15283=EDGE_CURVE('',#4560,#15282,#15280,.T.) ;
#15290=EDGE_CURVE('',#15282,#15289,#15287,.T.) ;
#15295=EDGE_CURVE('',#4558,#15289,#15294,.T.) ;
#15307=EDGE_CURVE('',#15289,#15282,#15306,.T.) ;
#15326=EDGE_CURVE('',#4578,#15325,#15323,.T.) ;
#15333=EDGE_CURVE('',#15325,#15332,#15330,.T.) ;
#15338=EDGE_CURVE('',#4576,#15332,#15337,.T.) ;
#15350=EDGE_CURVE('',#15332,#15325,#15349,.T.) ;
#15369=EDGE_CURVE('',#4596,#15368,#15366,.T.) ;
#15376=EDGE_CURVE('',#15368,#15375,#15373,.T.) ;
#15381=EDGE_CURVE('',#4594,#15375,#15380,.T.) ;
#15393=EDGE_CURVE('',#15375,#15368,#15392,.T.) ;
#15412=EDGE_CURVE('',#4614,#15411,#15409,.T.) ;
#15419=EDGE_CURVE('',#15411,#15418,#15416,.T.) ;
#15424=EDGE_CURVE('',#4612,#15418,#15423,.T.) ;
#15436=EDGE_CURVE('',#15418,#15411,#15435,.T.) ;
#15455=EDGE_CURVE('',#4632,#15454,#15452,.T.) ;
#15462=EDGE_CURVE('',#15454,#15461,#15459,.T.) ;
#15467=EDGE_CURVE('',#4630,#15461,#15466,.T.) ;
#15479=EDGE_CURVE('',#15461,#15454,#15478,.T.) ;
#15498=EDGE_CURVE('',#4650,#15497,#15495,.T.) ;
#15505=EDGE_CURVE('',#15497,#15504,#15502,.T.) ;
#15510=EDGE_CURVE('',#4648,#15504,#15509,.T.) ;
#15522=EDGE_CURVE('',#15504,#15497,#15521,.T.) ;
#15541=EDGE_CURVE('',#4668,#15540,#15538,.T.) ;
#15548=EDGE_CURVE('',#15540,#15547,#15545,.T.) ;
#15553=EDGE_CURVE('',#4666,#15547,#15552,.T.) ;
#15565=EDGE_CURVE('',#15547,#15540,#15564,.T.) ;
#15584=EDGE_CURVE('',#4686,#15583,#15581,.T.) ;
#15591=EDGE_CURVE('',#15583,#15590,#15588,.T.) ;
#15596=EDGE_CURVE('',#4684,#15590,#15595,.T.) ;
#15608=EDGE_CURVE('',#15590,#15583,#15607,.T.) ;
#15627=EDGE_CURVE('',#4704,#15626,#15624,.T.) ;
#15634=EDGE_CURVE('',#15626,#15633,#15631,.T.) ;
#15639=EDGE_CURVE('',#4702,#15633,#15638,.T.) ;
#15658=EDGE_CURVE('',#4711,#15657,#15655,.T.) ;
#15663=EDGE_CURVE('',#15657,#15633,#15662,.F.) ;
#15682=EDGE_CURVE('',#15657,#15681,#15679,.T.) ;
#15687=EDGE_CURVE('',#4718,#15681,#15686,.T.) ;
#15706=EDGE_CURVE('',#4725,#15705,#15703,.T.) ;
#15711=EDGE_CURVE('',#15705,#15681,#15710,.F.) ;
#15730=EDGE_CURVE('',#15705,#15729,#15727,.T.) ;
#15735=EDGE_CURVE('',#4732,#15729,#15734,.T.) ;
#15752=EDGE_CURVE('',#15626,#15729,#15751,.F.) ;
#15773=EDGE_CURVE('',#15770,#15772,#15768,.F.) ;
#15778=EDGE_CURVE('',#15772,#4752,#15777,.T.) ;
#15783=EDGE_CURVE('',#15770,#4754,#15782,.T.) ;
#15802=EDGE_CURVE('',#15772,#15801,#15799,.T.) ;
#15807=EDGE_CURVE('',#15801,#4761,#15806,.T.) ;
#15826=EDGE_CURVE('',#15801,#15825,#15823,.F.) ;
#15831=EDGE_CURVE('',#15825,#4768,#15830,.T.) ;
#15848=EDGE_CURVE('',#15825,#15770,#15847,.T.) ;
#15867=EDGE_CURVE('',#15866,#4788,#15864,.T.) ;
#15874=EDGE_CURVE('',#15866,#15873,#15871,.F.) ;
#15879=EDGE_CURVE('',#15873,#4786,#15878,.T.) ;
#15891=EDGE_CURVE('',#15873,#15866,#15890,.F.) ;
#15910=EDGE_CURVE('',#15909,#4806,#15907,.T.) ;
#15917=EDGE_CURVE('',#15909,#15916,#15914,.F.) ;
#15922=EDGE_CURVE('',#15916,#4804,#15921,.T.) ;
#15934=EDGE_CURVE('',#15916,#15909,#15933,.F.) ;
#15953=EDGE_CURVE('',#4824,#15952,#15950,.T.) ;
#15960=EDGE_CURVE('',#15952,#15959,#15957,.T.) ;
#15965=EDGE_CURVE('',#4822,#15959,#15964,.T.) ;
#15977=EDGE_CURVE('',#15959,#15952,#15976,.T.) ;
#15996=EDGE_CURVE('',#4842,#15995,#15993,.T.) ;
#16003=EDGE_CURVE('',#15995,#16002,#16000,.T.) ;
#16008=EDGE_CURVE('',#4840,#16002,#16007,.T.) ;
#16020=EDGE_CURVE('',#16002,#15995,#16019,.T.) ;
#16039=EDGE_CURVE('',#4860,#16038,#16036,.T.) ;
#16046=EDGE_CURVE('',#16038,#16045,#16043,.T.) ;
#16051=EDGE_CURVE('',#4858,#16045,#16050,.T.) ;
#16063=EDGE_CURVE('',#16045,#16038,#16062,.T.) ;
#16082=EDGE_CURVE('',#4878,#16081,#16079,.T.) ;
#16089=EDGE_CURVE('',#16081,#16088,#16086,.T.) ;
#16094=EDGE_CURVE('',#4876,#16088,#16093,.T.) ;
#16106=EDGE_CURVE('',#16088,#16081,#16105,.T.) ;
#16125=EDGE_CURVE('',#4896,#16124,#16122,.T.) ;
#16132=EDGE_CURVE('',#16131,#16124,#16129,.F.) ;
#16137=EDGE_CURVE('',#4894,#16131,#16136,.T.) ;
#16149=EDGE_CURVE('',#16124,#16131,#16148,.F.) ;
#16168=EDGE_CURVE('',#16167,#4914,#16165,.T.) ;
#16175=EDGE_CURVE('',#16167,#16174,#16172,.F.) ;
#16180=EDGE_CURVE('',#16174,#4912,#16179,.T.) ;
#16192=EDGE_CURVE('',#16174,#16167,#16191,.F.) ;
#16211=EDGE_CURVE('',#16210,#4932,#16208,.T.) ;
#16218=EDGE_CURVE('',#16210,#16217,#16215,.F.) ;
#16223=EDGE_CURVE('',#16217,#4930,#16222,.T.) ;
#16235=EDGE_CURVE('',#16217,#16210,#16234,.F.) ;
#16256=EDGE_CURVE('',#16253,#16255,#16251,.T.) ;
#16261=EDGE_CURVE('',#2422,#16255,#16260,.T.) ;
#16266=EDGE_CURVE('',#2424,#16253,#16265,.T.) ;
#16278=EDGE_CURVE('',#16255,#16253,#16277,.T.) ;
#16297=EDGE_CURVE('',#5998,#16296,#16294,.T.) ;
#16302=EDGE_CURVE('',#718,#16296,#16301,.T.) ;
#16319=EDGE_CURVE('',#16296,#5972,#16318,.T.) ;
#16340=EDGE_CURVE('',#16337,#16339,#16335,.T.) ;
#16345=EDGE_CURVE('',#682,#16339,#16344,.T.) ;
#16350=EDGE_CURVE('',#684,#16337,#16349,.T.) ;
#16362=EDGE_CURVE('',#16339,#16337,#16361,.T.) ;
#16381=EDGE_CURVE('',#16380,#5927,#16378,.T.) ;
#16386=EDGE_CURVE('',#5903,#16380,#16385,.T.) ;
#16405=EDGE_CURVE('',#5934,#5896,#16404,.T.) ;
#16422=EDGE_CURVE('',#5356,#4954,#16421,.T.) ;
#16441=EDGE_CURVE('',#267,#16440,#16438,.T.) ;
#16446=EDGE_CURVE('',#16440,#5234,#16445,.F.) ;
#16460=EDGE_CURVE('',#260,#16459,#16457,.T.) ;
#16465=EDGE_CURVE('',#16459,#16440,#16464,.T.) ;
#16482=EDGE_CURVE('',#5215,#16459,#16481,.F.) ;
#16501=EDGE_CURVE('',#223,#16500,#16498,.T.) ;
#16506=EDGE_CURVE('',#16500,#5184,#16505,.T.) ;
#16523=EDGE_CURVE('',#5160,#16500,#16522,.F.) ;
#16540=EDGE_CURVE('',#5105,#5129,#16539,.T.) ;
#16559=EDGE_CURVE('',#134,#16558,#16556,.T.) ;
#16564=EDGE_CURVE('',#16558,#4978,#16563,.F.) ;
#16578=EDGE_CURVE('',#16577,#127,#16575,.T.) ;
#16583=EDGE_CURVE('',#16577,#16558,#16582,.T.) ;
#16600=EDGE_CURVE('',#82,#16577,#16599,.T.) ;
#103=EDGE_LOOP('',(#104,#105,#106,#107)) ;
#332=EDGE_LOOP('',(#333,#334,#335,#336,#337,#338,#339,#340,#341,#342,#343,#344,#345,#346,#347,#348,#349,#350,#351,#352,#353,#354,#355,#356,#357,#358,#359,#360)) ;
#376=EDGE_LOOP('',(#377,#378)) ;
#394=EDGE_LOOP('',(#395,#396)) ;
#412=EDGE_LOOP('',(#413,#414)) ;
#430=EDGE_LOOP('',(#431,#432)) ;
#448=EDGE_LOOP('',(#449,#450)) ;
#466=EDGE_LOOP('',(#467,#468)) ;
#484=EDGE_LOOP('',(#485,#486)) ;
#502=EDGE_LOOP('',(#503,#504)) ;
#520=EDGE_LOOP('',(#521,#522)) ;
#538=EDGE_LOOP('',(#539,#540)) ;
#556=EDGE_LOOP('',(#557,#558)) ;
#574=EDGE_LOOP('',(#575,#576)) ;
#652=EDGE_LOOP('',(#653,#654,#655,#656,#657)) ;
#709=EDGE_LOOP('',(#710,#711)) ;
#766=EDGE_LOOP('',(#767,#768,#769,#770,#771)) ;
#801=EDGE_LOOP('',(#802,#803,#804,#805)) ;
#835=EDGE_LOOP('',(#836,#837,#838,#839)) ;
#869=EDGE_LOOP('',(#870,#871,#872,#873)) ;
#903=EDGE_LOOP('',(#904,#905,#906,#907)) ;
#923=EDGE_LOOP('',(#924,#925)) ;
#941=EDGE_LOOP('',(#942,#943)) ;
#959=EDGE_LOOP('',(#960,#961)) ;
#977=EDGE_LOOP('',(#978,#979)) ;
#995=EDGE_LOOP('',(#996,#997)) ;
#1013=EDGE_LOOP('',(#1014,#1015)) ;
#1031=EDGE_LOOP('',(#1032,#1033)) ;
#1049=EDGE_LOOP('',(#1050,#1051)) ;
#1067=EDGE_LOOP('',(#1068,#1069)) ;
#1085=EDGE_LOOP('',(#1086,#1087)) ;
#1103=EDGE_LOOP('',(#1104,#1105)) ;
#1121=EDGE_LOOP('',(#1122,#1123)) ;
#1139=EDGE_LOOP('',(#1140,#1141)) ;
#1157=EDGE_LOOP('',(#1158,#1159)) ;
#1175=EDGE_LOOP('',(#1176,#1177)) ;
#1193=EDGE_LOOP('',(#1194,#1195)) ;
#1211=EDGE_LOOP('',(#1212,#1213)) ;
#1229=EDGE_LOOP('',(#1230,#1231)) ;
#1247=EDGE_LOOP('',(#1248,#1249)) ;
#1265=EDGE_LOOP('',(#1266,#1267)) ;
#1283=EDGE_LOOP('',(#1284,#1285)) ;
#1301=EDGE_LOOP('',(#1302,#1303)) ;
#1319=EDGE_LOOP('',(#1320,#1321)) ;
#1337=EDGE_LOOP('',(#1338,#1339)) ;
#1355=EDGE_LOOP('',(#1356,#1357)) ;
#1373=EDGE_LOOP('',(#1374,#1375)) ;
#1391=EDGE_LOOP('',(#1392,#1393)) ;
#1409=EDGE_LOOP('',(#1410,#1411)) ;
#1427=EDGE_LOOP('',(#1428,#1429)) ;
#1445=EDGE_LOOP('',(#1446,#1447)) ;
#1463=EDGE_LOOP('',(#1464,#1465)) ;
#1481=EDGE_LOOP('',(#1482,#1483)) ;
#1499=EDGE_LOOP('',(#1500,#1501)) ;
#1517=EDGE_LOOP('',(#1518,#1519)) ;
#1535=EDGE_LOOP('',(#1536,#1537)) ;
#1553=EDGE_LOOP('',(#1554,#1555)) ;
#1571=EDGE_LOOP('',(#1572,#1573)) ;
#1589=EDGE_LOOP('',(#1590,#1591)) ;
#1607=EDGE_LOOP('',(#1608,#1609)) ;
#1625=EDGE_LOOP('',(#1626,#1627)) ;
#1643=EDGE_LOOP('',(#1644,#1645)) ;
#1661=EDGE_LOOP('',(#1662,#1663)) ;
#1679=EDGE_LOOP('',(#1680,#1681)) ;
#1697=EDGE_LOOP('',(#1698,#1699)) ;
#1729=EDGE_LOOP('',(#1730,#1731,#1732,#1733)) ;
#1763=EDGE_LOOP('',(#1764,#1765,#1766,#1767)) ;
#1797=EDGE_LOOP('',(#1798,#1799,#1800,#1801)) ;
#1831=EDGE_LOOP('',(#1832,#1833,#1834,#1835)) ;
#1851=EDGE_LOOP('',(#1852,#1853)) ;
#1869=EDGE_LOOP('',(#1870,#1871)) ;
#1887=EDGE_LOOP('',(#1888,#1889)) ;
#1905=EDGE_LOOP('',(#1906,#1907)) ;
#1923=EDGE_LOOP('',(#1924,#1925)) ;
#1941=EDGE_LOOP('',(#1942,#1943)) ;
#1973=EDGE_LOOP('',(#1974,#1975,#1976,#1977)) ;
#2007=EDGE_LOOP('',(#2008,#2009,#2010,#2011)) ;
#2041=EDGE_LOOP('',(#2042,#2043,#2044,#2045)) ;
#2075=EDGE_LOOP('',(#2076,#2077,#2078,#2079)) ;
#2109=EDGE_LOOP('',(#2110,#2111,#2112,#2113)) ;
#2143=EDGE_LOOP('',(#2144,#2145,#2146,#2147)) ;
#2177=EDGE_LOOP('',(#2178,#2179,#2180,#2181)) ;
#2197=EDGE_LOOP('',(#2198,#2199)) ;
#2215=EDGE_LOOP('',(#2216,#2217)) ;
#2233=EDGE_LOOP('',(#2234,#2235)) ;
#2251=EDGE_LOOP('',(#2252,#2253)) ;
#2269=EDGE_LOOP('',(#2270,#2271)) ;
#2287=EDGE_LOOP('',(#2288,#2289)) ;
#2305=EDGE_LOOP('',(#2306,#2307)) ;
#2323=EDGE_LOOP('',(#2324,#2325)) ;
#2341=EDGE_LOOP('',(#2342,#2343)) ;
#2359=EDGE_LOOP('',(#2360,#2361)) ;
#2377=EDGE_LOOP('',(#2378,#2379)) ;
#2395=EDGE_LOOP('',(#2396,#2397)) ;
#2449=EDGE_LOOP('',(#2450,#2451)) ;
#2467=EDGE_LOOP('',(#2468,#2469)) ;
#2485=EDGE_LOOP('',(#2486,#2487)) ;
#2503=EDGE_LOOP('',(#2504,#2505)) ;
#2521=EDGE_LOOP('',(#2522,#2523)) ;
#2539=EDGE_LOOP('',(#2540,#2541)) ;
#2557=EDGE_LOOP('',(#2558,#2559)) ;
#2575=EDGE_LOOP('',(#2576,#2577)) ;
#2593=EDGE_LOOP('',(#2594,#2595)) ;
#2611=EDGE_LOOP('',(#2612,#2613)) ;
#2629=EDGE_LOOP('',(#2630,#2631)) ;
#2647=EDGE_LOOP('',(#2648,#2649)) ;
#2665=EDGE_LOOP('',(#2666,#2667)) ;
#2683=EDGE_LOOP('',(#2684,#2685)) ;
#2701=EDGE_LOOP('',(#2702,#2703)) ;
#2719=EDGE_LOOP('',(#2720,#2721)) ;
#2737=EDGE_LOOP('',(#2738,#2739)) ;
#2755=EDGE_LOOP('',(#2756,#2757)) ;
#2773=EDGE_LOOP('',(#2774,#2775)) ;
#2791=EDGE_LOOP('',(#2792,#2793)) ;
#2809=EDGE_LOOP('',(#2810,#2811)) ;
#2827=EDGE_LOOP('',(#2828,#2829)) ;
#2845=EDGE_LOOP('',(#2846,#2847)) ;
#2863=EDGE_LOOP('',(#2864,#2865)) ;
#2881=EDGE_LOOP('',(#2882,#2883)) ;
#2899=EDGE_LOOP('',(#2900,#2901)) ;
#2931=EDGE_LOOP('',(#2932,#2933,#2934,#2935)) ;
#2951=EDGE_LOOP('',(#2952,#2953)) ;
#2969=EDGE_LOOP('',(#2970,#2971)) ;
#2987=EDGE_LOOP('',(#2988,#2989)) ;
#3005=EDGE_LOOP('',(#3006,#3007)) ;
#3023=EDGE_LOOP('',(#3024,#3025)) ;
#3041=EDGE_LOOP('',(#3042,#3043)) ;
#3059=EDGE_LOOP('',(#3060,#3061)) ;
#3077=EDGE_LOOP('',(#3078,#3079)) ;
#3095=EDGE_LOOP('',(#3096,#3097)) ;
#3113=EDGE_LOOP('',(#3114,#3115)) ;
#3131=EDGE_LOOP('',(#3132,#3133)) ;
#3149=EDGE_LOOP('',(#3150,#3151)) ;
#3167=EDGE_LOOP('',(#3168,#3169)) ;
#3185=EDGE_LOOP('',(#3186,#3187)) ;
#3203=EDGE_LOOP('',(#3204,#3205)) ;
#3221=EDGE_LOOP('',(#3222,#3223)) ;
#3239=EDGE_LOOP('',(#3240,#3241)) ;
#3257=EDGE_LOOP('',(#3258,#3259)) ;
#3275=EDGE_LOOP('',(#3276,#3277)) ;
#3293=EDGE_LOOP('',(#3294,#3295)) ;
#3311=EDGE_LOOP('',(#3312,#3313)) ;
#3329=EDGE_LOOP('',(#3330,#3331)) ;
#3347=EDGE_LOOP('',(#3348,#3349)) ;
#3365=EDGE_LOOP('',(#3366,#3367)) ;
#3383=EDGE_LOOP('',(#3384,#3385)) ;
#3401=EDGE_LOOP('',(#3402,#3403)) ;
#3419=EDGE_LOOP('',(#3420,#3421)) ;
#3437=EDGE_LOOP('',(#3438,#3439)) ;
#3455=EDGE_LOOP('',(#3456,#3457)) ;
#3473=EDGE_LOOP('',(#3474,#3475)) ;
#3491=EDGE_LOOP('',(#3492,#3493)) ;
#3509=EDGE_LOOP('',(#3510,#3511)) ;
#3541=EDGE_LOOP('',(#3542,#3543,#3544,#3545)) ;
#3575=EDGE_LOOP('',(#3576,#3577,#3578,#3579)) ;
#3609=EDGE_LOOP('',(#3610,#3611,#3612,#3613)) ;
#3643=EDGE_LOOP('',(#3644,#3645,#3646,#3647)) ;
#3677=EDGE_LOOP('',(#3678,#3679,#3680,#3681)) ;
#3697=EDGE_LOOP('',(#3698,#3699)) ;
#3715=EDGE_LOOP('',(#3716,#3717)) ;
#3733=EDGE_LOOP('',(#3734,#3735)) ;
#3751=EDGE_LOOP('',(#3752,#3753)) ;
#3769=EDGE_LOOP('',(#3770,#3771)) ;
#3787=EDGE_LOOP('',(#3788,#3789)) ;
#3805=EDGE_LOOP('',(#3806,#3807)) ;
#3823=EDGE_LOOP('',(#3824,#3825)) ;
#3841=EDGE_LOOP('',(#3842,#3843)) ;
#3859=EDGE_LOOP('',(#3860,#3861)) ;
#3919=EDGE_LOOP('',(#3920,#3921,#3922,#3923,#3924,#3925,#3926,#3927)) ;
#3985=EDGE_LOOP('',(#3986,#3987,#3988,#3989,#3990,#3991,#3992,#3993)) ;
#4009=EDGE_LOOP('',(#4010,#4011)) ;
#4027=EDGE_LOOP('',(#4028,#4029)) ;
#4045=EDGE_LOOP('',(#4046,#4047)) ;
#4063=EDGE_LOOP('',(#4064,#4065)) ;
#4081=EDGE_LOOP('',(#4082,#4083)) ;
#4099=EDGE_LOOP('',(#4100,#4101)) ;
#4117=EDGE_LOOP('',(#4118,#4119)) ;
#4135=EDGE_LOOP('',(#4136,#4137)) ;
#4153=EDGE_LOOP('',(#4154,#4155)) ;
#4171=EDGE_LOOP('',(#4172,#4173)) ;
#4189=EDGE_LOOP('',(#4190,#4191)) ;
#4207=EDGE_LOOP('',(#4208,#4209)) ;
#4225=EDGE_LOOP('',(#4226,#4227)) ;
#4243=EDGE_LOOP('',(#4244,#4245)) ;
#4261=EDGE_LOOP('',(#4262,#4263)) ;
#4279=EDGE_LOOP('',(#4280,#4281)) ;
#4297=EDGE_LOOP('',(#4298,#4299)) ;
#4315=EDGE_LOOP('',(#4316,#4317)) ;
#4333=EDGE_LOOP('',(#4334,#4335)) ;
#4351=EDGE_LOOP('',(#4352,#4353)) ;
#4369=EDGE_LOOP('',(#4370,#4371)) ;
#4387=EDGE_LOOP('',(#4388,#4389)) ;
#4405=EDGE_LOOP('',(#4406,#4407)) ;
#4423=EDGE_LOOP('',(#4424,#4425)) ;
#4441=EDGE_LOOP('',(#4442,#4443)) ;
#4459=EDGE_LOOP('',(#4460,#4461)) ;
#4477=EDGE_LOOP('',(#4478,#4479)) ;
#4495=EDGE_LOOP('',(#4496,#4497)) ;
#4513=EDGE_LOOP('',(#4514,#4515)) ;
#4531=EDGE_LOOP('',(#4532,#4533)) ;
#4549=EDGE_LOOP('',(#4550,#4551)) ;
#4567=EDGE_LOOP('',(#4568,#4569)) ;
#4585=EDGE_LOOP('',(#4586,#4587)) ;
#4603=EDGE_LOOP('',(#4604,#4605)) ;
#4621=EDGE_LOOP('',(#4622,#4623)) ;
#4639=EDGE_LOOP('',(#4640,#4641)) ;
#4657=EDGE_LOOP('',(#4658,#4659)) ;
#4675=EDGE_LOOP('',(#4676,#4677)) ;
#4693=EDGE_LOOP('',(#4694,#4695)) ;
#4739=EDGE_LOOP('',(#4740,#4741,#4742,#4743,#4744,#4745)) ;
#4775=EDGE_LOOP('',(#4776,#4777,#4778,#4779)) ;
#4795=EDGE_LOOP('',(#4796,#4797)) ;
#4813=EDGE_LOOP('',(#4814,#4815)) ;
#4831=EDGE_LOOP('',(#4832,#4833)) ;
#4849=EDGE_LOOP('',(#4850,#4851)) ;
#4867=EDGE_LOOP('',(#4868,#4869)) ;
#4885=EDGE_LOOP('',(#4886,#4887)) ;
#4903=EDGE_LOOP('',(#4904,#4905)) ;
#4921=EDGE_LOOP('',(#4922,#4923)) ;
#4939=EDGE_LOOP('',(#4940,#4941)) ;
#4961=EDGE_LOOP('',(#4962,#4963,#4964,#4965)) ;
#4992=EDGE_LOOP('',(#4993,#4994,#4995,#4996)) ;
#5016=EDGE_LOOP('',(#5017,#5018,#5019,#5020)) ;
#5040=EDGE_LOOP('',(#5041,#5042,#5043,#5044)) ;
#5064=EDGE_LOOP('',(#5065,#5066,#5067,#5068)) ;
#5088=EDGE_LOOP('',(#5089,#5090,#5091,#5092)) ;
#5112=EDGE_LOOP('',(#5113,#5114,#5115,#5116)) ;
#5143=EDGE_LOOP('',(#5144,#5145,#5146,#5147)) ;
#5167=EDGE_LOOP('',(#5168,#5169,#5170,#5171)) ;
#5198=EDGE_LOOP('',(#5199,#5200,#5201,#5202)) ;
#5222=EDGE_LOOP('',(#5223,#5224,#5225,#5226)) ;
#5248=EDGE_LOOP('',(#5249,#5250,#5251,#5252)) ;
#5272=EDGE_LOOP('',(#5273,#5274,#5275,#5276)) ;
#5296=EDGE_LOOP('',(#5297,#5298,#5299,#5300)) ;
#5320=EDGE_LOOP('',(#5321,#5322,#5323,#5324)) ;
#5339=EDGE_LOOP('',(#5340,#5341,#5342,#5343)) ;
#5363=EDGE_LOOP('',(#5364,#5365,#5366,#5367)) ;
#5394=EDGE_LOOP('',(#5395,#5396,#5397,#5398)) ;
#5406=EDGE_LOOP('',(#5407,#5408,#5409,#5410)) ;
#5437=EDGE_LOOP('',(#5438,#5439,#5440,#5441)) ;
#5449=EDGE_LOOP('',(#5450,#5451,#5452,#5453)) ;
#5480=EDGE_LOOP('',(#5481,#5482,#5483,#5484)) ;
#5492=EDGE_LOOP('',(#5493,#5494,#5495,#5496)) ;
#5523=EDGE_LOOP('',(#5524,#5525,#5526,#5527)) ;
#5535=EDGE_LOOP('',(#5536,#5537,#5538,#5539)) ;
#5566=EDGE_LOOP('',(#5567,#5568,#5569,#5570)) ;
#5578=EDGE_LOOP('',(#5579,#5580,#5581,#5582)) ;
#5609=EDGE_LOOP('',(#5610,#5611,#5612,#5613)) ;
#5621=EDGE_LOOP('',(#5622,#5623,#5624,#5625)) ;
#5652=EDGE_LOOP('',(#5653,#5654,#5655,#5656)) ;
#5664=EDGE_LOOP('',(#5665,#5666,#5667,#5668)) ;
#5695=EDGE_LOOP('',(#5696,#5697,#5698,#5699)) ;
#5707=EDGE_LOOP('',(#5708,#5709,#5710,#5711)) ;
#5738=EDGE_LOOP('',(#5739,#5740,#5741,#5742)) ;
#5750=EDGE_LOOP('',(#5751,#5752,#5753,#5754)) ;
#5781=EDGE_LOOP('',(#5782,#5783,#5784,#5785)) ;
#5793=EDGE_LOOP('',(#5794,#5795,#5796,#5797)) ;
#5824=EDGE_LOOP('',(#5825,#5826,#5827,#5828)) ;
#5836=EDGE_LOOP('',(#5837,#5838,#5839,#5840)) ;
#5867=EDGE_LOOP('',(#5868,#5869,#5870,#5871)) ;
#5879=EDGE_LOOP('',(#5880,#5881,#5882,#5883)) ;
#5910=EDGE_LOOP('',(#5911,#5912,#5913,#5914)) ;
#5941=EDGE_LOOP('',(#5942,#5943,#5944,#5945)) ;
#5979=EDGE_LOOP('',(#5980,#5981,#5982,#5983,#5984,#5985)) ;
#6005=EDGE_LOOP('',(#6006,#6007,#6008,#6009)) ;
#6036=EDGE_LOOP('',(#6037,#6038,#6039,#6040)) ;
#6060=EDGE_LOOP('',(#6061,#6062,#6063,#6064)) ;
#6084=EDGE_LOOP('',(#6085,#6086,#6087,#6088)) ;
#6101=EDGE_LOOP('',(#6102,#6103,#6104,#6105)) ;
#6132=EDGE_LOOP('',(#6133,#6134,#6135,#6136)) ;
#6156=EDGE_LOOP('',(#6157,#6158,#6159,#6160)) ;
#6180=EDGE_LOOP('',(#6181,#6182,#6183,#6184)) ;
#6197=EDGE_LOOP('',(#6198,#6199,#6200,#6201)) ;
#6223=EDGE_LOOP('',(#6224,#6225,#6226,#6227)) ;
#6247=EDGE_LOOP('',(#6248,#6249,#6250,#6251)) ;
#6266=EDGE_LOOP('',(#6267,#6268,#6269,#6270)) ;
#6283=EDGE_LOOP('',(#6284,#6285,#6286,#6287)) ;
#6314=EDGE_LOOP('',(#6315,#6316,#6317,#6318)) ;
#6333=EDGE_LOOP('',(#6334,#6335,#6336,#6337)) ;
#6357=EDGE_LOOP('',(#6358,#6359,#6360,#6361)) ;
#6369=EDGE_LOOP('',(#6370,#6371,#6372,#6373)) ;
#6400=EDGE_LOOP('',(#6401,#6402,#6403,#6404)) ;
#6412=EDGE_LOOP('',(#6413,#6414,#6415,#6416)) ;
#6443=EDGE_LOOP('',(#6444,#6445,#6446,#6447)) ;
#6455=EDGE_LOOP('',(#6456,#6457,#6458,#6459)) ;
#6486=EDGE_LOOP('',(#6487,#6488,#6489,#6490)) ;
#6498=EDGE_LOOP('',(#6499,#6500,#6501,#6502)) ;
#6529=EDGE_LOOP('',(#6530,#6531,#6532,#6533)) ;
#6541=EDGE_LOOP('',(#6542,#6543,#6544,#6545)) ;
#6572=EDGE_LOOP('',(#6573,#6574,#6575,#6576)) ;
#6584=EDGE_LOOP('',(#6585,#6586,#6587,#6588)) ;
#6615=EDGE_LOOP('',(#6616,#6617,#6618,#6619)) ;
#6627=EDGE_LOOP('',(#6628,#6629,#6630,#6631)) ;
#6658=EDGE_LOOP('',(#6659,#6660,#6661,#6662)) ;
#6670=EDGE_LOOP('',(#6671,#6672,#6673,#6674)) ;
#6701=EDGE_LOOP('',(#6702,#6703,#6704,#6705)) ;
#6713=EDGE_LOOP('',(#6714,#6715,#6716,#6717)) ;
#6744=EDGE_LOOP('',(#6745,#6746,#6747,#6748)) ;
#6756=EDGE_LOOP('',(#6757,#6758,#6759,#6760)) ;
#6787=EDGE_LOOP('',(#6788,#6789,#6790,#6791)) ;
#6799=EDGE_LOOP('',(#6800,#6801,#6802,#6803)) ;
#6830=EDGE_LOOP('',(#6831,#6832,#6833,#6834)) ;
#6842=EDGE_LOOP('',(#6843,#6844,#6845,#6846)) ;
#6873=EDGE_LOOP('',(#6874,#6875,#6876,#6877)) ;
#6885=EDGE_LOOP('',(#6886,#6887,#6888,#6889)) ;
#6916=EDGE_LOOP('',(#6917,#6918,#6919,#6920)) ;
#6928=EDGE_LOOP('',(#6929,#6930,#6931,#6932)) ;
#6959=EDGE_LOOP('',(#6960,#6961,#6962,#6963)) ;
#6971=EDGE_LOOP('',(#6972,#6973,#6974,#6975)) ;
#7002=EDGE_LOOP('',(#7003,#7004,#7005,#7006)) ;
#7014=EDGE_LOOP('',(#7015,#7016,#7017,#7018)) ;
#7045=EDGE_LOOP('',(#7046,#7047,#7048,#7049)) ;
#7057=EDGE_LOOP('',(#7058,#7059,#7060,#7061)) ;
#7088=EDGE_LOOP('',(#7089,#7090,#7091,#7092)) ;
#7100=EDGE_LOOP('',(#7101,#7102,#7103,#7104)) ;
#7131=EDGE_LOOP('',(#7132,#7133,#7134,#7135)) ;
#7143=EDGE_LOOP('',(#7144,#7145,#7146,#7147)) ;
#7174=EDGE_LOOP('',(#7175,#7176,#7177,#7178)) ;
#7186=EDGE_LOOP('',(#7187,#7188,#7189,#7190)) ;
#7217=EDGE_LOOP('',(#7218,#7219,#7220,#7221)) ;
#7229=EDGE_LOOP('',(#7230,#7231,#7232,#7233)) ;
#7260=EDGE_LOOP('',(#7261,#7262,#7263,#7264)) ;
#7272=EDGE_LOOP('',(#7273,#7274,#7275,#7276)) ;
#7303=EDGE_LOOP('',(#7304,#7305,#7306,#7307)) ;
#7315=EDGE_LOOP('',(#7316,#7317,#7318,#7319)) ;
#7346=EDGE_LOOP('',(#7347,#7348,#7349,#7350)) ;
#7358=EDGE_LOOP('',(#7359,#7360,#7361,#7362)) ;
#7389=EDGE_LOOP('',(#7390,#7391,#7392,#7393)) ;
#7401=EDGE_LOOP('',(#7402,#7403,#7404,#7405)) ;
#7432=EDGE_LOOP('',(#7433,#7434,#7435,#7436)) ;
#7444=EDGE_LOOP('',(#7445,#7446,#7447,#7448)) ;
#7475=EDGE_LOOP('',(#7476,#7477,#7478,#7479)) ;
#7487=EDGE_LOOP('',(#7488,#7489,#7490,#7491)) ;
#7518=EDGE_LOOP('',(#7519,#7520,#7521,#7522)) ;
#7530=EDGE_LOOP('',(#7531,#7532,#7533,#7534)) ;
#7561=EDGE_LOOP('',(#7562,#7563,#7564,#7565)) ;
#7573=EDGE_LOOP('',(#7574,#7575,#7576,#7577)) ;
#7604=EDGE_LOOP('',(#7605,#7606,#7607,#7608)) ;
#7616=EDGE_LOOP('',(#7617,#7618,#7619,#7620)) ;
#7647=EDGE_LOOP('',(#7648,#7649,#7650,#7651)) ;
#7659=EDGE_LOOP('',(#7660,#7661,#7662,#7663)) ;
#7690=EDGE_LOOP('',(#7691,#7692,#7693,#7694)) ;
#7702=EDGE_LOOP('',(#7703,#7704,#7705,#7706)) ;
#7733=EDGE_LOOP('',(#7734,#7735,#7736,#7737)) ;
#7745=EDGE_LOOP('',(#7746,#7747,#7748,#7749)) ;
#7776=EDGE_LOOP('',(#7777,#7778,#7779,#7780)) ;
#7788=EDGE_LOOP('',(#7789,#7790,#7791,#7792)) ;
#7819=EDGE_LOOP('',(#7820,#7821,#7822,#7823)) ;
#7831=EDGE_LOOP('',(#7832,#7833,#7834,#7835)) ;
#7862=EDGE_LOOP('',(#7863,#7864,#7865,#7866)) ;
#7874=EDGE_LOOP('',(#7875,#7876,#7877,#7878)) ;
#7905=EDGE_LOOP('',(#7906,#7907,#7908,#7909)) ;
#7917=EDGE_LOOP('',(#7918,#7919,#7920,#7921)) ;
#7948=EDGE_LOOP('',(#7949,#7950,#7951,#7952)) ;
#7960=EDGE_LOOP('',(#7961,#7962,#7963,#7964)) ;
#7991=EDGE_LOOP('',(#7992,#7993,#7994,#7995)) ;
#8003=EDGE_LOOP('',(#8004,#8005,#8006,#8007)) ;
#8034=EDGE_LOOP('',(#8035,#8036,#8037,#8038)) ;
#8046=EDGE_LOOP('',(#8047,#8048,#8049,#8050)) ;
#8077=EDGE_LOOP('',(#8078,#8079,#8080,#8081)) ;
#8089=EDGE_LOOP('',(#8090,#8091,#8092,#8093)) ;
#8120=EDGE_LOOP('',(#8121,#8122,#8123,#8124)) ;
#8132=EDGE_LOOP('',(#8133,#8134,#8135,#8136)) ;
#8163=EDGE_LOOP('',(#8164,#8165,#8166,#8167)) ;
#8175=EDGE_LOOP('',(#8176,#8177,#8178,#8179)) ;
#8206=EDGE_LOOP('',(#8207,#8208,#8209,#8210)) ;
#8218=EDGE_LOOP('',(#8219,#8220,#8221,#8222)) ;
#8249=EDGE_LOOP('',(#8250,#8251,#8252,#8253)) ;
#8261=EDGE_LOOP('',(#8262,#8263,#8264,#8265)) ;
#8292=EDGE_LOOP('',(#8293,#8294,#8295,#8296)) ;
#8316=EDGE_LOOP('',(#8317,#8318,#8319,#8320)) ;
#8340=EDGE_LOOP('',(#8341,#8342,#8343,#8344)) ;
#8357=EDGE_LOOP('',(#8358,#8359,#8360,#8361)) ;
#8388=EDGE_LOOP('',(#8389,#8390,#8391,#8392)) ;
#8412=EDGE_LOOP('',(#8413,#8414,#8415,#8416)) ;
#8436=EDGE_LOOP('',(#8437,#8438,#8439,#8440)) ;
#8453=EDGE_LOOP('',(#8454,#8455,#8456,#8457)) ;
#8484=EDGE_LOOP('',(#8485,#8486,#8487,#8488)) ;
#8508=EDGE_LOOP('',(#8509,#8510,#8511,#8512)) ;
#8532=EDGE_LOOP('',(#8533,#8534,#8535,#8536)) ;
#8549=EDGE_LOOP('',(#8550,#8551,#8552,#8553)) ;
#8580=EDGE_LOOP('',(#8581,#8582,#8583,#8584)) ;
#8604=EDGE_LOOP('',(#8605,#8606,#8607,#8608)) ;
#8628=EDGE_LOOP('',(#8629,#8630,#8631,#8632)) ;
#8645=EDGE_LOOP('',(#8646,#8647,#8648,#8649)) ;
#8676=EDGE_LOOP('',(#8677,#8678,#8679,#8680)) ;
#8688=EDGE_LOOP('',(#8689,#8690,#8691,#8692)) ;
#8719=EDGE_LOOP('',(#8720,#8721,#8722,#8723)) ;
#8731=EDGE_LOOP('',(#8732,#8733,#8734,#8735)) ;
#8762=EDGE_LOOP('',(#8763,#8764,#8765,#8766)) ;
#8774=EDGE_LOOP('',(#8775,#8776,#8777,#8778)) ;
#8805=EDGE_LOOP('',(#8806,#8807,#8808,#8809)) ;
#8817=EDGE_LOOP('',(#8818,#8819,#8820,#8821)) ;
#8848=EDGE_LOOP('',(#8849,#8850,#8851,#8852)) ;
#8860=EDGE_LOOP('',(#8861,#8862,#8863,#8864)) ;
#8891=EDGE_LOOP('',(#8892,#8893,#8894,#8895)) ;
#8903=EDGE_LOOP('',(#8904,#8905,#8906,#8907)) ;
#8934=EDGE_LOOP('',(#8935,#8936,#8937,#8938)) ;
#8958=EDGE_LOOP('',(#8959,#8960,#8961,#8962)) ;
#8982=EDGE_LOOP('',(#8983,#8984,#8985,#8986)) ;
#8999=EDGE_LOOP('',(#9000,#9001,#9002,#9003)) ;
#9030=EDGE_LOOP('',(#9031,#9032,#9033,#9034)) ;
#9054=EDGE_LOOP('',(#9055,#9056,#9057,#9058)) ;
#9078=EDGE_LOOP('',(#9079,#9080,#9081,#9082)) ;
#9095=EDGE_LOOP('',(#9096,#9097,#9098,#9099)) ;
#9126=EDGE_LOOP('',(#9127,#9128,#9129,#9130)) ;
#9150=EDGE_LOOP('',(#9151,#9152,#9153,#9154)) ;
#9174=EDGE_LOOP('',(#9175,#9176,#9177,#9178)) ;
#9191=EDGE_LOOP('',(#9192,#9193,#9194,#9195)) ;
#9222=EDGE_LOOP('',(#9223,#9224,#9225,#9226)) ;
#9246=EDGE_LOOP('',(#9247,#9248,#9249,#9250)) ;
#9270=EDGE_LOOP('',(#9271,#9272,#9273,#9274)) ;
#9287=EDGE_LOOP('',(#9288,#9289,#9290,#9291)) ;
#9318=EDGE_LOOP('',(#9319,#9320,#9321,#9322)) ;
#9342=EDGE_LOOP('',(#9343,#9344,#9345,#9346)) ;
#9366=EDGE_LOOP('',(#9367,#9368,#9369,#9370)) ;
#9383=EDGE_LOOP('',(#9384,#9385,#9386,#9387)) ;
#9414=EDGE_LOOP('',(#9415,#9416,#9417,#9418)) ;
#9438=EDGE_LOOP('',(#9439,#9440,#9441,#9442)) ;
#9462=EDGE_LOOP('',(#9463,#9464,#9465,#9466)) ;
#9479=EDGE_LOOP('',(#9480,#9481,#9482,#9483)) ;
#9510=EDGE_LOOP('',(#9511,#9512,#9513,#9514)) ;
#9534=EDGE_LOOP('',(#9535,#9536,#9537,#9538)) ;
#9558=EDGE_LOOP('',(#9559,#9560,#9561,#9562)) ;
#9575=EDGE_LOOP('',(#9576,#9577,#9578,#9579)) ;
#9606=EDGE_LOOP('',(#9607,#9608,#9609,#9610)) ;
#9618=EDGE_LOOP('',(#9619,#9620,#9621,#9622)) ;
#9649=EDGE_LOOP('',(#9650,#9651,#9652,#9653)) ;
#9661=EDGE_LOOP('',(#9662,#9663,#9664,#9665)) ;
#9692=EDGE_LOOP('',(#9693,#9694,#9695,#9696)) ;
#9704=EDGE_LOOP('',(#9705,#9706,#9707,#9708)) ;
#9735=EDGE_LOOP('',(#9736,#9737,#9738,#9739)) ;
#9747=EDGE_LOOP('',(#9748,#9749,#9750,#9751)) ;
#9778=EDGE_LOOP('',(#9779,#9780,#9781,#9782)) ;
#9790=EDGE_LOOP('',(#9791,#9792,#9793,#9794)) ;
#9821=EDGE_LOOP('',(#9822,#9823,#9824,#9825)) ;
#9833=EDGE_LOOP('',(#9834,#9835,#9836,#9837)) ;
#9864=EDGE_LOOP('',(#9865,#9866,#9867,#9868)) ;
#9876=EDGE_LOOP('',(#9877,#9878,#9879,#9880)) ;
#9907=EDGE_LOOP('',(#9908,#9909,#9910,#9911)) ;
#9919=EDGE_LOOP('',(#9920,#9921,#9922,#9923)) ;
#9950=EDGE_LOOP('',(#9951,#9952,#9953,#9954)) ;
#9962=EDGE_LOOP('',(#9963,#9964,#9965,#9966)) ;
#9993=EDGE_LOOP('',(#9994,#9995,#9996,#9997)) ;
#10005=EDGE_LOOP('',(#10006,#10007,#10008,#10009)) ;
#10036=EDGE_LOOP('',(#10037,#10038,#10039,#10040)) ;
#10048=EDGE_LOOP('',(#10049,#10050,#10051,#10052)) ;
#10079=EDGE_LOOP('',(#10080,#10081,#10082,#10083)) ;
#10091=EDGE_LOOP('',(#10092,#10093,#10094,#10095)) ;
#10122=EDGE_LOOP('',(#10123,#10124,#10125,#10126)) ;
#10134=EDGE_LOOP('',(#10135,#10136,#10137,#10138)) ;
#10165=EDGE_LOOP('',(#10166,#10167,#10168,#10169)) ;
#10177=EDGE_LOOP('',(#10178,#10179,#10180,#10181)) ;
#10208=EDGE_LOOP('',(#10209,#10210,#10211,#10212)) ;
#10220=EDGE_LOOP('',(#10221,#10222,#10223,#10224)) ;
#10251=EDGE_LOOP('',(#10252,#10253,#10254,#10255)) ;
#10263=EDGE_LOOP('',(#10264,#10265,#10266,#10267)) ;
#10294=EDGE_LOOP('',(#10295,#10296,#10297,#10298)) ;
#10306=EDGE_LOOP('',(#10307,#10308,#10309,#10310)) ;
#10337=EDGE_LOOP('',(#10338,#10339,#10340,#10341)) ;
#10349=EDGE_LOOP('',(#10350,#10351,#10352,#10353)) ;
#10380=EDGE_LOOP('',(#10381,#10382,#10383,#10384)) ;
#10392=EDGE_LOOP('',(#10393,#10394,#10395,#10396)) ;
#10423=EDGE_LOOP('',(#10424,#10425,#10426,#10427)) ;
#10435=EDGE_LOOP('',(#10436,#10437,#10438,#10439)) ;
#10466=EDGE_LOOP('',(#10467,#10468,#10469,#10470)) ;
#10478=EDGE_LOOP('',(#10479,#10480,#10481,#10482)) ;
#10509=EDGE_LOOP('',(#10510,#10511,#10512,#10513)) ;
#10521=EDGE_LOOP('',(#10522,#10523,#10524,#10525)) ;
#10552=EDGE_LOOP('',(#10553,#10554,#10555,#10556)) ;
#10564=EDGE_LOOP('',(#10565,#10566,#10567,#10568)) ;
#10595=EDGE_LOOP('',(#10596,#10597,#10598,#10599)) ;
#10607=EDGE_LOOP('',(#10608,#10609,#10610,#10611)) ;
#10638=EDGE_LOOP('',(#10639,#10640,#10641,#10642)) ;
#10650=EDGE_LOOP('',(#10651,#10652,#10653,#10654)) ;
#10681=EDGE_LOOP('',(#10682,#10683,#10684,#10685)) ;
#10693=EDGE_LOOP('',(#10694,#10695,#10696,#10697)) ;
#10724=EDGE_LOOP('',(#10725,#10726,#10727,#10728)) ;
#10736=EDGE_LOOP('',(#10737,#10738,#10739,#10740)) ;
#10767=EDGE_LOOP('',(#10768,#10769,#10770,#10771)) ;
#10779=EDGE_LOOP('',(#10780,#10781,#10782,#10783)) ;
#10810=EDGE_LOOP('',(#10811,#10812,#10813,#10814)) ;
#10822=EDGE_LOOP('',(#10823,#10824,#10825,#10826)) ;
#10853=EDGE_LOOP('',(#10854,#10855,#10856,#10857)) ;
#10865=EDGE_LOOP('',(#10866,#10867,#10868,#10869)) ;
#10896=EDGE_LOOP('',(#10897,#10898,#10899,#10900)) ;
#10908=EDGE_LOOP('',(#10909,#10910,#10911,#10912)) ;
#10939=EDGE_LOOP('',(#10940,#10941,#10942,#10943)) ;
#10951=EDGE_LOOP('',(#10952,#10953,#10954,#10955)) ;
#10982=EDGE_LOOP('',(#10983,#10984,#10985,#10986)) ;
#10994=EDGE_LOOP('',(#10995,#10996,#10997,#10998)) ;
#11025=EDGE_LOOP('',(#11026,#11027,#11028,#11029)) ;
#11037=EDGE_LOOP('',(#11038,#11039,#11040,#11041)) ;
#11068=EDGE_LOOP('',(#11069,#11070,#11071,#11072)) ;
#11080=EDGE_LOOP('',(#11081,#11082,#11083,#11084)) ;
#11111=EDGE_LOOP('',(#11112,#11113,#11114,#11115)) ;
#11123=EDGE_LOOP('',(#11124,#11125,#11126,#11127)) ;
#11154=EDGE_LOOP('',(#11155,#11156,#11157,#11158)) ;
#11166=EDGE_LOOP('',(#11167,#11168,#11169,#11170)) ;
#11197=EDGE_LOOP('',(#11198,#11199,#11200,#11201)) ;
#11221=EDGE_LOOP('',(#11222,#11223,#11224,#11225)) ;
#11245=EDGE_LOOP('',(#11246,#11247,#11248,#11249)) ;
#11262=EDGE_LOOP('',(#11263,#11264,#11265,#11266)) ;
#11293=EDGE_LOOP('',(#11294,#11295,#11296,#11297)) ;
#11305=EDGE_LOOP('',(#11306,#11307,#11308,#11309)) ;
#11336=EDGE_LOOP('',(#11337,#11338,#11339,#11340)) ;
#11348=EDGE_LOOP('',(#11349,#11350,#11351,#11352)) ;
#11379=EDGE_LOOP('',(#11380,#11381,#11382,#11383)) ;
#11391=EDGE_LOOP('',(#11392,#11393,#11394,#11395)) ;
#11422=EDGE_LOOP('',(#11423,#11424,#11425,#11426)) ;
#11434=EDGE_LOOP('',(#11435,#11436,#11437,#11438)) ;
#11465=EDGE_LOOP('',(#11466,#11467,#11468,#11469)) ;
#11477=EDGE_LOOP('',(#11478,#11479,#11480,#11481)) ;
#11508=EDGE_LOOP('',(#11509,#11510,#11511,#11512)) ;
#11520=EDGE_LOOP('',(#11521,#11522,#11523,#11524)) ;
#11551=EDGE_LOOP('',(#11552,#11553,#11554,#11555)) ;
#11563=EDGE_LOOP('',(#11564,#11565,#11566,#11567)) ;
#11594=EDGE_LOOP('',(#11595,#11596,#11597,#11598)) ;
#11606=EDGE_LOOP('',(#11607,#11608,#11609,#11610)) ;
#11637=EDGE_LOOP('',(#11638,#11639,#11640,#11641)) ;
#11649=EDGE_LOOP('',(#11650,#11651,#11652,#11653)) ;
#11680=EDGE_LOOP('',(#11681,#11682,#11683,#11684)) ;
#11692=EDGE_LOOP('',(#11693,#11694,#11695,#11696)) ;
#11723=EDGE_LOOP('',(#11724,#11725,#11726,#11727)) ;
#11735=EDGE_LOOP('',(#11736,#11737,#11738,#11739)) ;
#11766=EDGE_LOOP('',(#11767,#11768,#11769,#11770)) ;
#11778=EDGE_LOOP('',(#11779,#11780,#11781,#11782)) ;
#11809=EDGE_LOOP('',(#11810,#11811,#11812,#11813)) ;
#11821=EDGE_LOOP('',(#11822,#11823,#11824,#11825)) ;
#11852=EDGE_LOOP('',(#11853,#11854,#11855,#11856)) ;
#11864=EDGE_LOOP('',(#11865,#11866,#11867,#11868)) ;
#11895=EDGE_LOOP('',(#11896,#11897,#11898,#11899)) ;
#11907=EDGE_LOOP('',(#11908,#11909,#11910,#11911)) ;
#11938=EDGE_LOOP('',(#11939,#11940,#11941,#11942)) ;
#11950=EDGE_LOOP('',(#11951,#11952,#11953,#11954)) ;
#11981=EDGE_LOOP('',(#11982,#11983,#11984,#11985)) ;
#11993=EDGE_LOOP('',(#11994,#11995,#11996,#11997)) ;
#12024=EDGE_LOOP('',(#12025,#12026,#12027,#12028)) ;
#12036=EDGE_LOOP('',(#12037,#12038,#12039,#12040)) ;
#12067=EDGE_LOOP('',(#12068,#12069,#12070,#12071)) ;
#12079=EDGE_LOOP('',(#12080,#12081,#12082,#12083)) ;
#12110=EDGE_LOOP('',(#12111,#12112,#12113,#12114)) ;
#12122=EDGE_LOOP('',(#12123,#12124,#12125,#12126)) ;
#12153=EDGE_LOOP('',(#12154,#12155,#12156,#12157)) ;
#12165=EDGE_LOOP('',(#12166,#12167,#12168,#12169)) ;
#12196=EDGE_LOOP('',(#12197,#12198,#12199,#12200)) ;
#12208=EDGE_LOOP('',(#12209,#12210,#12211,#12212)) ;
#12239=EDGE_LOOP('',(#12240,#12241,#12242,#12243)) ;
#12251=EDGE_LOOP('',(#12252,#12253,#12254,#12255)) ;
#12282=EDGE_LOOP('',(#12283,#12284,#12285,#12286)) ;
#12294=EDGE_LOOP('',(#12295,#12296,#12297,#12298)) ;
#12325=EDGE_LOOP('',(#12326,#12327,#12328,#12329)) ;
#12337=EDGE_LOOP('',(#12338,#12339,#12340,#12341)) ;
#12368=EDGE_LOOP('',(#12369,#12370,#12371,#12372)) ;
#12380=EDGE_LOOP('',(#12381,#12382,#12383,#12384)) ;
#12411=EDGE_LOOP('',(#12412,#12413,#12414,#12415)) ;
#12423=EDGE_LOOP('',(#12424,#12425,#12426,#12427)) ;
#12454=EDGE_LOOP('',(#12455,#12456,#12457,#12458)) ;
#12466=EDGE_LOOP('',(#12467,#12468,#12469,#12470)) ;
#12497=EDGE_LOOP('',(#12498,#12499,#12500,#12501)) ;
#12509=EDGE_LOOP('',(#12510,#12511,#12512,#12513)) ;
#12540=EDGE_LOOP('',(#12541,#12542,#12543,#12544)) ;
#12552=EDGE_LOOP('',(#12553,#12554,#12555,#12556)) ;
#12583=EDGE_LOOP('',(#12584,#12585,#12586,#12587)) ;
#12595=EDGE_LOOP('',(#12596,#12597,#12598,#12599)) ;
#12626=EDGE_LOOP('',(#12627,#12628,#12629,#12630)) ;
#12638=EDGE_LOOP('',(#12639,#12640,#12641,#12642)) ;
#12669=EDGE_LOOP('',(#12670,#12671,#12672,#12673)) ;
#12693=EDGE_LOOP('',(#12694,#12695,#12696,#12697)) ;
#12717=EDGE_LOOP('',(#12718,#12719,#12720,#12721)) ;
#12734=EDGE_LOOP('',(#12735,#12736,#12737,#12738)) ;
#12765=EDGE_LOOP('',(#12766,#12767,#12768,#12769)) ;
#12789=EDGE_LOOP('',(#12790,#12791,#12792,#12793)) ;
#12813=EDGE_LOOP('',(#12814,#12815,#12816,#12817)) ;
#12830=EDGE_LOOP('',(#12831,#12832,#12833,#12834)) ;
#12861=EDGE_LOOP('',(#12862,#12863,#12864,#12865)) ;
#12885=EDGE_LOOP('',(#12886,#12887,#12888,#12889)) ;
#12909=EDGE_LOOP('',(#12910,#12911,#12912,#12913)) ;
#12926=EDGE_LOOP('',(#12927,#12928,#12929,#12930)) ;
#12957=EDGE_LOOP('',(#12958,#12959,#12960,#12961)) ;
#12981=EDGE_LOOP('',(#12982,#12983,#12984,#12985)) ;
#13005=EDGE_LOOP('',(#13006,#13007,#13008,#13009)) ;
#13022=EDGE_LOOP('',(#13023,#13024,#13025,#13026)) ;
#13053=EDGE_LOOP('',(#13054,#13055,#13056,#13057)) ;
#13077=EDGE_LOOP('',(#13078,#13079,#13080,#13081)) ;
#13101=EDGE_LOOP('',(#13102,#13103,#13104,#13105)) ;
#13118=EDGE_LOOP('',(#13119,#13120,#13121,#13122)) ;
#13149=EDGE_LOOP('',(#13150,#13151,#13152,#13153)) ;
#13161=EDGE_LOOP('',(#13162,#13163,#13164,#13165)) ;
#13192=EDGE_LOOP('',(#13193,#13194,#13195,#13196)) ;
#13204=EDGE_LOOP('',(#13205,#13206,#13207,#13208)) ;
#13235=EDGE_LOOP('',(#13236,#13237,#13238,#13239)) ;
#13247=EDGE_LOOP('',(#13248,#13249,#13250,#13251)) ;
#13278=EDGE_LOOP('',(#13279,#13280,#13281,#13282)) ;
#13290=EDGE_LOOP('',(#13291,#13292,#13293,#13294)) ;
#13321=EDGE_LOOP('',(#13322,#13323,#13324,#13325)) ;
#13333=EDGE_LOOP('',(#13334,#13335,#13336,#13337)) ;
#13364=EDGE_LOOP('',(#13365,#13366,#13367,#13368)) ;
#13376=EDGE_LOOP('',(#13377,#13378,#13379,#13380)) ;
#13407=EDGE_LOOP('',(#13408,#13409,#13410,#13411)) ;
#13419=EDGE_LOOP('',(#13420,#13421,#13422,#13423)) ;
#13450=EDGE_LOOP('',(#13451,#13452,#13453,#13454)) ;
#13462=EDGE_LOOP('',(#13463,#13464,#13465,#13466)) ;
#13493=EDGE_LOOP('',(#13494,#13495,#13496,#13497)) ;
#13505=EDGE_LOOP('',(#13506,#13507,#13508,#13509)) ;
#13536=EDGE_LOOP('',(#13537,#13538,#13539,#13540)) ;
#13548=EDGE_LOOP('',(#13549,#13550,#13551,#13552)) ;
#13579=EDGE_LOOP('',(#13580,#13581,#13582,#13583)) ;
#13603=EDGE_LOOP('',(#13604,#13605,#13606,#13607)) ;
#13627=EDGE_LOOP('',(#13628,#13629,#13630,#13631)) ;
#13651=EDGE_LOOP('',(#13652,#13653,#13654,#13655)) ;
#13675=EDGE_LOOP('',(#13676,#13677,#13678,#13679)) ;
#13699=EDGE_LOOP('',(#13700,#13701,#13702,#13703)) ;
#13723=EDGE_LOOP('',(#13724,#13725,#13726,#13727)) ;
#13740=EDGE_LOOP('',(#13741,#13742,#13743,#13744)) ;
#13771=EDGE_LOOP('',(#13772,#13773,#13774,#13775)) ;
#13795=EDGE_LOOP('',(#13796,#13797,#13798,#13799)) ;
#13819=EDGE_LOOP('',(#13820,#13821,#13822,#13823)) ;
#13843=EDGE_LOOP('',(#13844,#13845,#13846,#13847)) ;
#13867=EDGE_LOOP('',(#13868,#13869,#13870,#13871)) ;
#13891=EDGE_LOOP('',(#13892,#13893,#13894,#13895)) ;
#13915=EDGE_LOOP('',(#13916,#13917,#13918,#13919)) ;
#13932=EDGE_LOOP('',(#13933,#13934,#13935,#13936)) ;
#13963=EDGE_LOOP('',(#13964,#13965,#13966,#13967)) ;
#13975=EDGE_LOOP('',(#13976,#13977,#13978,#13979)) ;
#14006=EDGE_LOOP('',(#14007,#14008,#14009,#14010)) ;
#14018=EDGE_LOOP('',(#14019,#14020,#14021,#14022)) ;
#14049=EDGE_LOOP('',(#14050,#14051,#14052,#14053)) ;
#14061=EDGE_LOOP('',(#14062,#14063,#14064,#14065)) ;
#14092=EDGE_LOOP('',(#14093,#14094,#14095,#14096)) ;
#14104=EDGE_LOOP('',(#14105,#14106,#14107,#14108)) ;
#14135=EDGE_LOOP('',(#14136,#14137,#14138,#14139)) ;
#14147=EDGE_LOOP('',(#14148,#14149,#14150,#14151)) ;
#14178=EDGE_LOOP('',(#14179,#14180,#14181,#14182)) ;
#14190=EDGE_LOOP('',(#14191,#14192,#14193,#14194)) ;
#14221=EDGE_LOOP('',(#14222,#14223,#14224,#14225)) ;
#14233=EDGE_LOOP('',(#14234,#14235,#14236,#14237)) ;
#14264=EDGE_LOOP('',(#14265,#14266,#14267,#14268)) ;
#14276=EDGE_LOOP('',(#14277,#14278,#14279,#14280)) ;
#14307=EDGE_LOOP('',(#14308,#14309,#14310,#14311)) ;
#14319=EDGE_LOOP('',(#14320,#14321,#14322,#14323)) ;
#14350=EDGE_LOOP('',(#14351,#14352,#14353,#14354)) ;
#14362=EDGE_LOOP('',(#14363,#14364,#14365,#14366)) ;
#14393=EDGE_LOOP('',(#14394,#14395,#14396,#14397)) ;
#14405=EDGE_LOOP('',(#14406,#14407,#14408,#14409)) ;
#14436=EDGE_LOOP('',(#14437,#14438,#14439,#14440)) ;
#14448=EDGE_LOOP('',(#14449,#14450,#14451,#14452)) ;
#14479=EDGE_LOOP('',(#14480,#14481,#14482,#14483)) ;
#14491=EDGE_LOOP('',(#14492,#14493,#14494,#14495)) ;
#14522=EDGE_LOOP('',(#14523,#14524,#14525,#14526)) ;
#14534=EDGE_LOOP('',(#14535,#14536,#14537,#14538)) ;
#14565=EDGE_LOOP('',(#14566,#14567,#14568,#14569)) ;
#14577=EDGE_LOOP('',(#14578,#14579,#14580,#14581)) ;
#14608=EDGE_LOOP('',(#14609,#14610,#14611,#14612)) ;
#14620=EDGE_LOOP('',(#14621,#14622,#14623,#14624)) ;
#14651=EDGE_LOOP('',(#14652,#14653,#14654,#14655)) ;
#14663=EDGE_LOOP('',(#14664,#14665,#14666,#14667)) ;
#14694=EDGE_LOOP('',(#14695,#14696,#14697,#14698)) ;
#14706=EDGE_LOOP('',(#14707,#14708,#14709,#14710)) ;
#14737=EDGE_LOOP('',(#14738,#14739,#14740,#14741)) ;
#14749=EDGE_LOOP('',(#14750,#14751,#14752,#14753)) ;
#14780=EDGE_LOOP('',(#14781,#14782,#14783,#14784)) ;
#14792=EDGE_LOOP('',(#14793,#14794,#14795,#14796)) ;
#14823=EDGE_LOOP('',(#14824,#14825,#14826,#14827)) ;
#14835=EDGE_LOOP('',(#14836,#14837,#14838,#14839)) ;
#14866=EDGE_LOOP('',(#14867,#14868,#14869,#14870)) ;
#14878=EDGE_LOOP('',(#14879,#14880,#14881,#14882)) ;
#14909=EDGE_LOOP('',(#14910,#14911,#14912,#14913)) ;
#14921=EDGE_LOOP('',(#14922,#14923,#14924,#14925)) ;
#14952=EDGE_LOOP('',(#14953,#14954,#14955,#14956)) ;
#14964=EDGE_LOOP('',(#14965,#14966,#14967,#14968)) ;
#14995=EDGE_LOOP('',(#14996,#14997,#14998,#14999)) ;
#15007=EDGE_LOOP('',(#15008,#15009,#15010,#15011)) ;
#15038=EDGE_LOOP('',(#15039,#15040,#15041,#15042)) ;
#15050=EDGE_LOOP('',(#15051,#15052,#15053,#15054)) ;
#15081=EDGE_LOOP('',(#15082,#15083,#15084,#15085)) ;
#15093=EDGE_LOOP('',(#15094,#15095,#15096,#15097)) ;
#15124=EDGE_LOOP('',(#15125,#15126,#15127,#15128)) ;
#15136=EDGE_LOOP('',(#15137,#15138,#15139,#15140)) ;
#15167=EDGE_LOOP('',(#15168,#15169,#15170,#15171)) ;
#15179=EDGE_LOOP('',(#15180,#15181,#15182,#15183)) ;
#15210=EDGE_LOOP('',(#15211,#15212,#15213,#15214)) ;
#15222=EDGE_LOOP('',(#15223,#15224,#15225,#15226)) ;
#15253=EDGE_LOOP('',(#15254,#15255,#15256,#15257)) ;
#15265=EDGE_LOOP('',(#15266,#15267,#15268,#15269)) ;
#15296=EDGE_LOOP('',(#15297,#15298,#15299,#15300)) ;
#15308=EDGE_LOOP('',(#15309,#15310,#15311,#15312)) ;
#15339=EDGE_LOOP('',(#15340,#15341,#15342,#15343)) ;
#15351=EDGE_LOOP('',(#15352,#15353,#15354,#15355)) ;
#15382=EDGE_LOOP('',(#15383,#15384,#15385,#15386)) ;
#15394=EDGE_LOOP('',(#15395,#15396,#15397,#15398)) ;
#15425=EDGE_LOOP('',(#15426,#15427,#15428,#15429)) ;
#15437=EDGE_LOOP('',(#15438,#15439,#15440,#15441)) ;
#15468=EDGE_LOOP('',(#15469,#15470,#15471,#15472)) ;
#15480=EDGE_LOOP('',(#15481,#15482,#15483,#15484)) ;
#15511=EDGE_LOOP('',(#15512,#15513,#15514,#15515)) ;
#15523=EDGE_LOOP('',(#15524,#15525,#15526,#15527)) ;
#15554=EDGE_LOOP('',(#15555,#15556,#15557,#15558)) ;
#15566=EDGE_LOOP('',(#15567,#15568,#15569,#15570)) ;
#15597=EDGE_LOOP('',(#15598,#15599,#15600,#15601)) ;
#15609=EDGE_LOOP('',(#15610,#15611,#15612,#15613)) ;
#15640=EDGE_LOOP('',(#15641,#15642,#15643,#15644)) ;
#15664=EDGE_LOOP('',(#15665,#15666,#15667,#15668)) ;
#15688=EDGE_LOOP('',(#15689,#15690,#15691,#15692)) ;
#15712=EDGE_LOOP('',(#15713,#15714,#15715,#15716)) ;
#15736=EDGE_LOOP('',(#15737,#15738,#15739,#15740)) ;
#15753=EDGE_LOOP('',(#15754,#15755,#15756,#15757)) ;
#15784=EDGE_LOOP('',(#15785,#15786,#15787,#15788)) ;
#15808=EDGE_LOOP('',(#15809,#15810,#15811,#15812)) ;
#15832=EDGE_LOOP('',(#15833,#15834,#15835,#15836)) ;
#15849=EDGE_LOOP('',(#15850,#15851,#15852,#15853)) ;
#15880=EDGE_LOOP('',(#15881,#15882,#15883,#15884)) ;
#15892=EDGE_LOOP('',(#15893,#15894,#15895,#15896)) ;
#15923=EDGE_LOOP('',(#15924,#15925,#15926,#15927)) ;
#15935=EDGE_LOOP('',(#15936,#15937,#15938,#15939)) ;
#15966=EDGE_LOOP('',(#15967,#15968,#15969,#15970)) ;
#15978=EDGE_LOOP('',(#15979,#15980,#15981,#15982)) ;
#16009=EDGE_LOOP('',(#16010,#16011,#16012,#16013)) ;
#16021=EDGE_LOOP('',(#16022,#16023,#16024,#16025)) ;
#16052=EDGE_LOOP('',(#16053,#16054,#16055,#16056)) ;
#16064=EDGE_LOOP('',(#16065,#16066,#16067,#16068)) ;
#16095=EDGE_LOOP('',(#16096,#16097,#16098,#16099)) ;
#16107=EDGE_LOOP('',(#16108,#16109,#16110,#16111)) ;
#16138=EDGE_LOOP('',(#16139,#16140,#16141,#16142)) ;
#16150=EDGE_LOOP('',(#16151,#16152,#16153,#16154)) ;
#16181=EDGE_LOOP('',(#16182,#16183,#16184,#16185)) ;
#16193=EDGE_LOOP('',(#16194,#16195,#16196,#16197)) ;
#16224=EDGE_LOOP('',(#16225,#16226,#16227,#16228)) ;
#16236=EDGE_LOOP('',(#16237,#16238,#16239,#16240)) ;
#16267=EDGE_LOOP('',(#16268,#16269,#16270,#16271)) ;
#16279=EDGE_LOOP('',(#16280,#16281,#16282,#16283)) ;
#16303=EDGE_LOOP('',(#16304,#16305,#16306,#16307)) ;
#16320=EDGE_LOOP('',(#16321,#16322,#16323,#16324)) ;
#16351=EDGE_LOOP('',(#16352,#16353,#16354,#16355)) ;
#16363=EDGE_LOOP('',(#16364,#16365,#16366,#16367)) ;
#16387=EDGE_LOOP('',(#16388,#16389,#16390,#16391,#16392,#16393)) ;
#16406=EDGE_LOOP('',(#16407,#16408,#16409,#16410)) ;
#16423=EDGE_LOOP('',(#16424,#16425,#16426,#16427)) ;
#16447=EDGE_LOOP('',(#16448,#16449,#16450,#16451)) ;
#16466=EDGE_LOOP('',(#16467,#16468,#16469,#16470)) ;
#16483=EDGE_LOOP('',(#16484,#16485,#16486,#16487)) ;
#16507=EDGE_LOOP('',(#16508,#16509,#16510,#16511)) ;
#16524=EDGE_LOOP('',(#16525,#16526,#16527,#16528)) ;
#16541=EDGE_LOOP('',(#16542,#16543,#16544,#16545)) ;
#16565=EDGE_LOOP('',(#16566,#16567,#16568,#16569)) ;
#16584=EDGE_LOOP('',(#16585,#16586,#16587,#16588)) ;
#16601=EDGE_LOOP('',(#16602,#16603,#16604,#16605)) ;
#16613=EDGE_LOOP('',(#16614,#16615,#16616,#16617,#16618,#16619,#16620,#16621,#16622,#16623,#16624,#16625,#16626,#16627,#16628,#16629,#16630,#16631,#16632,#16633,#16634,#16635,#16636,#16637,#16638,#16639,#16640,#16641)) ;
#16643=EDGE_LOOP('',(#16644,#16645)) ;
#16647=EDGE_LOOP('',(#16648,#16649)) ;
#16651=EDGE_LOOP('',(#16652,#16653)) ;
#16655=EDGE_LOOP('',(#16656,#16657)) ;
#16659=EDGE_LOOP('',(#16660,#16661)) ;
#16663=EDGE_LOOP('',(#16664,#16665)) ;
#16667=EDGE_LOOP('',(#16668,#16669)) ;
#16671=EDGE_LOOP('',(#16672,#16673)) ;
#16675=EDGE_LOOP('',(#16676,#16677)) ;
#16679=EDGE_LOOP('',(#16680,#16681)) ;
#16683=EDGE_LOOP('',(#16684,#16685)) ;
#16687=EDGE_LOOP('',(#16688,#16689)) ;
#16691=EDGE_LOOP('',(#16692,#16693)) ;
#16695=EDGE_LOOP('',(#16696,#16697,#16698,#16699,#16700)) ;
#16702=EDGE_LOOP('',(#16703,#16704,#16705,#16706,#16707)) ;
#16709=EDGE_LOOP('',(#16710,#16711,#16712,#16713)) ;
#16715=EDGE_LOOP('',(#16716,#16717,#16718,#16719)) ;
#16721=EDGE_LOOP('',(#16722,#16723,#16724,#16725)) ;
#16727=EDGE_LOOP('',(#16728,#16729,#16730,#16731)) ;
#16733=EDGE_LOOP('',(#16734,#16735)) ;
#16737=EDGE_LOOP('',(#16738,#16739)) ;
#16741=EDGE_LOOP('',(#16742,#16743)) ;
#16745=EDGE_LOOP('',(#16746,#16747)) ;
#16749=EDGE_LOOP('',(#16750,#16751)) ;
#16753=EDGE_LOOP('',(#16754,#16755)) ;
#16757=EDGE_LOOP('',(#16758,#16759)) ;
#16761=EDGE_LOOP('',(#16762,#16763)) ;
#16765=EDGE_LOOP('',(#16766,#16767)) ;
#16769=EDGE_LOOP('',(#16770,#16771)) ;
#16773=EDGE_LOOP('',(#16774,#16775)) ;
#16777=EDGE_LOOP('',(#16778,#16779)) ;
#16781=EDGE_LOOP('',(#16782,#16783)) ;
#16785=EDGE_LOOP('',(#16786,#16787)) ;
#16789=EDGE_LOOP('',(#16790,#16791)) ;
#16793=EDGE_LOOP('',(#16794,#16795)) ;
#16797=EDGE_LOOP('',(#16798,#16799)) ;
#16801=EDGE_LOOP('',(#16802,#16803)) ;
#16805=EDGE_LOOP('',(#16806,#16807)) ;
#16809=EDGE_LOOP('',(#16810,#16811)) ;
#16813=EDGE_LOOP('',(#16814,#16815)) ;
#16817=EDGE_LOOP('',(#16818,#16819)) ;
#16821=EDGE_LOOP('',(#16822,#16823)) ;
#16825=EDGE_LOOP('',(#16826,#16827)) ;
#16829=EDGE_LOOP('',(#16830,#16831)) ;
#16833=EDGE_LOOP('',(#16834,#16835)) ;
#16837=EDGE_LOOP('',(#16838,#16839)) ;
#16841=EDGE_LOOP('',(#16842,#16843)) ;
#16845=EDGE_LOOP('',(#16846,#16847)) ;
#16849=EDGE_LOOP('',(#16850,#16851)) ;
#16853=EDGE_LOOP('',(#16854,#16855)) ;
#16857=EDGE_LOOP('',(#16858,#16859)) ;
#16861=EDGE_LOOP('',(#16862,#16863)) ;
#16865=EDGE_LOOP('',(#16866,#16867)) ;
#16869=EDGE_LOOP('',(#16870,#16871)) ;
#16873=EDGE_LOOP('',(#16874,#16875)) ;
#16877=EDGE_LOOP('',(#16878,#16879)) ;
#16881=EDGE_LOOP('',(#16882,#16883)) ;
#16885=EDGE_LOOP('',(#16886,#16887)) ;
#16889=EDGE_LOOP('',(#16890,#16891)) ;
#16893=EDGE_LOOP('',(#16894,#16895)) ;
#16897=EDGE_LOOP('',(#16898,#16899)) ;
#16901=EDGE_LOOP('',(#16902,#16903)) ;
#16905=EDGE_LOOP('',(#16906,#16907)) ;
#16909=EDGE_LOOP('',(#16910,#16911,#16912,#16913)) ;
#16915=EDGE_LOOP('',(#16916,#16917,#16918,#16919)) ;
#16921=EDGE_LOOP('',(#16922,#16923,#16924,#16925)) ;
#16927=EDGE_LOOP('',(#16928,#16929,#16930,#16931)) ;
#16933=EDGE_LOOP('',(#16934,#16935)) ;
#16937=EDGE_LOOP('',(#16938,#16939)) ;
#16941=EDGE_LOOP('',(#16942,#16943)) ;
#16945=EDGE_LOOP('',(#16946,#16947)) ;
#16949=EDGE_LOOP('',(#16950,#16951)) ;
#16953=EDGE_LOOP('',(#16954,#16955)) ;
#16957=EDGE_LOOP('',(#16958,#16959,#16960,#16961)) ;
#16963=EDGE_LOOP('',(#16964,#16965,#16966,#16967)) ;
#16969=EDGE_LOOP('',(#16970,#16971,#16972,#16973)) ;
#16975=EDGE_LOOP('',(#16976,#16977,#16978,#16979)) ;
#16981=EDGE_LOOP('',(#16982,#16983,#16984,#16985)) ;
#16987=EDGE_LOOP('',(#16988,#16989,#16990,#16991)) ;
#16993=EDGE_LOOP('',(#16994,#16995,#16996,#16997)) ;
#16999=EDGE_LOOP('',(#17000,#17001)) ;
#17003=EDGE_LOOP('',(#17004,#17005)) ;
#17007=EDGE_LOOP('',(#17008,#17009)) ;
#17011=EDGE_LOOP('',(#17012,#17013)) ;
#17015=EDGE_LOOP('',(#17016,#17017)) ;
#17019=EDGE_LOOP('',(#17020,#17021)) ;
#17023=EDGE_LOOP('',(#17024,#17025)) ;
#17027=EDGE_LOOP('',(#17028,#17029)) ;
#17031=EDGE_LOOP('',(#17032,#17033)) ;
#17035=EDGE_LOOP('',(#17036,#17037)) ;
#17039=EDGE_LOOP('',(#17040,#17041)) ;
#17043=EDGE_LOOP('',(#17044,#17045)) ;
#17047=EDGE_LOOP('',(#17048,#17049)) ;
#17051=EDGE_LOOP('',(#17052,#17053)) ;
#17055=EDGE_LOOP('',(#17056,#17057)) ;
#17059=EDGE_LOOP('',(#17060,#17061)) ;
#17063=EDGE_LOOP('',(#17064,#17065)) ;
#17067=EDGE_LOOP('',(#17068,#17069)) ;
#17071=EDGE_LOOP('',(#17072,#17073)) ;
#17075=EDGE_LOOP('',(#17076,#17077)) ;
#17079=EDGE_LOOP('',(#17080,#17081)) ;
#17083=EDGE_LOOP('',(#17084,#17085)) ;
#17087=EDGE_LOOP('',(#17088,#17089)) ;
#17091=EDGE_LOOP('',(#17092,#17093)) ;
#17095=EDGE_LOOP('',(#17096,#17097)) ;
#17099=EDGE_LOOP('',(#17100,#17101)) ;
#17103=EDGE_LOOP('',(#17104,#17105)) ;
#17107=EDGE_LOOP('',(#17108,#17109)) ;
#17111=EDGE_LOOP('',(#17112,#17113)) ;
#17115=EDGE_LOOP('',(#17116,#17117)) ;
#17119=EDGE_LOOP('',(#17120,#17121)) ;
#17123=EDGE_LOOP('',(#17124,#17125)) ;
#17127=EDGE_LOOP('',(#17128,#17129)) ;
#17131=EDGE_LOOP('',(#17132,#17133)) ;
#17135=EDGE_LOOP('',(#17136,#17137)) ;
#17139=EDGE_LOOP('',(#17140,#17141)) ;
#17143=EDGE_LOOP('',(#17144,#17145)) ;
#17147=EDGE_LOOP('',(#17148,#17149)) ;
#17151=EDGE_LOOP('',(#17152,#17153,#17154,#17155)) ;
#17157=EDGE_LOOP('',(#17158,#17159)) ;
#17161=EDGE_LOOP('',(#17162,#17163)) ;
#17165=EDGE_LOOP('',(#17166,#17167)) ;
#17169=EDGE_LOOP('',(#17170,#17171)) ;
#17173=EDGE_LOOP('',(#17174,#17175)) ;
#17177=EDGE_LOOP('',(#17178,#17179)) ;
#17181=EDGE_LOOP('',(#17182,#17183)) ;
#17185=EDGE_LOOP('',(#17186,#17187)) ;
#17189=EDGE_LOOP('',(#17190,#17191)) ;
#17193=EDGE_LOOP('',(#17194,#17195)) ;
#17197=EDGE_LOOP('',(#17198,#17199)) ;
#17201=EDGE_LOOP('',(#17202,#17203)) ;
#17205=EDGE_LOOP('',(#17206,#17207)) ;
#17209=EDGE_LOOP('',(#17210,#17211)) ;
#17213=EDGE_LOOP('',(#17214,#17215)) ;
#17217=EDGE_LOOP('',(#17218,#17219)) ;
#17221=EDGE_LOOP('',(#17222,#17223)) ;
#17225=EDGE_LOOP('',(#17226,#17227)) ;
#17229=EDGE_LOOP('',(#17230,#17231)) ;
#17233=EDGE_LOOP('',(#17234,#17235)) ;
#17237=EDGE_LOOP('',(#17238,#17239)) ;
#17241=EDGE_LOOP('',(#17242,#17243)) ;
#17245=EDGE_LOOP('',(#17246,#17247)) ;
#17249=EDGE_LOOP('',(#17250,#17251)) ;
#17253=EDGE_LOOP('',(#17254,#17255)) ;
#17257=EDGE_LOOP('',(#17258,#17259)) ;
#17261=EDGE_LOOP('',(#17262,#17263)) ;
#17265=EDGE_LOOP('',(#17266,#17267)) ;
#17269=EDGE_LOOP('',(#17270,#17271)) ;
#17273=EDGE_LOOP('',(#17274,#17275)) ;
#17277=EDGE_LOOP('',(#17278,#17279)) ;
#17281=EDGE_LOOP('',(#17282,#17283)) ;
#17285=EDGE_LOOP('',(#17286,#17287,#17288,#17289)) ;
#17291=EDGE_LOOP('',(#17292,#17293,#17294,#17295)) ;
#17297=EDGE_LOOP('',(#17298,#17299,#17300,#17301)) ;
#17303=EDGE_LOOP('',(#17304,#17305,#17306,#17307)) ;
#17309=EDGE_LOOP('',(#17310,#17311,#17312,#17313)) ;
#17315=EDGE_LOOP('',(#17316,#17317)) ;
#17319=EDGE_LOOP('',(#17320,#17321)) ;
#17323=EDGE_LOOP('',(#17324,#17325)) ;
#17327=EDGE_LOOP('',(#17328,#17329)) ;
#17331=EDGE_LOOP('',(#17332,#17333)) ;
#17335=EDGE_LOOP('',(#17336,#17337)) ;
#17339=EDGE_LOOP('',(#17340,#17341)) ;
#17343=EDGE_LOOP('',(#17344,#17345)) ;
#17347=EDGE_LOOP('',(#17348,#17349)) ;
#17351=EDGE_LOOP('',(#17352,#17353)) ;
#17355=EDGE_LOOP('',(#17356,#17357,#17358,#17359,#17360,#17361,#17362,#17363)) ;
#17365=EDGE_LOOP('',(#17366,#17367,#17368,#17369,#17370,#17371,#17372,#17373)) ;
#17375=EDGE_LOOP('',(#17376,#17377)) ;
#17379=EDGE_LOOP('',(#17380,#17381)) ;
#17383=EDGE_LOOP('',(#17384,#17385)) ;
#17387=EDGE_LOOP('',(#17388,#17389)) ;
#17391=EDGE_LOOP('',(#17392,#17393)) ;
#17395=EDGE_LOOP('',(#17396,#17397)) ;
#17399=EDGE_LOOP('',(#17400,#17401)) ;
#17403=EDGE_LOOP('',(#17404,#17405)) ;
#17407=EDGE_LOOP('',(#17408,#17409)) ;
#17411=EDGE_LOOP('',(#17412,#17413)) ;
#17415=EDGE_LOOP('',(#17416,#17417)) ;
#17419=EDGE_LOOP('',(#17420,#17421)) ;
#17423=EDGE_LOOP('',(#17424,#17425)) ;
#17427=EDGE_LOOP('',(#17428,#17429)) ;
#17431=EDGE_LOOP('',(#17432,#17433)) ;
#17435=EDGE_LOOP('',(#17436,#17437)) ;
#17439=EDGE_LOOP('',(#17440,#17441)) ;
#17443=EDGE_LOOP('',(#17444,#17445)) ;
#17447=EDGE_LOOP('',(#17448,#17449)) ;
#17451=EDGE_LOOP('',(#17452,#17453)) ;
#17455=EDGE_LOOP('',(#17456,#17457)) ;
#17459=EDGE_LOOP('',(#17460,#17461)) ;
#17463=EDGE_LOOP('',(#17464,#17465)) ;
#17467=EDGE_LOOP('',(#17468,#17469)) ;
#17471=EDGE_LOOP('',(#17472,#17473)) ;
#17475=EDGE_LOOP('',(#17476,#17477)) ;
#17479=EDGE_LOOP('',(#17480,#17481)) ;
#17483=EDGE_LOOP('',(#17484,#17485)) ;
#17487=EDGE_LOOP('',(#17488,#17489)) ;
#17491=EDGE_LOOP('',(#17492,#17493)) ;
#17495=EDGE_LOOP('',(#17496,#17497)) ;
#17499=EDGE_LOOP('',(#17500,#17501)) ;
#17503=EDGE_LOOP('',(#17504,#17505)) ;
#17507=EDGE_LOOP('',(#17508,#17509)) ;
#17511=EDGE_LOOP('',(#17512,#17513)) ;
#17515=EDGE_LOOP('',(#17516,#17517)) ;
#17519=EDGE_LOOP('',(#17520,#17521)) ;
#17523=EDGE_LOOP('',(#17524,#17525)) ;
#17527=EDGE_LOOP('',(#17528,#17529)) ;
#17531=EDGE_LOOP('',(#17532,#17533,#17534,#17535,#17536,#17537)) ;
#17539=EDGE_LOOP('',(#17540,#17541,#17542,#17543)) ;
#17545=EDGE_LOOP('',(#17546,#17547)) ;
#17549=EDGE_LOOP('',(#17550,#17551)) ;
#17553=EDGE_LOOP('',(#17554,#17555)) ;
#17557=EDGE_LOOP('',(#17558,#17559)) ;
#17561=EDGE_LOOP('',(#17562,#17563)) ;
#17565=EDGE_LOOP('',(#17566,#17567)) ;
#17569=EDGE_LOOP('',(#17570,#17571)) ;
#17573=EDGE_LOOP('',(#17574,#17575)) ;
#17577=EDGE_LOOP('',(#17578,#17579)) ;
#108=FACE_OUTER_BOUND('',#103,.T.) ;
#361=FACE_OUTER_BOUND('',#332,.T.) ;
#4966=FACE_OUTER_BOUND('',#4961,.T.) ;
#4997=FACE_OUTER_BOUND('',#4992,.T.) ;
#5021=FACE_OUTER_BOUND('',#5016,.T.) ;
#5045=FACE_OUTER_BOUND('',#5040,.T.) ;
#5069=FACE_OUTER_BOUND('',#5064,.T.) ;
#5093=FACE_OUTER_BOUND('',#5088,.T.) ;
#5117=FACE_OUTER_BOUND('',#5112,.T.) ;
#5148=FACE_OUTER_BOUND('',#5143,.T.) ;
#5172=FACE_OUTER_BOUND('',#5167,.T.) ;
#5203=FACE_OUTER_BOUND('',#5198,.T.) ;
#5227=FACE_OUTER_BOUND('',#5222,.T.) ;
#5253=FACE_OUTER_BOUND('',#5248,.T.) ;
#5277=FACE_OUTER_BOUND('',#5272,.T.) ;
#5301=FACE_OUTER_BOUND('',#5296,.T.) ;
#5325=FACE_OUTER_BOUND('',#5320,.T.) ;
#5344=FACE_OUTER_BOUND('',#5339,.T.) ;
#5368=FACE_OUTER_BOUND('',#5363,.T.) ;
#5399=FACE_OUTER_BOUND('',#5394,.T.) ;
#5411=FACE_OUTER_BOUND('',#5406,.T.) ;
#5442=FACE_OUTER_BOUND('',#5437,.T.) ;
#5454=FACE_OUTER_BOUND('',#5449,.T.) ;
#5485=FACE_OUTER_BOUND('',#5480,.T.) ;
#5497=FACE_OUTER_BOUND('',#5492,.T.) ;
#5528=FACE_OUTER_BOUND('',#5523,.T.) ;
#5540=FACE_OUTER_BOUND('',#5535,.T.) ;
#5571=FACE_OUTER_BOUND('',#5566,.T.) ;
#5583=FACE_OUTER_BOUND('',#5578,.T.) ;
#5614=FACE_OUTER_BOUND('',#5609,.T.) ;
#5626=FACE_OUTER_BOUND('',#5621,.T.) ;
#5657=FACE_OUTER_BOUND('',#5652,.T.) ;
#5669=FACE_OUTER_BOUND('',#5664,.T.) ;
#5700=FACE_OUTER_BOUND('',#5695,.T.) ;
#5712=FACE_OUTER_BOUND('',#5707,.T.) ;
#5743=FACE_OUTER_BOUND('',#5738,.T.) ;
#5755=FACE_OUTER_BOUND('',#5750,.T.) ;
#5786=FACE_OUTER_BOUND('',#5781,.T.) ;
#5798=FACE_OUTER_BOUND('',#5793,.T.) ;
#5829=FACE_OUTER_BOUND('',#5824,.T.) ;
#5841=FACE_OUTER_BOUND('',#5836,.T.) ;
#5872=FACE_OUTER_BOUND('',#5867,.T.) ;
#5884=FACE_OUTER_BOUND('',#5879,.T.) ;
#5915=FACE_OUTER_BOUND('',#5910,.T.) ;
#5946=FACE_OUTER_BOUND('',#5941,.T.) ;
#5986=FACE_OUTER_BOUND('',#5979,.T.) ;
#6010=FACE_OUTER_BOUND('',#6005,.T.) ;
#6041=FACE_OUTER_BOUND('',#6036,.T.) ;
#6065=FACE_OUTER_BOUND('',#6060,.T.) ;
#6089=FACE_OUTER_BOUND('',#6084,.T.) ;
#6106=FACE_OUTER_BOUND('',#6101,.T.) ;
#6137=FACE_OUTER_BOUND('',#6132,.T.) ;
#6161=FACE_OUTER_BOUND('',#6156,.T.) ;
#6185=FACE_OUTER_BOUND('',#6180,.T.) ;
#6202=FACE_OUTER_BOUND('',#6197,.T.) ;
#6228=FACE_OUTER_BOUND('',#6223,.T.) ;
#6252=FACE_OUTER_BOUND('',#6247,.T.) ;
#6271=FACE_OUTER_BOUND('',#6266,.T.) ;
#6288=FACE_OUTER_BOUND('',#6283,.T.) ;
#6319=FACE_OUTER_BOUND('',#6314,.T.) ;
#6338=FACE_OUTER_BOUND('',#6333,.T.) ;
#6362=FACE_OUTER_BOUND('',#6357,.T.) ;
#6374=FACE_OUTER_BOUND('',#6369,.T.) ;
#6405=FACE_OUTER_BOUND('',#6400,.T.) ;
#6417=FACE_OUTER_BOUND('',#6412,.T.) ;
#6448=FACE_OUTER_BOUND('',#6443,.T.) ;
#6460=FACE_OUTER_BOUND('',#6455,.T.) ;
#6491=FACE_OUTER_BOUND('',#6486,.T.) ;
#6503=FACE_OUTER_BOUND('',#6498,.T.) ;
#6534=FACE_OUTER_BOUND('',#6529,.T.) ;
#6546=FACE_OUTER_BOUND('',#6541,.T.) ;
#6577=FACE_OUTER_BOUND('',#6572,.T.) ;
#6589=FACE_OUTER_BOUND('',#6584,.T.) ;
#6620=FACE_OUTER_BOUND('',#6615,.T.) ;
#6632=FACE_OUTER_BOUND('',#6627,.T.) ;
#6663=FACE_OUTER_BOUND('',#6658,.T.) ;
#6675=FACE_OUTER_BOUND('',#6670,.T.) ;
#6706=FACE_OUTER_BOUND('',#6701,.T.) ;
#6718=FACE_OUTER_BOUND('',#6713,.T.) ;
#6749=FACE_OUTER_BOUND('',#6744,.T.) ;
#6761=FACE_OUTER_BOUND('',#6756,.T.) ;
#6792=FACE_OUTER_BOUND('',#6787,.T.) ;
#6804=FACE_OUTER_BOUND('',#6799,.T.) ;
#6835=FACE_OUTER_BOUND('',#6830,.T.) ;
#6847=FACE_OUTER_BOUND('',#6842,.T.) ;
#6878=FACE_OUTER_BOUND('',#6873,.T.) ;
#6890=FACE_OUTER_BOUND('',#6885,.T.) ;
#6921=FACE_OUTER_BOUND('',#6916,.T.) ;
#6933=FACE_OUTER_BOUND('',#6928,.T.) ;
#6964=FACE_OUTER_BOUND('',#6959,.T.) ;
#6976=FACE_OUTER_BOUND('',#6971,.T.) ;
#7007=FACE_OUTER_BOUND('',#7002,.T.) ;
#7019=FACE_OUTER_BOUND('',#7014,.T.) ;
#7050=FACE_OUTER_BOUND('',#7045,.T.) ;
#7062=FACE_OUTER_BOUND('',#7057,.T.) ;
#7093=FACE_OUTER_BOUND('',#7088,.T.) ;
#7105=FACE_OUTER_BOUND('',#7100,.T.) ;
#7136=FACE_OUTER_BOUND('',#7131,.T.) ;
#7148=FACE_OUTER_BOUND('',#7143,.T.) ;
#7179=FACE_OUTER_BOUND('',#7174,.T.) ;
#7191=FACE_OUTER_BOUND('',#7186,.T.) ;
#7222=FACE_OUTER_BOUND('',#7217,.T.) ;
#7234=FACE_OUTER_BOUND('',#7229,.T.) ;
#7265=FACE_OUTER_BOUND('',#7260,.T.) ;
#7277=FACE_OUTER_BOUND('',#7272,.T.) ;
#7308=FACE_OUTER_BOUND('',#7303,.T.) ;
#7320=FACE_OUTER_BOUND('',#7315,.T.) ;
#7351=FACE_OUTER_BOUND('',#7346,.T.) ;
#7363=FACE_OUTER_BOUND('',#7358,.T.) ;
#7394=FACE_OUTER_BOUND('',#7389,.T.) ;
#7406=FACE_OUTER_BOUND('',#7401,.T.) ;
#7437=FACE_OUTER_BOUND('',#7432,.T.) ;
#7449=FACE_OUTER_BOUND('',#7444,.T.) ;
#7480=FACE_OUTER_BOUND('',#7475,.T.) ;
#7492=FACE_OUTER_BOUND('',#7487,.T.) ;
#7523=FACE_OUTER_BOUND('',#7518,.T.) ;
#7535=FACE_OUTER_BOUND('',#7530,.T.) ;
#7566=FACE_OUTER_BOUND('',#7561,.T.) ;
#7578=FACE_OUTER_BOUND('',#7573,.T.) ;
#7609=FACE_OUTER_BOUND('',#7604,.T.) ;
#7621=FACE_OUTER_BOUND('',#7616,.T.) ;
#7652=FACE_OUTER_BOUND('',#7647,.T.) ;
#7664=FACE_OUTER_BOUND('',#7659,.T.) ;
#7695=FACE_OUTER_BOUND('',#7690,.T.) ;
#7707=FACE_OUTER_BOUND('',#7702,.T.) ;
#7738=FACE_OUTER_BOUND('',#7733,.T.) ;
#7750=FACE_OUTER_BOUND('',#7745,.T.) ;
#7781=FACE_OUTER_BOUND('',#7776,.T.) ;
#7793=FACE_OUTER_BOUND('',#7788,.T.) ;
#7824=FACE_OUTER_BOUND('',#7819,.T.) ;
#7836=FACE_OUTER_BOUND('',#7831,.T.) ;
#7867=FACE_OUTER_BOUND('',#7862,.T.) ;
#7879=FACE_OUTER_BOUND('',#7874,.T.) ;
#7910=FACE_OUTER_BOUND('',#7905,.T.) ;
#7922=FACE_OUTER_BOUND('',#7917,.T.) ;
#7953=FACE_OUTER_BOUND('',#7948,.T.) ;
#7965=FACE_OUTER_BOUND('',#7960,.T.) ;
#7996=FACE_OUTER_BOUND('',#7991,.T.) ;
#8008=FACE_OUTER_BOUND('',#8003,.T.) ;
#8039=FACE_OUTER_BOUND('',#8034,.T.) ;
#8051=FACE_OUTER_BOUND('',#8046,.T.) ;
#8082=FACE_OUTER_BOUND('',#8077,.T.) ;
#8094=FACE_OUTER_BOUND('',#8089,.T.) ;
#8125=FACE_OUTER_BOUND('',#8120,.T.) ;
#8137=FACE_OUTER_BOUND('',#8132,.T.) ;
#8168=FACE_OUTER_BOUND('',#8163,.T.) ;
#8180=FACE_OUTER_BOUND('',#8175,.T.) ;
#8211=FACE_OUTER_BOUND('',#8206,.T.) ;
#8223=FACE_OUTER_BOUND('',#8218,.T.) ;
#8254=FACE_OUTER_BOUND('',#8249,.T.) ;
#8266=FACE_OUTER_BOUND('',#8261,.T.) ;
#8297=FACE_OUTER_BOUND('',#8292,.T.) ;
#8321=FACE_OUTER_BOUND('',#8316,.T.) ;
#8345=FACE_OUTER_BOUND('',#8340,.T.) ;
#8362=FACE_OUTER_BOUND('',#8357,.T.) ;
#8393=FACE_OUTER_BOUND('',#8388,.T.) ;
#8417=FACE_OUTER_BOUND('',#8412,.T.) ;
#8441=FACE_OUTER_BOUND('',#8436,.T.) ;
#8458=FACE_OUTER_BOUND('',#8453,.T.) ;
#8489=FACE_OUTER_BOUND('',#8484,.T.) ;
#8513=FACE_OUTER_BOUND('',#8508,.T.) ;
#8537=FACE_OUTER_BOUND('',#8532,.T.) ;
#8554=FACE_OUTER_BOUND('',#8549,.T.) ;
#8585=FACE_OUTER_BOUND('',#8580,.T.) ;
#8609=FACE_OUTER_BOUND('',#8604,.T.) ;
#8633=FACE_OUTER_BOUND('',#8628,.T.) ;
#8650=FACE_OUTER_BOUND('',#8645,.T.) ;
#8681=FACE_OUTER_BOUND('',#8676,.T.) ;
#8693=FACE_OUTER_BOUND('',#8688,.T.) ;
#8724=FACE_OUTER_BOUND('',#8719,.T.) ;
#8736=FACE_OUTER_BOUND('',#8731,.T.) ;
#8767=FACE_OUTER_BOUND('',#8762,.T.) ;
#8779=FACE_OUTER_BOUND('',#8774,.T.) ;
#8810=FACE_OUTER_BOUND('',#8805,.T.) ;
#8822=FACE_OUTER_BOUND('',#8817,.T.) ;
#8853=FACE_OUTER_BOUND('',#8848,.T.) ;
#8865=FACE_OUTER_BOUND('',#8860,.T.) ;
#8896=FACE_OUTER_BOUND('',#8891,.T.) ;
#8908=FACE_OUTER_BOUND('',#8903,.T.) ;
#8939=FACE_OUTER_BOUND('',#8934,.T.) ;
#8963=FACE_OUTER_BOUND('',#8958,.T.) ;
#8987=FACE_OUTER_BOUND('',#8982,.T.) ;
#9004=FACE_OUTER_BOUND('',#8999,.T.) ;
#9035=FACE_OUTER_BOUND('',#9030,.T.) ;
#9059=FACE_OUTER_BOUND('',#9054,.T.) ;
#9083=FACE_OUTER_BOUND('',#9078,.T.) ;
#9100=FACE_OUTER_BOUND('',#9095,.T.) ;
#9131=FACE_OUTER_BOUND('',#9126,.T.) ;
#9155=FACE_OUTER_BOUND('',#9150,.T.) ;
#9179=FACE_OUTER_BOUND('',#9174,.T.) ;
#9196=FACE_OUTER_BOUND('',#9191,.T.) ;
#9227=FACE_OUTER_BOUND('',#9222,.T.) ;
#9251=FACE_OUTER_BOUND('',#9246,.T.) ;
#9275=FACE_OUTER_BOUND('',#9270,.T.) ;
#9292=FACE_OUTER_BOUND('',#9287,.T.) ;
#9323=FACE_OUTER_BOUND('',#9318,.T.) ;
#9347=FACE_OUTER_BOUND('',#9342,.T.) ;
#9371=FACE_OUTER_BOUND('',#9366,.T.) ;
#9388=FACE_OUTER_BOUND('',#9383,.T.) ;
#9419=FACE_OUTER_BOUND('',#9414,.T.) ;
#9443=FACE_OUTER_BOUND('',#9438,.T.) ;
#9467=FACE_OUTER_BOUND('',#9462,.T.) ;
#9484=FACE_OUTER_BOUND('',#9479,.T.) ;
#9515=FACE_OUTER_BOUND('',#9510,.T.) ;
#9539=FACE_OUTER_BOUND('',#9534,.T.) ;
#9563=FACE_OUTER_BOUND('',#9558,.T.) ;
#9580=FACE_OUTER_BOUND('',#9575,.T.) ;
#9611=FACE_OUTER_BOUND('',#9606,.T.) ;
#9623=FACE_OUTER_BOUND('',#9618,.T.) ;
#9654=FACE_OUTER_BOUND('',#9649,.T.) ;
#9666=FACE_OUTER_BOUND('',#9661,.T.) ;
#9697=FACE_OUTER_BOUND('',#9692,.T.) ;
#9709=FACE_OUTER_BOUND('',#9704,.T.) ;
#9740=FACE_OUTER_BOUND('',#9735,.T.) ;
#9752=FACE_OUTER_BOUND('',#9747,.T.) ;
#9783=FACE_OUTER_BOUND('',#9778,.T.) ;
#9795=FACE_OUTER_BOUND('',#9790,.T.) ;
#9826=FACE_OUTER_BOUND('',#9821,.T.) ;
#9838=FACE_OUTER_BOUND('',#9833,.T.) ;
#9869=FACE_OUTER_BOUND('',#9864,.T.) ;
#9881=FACE_OUTER_BOUND('',#9876,.T.) ;
#9912=FACE_OUTER_BOUND('',#9907,.T.) ;
#9924=FACE_OUTER_BOUND('',#9919,.T.) ;
#9955=FACE_OUTER_BOUND('',#9950,.T.) ;
#9967=FACE_OUTER_BOUND('',#9962,.T.) ;
#9998=FACE_OUTER_BOUND('',#9993,.T.) ;
#10010=FACE_OUTER_BOUND('',#10005,.T.) ;
#10041=FACE_OUTER_BOUND('',#10036,.T.) ;
#10053=FACE_OUTER_BOUND('',#10048,.T.) ;
#10084=FACE_OUTER_BOUND('',#10079,.T.) ;
#10096=FACE_OUTER_BOUND('',#10091,.T.) ;
#10127=FACE_OUTER_BOUND('',#10122,.T.) ;
#10139=FACE_OUTER_BOUND('',#10134,.T.) ;
#10170=FACE_OUTER_BOUND('',#10165,.T.) ;
#10182=FACE_OUTER_BOUND('',#10177,.T.) ;
#10213=FACE_OUTER_BOUND('',#10208,.T.) ;
#10225=FACE_OUTER_BOUND('',#10220,.T.) ;
#10256=FACE_OUTER_BOUND('',#10251,.T.) ;
#10268=FACE_OUTER_BOUND('',#10263,.T.) ;
#10299=FACE_OUTER_BOUND('',#10294,.T.) ;
#10311=FACE_OUTER_BOUND('',#10306,.T.) ;
#10342=FACE_OUTER_BOUND('',#10337,.T.) ;
#10354=FACE_OUTER_BOUND('',#10349,.T.) ;
#10385=FACE_OUTER_BOUND('',#10380,.T.) ;
#10397=FACE_OUTER_BOUND('',#10392,.T.) ;
#10428=FACE_OUTER_BOUND('',#10423,.T.) ;
#10440=FACE_OUTER_BOUND('',#10435,.T.) ;
#10471=FACE_OUTER_BOUND('',#10466,.T.) ;
#10483=FACE_OUTER_BOUND('',#10478,.T.) ;
#10514=FACE_OUTER_BOUND('',#10509,.T.) ;
#10526=FACE_OUTER_BOUND('',#10521,.T.) ;
#10557=FACE_OUTER_BOUND('',#10552,.T.) ;
#10569=FACE_OUTER_BOUND('',#10564,.T.) ;
#10600=FACE_OUTER_BOUND('',#10595,.T.) ;
#10612=FACE_OUTER_BOUND('',#10607,.T.) ;
#10643=FACE_OUTER_BOUND('',#10638,.T.) ;
#10655=FACE_OUTER_BOUND('',#10650,.T.) ;
#10686=FACE_OUTER_BOUND('',#10681,.T.) ;
#10698=FACE_OUTER_BOUND('',#10693,.T.) ;
#10729=FACE_OUTER_BOUND('',#10724,.T.) ;
#10741=FACE_OUTER_BOUND('',#10736,.T.) ;
#10772=FACE_OUTER_BOUND('',#10767,.T.) ;
#10784=FACE_OUTER_BOUND('',#10779,.T.) ;
#10815=FACE_OUTER_BOUND('',#10810,.T.) ;
#10827=FACE_OUTER_BOUND('',#10822,.T.) ;
#10858=FACE_OUTER_BOUND('',#10853,.T.) ;
#10870=FACE_OUTER_BOUND('',#10865,.T.) ;
#10901=FACE_OUTER_BOUND('',#10896,.T.) ;
#10913=FACE_OUTER_BOUND('',#10908,.T.) ;
#10944=FACE_OUTER_BOUND('',#10939,.T.) ;
#10956=FACE_OUTER_BOUND('',#10951,.T.) ;
#10987=FACE_OUTER_BOUND('',#10982,.T.) ;
#10999=FACE_OUTER_BOUND('',#10994,.T.) ;
#11030=FACE_OUTER_BOUND('',#11025,.T.) ;
#11042=FACE_OUTER_BOUND('',#11037,.T.) ;
#11073=FACE_OUTER_BOUND('',#11068,.T.) ;
#11085=FACE_OUTER_BOUND('',#11080,.T.) ;
#11116=FACE_OUTER_BOUND('',#11111,.T.) ;
#11128=FACE_OUTER_BOUND('',#11123,.T.) ;
#11159=FACE_OUTER_BOUND('',#11154,.T.) ;
#11171=FACE_OUTER_BOUND('',#11166,.T.) ;
#11202=FACE_OUTER_BOUND('',#11197,.T.) ;
#11226=FACE_OUTER_BOUND('',#11221,.T.) ;
#11250=FACE_OUTER_BOUND('',#11245,.T.) ;
#11267=FACE_OUTER_BOUND('',#11262,.T.) ;
#11298=FACE_OUTER_BOUND('',#11293,.T.) ;
#11310=FACE_OUTER_BOUND('',#11305,.T.) ;
#11341=FACE_OUTER_BOUND('',#11336,.T.) ;
#11353=FACE_OUTER_BOUND('',#11348,.T.) ;
#11384=FACE_OUTER_BOUND('',#11379,.T.) ;
#11396=FACE_OUTER_BOUND('',#11391,.T.) ;
#11427=FACE_OUTER_BOUND('',#11422,.T.) ;
#11439=FACE_OUTER_BOUND('',#11434,.T.) ;
#11470=FACE_OUTER_BOUND('',#11465,.T.) ;
#11482=FACE_OUTER_BOUND('',#11477,.T.) ;
#11513=FACE_OUTER_BOUND('',#11508,.T.) ;
#11525=FACE_OUTER_BOUND('',#11520,.T.) ;
#11556=FACE_OUTER_BOUND('',#11551,.T.) ;
#11568=FACE_OUTER_BOUND('',#11563,.T.) ;
#11599=FACE_OUTER_BOUND('',#11594,.T.) ;
#11611=FACE_OUTER_BOUND('',#11606,.T.) ;
#11642=FACE_OUTER_BOUND('',#11637,.T.) ;
#11654=FACE_OUTER_BOUND('',#11649,.T.) ;
#11685=FACE_OUTER_BOUND('',#11680,.T.) ;
#11697=FACE_OUTER_BOUND('',#11692,.T.) ;
#11728=FACE_OUTER_BOUND('',#11723,.T.) ;
#11740=FACE_OUTER_BOUND('',#11735,.T.) ;
#11771=FACE_OUTER_BOUND('',#11766,.T.) ;
#11783=FACE_OUTER_BOUND('',#11778,.T.) ;
#11814=FACE_OUTER_BOUND('',#11809,.T.) ;
#11826=FACE_OUTER_BOUND('',#11821,.T.) ;
#11857=FACE_OUTER_BOUND('',#11852,.T.) ;
#11869=FACE_OUTER_BOUND('',#11864,.T.) ;
#11900=FACE_OUTER_BOUND('',#11895,.T.) ;
#11912=FACE_OUTER_BOUND('',#11907,.T.) ;
#11943=FACE_OUTER_BOUND('',#11938,.T.) ;
#11955=FACE_OUTER_BOUND('',#11950,.T.) ;
#11986=FACE_OUTER_BOUND('',#11981,.T.) ;
#11998=FACE_OUTER_BOUND('',#11993,.T.) ;
#12029=FACE_OUTER_BOUND('',#12024,.T.) ;
#12041=FACE_OUTER_BOUND('',#12036,.T.) ;
#12072=FACE_OUTER_BOUND('',#12067,.T.) ;
#12084=FACE_OUTER_BOUND('',#12079,.T.) ;
#12115=FACE_OUTER_BOUND('',#12110,.T.) ;
#12127=FACE_OUTER_BOUND('',#12122,.T.) ;
#12158=FACE_OUTER_BOUND('',#12153,.T.) ;
#12170=FACE_OUTER_BOUND('',#12165,.T.) ;
#12201=FACE_OUTER_BOUND('',#12196,.T.) ;
#12213=FACE_OUTER_BOUND('',#12208,.T.) ;
#12244=FACE_OUTER_BOUND('',#12239,.T.) ;
#12256=FACE_OUTER_BOUND('',#12251,.T.) ;
#12287=FACE_OUTER_BOUND('',#12282,.T.) ;
#12299=FACE_OUTER_BOUND('',#12294,.T.) ;
#12330=FACE_OUTER_BOUND('',#12325,.T.) ;
#12342=FACE_OUTER_BOUND('',#12337,.T.) ;
#12373=FACE_OUTER_BOUND('',#12368,.T.) ;
#12385=FACE_OUTER_BOUND('',#12380,.T.) ;
#12416=FACE_OUTER_BOUND('',#12411,.T.) ;
#12428=FACE_OUTER_BOUND('',#12423,.T.) ;
#12459=FACE_OUTER_BOUND('',#12454,.T.) ;
#12471=FACE_OUTER_BOUND('',#12466,.T.) ;
#12502=FACE_OUTER_BOUND('',#12497,.T.) ;
#12514=FACE_OUTER_BOUND('',#12509,.T.) ;
#12545=FACE_OUTER_BOUND('',#12540,.T.) ;
#12557=FACE_OUTER_BOUND('',#12552,.T.) ;
#12588=FACE_OUTER_BOUND('',#12583,.T.) ;
#12600=FACE_OUTER_BOUND('',#12595,.T.) ;
#12631=FACE_OUTER_BOUND('',#12626,.T.) ;
#12643=FACE_OUTER_BOUND('',#12638,.T.) ;
#12674=FACE_OUTER_BOUND('',#12669,.T.) ;
#12698=FACE_OUTER_BOUND('',#12693,.T.) ;
#12722=FACE_OUTER_BOUND('',#12717,.T.) ;
#12739=FACE_OUTER_BOUND('',#12734,.T.) ;
#12770=FACE_OUTER_BOUND('',#12765,.T.) ;
#12794=FACE_OUTER_BOUND('',#12789,.T.) ;
#12818=FACE_OUTER_BOUND('',#12813,.T.) ;
#12835=FACE_OUTER_BOUND('',#12830,.T.) ;
#12866=FACE_OUTER_BOUND('',#12861,.T.) ;
#12890=FACE_OUTER_BOUND('',#12885,.T.) ;
#12914=FACE_OUTER_BOUND('',#12909,.T.) ;
#12931=FACE_OUTER_BOUND('',#12926,.T.) ;
#12962=FACE_OUTER_BOUND('',#12957,.T.) ;
#12986=FACE_OUTER_BOUND('',#12981,.T.) ;
#13010=FACE_OUTER_BOUND('',#13005,.T.) ;
#13027=FACE_OUTER_BOUND('',#13022,.T.) ;
#13058=FACE_OUTER_BOUND('',#13053,.T.) ;
#13082=FACE_OUTER_BOUND('',#13077,.T.) ;
#13106=FACE_OUTER_BOUND('',#13101,.T.) ;
#13123=FACE_OUTER_BOUND('',#13118,.T.) ;
#13154=FACE_OUTER_BOUND('',#13149,.T.) ;
#13166=FACE_OUTER_BOUND('',#13161,.T.) ;
#13197=FACE_OUTER_BOUND('',#13192,.T.) ;
#13209=FACE_OUTER_BOUND('',#13204,.T.) ;
#13240=FACE_OUTER_BOUND('',#13235,.T.) ;
#13252=FACE_OUTER_BOUND('',#13247,.T.) ;
#13283=FACE_OUTER_BOUND('',#13278,.T.) ;
#13295=FACE_OUTER_BOUND('',#13290,.T.) ;
#13326=FACE_OUTER_BOUND('',#13321,.T.) ;
#13338=FACE_OUTER_BOUND('',#13333,.T.) ;
#13369=FACE_OUTER_BOUND('',#13364,.T.) ;
#13381=FACE_OUTER_BOUND('',#13376,.T.) ;
#13412=FACE_OUTER_BOUND('',#13407,.T.) ;
#13424=FACE_OUTER_BOUND('',#13419,.T.) ;
#13455=FACE_OUTER_BOUND('',#13450,.T.) ;
#13467=FACE_OUTER_BOUND('',#13462,.T.) ;
#13498=FACE_OUTER_BOUND('',#13493,.T.) ;
#13510=FACE_OUTER_BOUND('',#13505,.T.) ;
#13541=FACE_OUTER_BOUND('',#13536,.T.) ;
#13553=FACE_OUTER_BOUND('',#13548,.T.) ;
#13584=FACE_OUTER_BOUND('',#13579,.T.) ;
#13608=FACE_OUTER_BOUND('',#13603,.T.) ;
#13632=FACE_OUTER_BOUND('',#13627,.T.) ;
#13656=FACE_OUTER_BOUND('',#13651,.T.) ;
#13680=FACE_OUTER_BOUND('',#13675,.T.) ;
#13704=FACE_OUTER_BOUND('',#13699,.T.) ;
#13728=FACE_OUTER_BOUND('',#13723,.T.) ;
#13745=FACE_OUTER_BOUND('',#13740,.T.) ;
#13776=FACE_OUTER_BOUND('',#13771,.T.) ;
#13800=FACE_OUTER_BOUND('',#13795,.T.) ;
#13824=FACE_OUTER_BOUND('',#13819,.T.) ;
#13848=FACE_OUTER_BOUND('',#13843,.T.) ;
#13872=FACE_OUTER_BOUND('',#13867,.T.) ;
#13896=FACE_OUTER_BOUND('',#13891,.T.) ;
#13920=FACE_OUTER_BOUND('',#13915,.T.) ;
#13937=FACE_OUTER_BOUND('',#13932,.T.) ;
#13968=FACE_OUTER_BOUND('',#13963,.T.) ;
#13980=FACE_OUTER_BOUND('',#13975,.T.) ;
#14011=FACE_OUTER_BOUND('',#14006,.T.) ;
#14023=FACE_OUTER_BOUND('',#14018,.T.) ;
#14054=FACE_OUTER_BOUND('',#14049,.T.) ;
#14066=FACE_OUTER_BOUND('',#14061,.T.) ;
#14097=FACE_OUTER_BOUND('',#14092,.T.) ;
#14109=FACE_OUTER_BOUND('',#14104,.T.) ;
#14140=FACE_OUTER_BOUND('',#14135,.T.) ;
#14152=FACE_OUTER_BOUND('',#14147,.T.) ;
#14183=FACE_OUTER_BOUND('',#14178,.T.) ;
#14195=FACE_OUTER_BOUND('',#14190,.T.) ;
#14226=FACE_OUTER_BOUND('',#14221,.T.) ;
#14238=FACE_OUTER_BOUND('',#14233,.T.) ;
#14269=FACE_OUTER_BOUND('',#14264,.T.) ;
#14281=FACE_OUTER_BOUND('',#14276,.T.) ;
#14312=FACE_OUTER_BOUND('',#14307,.T.) ;
#14324=FACE_OUTER_BOUND('',#14319,.T.) ;
#14355=FACE_OUTER_BOUND('',#14350,.T.) ;
#14367=FACE_OUTER_BOUND('',#14362,.T.) ;
#14398=FACE_OUTER_BOUND('',#14393,.T.) ;
#14410=FACE_OUTER_BOUND('',#14405,.T.) ;
#14441=FACE_OUTER_BOUND('',#14436,.T.) ;
#14453=FACE_OUTER_BOUND('',#14448,.T.) ;
#14484=FACE_OUTER_BOUND('',#14479,.T.) ;
#14496=FACE_OUTER_BOUND('',#14491,.T.) ;
#14527=FACE_OUTER_BOUND('',#14522,.T.) ;
#14539=FACE_OUTER_BOUND('',#14534,.T.) ;
#14570=FACE_OUTER_BOUND('',#14565,.T.) ;
#14582=FACE_OUTER_BOUND('',#14577,.T.) ;
#14613=FACE_OUTER_BOUND('',#14608,.T.) ;
#14625=FACE_OUTER_BOUND('',#14620,.T.) ;
#14656=FACE_OUTER_BOUND('',#14651,.T.) ;
#14668=FACE_OUTER_BOUND('',#14663,.T.) ;
#14699=FACE_OUTER_BOUND('',#14694,.T.) ;
#14711=FACE_OUTER_BOUND('',#14706,.T.) ;
#14742=FACE_OUTER_BOUND('',#14737,.T.) ;
#14754=FACE_OUTER_BOUND('',#14749,.T.) ;
#14785=FACE_OUTER_BOUND('',#14780,.T.) ;
#14797=FACE_OUTER_BOUND('',#14792,.T.) ;
#14828=FACE_OUTER_BOUND('',#14823,.T.) ;
#14840=FACE_OUTER_BOUND('',#14835,.T.) ;
#14871=FACE_OUTER_BOUND('',#14866,.T.) ;
#14883=FACE_OUTER_BOUND('',#14878,.T.) ;
#14914=FACE_OUTER_BOUND('',#14909,.T.) ;
#14926=FACE_OUTER_BOUND('',#14921,.T.) ;
#14957=FACE_OUTER_BOUND('',#14952,.T.) ;
#14969=FACE_OUTER_BOUND('',#14964,.T.) ;
#15000=FACE_OUTER_BOUND('',#14995,.T.) ;
#15012=FACE_OUTER_BOUND('',#15007,.T.) ;
#15043=FACE_OUTER_BOUND('',#15038,.T.) ;
#15055=FACE_OUTER_BOUND('',#15050,.T.) ;
#15086=FACE_OUTER_BOUND('',#15081,.T.) ;
#15098=FACE_OUTER_BOUND('',#15093,.T.) ;
#15129=FACE_OUTER_BOUND('',#15124,.T.) ;
#15141=FACE_OUTER_BOUND('',#15136,.T.) ;
#15172=FACE_OUTER_BOUND('',#15167,.T.) ;
#15184=FACE_OUTER_BOUND('',#15179,.T.) ;
#15215=FACE_OUTER_BOUND('',#15210,.T.) ;
#15227=FACE_OUTER_BOUND('',#15222,.T.) ;
#15258=FACE_OUTER_BOUND('',#15253,.T.) ;
#15270=FACE_OUTER_BOUND('',#15265,.T.) ;
#15301=FACE_OUTER_BOUND('',#15296,.T.) ;
#15313=FACE_OUTER_BOUND('',#15308,.T.) ;
#15344=FACE_OUTER_BOUND('',#15339,.T.) ;
#15356=FACE_OUTER_BOUND('',#15351,.T.) ;
#15387=FACE_OUTER_BOUND('',#15382,.T.) ;
#15399=FACE_OUTER_BOUND('',#15394,.T.) ;
#15430=FACE_OUTER_BOUND('',#15425,.T.) ;
#15442=FACE_OUTER_BOUND('',#15437,.T.) ;
#15473=FACE_OUTER_BOUND('',#15468,.T.) ;
#15485=FACE_OUTER_BOUND('',#15480,.T.) ;
#15516=FACE_OUTER_BOUND('',#15511,.T.) ;
#15528=FACE_OUTER_BOUND('',#15523,.T.) ;
#15559=FACE_OUTER_BOUND('',#15554,.T.) ;
#15571=FACE_OUTER_BOUND('',#15566,.T.) ;
#15602=FACE_OUTER_BOUND('',#15597,.T.) ;
#15614=FACE_OUTER_BOUND('',#15609,.T.) ;
#15645=FACE_OUTER_BOUND('',#15640,.T.) ;
#15669=FACE_OUTER_BOUND('',#15664,.T.) ;
#15693=FACE_OUTER_BOUND('',#15688,.T.) ;
#15717=FACE_OUTER_BOUND('',#15712,.T.) ;
#15741=FACE_OUTER_BOUND('',#15736,.T.) ;
#15758=FACE_OUTER_BOUND('',#15753,.T.) ;
#15789=FACE_OUTER_BOUND('',#15784,.T.) ;
#15813=FACE_OUTER_BOUND('',#15808,.T.) ;
#15837=FACE_OUTER_BOUND('',#15832,.T.) ;
#15854=FACE_OUTER_BOUND('',#15849,.T.) ;
#15885=FACE_OUTER_BOUND('',#15880,.T.) ;
#15897=FACE_OUTER_BOUND('',#15892,.T.) ;
#15928=FACE_OUTER_BOUND('',#15923,.T.) ;
#15940=FACE_OUTER_BOUND('',#15935,.T.) ;
#15971=FACE_OUTER_BOUND('',#15966,.T.) ;
#15983=FACE_OUTER_BOUND('',#15978,.T.) ;
#16014=FACE_OUTER_BOUND('',#16009,.T.) ;
#16026=FACE_OUTER_BOUND('',#16021,.T.) ;
#16057=FACE_OUTER_BOUND('',#16052,.T.) ;
#16069=FACE_OUTER_BOUND('',#16064,.T.) ;
#16100=FACE_OUTER_BOUND('',#16095,.T.) ;
#16112=FACE_OUTER_BOUND('',#16107,.T.) ;
#16143=FACE_OUTER_BOUND('',#16138,.T.) ;
#16155=FACE_OUTER_BOUND('',#16150,.T.) ;
#16186=FACE_OUTER_BOUND('',#16181,.T.) ;
#16198=FACE_OUTER_BOUND('',#16193,.T.) ;
#16229=FACE_OUTER_BOUND('',#16224,.T.) ;
#16241=FACE_OUTER_BOUND('',#16236,.T.) ;
#16272=FACE_OUTER_BOUND('',#16267,.T.) ;
#16284=FACE_OUTER_BOUND('',#16279,.T.) ;
#16308=FACE_OUTER_BOUND('',#16303,.T.) ;
#16325=FACE_OUTER_BOUND('',#16320,.T.) ;
#16356=FACE_OUTER_BOUND('',#16351,.T.) ;
#16368=FACE_OUTER_BOUND('',#16363,.T.) ;
#16394=FACE_OUTER_BOUND('',#16387,.T.) ;
#16411=FACE_OUTER_BOUND('',#16406,.T.) ;
#16428=FACE_OUTER_BOUND('',#16423,.T.) ;
#16452=FACE_OUTER_BOUND('',#16447,.T.) ;
#16471=FACE_OUTER_BOUND('',#16466,.T.) ;
#16488=FACE_OUTER_BOUND('',#16483,.T.) ;
#16512=FACE_OUTER_BOUND('',#16507,.T.) ;
#16529=FACE_OUTER_BOUND('',#16524,.T.) ;
#16546=FACE_OUTER_BOUND('',#16541,.T.) ;
#16570=FACE_OUTER_BOUND('',#16565,.T.) ;
#16589=FACE_OUTER_BOUND('',#16584,.T.) ;
#16606=FACE_OUTER_BOUND('',#16601,.T.) ;
#16642=FACE_OUTER_BOUND('',#16613,.T.) ;
#49=UNCERTAINTY_MEASURE_WITH_UNIT(LENGTH_MEASURE(0.005),#46,'distance_accuracy_value','CONFUSED CURVE UNCERTAINTY') ;
#51=UNCERTAINTY_MEASURE_WITH_UNIT(LENGTH_MEASURE(0.005),#46,'distance_accuracy_value','CONFUSED CURVE UNCERTAINTY') ;
#59=UNCERTAINTY_MEASURE_WITH_UNIT(LENGTH_MEASURE(0.005),#46,'distance_accuracy_value','CONFUSED CURVE UNCERTAINTY') ;
#78=LINE('Line',#75,#77) ;
#87=LINE('Line',#84,#86) ;
#94=LINE('Line',#91,#93) ;
#101=LINE('Line',#98,#100) ;
#132=LINE('Line',#129,#131) ;
#146=LINE('Line',#143,#145) ;
#160=LINE('Line',#157,#159) ;
#174=LINE('Line',#171,#173) ;
#197=LINE('Line',#194,#196) ;
#214=LINE('Line',#211,#213) ;
#228=LINE('Line',#225,#227) ;
#251=LINE('Line',#248,#250) ;
#265=LINE('Line',#262,#264) ;
#279=LINE('Line',#276,#278) ;
#293=LINE('Line',#290,#292) ;
#307=LINE('Line',#304,#306) ;
#330=LINE('Line',#327,#329) ;
#608=LINE('Line',#605,#607) ;
#650=LINE('Line',#647,#649) ;
#716=LINE('Line',#713,#715) ;
#739=LINE('Line',#736,#738) ;
#785=LINE('Line',#782,#784) ;
#799=LINE('Line',#796,#798) ;
#819=LINE('Line',#816,#818) ;
#833=LINE('Line',#830,#832) ;
#844=LINE('Line',#841,#843) ;
#860=LINE('Line',#857,#859) ;
#887=LINE('Line',#884,#886) ;
#901=LINE('Line',#898,#900) ;
#1713=LINE('Line',#1710,#1712) ;
#1727=LINE('Line',#1724,#1726) ;
#1738=LINE('Line',#1735,#1737) ;
#1754=LINE('Line',#1751,#1753) ;
#1781=LINE('Line',#1778,#1780) ;
#1795=LINE('Line',#1792,#1794) ;
#1815=LINE('Line',#1812,#1814) ;
#1829=LINE('Line',#1826,#1828) ;
#1957=LINE('Line',#1954,#1956) ;
#1971=LINE('Line',#1968,#1970) ;
#1982=LINE('Line',#1979,#1981) ;
#1998=LINE('Line',#1995,#1997) ;
#2025=LINE('Line',#2022,#2024) ;
#2039=LINE('Line',#2036,#2038) ;
#2059=LINE('Line',#2056,#2058) ;
#2073=LINE('Line',#2070,#2072) ;
#2093=LINE('Line',#2090,#2092) ;
#2107=LINE('Line',#2104,#2106) ;
#2127=LINE('Line',#2124,#2126) ;
#2141=LINE('Line',#2138,#2140) ;
#2161=LINE('Line',#2158,#2160) ;
#2175=LINE('Line',#2172,#2174) ;
#2906=LINE('Line',#2903,#2905) ;
#2922=LINE('Line',#2919,#2921) ;
#3516=LINE('Line',#3513,#3515) ;
#3532=LINE('Line',#3529,#3531) ;
#3559=LINE('Line',#3556,#3558) ;
#3573=LINE('Line',#3570,#3572) ;
#3584=LINE('Line',#3581,#3583) ;
#3600=LINE('Line',#3597,#3599) ;
#3618=LINE('Line',#3615,#3617) ;
#3634=LINE('Line',#3631,#3633) ;
#3661=LINE('Line',#3658,#3660) ;
#3675=LINE('Line',#3672,#3674) ;
#3866=LINE('Line',#3863,#3865) ;
#3882=LINE('Line',#3879,#3881) ;
#3896=LINE('Line',#3893,#3895) ;
#3910=LINE('Line',#3907,#3909) ;
#3932=LINE('Line',#3929,#3931) ;
#3948=LINE('Line',#3945,#3947) ;
#3962=LINE('Line',#3959,#3961) ;
#3976=LINE('Line',#3973,#3975) ;
#4700=LINE('Line',#4697,#4699) ;
#4716=LINE('Line',#4713,#4715) ;
#4730=LINE('Line',#4727,#4729) ;
#4759=LINE('Line',#4756,#4758) ;
#4773=LINE('Line',#4770,#4772) ;
#4959=LINE('Line',#4956,#4958) ;
#4976=LINE('Line',#4973,#4975) ;
#4983=LINE('Line',#4980,#4982) ;
#4990=LINE('Line',#4987,#4989) ;
#5007=LINE('Line',#5004,#5006) ;
#5031=LINE('Line',#5028,#5030) ;
#5038=LINE('Line',#5035,#5037) ;
#5055=LINE('Line',#5052,#5054) ;
#5079=LINE('Line',#5076,#5078) ;
#5086=LINE('Line',#5083,#5085) ;
#5103=LINE('Line',#5100,#5102) ;
#5127=LINE('Line',#5124,#5126) ;
#5141=LINE('Line',#5138,#5140) ;
#5158=LINE('Line',#5155,#5157) ;
#5165=LINE('Line',#5162,#5164) ;
#5182=LINE('Line',#5179,#5181) ;
#5196=LINE('Line',#5193,#5195) ;
#5213=LINE('Line',#5210,#5212) ;
#5220=LINE('Line',#5217,#5219) ;
#5232=LINE('Line',#5229,#5231) ;
#5239=LINE('Line',#5236,#5238) ;
#5246=LINE('Line',#5243,#5245) ;
#5263=LINE('Line',#5260,#5262) ;
#5287=LINE('Line',#5284,#5286) ;
#5294=LINE('Line',#5291,#5293) ;
#5311=LINE('Line',#5308,#5310) ;
#5330=LINE('Line',#5327,#5329) ;
#5337=LINE('Line',#5334,#5336) ;
#5354=LINE('Line',#5351,#5353) ;
#5378=LINE('Line',#5375,#5377) ;
#5392=LINE('Line',#5389,#5391) ;
#5421=LINE('Line',#5418,#5420) ;
#5435=LINE('Line',#5432,#5434) ;
#5464=LINE('Line',#5461,#5463) ;
#5478=LINE('Line',#5475,#5477) ;
#5507=LINE('Line',#5504,#5506) ;
#5521=LINE('Line',#5518,#5520) ;
#5550=LINE('Line',#5547,#5549) ;
#5564=LINE('Line',#5561,#5563) ;
#5593=LINE('Line',#5590,#5592) ;
#5607=LINE('Line',#5604,#5606) ;
#5636=LINE('Line',#5633,#5635) ;
#5650=LINE('Line',#5647,#5649) ;
#5679=LINE('Line',#5676,#5678) ;
#5693=LINE('Line',#5690,#5692) ;
#5722=LINE('Line',#5719,#5721) ;
#5736=LINE('Line',#5733,#5735) ;
#5765=LINE('Line',#5762,#5764) ;
#5779=LINE('Line',#5776,#5778) ;
#5808=LINE('Line',#5805,#5807) ;
#5822=LINE('Line',#5819,#5821) ;
#5851=LINE('Line',#5848,#5850) ;
#5865=LINE('Line',#5862,#5864) ;
#5894=LINE('Line',#5891,#5893) ;
#5901=LINE('Line',#5898,#5900) ;
#5908=LINE('Line',#5905,#5907) ;
#5925=LINE('Line',#5922,#5924) ;
#5932=LINE('Line',#5929,#5931) ;
#5939=LINE('Line',#5936,#5938) ;
#5965=LINE('Line',#5962,#5964) ;
#5970=LINE('Line',#5967,#5969) ;
#5996=LINE('Line',#5993,#5995) ;
#6003=LINE('Line',#6000,#6002) ;
#6029=LINE('Line',#6026,#6028) ;
#6034=LINE('Line',#6031,#6033) ;
#6051=LINE('Line',#6048,#6050) ;
#6058=LINE('Line',#6055,#6057) ;
#6082=LINE('Line',#6079,#6081) ;
#6099=LINE('Line',#6096,#6098) ;
#6125=LINE('Line',#6122,#6124) ;
#6130=LINE('Line',#6127,#6129) ;
#6147=LINE('Line',#6144,#6146) ;
#6154=LINE('Line',#6151,#6153) ;
#6178=LINE('Line',#6175,#6177) ;
#6195=LINE('Line',#6192,#6194) ;
#6207=LINE('Line',#6204,#6206) ;
#6216=LINE('Line',#6213,#6215) ;
#6221=LINE('Line',#6218,#6220) ;
#6245=LINE('Line',#6242,#6244) ;
#6257=LINE('Line',#6254,#6256) ;
#6264=LINE('Line',#6261,#6263) ;
#6307=LINE('Line',#6304,#6306) ;
#6312=LINE('Line',#6309,#6311) ;
#6324=LINE('Line',#6321,#6323) ;
#6331=LINE('Line',#6328,#6330) ;
#6355=LINE('Line',#6352,#6354) ;
#6367=LINE('Line',#6364,#6366) ;
#6384=LINE('Line',#6381,#6383) ;
#6398=LINE('Line',#6395,#6397) ;
#6427=LINE('Line',#6424,#6426) ;
#6441=LINE('Line',#6438,#6440) ;
#6470=LINE('Line',#6467,#6469) ;
#6484=LINE('Line',#6481,#6483) ;
#6513=LINE('Line',#6510,#6512) ;
#6527=LINE('Line',#6524,#6526) ;
#6556=LINE('Line',#6553,#6555) ;
#6570=LINE('Line',#6567,#6569) ;
#6599=LINE('Line',#6596,#6598) ;
#6613=LINE('Line',#6610,#6612) ;
#6642=LINE('Line',#6639,#6641) ;
#6656=LINE('Line',#6653,#6655) ;
#6685=LINE('Line',#6682,#6684) ;
#6699=LINE('Line',#6696,#6698) ;
#6728=LINE('Line',#6725,#6727) ;
#6742=LINE('Line',#6739,#6741) ;
#6771=LINE('Line',#6768,#6770) ;
#6785=LINE('Line',#6782,#6784) ;
#6814=LINE('Line',#6811,#6813) ;
#6828=LINE('Line',#6825,#6827) ;
#6857=LINE('Line',#6854,#6856) ;
#6871=LINE('Line',#6868,#6870) ;
#6900=LINE('Line',#6897,#6899) ;
#6914=LINE('Line',#6911,#6913) ;
#6943=LINE('Line',#6940,#6942) ;
#6957=LINE('Line',#6954,#6956) ;
#6986=LINE('Line',#6983,#6985) ;
#7000=LINE('Line',#6997,#6999) ;
#7029=LINE('Line',#7026,#7028) ;
#7043=LINE('Line',#7040,#7042) ;
#7072=LINE('Line',#7069,#7071) ;
#7086=LINE('Line',#7083,#7085) ;
#7115=LINE('Line',#7112,#7114) ;
#7129=LINE('Line',#7126,#7128) ;
#7158=LINE('Line',#7155,#7157) ;
#7172=LINE('Line',#7169,#7171) ;
#7201=LINE('Line',#7198,#7200) ;
#7215=LINE('Line',#7212,#7214) ;
#7244=LINE('Line',#7241,#7243) ;
#7258=LINE('Line',#7255,#7257) ;
#7287=LINE('Line',#7284,#7286) ;
#7301=LINE('Line',#7298,#7300) ;
#7330=LINE('Line',#7327,#7329) ;
#7344=LINE('Line',#7341,#7343) ;
#7373=LINE('Line',#7370,#7372) ;
#7387=LINE('Line',#7384,#7386) ;
#7416=LINE('Line',#7413,#7415) ;
#7430=LINE('Line',#7427,#7429) ;
#7459=LINE('Line',#7456,#7458) ;
#7473=LINE('Line',#7470,#7472) ;
#7502=LINE('Line',#7499,#7501) ;
#7516=LINE('Line',#7513,#7515) ;
#7545=LINE('Line',#7542,#7544) ;
#7559=LINE('Line',#7556,#7558) ;
#7588=LINE('Line',#7585,#7587) ;
#7602=LINE('Line',#7599,#7601) ;
#7631=LINE('Line',#7628,#7630) ;
#7645=LINE('Line',#7642,#7644) ;
#7674=LINE('Line',#7671,#7673) ;
#7688=LINE('Line',#7685,#7687) ;
#7717=LINE('Line',#7714,#7716) ;
#7731=LINE('Line',#7728,#7730) ;
#7760=LINE('Line',#7757,#7759) ;
#7774=LINE('Line',#7771,#7773) ;
#7803=LINE('Line',#7800,#7802) ;
#7817=LINE('Line',#7814,#7816) ;
#7846=LINE('Line',#7843,#7845) ;
#7860=LINE('Line',#7857,#7859) ;
#7889=LINE('Line',#7886,#7888) ;
#7903=LINE('Line',#7900,#7902) ;
#7932=LINE('Line',#7929,#7931) ;
#7946=LINE('Line',#7943,#7945) ;
#7975=LINE('Line',#7972,#7974) ;
#7989=LINE('Line',#7986,#7988) ;
#8018=LINE('Line',#8015,#8017) ;
#8032=LINE('Line',#8029,#8031) ;
#8061=LINE('Line',#8058,#8060) ;
#8075=LINE('Line',#8072,#8074) ;
#8104=LINE('Line',#8101,#8103) ;
#8118=LINE('Line',#8115,#8117) ;
#8147=LINE('Line',#8144,#8146) ;
#8161=LINE('Line',#8158,#8160) ;
#8190=LINE('Line',#8187,#8189) ;
#8204=LINE('Line',#8201,#8203) ;
#8233=LINE('Line',#8230,#8232) ;
#8247=LINE('Line',#8244,#8246) ;
#8276=LINE('Line',#8273,#8275) ;
#8290=LINE('Line',#8287,#8289) ;
#8307=LINE('Line',#8304,#8306) ;
#8314=LINE('Line',#8311,#8313) ;
#8338=LINE('Line',#8335,#8337) ;
#8355=LINE('Line',#8352,#8354) ;
#8372=LINE('Line',#8369,#8371) ;
#8379=LINE('Line',#8376,#8378) ;
#8386=LINE('Line',#8383,#8385) ;
#8410=LINE('Line',#8407,#8409) ;
#8427=LINE('Line',#8424,#8426) ;
#8434=LINE('Line',#8431,#8433) ;
#8468=LINE('Line',#8465,#8467) ;
#8482=LINE('Line',#8479,#8481) ;
#8499=LINE('Line',#8496,#8498) ;
#8506=LINE('Line',#8503,#8505) ;
#8530=LINE('Line',#8527,#8529) ;
#8547=LINE('Line',#8544,#8546) ;
#8564=LINE('Line',#8561,#8563) ;
#8578=LINE('Line',#8575,#8577) ;
#8595=LINE('Line',#8592,#8594) ;
#8602=LINE('Line',#8599,#8601) ;
#8626=LINE('Line',#8623,#8625) ;
#8643=LINE('Line',#8640,#8642) ;
#8660=LINE('Line',#8657,#8659) ;
#8674=LINE('Line',#8671,#8673) ;
#8703=LINE('Line',#8700,#8702) ;
#8717=LINE('Line',#8714,#8716) ;
#8746=LINE('Line',#8743,#8745) ;
#8760=LINE('Line',#8757,#8759) ;
#8789=LINE('Line',#8786,#8788) ;
#8803=LINE('Line',#8800,#8802) ;
#8832=LINE('Line',#8829,#8831) ;
#8846=LINE('Line',#8843,#8845) ;
#8875=LINE('Line',#8872,#8874) ;
#8889=LINE('Line',#8886,#8888) ;
#8918=LINE('Line',#8915,#8917) ;
#8932=LINE('Line',#8929,#8931) ;
#8949=LINE('Line',#8946,#8948) ;
#8956=LINE('Line',#8953,#8955) ;
#8980=LINE('Line',#8977,#8979) ;
#8997=LINE('Line',#8994,#8996) ;
#9014=LINE('Line',#9011,#9013) ;
#9021=LINE('Line',#9018,#9020) ;
#9028=LINE('Line',#9025,#9027) ;
#9045=LINE('Line',#9042,#9044) ;
#9069=LINE('Line',#9066,#9068) ;
#9076=LINE('Line',#9073,#9075) ;
#9110=LINE('Line',#9107,#9109) ;
#9124=LINE('Line',#9121,#9123) ;
#9141=LINE('Line',#9138,#9140) ;
#9148=LINE('Line',#9145,#9147) ;
#9172=LINE('Line',#9169,#9171) ;
#9189=LINE('Line',#9186,#9188) ;
#9206=LINE('Line',#9203,#9205) ;
#9220=LINE('Line',#9217,#9219) ;
#9237=LINE('Line',#9234,#9236) ;
#9244=LINE('Line',#9241,#9243) ;
#9268=LINE('Line',#9265,#9267) ;
#9285=LINE('Line',#9282,#9284) ;
#9302=LINE('Line',#9299,#9301) ;
#9316=LINE('Line',#9313,#9315) ;
#9333=LINE('Line',#9330,#9332) ;
#9340=LINE('Line',#9337,#9339) ;
#9364=LINE('Line',#9361,#9363) ;
#9381=LINE('Line',#9378,#9380) ;
#9398=LINE('Line',#9395,#9397) ;
#9412=LINE('Line',#9409,#9411) ;
#9429=LINE('Line',#9426,#9428) ;
#9436=LINE('Line',#9433,#9435) ;
#9460=LINE('Line',#9457,#9459) ;
#9477=LINE('Line',#9474,#9476) ;
#9494=LINE('Line',#9491,#9493) ;
#9508=LINE('Line',#9505,#9507) ;
#9525=LINE('Line',#9522,#9524) ;
#9532=LINE('Line',#9529,#9531) ;
#9556=LINE('Line',#9553,#9555) ;
#9573=LINE('Line',#9570,#9572) ;
#9590=LINE('Line',#9587,#9589) ;
#9604=LINE('Line',#9601,#9603) ;
#9633=LINE('Line',#9630,#9632) ;
#9647=LINE('Line',#9644,#9646) ;
#9676=LINE('Line',#9673,#9675) ;
#9690=LINE('Line',#9687,#9689) ;
#9719=LINE('Line',#9716,#9718) ;
#9733=LINE('Line',#9730,#9732) ;
#9762=LINE('Line',#9759,#9761) ;
#9776=LINE('Line',#9773,#9775) ;
#9805=LINE('Line',#9802,#9804) ;
#9819=LINE('Line',#9816,#9818) ;
#9848=LINE('Line',#9845,#9847) ;
#9862=LINE('Line',#9859,#9861) ;
#9891=LINE('Line',#9888,#9890) ;
#9905=LINE('Line',#9902,#9904) ;
#9934=LINE('Line',#9931,#9933) ;
#9948=LINE('Line',#9945,#9947) ;
#9977=LINE('Line',#9974,#9976) ;
#9991=LINE('Line',#9988,#9990) ;
#10020=LINE('Line',#10017,#10019) ;
#10034=LINE('Line',#10031,#10033) ;
#10063=LINE('Line',#10060,#10062) ;
#10077=LINE('Line',#10074,#10076) ;
#10106=LINE('Line',#10103,#10105) ;
#10120=LINE('Line',#10117,#10119) ;
#10149=LINE('Line',#10146,#10148) ;
#10163=LINE('Line',#10160,#10162) ;
#10192=LINE('Line',#10189,#10191) ;
#10206=LINE('Line',#10203,#10205) ;
#10235=LINE('Line',#10232,#10234) ;
#10249=LINE('Line',#10246,#10248) ;
#10278=LINE('Line',#10275,#10277) ;
#10292=LINE('Line',#10289,#10291) ;
#10321=LINE('Line',#10318,#10320) ;
#10335=LINE('Line',#10332,#10334) ;
#10364=LINE('Line',#10361,#10363) ;
#10378=LINE('Line',#10375,#10377) ;
#10407=LINE('Line',#10404,#10406) ;
#10421=LINE('Line',#10418,#10420) ;
#10450=LINE('Line',#10447,#10449) ;
#10464=LINE('Line',#10461,#10463) ;
#10493=LINE('Line',#10490,#10492) ;
#10507=LINE('Line',#10504,#10506) ;
#10536=LINE('Line',#10533,#10535) ;
#10550=LINE('Line',#10547,#10549) ;
#10579=LINE('Line',#10576,#10578) ;
#10593=LINE('Line',#10590,#10592) ;
#10622=LINE('Line',#10619,#10621) ;
#10636=LINE('Line',#10633,#10635) ;
#10665=LINE('Line',#10662,#10664) ;
#10679=LINE('Line',#10676,#10678) ;
#10708=LINE('Line',#10705,#10707) ;
#10722=LINE('Line',#10719,#10721) ;
#10751=LINE('Line',#10748,#10750) ;
#10765=LINE('Line',#10762,#10764) ;
#10794=LINE('Line',#10791,#10793) ;
#10808=LINE('Line',#10805,#10807) ;
#10837=LINE('Line',#10834,#10836) ;
#10851=LINE('Line',#10848,#10850) ;
#10880=LINE('Line',#10877,#10879) ;
#10894=LINE('Line',#10891,#10893) ;
#10923=LINE('Line',#10920,#10922) ;
#10937=LINE('Line',#10934,#10936) ;
#10966=LINE('Line',#10963,#10965) ;
#10980=LINE('Line',#10977,#10979) ;
#11009=LINE('Line',#11006,#11008) ;
#11023=LINE('Line',#11020,#11022) ;
#11052=LINE('Line',#11049,#11051) ;
#11066=LINE('Line',#11063,#11065) ;
#11095=LINE('Line',#11092,#11094) ;
#11109=LINE('Line',#11106,#11108) ;
#11138=LINE('Line',#11135,#11137) ;
#11152=LINE('Line',#11149,#11151) ;
#11181=LINE('Line',#11178,#11180) ;
#11188=LINE('Line',#11185,#11187) ;
#11195=LINE('Line',#11192,#11194) ;
#11219=LINE('Line',#11216,#11218) ;
#11236=LINE('Line',#11233,#11235) ;
#11243=LINE('Line',#11240,#11242) ;
#11277=LINE('Line',#11274,#11276) ;
#11291=LINE('Line',#11288,#11290) ;
#11320=LINE('Line',#11317,#11319) ;
#11334=LINE('Line',#11331,#11333) ;
#11363=LINE('Line',#11360,#11362) ;
#11377=LINE('Line',#11374,#11376) ;
#11406=LINE('Line',#11403,#11405) ;
#11420=LINE('Line',#11417,#11419) ;
#11449=LINE('Line',#11446,#11448) ;
#11463=LINE('Line',#11460,#11462) ;
#11492=LINE('Line',#11489,#11491) ;
#11506=LINE('Line',#11503,#11505) ;
#11535=LINE('Line',#11532,#11534) ;
#11549=LINE('Line',#11546,#11548) ;
#11578=LINE('Line',#11575,#11577) ;
#11592=LINE('Line',#11589,#11591) ;
#11621=LINE('Line',#11618,#11620) ;
#11635=LINE('Line',#11632,#11634) ;
#11664=LINE('Line',#11661,#11663) ;
#11678=LINE('Line',#11675,#11677) ;
#11707=LINE('Line',#11704,#11706) ;
#11721=LINE('Line',#11718,#11720) ;
#11750=LINE('Line',#11747,#11749) ;
#11764=LINE('Line',#11761,#11763) ;
#11793=LINE('Line',#11790,#11792) ;
#11807=LINE('Line',#11804,#11806) ;
#11836=LINE('Line',#11833,#11835) ;
#11850=LINE('Line',#11847,#11849) ;
#11879=LINE('Line',#11876,#11878) ;
#11893=LINE('Line',#11890,#11892) ;
#11922=LINE('Line',#11919,#11921) ;
#11936=LINE('Line',#11933,#11935) ;
#11965=LINE('Line',#11962,#11964) ;
#11979=LINE('Line',#11976,#11978) ;
#12008=LINE('Line',#12005,#12007) ;
#12022=LINE('Line',#12019,#12021) ;
#12051=LINE('Line',#12048,#12050) ;
#12065=LINE('Line',#12062,#12064) ;
#12094=LINE('Line',#12091,#12093) ;
#12108=LINE('Line',#12105,#12107) ;
#12137=LINE('Line',#12134,#12136) ;
#12151=LINE('Line',#12148,#12150) ;
#12180=LINE('Line',#12177,#12179) ;
#12194=LINE('Line',#12191,#12193) ;
#12223=LINE('Line',#12220,#12222) ;
#12237=LINE('Line',#12234,#12236) ;
#12266=LINE('Line',#12263,#12265) ;
#12280=LINE('Line',#12277,#12279) ;
#12309=LINE('Line',#12306,#12308) ;
#12323=LINE('Line',#12320,#12322) ;
#12352=LINE('Line',#12349,#12351) ;
#12366=LINE('Line',#12363,#12365) ;
#12395=LINE('Line',#12392,#12394) ;
#12409=LINE('Line',#12406,#12408) ;
#12438=LINE('Line',#12435,#12437) ;
#12452=LINE('Line',#12449,#12451) ;
#12481=LINE('Line',#12478,#12480) ;
#12495=LINE('Line',#12492,#12494) ;
#12524=LINE('Line',#12521,#12523) ;
#12538=LINE('Line',#12535,#12537) ;
#12567=LINE('Line',#12564,#12566) ;
#12581=LINE('Line',#12578,#12580) ;
#12610=LINE('Line',#12607,#12609) ;
#12624=LINE('Line',#12621,#12623) ;
#12653=LINE('Line',#12650,#12652) ;
#12660=LINE('Line',#12657,#12659) ;
#12667=LINE('Line',#12664,#12666) ;
#12691=LINE('Line',#12688,#12690) ;
#12708=LINE('Line',#12705,#12707) ;
#12715=LINE('Line',#12712,#12714) ;
#12749=LINE('Line',#12746,#12748) ;
#12763=LINE('Line',#12760,#12762) ;
#12780=LINE('Line',#12777,#12779) ;
#12787=LINE('Line',#12784,#12786) ;
#12804=LINE('Line',#12801,#12803) ;
#12828=LINE('Line',#12825,#12827) ;
#12845=LINE('Line',#12842,#12844) ;
#12852=LINE('Line',#12849,#12851) ;
#12859=LINE('Line',#12856,#12858) ;
#12883=LINE('Line',#12880,#12882) ;
#12900=LINE('Line',#12897,#12899) ;
#12907=LINE('Line',#12904,#12906) ;
#12941=LINE('Line',#12938,#12940) ;
#12948=LINE('Line',#12945,#12947) ;
#12955=LINE('Line',#12952,#12954) ;
#12979=LINE('Line',#12976,#12978) ;
#12996=LINE('Line',#12993,#12995) ;
#13003=LINE('Line',#13000,#13002) ;
#13037=LINE('Line',#13034,#13036) ;
#13051=LINE('Line',#13048,#13050) ;
#13068=LINE('Line',#13065,#13067) ;
#13075=LINE('Line',#13072,#13074) ;
#13092=LINE('Line',#13089,#13091) ;
#13116=LINE('Line',#13113,#13115) ;
#13133=LINE('Line',#13130,#13132) ;
#13147=LINE('Line',#13144,#13146) ;
#13176=LINE('Line',#13173,#13175) ;
#13190=LINE('Line',#13187,#13189) ;
#13219=LINE('Line',#13216,#13218) ;
#13233=LINE('Line',#13230,#13232) ;
#13262=LINE('Line',#13259,#13261) ;
#13276=LINE('Line',#13273,#13275) ;
#13305=LINE('Line',#13302,#13304) ;
#13319=LINE('Line',#13316,#13318) ;
#13348=LINE('Line',#13345,#13347) ;
#13362=LINE('Line',#13359,#13361) ;
#13391=LINE('Line',#13388,#13390) ;
#13405=LINE('Line',#13402,#13404) ;
#13434=LINE('Line',#13431,#13433) ;
#13448=LINE('Line',#13445,#13447) ;
#13477=LINE('Line',#13474,#13476) ;
#13491=LINE('Line',#13488,#13490) ;
#13520=LINE('Line',#13517,#13519) ;
#13534=LINE('Line',#13531,#13533) ;
#13563=LINE('Line',#13560,#13562) ;
#13570=LINE('Line',#13567,#13569) ;
#13577=LINE('Line',#13574,#13576) ;
#13594=LINE('Line',#13591,#13593) ;
#13618=LINE('Line',#13615,#13617) ;
#13625=LINE('Line',#13622,#13624) ;
#13642=LINE('Line',#13639,#13641) ;
#13666=LINE('Line',#13663,#13665) ;
#13673=LINE('Line',#13670,#13672) ;
#13690=LINE('Line',#13687,#13689) ;
#13714=LINE('Line',#13711,#13713) ;
#13721=LINE('Line',#13718,#13720) ;
#13755=LINE('Line',#13752,#13754) ;
#13762=LINE('Line',#13759,#13761) ;
#13769=LINE('Line',#13766,#13768) ;
#13786=LINE('Line',#13783,#13785) ;
#13810=LINE('Line',#13807,#13809) ;
#13817=LINE('Line',#13814,#13816) ;
#13834=LINE('Line',#13831,#13833) ;
#13858=LINE('Line',#13855,#13857) ;
#13865=LINE('Line',#13862,#13864) ;
#13882=LINE('Line',#13879,#13881) ;
#13906=LINE('Line',#13903,#13905) ;
#13913=LINE('Line',#13910,#13912) ;
#13947=LINE('Line',#13944,#13946) ;
#13961=LINE('Line',#13958,#13960) ;
#13990=LINE('Line',#13987,#13989) ;
#14004=LINE('Line',#14001,#14003) ;
#14033=LINE('Line',#14030,#14032) ;
#14047=LINE('Line',#14044,#14046) ;
#14076=LINE('Line',#14073,#14075) ;
#14090=LINE('Line',#14087,#14089) ;
#14119=LINE('Line',#14116,#14118) ;
#14133=LINE('Line',#14130,#14132) ;
#14162=LINE('Line',#14159,#14161) ;
#14176=LINE('Line',#14173,#14175) ;
#14205=LINE('Line',#14202,#14204) ;
#14219=LINE('Line',#14216,#14218) ;
#14248=LINE('Line',#14245,#14247) ;
#14262=LINE('Line',#14259,#14261) ;
#14291=LINE('Line',#14288,#14290) ;
#14305=LINE('Line',#14302,#14304) ;
#14334=LINE('Line',#14331,#14333) ;
#14348=LINE('Line',#14345,#14347) ;
#14377=LINE('Line',#14374,#14376) ;
#14391=LINE('Line',#14388,#14390) ;
#14420=LINE('Line',#14417,#14419) ;
#14434=LINE('Line',#14431,#14433) ;
#14463=LINE('Line',#14460,#14462) ;
#14477=LINE('Line',#14474,#14476) ;
#14506=LINE('Line',#14503,#14505) ;
#14520=LINE('Line',#14517,#14519) ;
#14549=LINE('Line',#14546,#14548) ;
#14563=LINE('Line',#14560,#14562) ;
#14592=LINE('Line',#14589,#14591) ;
#14606=LINE('Line',#14603,#14605) ;
#14635=LINE('Line',#14632,#14634) ;
#14649=LINE('Line',#14646,#14648) ;
#14678=LINE('Line',#14675,#14677) ;
#14692=LINE('Line',#14689,#14691) ;
#14721=LINE('Line',#14718,#14720) ;
#14735=LINE('Line',#14732,#14734) ;
#14764=LINE('Line',#14761,#14763) ;
#14778=LINE('Line',#14775,#14777) ;
#14807=LINE('Line',#14804,#14806) ;
#14821=LINE('Line',#14818,#14820) ;
#14850=LINE('Line',#14847,#14849) ;
#14864=LINE('Line',#14861,#14863) ;
#14893=LINE('Line',#14890,#14892) ;
#14907=LINE('Line',#14904,#14906) ;
#14936=LINE('Line',#14933,#14935) ;
#14950=LINE('Line',#14947,#14949) ;
#14979=LINE('Line',#14976,#14978) ;
#14993=LINE('Line',#14990,#14992) ;
#15022=LINE('Line',#15019,#15021) ;
#15036=LINE('Line',#15033,#15035) ;
#15065=LINE('Line',#15062,#15064) ;
#15079=LINE('Line',#15076,#15078) ;
#15108=LINE('Line',#15105,#15107) ;
#15122=LINE('Line',#15119,#15121) ;
#15151=LINE('Line',#15148,#15150) ;
#15165=LINE('Line',#15162,#15164) ;
#15194=LINE('Line',#15191,#15193) ;
#15208=LINE('Line',#15205,#15207) ;
#15237=LINE('Line',#15234,#15236) ;
#15251=LINE('Line',#15248,#15250) ;
#15280=LINE('Line',#15277,#15279) ;
#15294=LINE('Line',#15291,#15293) ;
#15323=LINE('Line',#15320,#15322) ;
#15337=LINE('Line',#15334,#15336) ;
#15366=LINE('Line',#15363,#15365) ;
#15380=LINE('Line',#15377,#15379) ;
#15409=LINE('Line',#15406,#15408) ;
#15423=LINE('Line',#15420,#15422) ;
#15452=LINE('Line',#15449,#15451) ;
#15466=LINE('Line',#15463,#15465) ;
#15495=LINE('Line',#15492,#15494) ;
#15509=LINE('Line',#15506,#15508) ;
#15538=LINE('Line',#15535,#15537) ;
#15552=LINE('Line',#15549,#15551) ;
#15581=LINE('Line',#15578,#15580) ;
#15595=LINE('Line',#15592,#15594) ;
#15624=LINE('Line',#15621,#15623) ;
#15631=LINE('Line',#15628,#15630) ;
#15638=LINE('Line',#15635,#15637) ;
#15655=LINE('Line',#15652,#15654) ;
#15679=LINE('Line',#15676,#15678) ;
#15686=LINE('Line',#15683,#15685) ;
#15703=LINE('Line',#15700,#15702) ;
#15727=LINE('Line',#15724,#15726) ;
#15734=LINE('Line',#15731,#15733) ;
#15777=LINE('Line',#15774,#15776) ;
#15782=LINE('Line',#15779,#15781) ;
#15799=LINE('Line',#15796,#15798) ;
#15806=LINE('Line',#15803,#15805) ;
#15830=LINE('Line',#15827,#15829) ;
#15847=LINE('Line',#15844,#15846) ;
#15864=LINE('Line',#15861,#15863) ;
#15878=LINE('Line',#15875,#15877) ;
#15907=LINE('Line',#15904,#15906) ;
#15921=LINE('Line',#15918,#15920) ;
#15950=LINE('Line',#15947,#15949) ;
#15964=LINE('Line',#15961,#15963) ;
#15993=LINE('Line',#15990,#15992) ;
#16007=LINE('Line',#16004,#16006) ;
#16036=LINE('Line',#16033,#16035) ;
#16050=LINE('Line',#16047,#16049) ;
#16079=LINE('Line',#16076,#16078) ;
#16093=LINE('Line',#16090,#16092) ;
#16122=LINE('Line',#16119,#16121) ;
#16136=LINE('Line',#16133,#16135) ;
#16165=LINE('Line',#16162,#16164) ;
#16179=LINE('Line',#16176,#16178) ;
#16208=LINE('Line',#16205,#16207) ;
#16222=LINE('Line',#16219,#16221) ;
#16260=LINE('Line',#16257,#16259) ;
#16265=LINE('Line',#16262,#16264) ;
#16301=LINE('Line',#16298,#16300) ;
#16318=LINE('Line',#16315,#16317) ;
#16344=LINE('Line',#16341,#16343) ;
#16349=LINE('Line',#16346,#16348) ;
#16421=LINE('Line',#16418,#16420) ;
#16438=LINE('Line',#16435,#16437) ;
#16457=LINE('Line',#16454,#16456) ;
#16464=LINE('Line',#16461,#16463) ;
#16498=LINE('Line',#16495,#16497) ;
#16505=LINE('Line',#16502,#16504) ;
#16539=LINE('Line',#16536,#16538) ;
#16556=LINE('Line',#16553,#16555) ;
#16575=LINE('Line',#16572,#16574) ;
#16582=LINE('Line',#16579,#16581) ;
#2=MECHANICAL_CONTEXT(' ',#1,'mechanical') ;
#17585=NEXT_ASSEMBLY_USAGE_OCCURRENCE('','','',#57,#65,'') ;
#17598=NEXT_ASSEMBLY_USAGE_OCCURRENCE('\X2\603B88C5\X0\_R3X\X2\56DB8F6E4E249A715E9576D8\X0\(340x240mm).1','\X2\603B88C5\X0\_R3X\X2\56DB8F6E4E249A715E9576D8\X0\(340x240mm).1','',#17,#57,'\X2\603B88C5\X0\_R3X\X2\56DB8F6E4E249A715E9576D8\X0\(340x240mm).1') ;
#27=PERSONAL_ADDRESS(' ',' ',' ',' ',' ',' ',' ',' ',' ',' ',' ',' ',(#25),' ') ;
#74=PLANE('',#73) ;
#114=PLANE('',#113) ;
#4972=PLANE('',#4971) ;
#5027=PLANE('',#5026) ;
#5075=PLANE('',#5074) ;
#5154=PLANE('',#5153) ;
#5209=PLANE('',#5208) ;
#5283=PLANE('',#5282) ;
#5890=PLANE('',#5889) ;
#5921=PLANE('',#5920) ;
#5992=PLANE('',#5991) ;
#6047=PLANE('',#6046) ;
#6095=PLANE('',#6094) ;
#6143=PLANE('',#6142) ;
#6191=PLANE('',#6190) ;
#8303=PLANE('',#8302) ;
#8351=PLANE('',#8350) ;
#8368=PLANE('',#8367) ;
#8423=PLANE('',#8422) ;
#8495=PLANE('',#8494) ;
#8543=PLANE('',#8542) ;
#8591=PLANE('',#8590) ;
#8639=PLANE('',#8638) ;
#8945=PLANE('',#8944) ;
#8993=PLANE('',#8992) ;
#9010=PLANE('',#9009) ;
#9065=PLANE('',#9064) ;
#9137=PLANE('',#9136) ;
#9185=PLANE('',#9184) ;
#9233=PLANE('',#9232) ;
#9281=PLANE('',#9280) ;
#9329=PLANE('',#9328) ;
#9377=PLANE('',#9376) ;
#9425=PLANE('',#9424) ;
#9473=PLANE('',#9472) ;
#9521=PLANE('',#9520) ;
#9569=PLANE('',#9568) ;
#11177=PLANE('',#11176) ;
#11232=PLANE('',#11231) ;
#12649=PLANE('',#12648) ;
#12704=PLANE('',#12703) ;
#12776=PLANE('',#12775) ;
#12824=PLANE('',#12823) ;
#12841=PLANE('',#12840) ;
#12896=PLANE('',#12895) ;
#12937=PLANE('',#12936) ;
#12992=PLANE('',#12991) ;
#13064=PLANE('',#13063) ;
#13112=PLANE('',#13111) ;
#13559=PLANE('',#13558) ;
#13614=PLANE('',#13613) ;
#13662=PLANE('',#13661) ;
#13710=PLANE('',#13709) ;
#13751=PLANE('',#13750) ;
#13806=PLANE('',#13805) ;
#13854=PLANE('',#13853) ;
#13902=PLANE('',#13901) ;
#15620=PLANE('',#15619) ;
#15675=PLANE('',#15674) ;
#15723=PLANE('',#15722) ;
#15795=PLANE('',#15794) ;
#15843=PLANE('',#15842) ;
#16314=PLANE('',#16313) ;
#16417=PLANE('',#16416) ;
#16494=PLANE('',#16493) ;
#16535=PLANE('',#16534) ;
#16612=PLANE('',#16611) ;
#7=PRODUCT_CATEGORY('part',$) ;
#14=PRODUCT_CATEGORY('part',$) ;
#9=PRODUCT_CATEGORY_RELATIONSHIP(' ',' ',#7,#8) ;
#16=PRODUCT_CATEGORY_RELATIONSHIP(' ',' ',#14,#15) ;
#6=PRODUCT_DEFINITION_FORMATION_WITH_SPECIFIED_SOURCE('',' ',#5,.NOT_KNOWN.) ;
#56=PRODUCT_DEFINITION_FORMATION_WITH_SPECIFIED_SOURCE('ANY',' ',#55,.NOT_KNOWN.) ;
#64=PRODUCT_DEFINITION_FORMATION_WITH_SPECIFIED_SOURCE('ANY',' ',#63,.NOT_KNOWN.) ;
#65=PRODUCT_DEFINITION_WITH_ASSOCIATED_DOCUMENTS('',' ',#64,#3,(#67)) ;
#8=PRODUCT_RELATED_PRODUCT_CATEGORY('detail',$,(#63)) ;
#15=PRODUCT_RELATED_PRODUCT_CATEGORY('part',$,(#5,#55)) ;
#43=SHAPE_DEFINITION_REPRESENTATION(#45,#44) ;
#54=SHAPE_DEFINITION_REPRESENTATION(#58,#53) ;
#62=SHAPE_DEFINITION_REPRESENTATION(#68,#61) ;
#80=VERTEX_POINT('',#79) ;
#82=VERTEX_POINT('',#81) ;
#89=VERTEX_POINT('',#88) ;
#96=VERTEX_POINT('',#95) ;
#120=VERTEX_POINT('',#119) ;
#127=VERTEX_POINT('',#126) ;
#134=VERTEX_POINT('',#133) ;
#141=VERTEX_POINT('',#140) ;
#148=VERTEX_POINT('',#147) ;
#155=VERTEX_POINT('',#154) ;
#162=VERTEX_POINT('',#161) ;
#169=VERTEX_POINT('',#168) ;
#176=VERTEX_POINT('',#175) ;
#192=VERTEX_POINT('',#191) ;
#199=VERTEX_POINT('',#198) ;
#209=VERTEX_POINT('',#208) ;
#216=VERTEX_POINT('',#215) ;
#223=VERTEX_POINT('',#222) ;
#230=VERTEX_POINT('',#229) ;
#246=VERTEX_POINT('',#245) ;
#253=VERTEX_POINT('',#252) ;
#260=VERTEX_POINT('',#259) ;
#267=VERTEX_POINT('',#266) ;
#274=VERTEX_POINT('',#273) ;
#281=VERTEX_POINT('',#280) ;
#288=VERTEX_POINT('',#287) ;
#295=VERTEX_POINT('',#294) ;
#302=VERTEX_POINT('',#301) ;
#309=VERTEX_POINT('',#308) ;
#325=VERTEX_POINT('',#324) ;
#367=VERTEX_POINT('',#366) ;
#369=VERTEX_POINT('',#368) ;
#385=VERTEX_POINT('',#384) ;
#387=VERTEX_POINT('',#386) ;
#403=VERTEX_POINT('',#402) ;
#405=VERTEX_POINT('',#404) ;
#421=VERTEX_POINT('',#420) ;
#423=VERTEX_POINT('',#422) ;
#439=VERTEX_POINT('',#438) ;
#441=VERTEX_POINT('',#440) ;
#457=VERTEX_POINT('',#456) ;
#459=VERTEX_POINT('',#458) ;
#475=VERTEX_POINT('',#474) ;
#477=VERTEX_POINT('',#476) ;
#493=VERTEX_POINT('',#492) ;
#495=VERTEX_POINT('',#494) ;
#511=VERTEX_POINT('',#510) ;
#513=VERTEX_POINT('',#512) ;
#529=VERTEX_POINT('',#528) ;
#531=VERTEX_POINT('',#530) ;
#547=VERTEX_POINT('',#546) ;
#549=VERTEX_POINT('',#548) ;
#565=VERTEX_POINT('',#564) ;
#567=VERTEX_POINT('',#566) ;
#601=VERTEX_POINT('',#600) ;
#603=VERTEX_POINT('',#602) ;
#610=VERTEX_POINT('',#609) ;
#632=VERTEX_POINT('',#631) ;
#645=VERTEX_POINT('',#644) ;
#682=VERTEX_POINT('',#681) ;
#684=VERTEX_POINT('',#683) ;
#718=VERTEX_POINT('',#717) ;
#720=VERTEX_POINT('',#719) ;
#727=VERTEX_POINT('',#726) ;
#734=VERTEX_POINT('',#733) ;
#741=VERTEX_POINT('',#740) ;
#778=VERTEX_POINT('',#777) ;
#780=VERTEX_POINT('',#779) ;
#787=VERTEX_POINT('',#786) ;
#794=VERTEX_POINT('',#793) ;
#812=VERTEX_POINT('',#811) ;
#814=VERTEX_POINT('',#813) ;
#821=VERTEX_POINT('',#820) ;
#828=VERTEX_POINT('',#827) ;
#846=VERTEX_POINT('',#845) ;
#848=VERTEX_POINT('',#847) ;
#855=VERTEX_POINT('',#854) ;
#862=VERTEX_POINT('',#861) ;
#880=VERTEX_POINT('',#879) ;
#882=VERTEX_POINT('',#881) ;
#889=VERTEX_POINT('',#888) ;
#896=VERTEX_POINT('',#895) ;
#914=VERTEX_POINT('',#913) ;
#916=VERTEX_POINT('',#915) ;
#932=VERTEX_POINT('',#931) ;
#934=VERTEX_POINT('',#933) ;
#950=VERTEX_POINT('',#949) ;
#952=VERTEX_POINT('',#951) ;
#968=VERTEX_POINT('',#967) ;
#970=VERTEX_POINT('',#969) ;
#986=VERTEX_POINT('',#985) ;
#988=VERTEX_POINT('',#987) ;
#1004=VERTEX_POINT('',#1003) ;
#1006=VERTEX_POINT('',#1005) ;
#1022=VERTEX_POINT('',#1021) ;
#1024=VERTEX_POINT('',#1023) ;
#1040=VERTEX_POINT('',#1039) ;
#1042=VERTEX_POINT('',#1041) ;
#1058=VERTEX_POINT('',#1057) ;
#1060=VERTEX_POINT('',#1059) ;
#1076=VERTEX_POINT('',#1075) ;
#1078=VERTEX_POINT('',#1077) ;
#1094=VERTEX_POINT('',#1093) ;
#1096=VERTEX_POINT('',#1095) ;
#1112=VERTEX_POINT('',#1111) ;
#1114=VERTEX_POINT('',#1113) ;
#1130=VERTEX_POINT('',#1129) ;
#1132=VERTEX_POINT('',#1131) ;
#1148=VERTEX_POINT('',#1147) ;
#1150=VERTEX_POINT('',#1149) ;
#1166=VERTEX_POINT('',#1165) ;
#1168=VERTEX_POINT('',#1167) ;
#1184=VERTEX_POINT('',#1183) ;
#1186=VERTEX_POINT('',#1185) ;
#1202=VERTEX_POINT('',#1201) ;
#1204=VERTEX_POINT('',#1203) ;
#1220=VERTEX_POINT('',#1219) ;
#1222=VERTEX_POINT('',#1221) ;
#1238=VERTEX_POINT('',#1237) ;
#1240=VERTEX_POINT('',#1239) ;
#1256=VERTEX_POINT('',#1255) ;
#1258=VERTEX_POINT('',#1257) ;
#1274=VERTEX_POINT('',#1273) ;
#1276=VERTEX_POINT('',#1275) ;
#1292=VERTEX_POINT('',#1291) ;
#1294=VERTEX_POINT('',#1293) ;
#1310=VERTEX_POINT('',#1309) ;
#1312=VERTEX_POINT('',#1311) ;
#1328=VERTEX_POINT('',#1327) ;
#1330=VERTEX_POINT('',#1329) ;
#1346=VERTEX_POINT('',#1345) ;
#1348=VERTEX_POINT('',#1347) ;
#1364=VERTEX_POINT('',#1363) ;
#1366=VERTEX_POINT('',#1365) ;
#1382=VERTEX_POINT('',#1381) ;
#1384=VERTEX_POINT('',#1383) ;
#1400=VERTEX_POINT('',#1399) ;
#1402=VERTEX_POINT('',#1401) ;
#1418=VERTEX_POINT('',#1417) ;
#1420=VERTEX_POINT('',#1419) ;
#1436=VERTEX_POINT('',#1435) ;
#1438=VERTEX_POINT('',#1437) ;
#1454=VERTEX_POINT('',#1453) ;
#1456=VERTEX_POINT('',#1455) ;
#1472=VERTEX_POINT('',#1471) ;
#1474=VERTEX_POINT('',#1473) ;
#1490=VERTEX_POINT('',#1489) ;
#1492=VERTEX_POINT('',#1491) ;
#1508=VERTEX_POINT('',#1507) ;
#1510=VERTEX_POINT('',#1509) ;
#1526=VERTEX_POINT('',#1525) ;
#1528=VERTEX_POINT('',#1527) ;
#1544=VERTEX_POINT('',#1543) ;
#1546=VERTEX_POINT('',#1545) ;
#1562=VERTEX_POINT('',#1561) ;
#1564=VERTEX_POINT('',#1563) ;
#1580=VERTEX_POINT('',#1579) ;
#1582=VERTEX_POINT('',#1581) ;
#1598=VERTEX_POINT('',#1597) ;
#1600=VERTEX_POINT('',#1599) ;
#1616=VERTEX_POINT('',#1615) ;
#1618=VERTEX_POINT('',#1617) ;
#1634=VERTEX_POINT('',#1633) ;
#1636=VERTEX_POINT('',#1635) ;
#1652=VERTEX_POINT('',#1651) ;
#1654=VERTEX_POINT('',#1653) ;
#1670=VERTEX_POINT('',#1669) ;
#1672=VERTEX_POINT('',#1671) ;
#1688=VERTEX_POINT('',#1687) ;
#1690=VERTEX_POINT('',#1689) ;
#1706=VERTEX_POINT('',#1705) ;
#1708=VERTEX_POINT('',#1707) ;
#1715=VERTEX_POINT('',#1714) ;
#1722=VERTEX_POINT('',#1721) ;
#1740=VERTEX_POINT('',#1739) ;
#1742=VERTEX_POINT('',#1741) ;
#1749=VERTEX_POINT('',#1748) ;
#1756=VERTEX_POINT('',#1755) ;
#1774=VERTEX_POINT('',#1773) ;
#1776=VERTEX_POINT('',#1775) ;
#1783=VERTEX_POINT('',#1782) ;
#1790=VERTEX_POINT('',#1789) ;
#1808=VERTEX_POINT('',#1807) ;
#1810=VERTEX_POINT('',#1809) ;
#1817=VERTEX_POINT('',#1816) ;
#1824=VERTEX_POINT('',#1823) ;
#1842=VERTEX_POINT('',#1841) ;
#1844=VERTEX_POINT('',#1843) ;
#1860=VERTEX_POINT('',#1859) ;
#1862=VERTEX_POINT('',#1861) ;
#1878=VERTEX_POINT('',#1877) ;
#1880=VERTEX_POINT('',#1879) ;
#1896=VERTEX_POINT('',#1895) ;
#1898=VERTEX_POINT('',#1897) ;
#1914=VERTEX_POINT('',#1913) ;
#1916=VERTEX_POINT('',#1915) ;
#1932=VERTEX_POINT('',#1931) ;
#1934=VERTEX_POINT('',#1933) ;
#1950=VERTEX_POINT('',#1949) ;
#1952=VERTEX_POINT('',#1951) ;
#1959=VERTEX_POINT('',#1958) ;
#1966=VERTEX_POINT('',#1965) ;
#1984=VERTEX_POINT('',#1983) ;
#1986=VERTEX_POINT('',#1985) ;
#1993=VERTEX_POINT('',#1992) ;
#2000=VERTEX_POINT('',#1999) ;
#2018=VERTEX_POINT('',#2017) ;
#2020=VERTEX_POINT('',#2019) ;
#2027=VERTEX_POINT('',#2026) ;
#2034=VERTEX_POINT('',#2033) ;
#2052=VERTEX_POINT('',#2051) ;
#2054=VERTEX_POINT('',#2053) ;
#2061=VERTEX_POINT('',#2060) ;
#2068=VERTEX_POINT('',#2067) ;
#2086=VERTEX_POINT('',#2085) ;
#2088=VERTEX_POINT('',#2087) ;
#2095=VERTEX_POINT('',#2094) ;
#2102=VERTEX_POINT('',#2101) ;
#2120=VERTEX_POINT('',#2119) ;
#2122=VERTEX_POINT('',#2121) ;
#2129=VERTEX_POINT('',#2128) ;
#2136=VERTEX_POINT('',#2135) ;
#2154=VERTEX_POINT('',#2153) ;
#2156=VERTEX_POINT('',#2155) ;
#2163=VERTEX_POINT('',#2162) ;
#2170=VERTEX_POINT('',#2169) ;
#2188=VERTEX_POINT('',#2187) ;
#2190=VERTEX_POINT('',#2189) ;
#2206=VERTEX_POINT('',#2205) ;
#2208=VERTEX_POINT('',#2207) ;
#2224=VERTEX_POINT('',#2223) ;
#2226=VERTEX_POINT('',#2225) ;
#2242=VERTEX_POINT('',#2241) ;
#2244=VERTEX_POINT('',#2243) ;
#2260=VERTEX_POINT('',#2259) ;
#2262=VERTEX_POINT('',#2261) ;
#2278=VERTEX_POINT('',#2277) ;
#2280=VERTEX_POINT('',#2279) ;
#2296=VERTEX_POINT('',#2295) ;
#2298=VERTEX_POINT('',#2297) ;
#2314=VERTEX_POINT('',#2313) ;
#2316=VERTEX_POINT('',#2315) ;
#2332=VERTEX_POINT('',#2331) ;
#2334=VERTEX_POINT('',#2333) ;
#2350=VERTEX_POINT('',#2349) ;
#2352=VERTEX_POINT('',#2351) ;
#2368=VERTEX_POINT('',#2367) ;
#2370=VERTEX_POINT('',#2369) ;
#2386=VERTEX_POINT('',#2385) ;
#2388=VERTEX_POINT('',#2387) ;
#2422=VERTEX_POINT('',#2421) ;
#2424=VERTEX_POINT('',#2423) ;
#2458=VERTEX_POINT('',#2457) ;
#2460=VERTEX_POINT('',#2459) ;
#2476=VERTEX_POINT('',#2475) ;
#2478=VERTEX_POINT('',#2477) ;
#2494=VERTEX_POINT('',#2493) ;
#2496=VERTEX_POINT('',#2495) ;
#2512=VERTEX_POINT('',#2511) ;
#2514=VERTEX_POINT('',#2513) ;
#2530=VERTEX_POINT('',#2529) ;
#2532=VERTEX_POINT('',#2531) ;
#2548=VERTEX_POINT('',#2547) ;
#2550=VERTEX_POINT('',#2549) ;
#2566=VERTEX_POINT('',#2565) ;
#2568=VERTEX_POINT('',#2567) ;
#2584=VERTEX_POINT('',#2583) ;
#2586=VERTEX_POINT('',#2585) ;
#2602=VERTEX_POINT('',#2601) ;
#2604=VERTEX_POINT('',#2603) ;
#2620=VERTEX_POINT('',#2619) ;
#2622=VERTEX_POINT('',#2621) ;
#2638=VERTEX_POINT('',#2637) ;
#2640=VERTEX_POINT('',#2639) ;
#2656=VERTEX_POINT('',#2655) ;
#2658=VERTEX_POINT('',#2657) ;
#2674=VERTEX_POINT('',#2673) ;
#2676=VERTEX_POINT('',#2675) ;
#2692=VERTEX_POINT('',#2691) ;
#2694=VERTEX_POINT('',#2693) ;
#2710=VERTEX_POINT('',#2709) ;
#2712=VERTEX_POINT('',#2711) ;
#2728=VERTEX_POINT('',#2727) ;
#2730=VERTEX_POINT('',#2729) ;
#2746=VERTEX_POINT('',#2745) ;
#2748=VERTEX_POINT('',#2747) ;
#2764=VERTEX_POINT('',#2763) ;
#2766=VERTEX_POINT('',#2765) ;
#2782=VERTEX_POINT('',#2781) ;
#2784=VERTEX_POINT('',#2783) ;
#2800=VERTEX_POINT('',#2799) ;
#2802=VERTEX_POINT('',#2801) ;
#2818=VERTEX_POINT('',#2817) ;
#2820=VERTEX_POINT('',#2819) ;
#2836=VERTEX_POINT('',#2835) ;
#2838=VERTEX_POINT('',#2837) ;
#2854=VERTEX_POINT('',#2853) ;
#2856=VERTEX_POINT('',#2855) ;
#2872=VERTEX_POINT('',#2871) ;
#2874=VERTEX_POINT('',#2873) ;
#2890=VERTEX_POINT('',#2889) ;
#2892=VERTEX_POINT('',#2891) ;
#2908=VERTEX_POINT('',#2907) ;
#2910=VERTEX_POINT('',#2909) ;
#2917=VERTEX_POINT('',#2916) ;
#2924=VERTEX_POINT('',#2923) ;
#2942=VERTEX_POINT('',#2941) ;
#2944=VERTEX_POINT('',#2943) ;
#2960=VERTEX_POINT('',#2959) ;
#2962=VERTEX_POINT('',#2961) ;
#2978=VERTEX_POINT('',#2977) ;
#2980=VERTEX_POINT('',#2979) ;
#2996=VERTEX_POINT('',#2995) ;
#2998=VERTEX_POINT('',#2997) ;
#3014=VERTEX_POINT('',#3013) ;
#3016=VERTEX_POINT('',#3015) ;
#3032=VERTEX_POINT('',#3031) ;
#3034=VERTEX_POINT('',#3033) ;
#3050=VERTEX_POINT('',#3049) ;
#3052=VERTEX_POINT('',#3051) ;
#3068=VERTEX_POINT('',#3067) ;
#3070=VERTEX_POINT('',#3069) ;
#3086=VERTEX_POINT('',#3085) ;
#3088=VERTEX_POINT('',#3087) ;
#3104=VERTEX_POINT('',#3103) ;
#3106=VERTEX_POINT('',#3105) ;
#3122=VERTEX_POINT('',#3121) ;
#3124=VERTEX_POINT('',#3123) ;
#3140=VERTEX_POINT('',#3139) ;
#3142=VERTEX_POINT('',#3141) ;
#3158=VERTEX_POINT('',#3157) ;
#3160=VERTEX_POINT('',#3159) ;
#3176=VERTEX_POINT('',#3175) ;
#3178=VERTEX_POINT('',#3177) ;
#3194=VERTEX_POINT('',#3193) ;
#3196=VERTEX_POINT('',#3195) ;
#3212=VERTEX_POINT('',#3211) ;
#3214=VERTEX_POINT('',#3213) ;
#3230=VERTEX_POINT('',#3229) ;
#3232=VERTEX_POINT('',#3231) ;
#3248=VERTEX_POINT('',#3247) ;
#3250=VERTEX_POINT('',#3249) ;
#3266=VERTEX_POINT('',#3265) ;
#3268=VERTEX_POINT('',#3267) ;
#3284=VERTEX_POINT('',#3283) ;
#3286=VERTEX_POINT('',#3285) ;
#3302=VERTEX_POINT('',#3301) ;
#3304=VERTEX_POINT('',#3303) ;
#3320=VERTEX_POINT('',#3319) ;
#3322=VERTEX_POINT('',#3321) ;
#3338=VERTEX_POINT('',#3337) ;
#3340=VERTEX_POINT('',#3339) ;
#3356=VERTEX_POINT('',#3355) ;
#3358=VERTEX_POINT('',#3357) ;
#3374=VERTEX_POINT('',#3373) ;
#3376=VERTEX_POINT('',#3375) ;
#3392=VERTEX_POINT('',#3391) ;
#3394=VERTEX_POINT('',#3393) ;
#3410=VERTEX_POINT('',#3409) ;
#3412=VERTEX_POINT('',#3411) ;
#3428=VERTEX_POINT('',#3427) ;
#3430=VERTEX_POINT('',#3429) ;
#3446=VERTEX_POINT('',#3445) ;
#3448=VERTEX_POINT('',#3447) ;
#3464=VERTEX_POINT('',#3463) ;
#3466=VERTEX_POINT('',#3465) ;
#3482=VERTEX_POINT('',#3481) ;
#3484=VERTEX_POINT('',#3483) ;
#3500=VERTEX_POINT('',#3499) ;
#3502=VERTEX_POINT('',#3501) ;
#3518=VERTEX_POINT('',#3517) ;
#3520=VERTEX_POINT('',#3519) ;
#3527=VERTEX_POINT('',#3526) ;
#3534=VERTEX_POINT('',#3533) ;
#3552=VERTEX_POINT('',#3551) ;
#3554=VERTEX_POINT('',#3553) ;
#3561=VERTEX_POINT('',#3560) ;
#3568=VERTEX_POINT('',#3567) ;
#3586=VERTEX_POINT('',#3585) ;
#3588=VERTEX_POINT('',#3587) ;
#3595=VERTEX_POINT('',#3594) ;
#3602=VERTEX_POINT('',#3601) ;
#3620=VERTEX_POINT('',#3619) ;
#3622=VERTEX_POINT('',#3621) ;
#3629=VERTEX_POINT('',#3628) ;
#3636=VERTEX_POINT('',#3635) ;
#3654=VERTEX_POINT('',#3653) ;
#3656=VERTEX_POINT('',#3655) ;
#3663=VERTEX_POINT('',#3662) ;
#3670=VERTEX_POINT('',#3669) ;
#3688=VERTEX_POINT('',#3687) ;
#3690=VERTEX_POINT('',#3689) ;
#3706=VERTEX_POINT('',#3705) ;
#3708=VERTEX_POINT('',#3707) ;
#3724=VERTEX_POINT('',#3723) ;
#3726=VERTEX_POINT('',#3725) ;
#3742=VERTEX_POINT('',#3741) ;
#3744=VERTEX_POINT('',#3743) ;
#3760=VERTEX_POINT('',#3759) ;
#3762=VERTEX_POINT('',#3761) ;
#3778=VERTEX_POINT('',#3777) ;
#3780=VERTEX_POINT('',#3779) ;
#3796=VERTEX_POINT('',#3795) ;
#3798=VERTEX_POINT('',#3797) ;
#3814=VERTEX_POINT('',#3813) ;
#3816=VERTEX_POINT('',#3815) ;
#3832=VERTEX_POINT('',#3831) ;
#3834=VERTEX_POINT('',#3833) ;
#3850=VERTEX_POINT('',#3849) ;
#3852=VERTEX_POINT('',#3851) ;
#3868=VERTEX_POINT('',#3867) ;
#3870=VERTEX_POINT('',#3869) ;
#3877=VERTEX_POINT('',#3876) ;
#3884=VERTEX_POINT('',#3883) ;
#3891=VERTEX_POINT('',#3890) ;
#3898=VERTEX_POINT('',#3897) ;
#3905=VERTEX_POINT('',#3904) ;
#3912=VERTEX_POINT('',#3911) ;
#3934=VERTEX_POINT('',#3933) ;
#3936=VERTEX_POINT('',#3935) ;
#3943=VERTEX_POINT('',#3942) ;
#3950=VERTEX_POINT('',#3949) ;
#3957=VERTEX_POINT('',#3956) ;
#3964=VERTEX_POINT('',#3963) ;
#3971=VERTEX_POINT('',#3970) ;
#3978=VERTEX_POINT('',#3977) ;
#4000=VERTEX_POINT('',#3999) ;
#4002=VERTEX_POINT('',#4001) ;
#4018=VERTEX_POINT('',#4017) ;
#4020=VERTEX_POINT('',#4019) ;
#4036=VERTEX_POINT('',#4035) ;
#4038=VERTEX_POINT('',#4037) ;
#4054=VERTEX_POINT('',#4053) ;
#4056=VERTEX_POINT('',#4055) ;
#4072=VERTEX_POINT('',#4071) ;
#4074=VERTEX_POINT('',#4073) ;
#4090=VERTEX_POINT('',#4089) ;
#4092=VERTEX_POINT('',#4091) ;
#4108=VERTEX_POINT('',#4107) ;
#4110=VERTEX_POINT('',#4109) ;
#4126=VERTEX_POINT('',#4125) ;
#4128=VERTEX_POINT('',#4127) ;
#4144=VERTEX_POINT('',#4143) ;
#4146=VERTEX_POINT('',#4145) ;
#4162=VERTEX_POINT('',#4161) ;
#4164=VERTEX_POINT('',#4163) ;
#4180=VERTEX_POINT('',#4179) ;
#4182=VERTEX_POINT('',#4181) ;
#4198=VERTEX_POINT('',#4197) ;
#4200=VERTEX_POINT('',#4199) ;
#4216=VERTEX_POINT('',#4215) ;
#4218=VERTEX_POINT('',#4217) ;
#4234=VERTEX_POINT('',#4233) ;
#4236=VERTEX_POINT('',#4235) ;
#4252=VERTEX_POINT('',#4251) ;
#4254=VERTEX_POINT('',#4253) ;
#4270=VERTEX_POINT('',#4269) ;
#4272=VERTEX_POINT('',#4271) ;
#4288=VERTEX_POINT('',#4287) ;
#4290=VERTEX_POINT('',#4289) ;
#4306=VERTEX_POINT('',#4305) ;
#4308=VERTEX_POINT('',#4307) ;
#4324=VERTEX_POINT('',#4323) ;
#4326=VERTEX_POINT('',#4325) ;
#4342=VERTEX_POINT('',#4341) ;
#4344=VERTEX_POINT('',#4343) ;
#4360=VERTEX_POINT('',#4359) ;
#4362=VERTEX_POINT('',#4361) ;
#4378=VERTEX_POINT('',#4377) ;
#4380=VERTEX_POINT('',#4379) ;
#4396=VERTEX_POINT('',#4395) ;
#4398=VERTEX_POINT('',#4397) ;
#4414=VERTEX_POINT('',#4413) ;
#4416=VERTEX_POINT('',#4415) ;
#4432=VERTEX_POINT('',#4431) ;
#4434=VERTEX_POINT('',#4433) ;
#4450=VERTEX_POINT('',#4449) ;
#4452=VERTEX_POINT('',#4451) ;
#4468=VERTEX_POINT('',#4467) ;
#4470=VERTEX_POINT('',#4469) ;
#4486=VERTEX_POINT('',#4485) ;
#4488=VERTEX_POINT('',#4487) ;
#4504=VERTEX_POINT('',#4503) ;
#4506=VERTEX_POINT('',#4505) ;
#4522=VERTEX_POINT('',#4521) ;
#4524=VERTEX_POINT('',#4523) ;
#4540=VERTEX_POINT('',#4539) ;
#4542=VERTEX_POINT('',#4541) ;
#4558=VERTEX_POINT('',#4557) ;
#4560=VERTEX_POINT('',#4559) ;
#4576=VERTEX_POINT('',#4575) ;
#4578=VERTEX_POINT('',#4577) ;
#4594=VERTEX_POINT('',#4593) ;
#4596=VERTEX_POINT('',#4595) ;
#4612=VERTEX_POINT('',#4611) ;
#4614=VERTEX_POINT('',#4613) ;
#4630=VERTEX_POINT('',#4629) ;
#4632=VERTEX_POINT('',#4631) ;
#4648=VERTEX_POINT('',#4647) ;
#4650=VERTEX_POINT('',#4649) ;
#4666=VERTEX_POINT('',#4665) ;
#4668=VERTEX_POINT('',#4667) ;
#4684=VERTEX_POINT('',#4683) ;
#4686=VERTEX_POINT('',#4685) ;
#4702=VERTEX_POINT('',#4701) ;
#4704=VERTEX_POINT('',#4703) ;
#4711=VERTEX_POINT('',#4710) ;
#4718=VERTEX_POINT('',#4717) ;
#4725=VERTEX_POINT('',#4724) ;
#4732=VERTEX_POINT('',#4731) ;
#4752=VERTEX_POINT('',#4751) ;
#4754=VERTEX_POINT('',#4753) ;
#4761=VERTEX_POINT('',#4760) ;
#4768=VERTEX_POINT('',#4767) ;
#4786=VERTEX_POINT('',#4785) ;
#4788=VERTEX_POINT('',#4787) ;
#4804=VERTEX_POINT('',#4803) ;
#4806=VERTEX_POINT('',#4805) ;
#4822=VERTEX_POINT('',#4821) ;
#4824=VERTEX_POINT('',#4823) ;
#4840=VERTEX_POINT('',#4839) ;
#4842=VERTEX_POINT('',#4841) ;
#4858=VERTEX_POINT('',#4857) ;
#4860=VERTEX_POINT('',#4859) ;
#4876=VERTEX_POINT('',#4875) ;
#4878=VERTEX_POINT('',#4877) ;
#4894=VERTEX_POINT('',#4893) ;
#4896=VERTEX_POINT('',#4895) ;
#4912=VERTEX_POINT('',#4911) ;
#4914=VERTEX_POINT('',#4913) ;
#4930=VERTEX_POINT('',#4929) ;
#4932=VERTEX_POINT('',#4931) ;
#4954=VERTEX_POINT('',#4953) ;
#4978=VERTEX_POINT('',#4977) ;
#4985=VERTEX_POINT('',#4984) ;
#5009=VERTEX_POINT('',#5008) ;
#5033=VERTEX_POINT('',#5032) ;
#5057=VERTEX_POINT('',#5056) ;
#5081=VERTEX_POINT('',#5080) ;
#5105=VERTEX_POINT('',#5104) ;
#5129=VERTEX_POINT('',#5128) ;
#5136=VERTEX_POINT('',#5135) ;
#5160=VERTEX_POINT('',#5159) ;
#5184=VERTEX_POINT('',#5183) ;
#5191=VERTEX_POINT('',#5190) ;
#5215=VERTEX_POINT('',#5214) ;
#5234=VERTEX_POINT('',#5233) ;
#5241=VERTEX_POINT('',#5240) ;
#5265=VERTEX_POINT('',#5264) ;
#5289=VERTEX_POINT('',#5288) ;
#5313=VERTEX_POINT('',#5312) ;
#5332=VERTEX_POINT('',#5331) ;
#5356=VERTEX_POINT('',#5355) ;
#5380=VERTEX_POINT('',#5379) ;
#5387=VERTEX_POINT('',#5386) ;
#5423=VERTEX_POINT('',#5422) ;
#5430=VERTEX_POINT('',#5429) ;
#5466=VERTEX_POINT('',#5465) ;
#5473=VERTEX_POINT('',#5472) ;
#5509=VERTEX_POINT('',#5508) ;
#5516=VERTEX_POINT('',#5515) ;
#5552=VERTEX_POINT('',#5551) ;
#5559=VERTEX_POINT('',#5558) ;
#5595=VERTEX_POINT('',#5594) ;
#5602=VERTEX_POINT('',#5601) ;
#5638=VERTEX_POINT('',#5637) ;
#5645=VERTEX_POINT('',#5644) ;
#5681=VERTEX_POINT('',#5680) ;
#5688=VERTEX_POINT('',#5687) ;
#5724=VERTEX_POINT('',#5723) ;
#5731=VERTEX_POINT('',#5730) ;
#5767=VERTEX_POINT('',#5766) ;
#5774=VERTEX_POINT('',#5773) ;
#5810=VERTEX_POINT('',#5809) ;
#5817=VERTEX_POINT('',#5816) ;
#5853=VERTEX_POINT('',#5852) ;
#5860=VERTEX_POINT('',#5859) ;
#5896=VERTEX_POINT('',#5895) ;
#5903=VERTEX_POINT('',#5902) ;
#5927=VERTEX_POINT('',#5926) ;
#5934=VERTEX_POINT('',#5933) ;
#5958=VERTEX_POINT('',#5957) ;
#5960=VERTEX_POINT('',#5959) ;
#5972=VERTEX_POINT('',#5971) ;
#5998=VERTEX_POINT('',#5997) ;
#6022=VERTEX_POINT('',#6021) ;
#6024=VERTEX_POINT('',#6023) ;
#6053=VERTEX_POINT('',#6052) ;
#6077=VERTEX_POINT('',#6076) ;
#6118=VERTEX_POINT('',#6117) ;
#6120=VERTEX_POINT('',#6119) ;
#6149=VERTEX_POINT('',#6148) ;
#6173=VERTEX_POINT('',#6172) ;
#6209=VERTEX_POINT('',#6208) ;
#6211=VERTEX_POINT('',#6210) ;
#6240=VERTEX_POINT('',#6239) ;
#6259=VERTEX_POINT('',#6258) ;
#6300=VERTEX_POINT('',#6299) ;
#6302=VERTEX_POINT('',#6301) ;
#6326=VERTEX_POINT('',#6325) ;
#6350=VERTEX_POINT('',#6349) ;
#6386=VERTEX_POINT('',#6385) ;
#6393=VERTEX_POINT('',#6392) ;
#6429=VERTEX_POINT('',#6428) ;
#6436=VERTEX_POINT('',#6435) ;
#6472=VERTEX_POINT('',#6471) ;
#6479=VERTEX_POINT('',#6478) ;
#6515=VERTEX_POINT('',#6514) ;
#6522=VERTEX_POINT('',#6521) ;
#6558=VERTEX_POINT('',#6557) ;
#6565=VERTEX_POINT('',#6564) ;
#6601=VERTEX_POINT('',#6600) ;
#6608=VERTEX_POINT('',#6607) ;
#6644=VERTEX_POINT('',#6643) ;
#6651=VERTEX_POINT('',#6650) ;
#6687=VERTEX_POINT('',#6686) ;
#6694=VERTEX_POINT('',#6693) ;
#6730=VERTEX_POINT('',#6729) ;
#6737=VERTEX_POINT('',#6736) ;
#6773=VERTEX_POINT('',#6772) ;
#6780=VERTEX_POINT('',#6779) ;
#6816=VERTEX_POINT('',#6815) ;
#6823=VERTEX_POINT('',#6822) ;
#6859=VERTEX_POINT('',#6858) ;
#6866=VERTEX_POINT('',#6865) ;
#6902=VERTEX_POINT('',#6901) ;
#6909=VERTEX_POINT('',#6908) ;
#6945=VERTEX_POINT('',#6944) ;
#6952=VERTEX_POINT('',#6951) ;
#6988=VERTEX_POINT('',#6987) ;
#6995=VERTEX_POINT('',#6994) ;
#7031=VERTEX_POINT('',#7030) ;
#7038=VERTEX_POINT('',#7037) ;
#7074=VERTEX_POINT('',#7073) ;
#7081=VERTEX_POINT('',#7080) ;
#7117=VERTEX_POINT('',#7116) ;
#7124=VERTEX_POINT('',#7123) ;
#7160=VERTEX_POINT('',#7159) ;
#7167=VERTEX_POINT('',#7166) ;
#7203=VERTEX_POINT('',#7202) ;
#7210=VERTEX_POINT('',#7209) ;
#7246=VERTEX_POINT('',#7245) ;
#7253=VERTEX_POINT('',#7252) ;
#7289=VERTEX_POINT('',#7288) ;
#7296=VERTEX_POINT('',#7295) ;
#7332=VERTEX_POINT('',#7331) ;
#7339=VERTEX_POINT('',#7338) ;
#7375=VERTEX_POINT('',#7374) ;
#7382=VERTEX_POINT('',#7381) ;
#7418=VERTEX_POINT('',#7417) ;
#7425=VERTEX_POINT('',#7424) ;
#7461=VERTEX_POINT('',#7460) ;
#7468=VERTEX_POINT('',#7467) ;
#7504=VERTEX_POINT('',#7503) ;
#7511=VERTEX_POINT('',#7510) ;
#7547=VERTEX_POINT('',#7546) ;
#7554=VERTEX_POINT('',#7553) ;
#7590=VERTEX_POINT('',#7589) ;
#7597=VERTEX_POINT('',#7596) ;
#7633=VERTEX_POINT('',#7632) ;
#7640=VERTEX_POINT('',#7639) ;
#7676=VERTEX_POINT('',#7675) ;
#7683=VERTEX_POINT('',#7682) ;
#7719=VERTEX_POINT('',#7718) ;
#7726=VERTEX_POINT('',#7725) ;
#7762=VERTEX_POINT('',#7761) ;
#7769=VERTEX_POINT('',#7768) ;
#7805=VERTEX_POINT('',#7804) ;
#7812=VERTEX_POINT('',#7811) ;
#7848=VERTEX_POINT('',#7847) ;
#7855=VERTEX_POINT('',#7854) ;
#7891=VERTEX_POINT('',#7890) ;
#7898=VERTEX_POINT('',#7897) ;
#7934=VERTEX_POINT('',#7933) ;
#7941=VERTEX_POINT('',#7940) ;
#7977=VERTEX_POINT('',#7976) ;
#7984=VERTEX_POINT('',#7983) ;
#8020=VERTEX_POINT('',#8019) ;
#8027=VERTEX_POINT('',#8026) ;
#8063=VERTEX_POINT('',#8062) ;
#8070=VERTEX_POINT('',#8069) ;
#8106=VERTEX_POINT('',#8105) ;
#8113=VERTEX_POINT('',#8112) ;
#8149=VERTEX_POINT('',#8148) ;
#8156=VERTEX_POINT('',#8155) ;
#8192=VERTEX_POINT('',#8191) ;
#8199=VERTEX_POINT('',#8198) ;
#8235=VERTEX_POINT('',#8234) ;
#8242=VERTEX_POINT('',#8241) ;
#8278=VERTEX_POINT('',#8277) ;
#8285=VERTEX_POINT('',#8284) ;
#8309=VERTEX_POINT('',#8308) ;
#8333=VERTEX_POINT('',#8332) ;
#8374=VERTEX_POINT('',#8373) ;
#8381=VERTEX_POINT('',#8380) ;
#8405=VERTEX_POINT('',#8404) ;
#8429=VERTEX_POINT('',#8428) ;
#8470=VERTEX_POINT('',#8469) ;
#8477=VERTEX_POINT('',#8476) ;
#8501=VERTEX_POINT('',#8500) ;
#8525=VERTEX_POINT('',#8524) ;
#8566=VERTEX_POINT('',#8565) ;
#8573=VERTEX_POINT('',#8572) ;
#8597=VERTEX_POINT('',#8596) ;
#8621=VERTEX_POINT('',#8620) ;
#8662=VERTEX_POINT('',#8661) ;
#8669=VERTEX_POINT('',#8668) ;
#8705=VERTEX_POINT('',#8704) ;
#8712=VERTEX_POINT('',#8711) ;
#8748=VERTEX_POINT('',#8747) ;
#8755=VERTEX_POINT('',#8754) ;
#8791=VERTEX_POINT('',#8790) ;
#8798=VERTEX_POINT('',#8797) ;
#8834=VERTEX_POINT('',#8833) ;
#8841=VERTEX_POINT('',#8840) ;
#8877=VERTEX_POINT('',#8876) ;
#8884=VERTEX_POINT('',#8883) ;
#8920=VERTEX_POINT('',#8919) ;
#8927=VERTEX_POINT('',#8926) ;
#8951=VERTEX_POINT('',#8950) ;
#8975=VERTEX_POINT('',#8974) ;
#9016=VERTEX_POINT('',#9015) ;
#9023=VERTEX_POINT('',#9022) ;
#9047=VERTEX_POINT('',#9046) ;
#9071=VERTEX_POINT('',#9070) ;
#9112=VERTEX_POINT('',#9111) ;
#9119=VERTEX_POINT('',#9118) ;
#9143=VERTEX_POINT('',#9142) ;
#9167=VERTEX_POINT('',#9166) ;
#9208=VERTEX_POINT('',#9207) ;
#9215=VERTEX_POINT('',#9214) ;
#9239=VERTEX_POINT('',#9238) ;
#9263=VERTEX_POINT('',#9262) ;
#9304=VERTEX_POINT('',#9303) ;
#9311=VERTEX_POINT('',#9310) ;
#9335=VERTEX_POINT('',#9334) ;
#9359=VERTEX_POINT('',#9358) ;
#9400=VERTEX_POINT('',#9399) ;
#9407=VERTEX_POINT('',#9406) ;
#9431=VERTEX_POINT('',#9430) ;
#9455=VERTEX_POINT('',#9454) ;
#9496=VERTEX_POINT('',#9495) ;
#9503=VERTEX_POINT('',#9502) ;
#9527=VERTEX_POINT('',#9526) ;
#9551=VERTEX_POINT('',#9550) ;
#9592=VERTEX_POINT('',#9591) ;
#9599=VERTEX_POINT('',#9598) ;
#9635=VERTEX_POINT('',#9634) ;
#9642=VERTEX_POINT('',#9641) ;
#9678=VERTEX_POINT('',#9677) ;
#9685=VERTEX_POINT('',#9684) ;
#9721=VERTEX_POINT('',#9720) ;
#9728=VERTEX_POINT('',#9727) ;
#9764=VERTEX_POINT('',#9763) ;
#9771=VERTEX_POINT('',#9770) ;
#9807=VERTEX_POINT('',#9806) ;
#9814=VERTEX_POINT('',#9813) ;
#9850=VERTEX_POINT('',#9849) ;
#9857=VERTEX_POINT('',#9856) ;
#9893=VERTEX_POINT('',#9892) ;
#9900=VERTEX_POINT('',#9899) ;
#9936=VERTEX_POINT('',#9935) ;
#9943=VERTEX_POINT('',#9942) ;
#9979=VERTEX_POINT('',#9978) ;
#9986=VERTEX_POINT('',#9985) ;
#10022=VERTEX_POINT('',#10021) ;
#10029=VERTEX_POINT('',#10028) ;
#10065=VERTEX_POINT('',#10064) ;
#10072=VERTEX_POINT('',#10071) ;
#10108=VERTEX_POINT('',#10107) ;
#10115=VERTEX_POINT('',#10114) ;
#10151=VERTEX_POINT('',#10150) ;
#10158=VERTEX_POINT('',#10157) ;
#10194=VERTEX_POINT('',#10193) ;
#10201=VERTEX_POINT('',#10200) ;
#10237=VERTEX_POINT('',#10236) ;
#10244=VERTEX_POINT('',#10243) ;
#10280=VERTEX_POINT('',#10279) ;
#10287=VERTEX_POINT('',#10286) ;
#10323=VERTEX_POINT('',#10322) ;
#10330=VERTEX_POINT('',#10329) ;
#10366=VERTEX_POINT('',#10365) ;
#10373=VERTEX_POINT('',#10372) ;
#10409=VERTEX_POINT('',#10408) ;
#10416=VERTEX_POINT('',#10415) ;
#10452=VERTEX_POINT('',#10451) ;
#10459=VERTEX_POINT('',#10458) ;
#10495=VERTEX_POINT('',#10494) ;
#10502=VERTEX_POINT('',#10501) ;
#10538=VERTEX_POINT('',#10537) ;
#10545=VERTEX_POINT('',#10544) ;
#10581=VERTEX_POINT('',#10580) ;
#10588=VERTEX_POINT('',#10587) ;
#10624=VERTEX_POINT('',#10623) ;
#10631=VERTEX_POINT('',#10630) ;
#10667=VERTEX_POINT('',#10666) ;
#10674=VERTEX_POINT('',#10673) ;
#10710=VERTEX_POINT('',#10709) ;
#10717=VERTEX_POINT('',#10716) ;
#10753=VERTEX_POINT('',#10752) ;
#10760=VERTEX_POINT('',#10759) ;
#10796=VERTEX_POINT('',#10795) ;
#10803=VERTEX_POINT('',#10802) ;
#10839=VERTEX_POINT('',#10838) ;
#10846=VERTEX_POINT('',#10845) ;
#10882=VERTEX_POINT('',#10881) ;
#10889=VERTEX_POINT('',#10888) ;
#10925=VERTEX_POINT('',#10924) ;
#10932=VERTEX_POINT('',#10931) ;
#10968=VERTEX_POINT('',#10967) ;
#10975=VERTEX_POINT('',#10974) ;
#11011=VERTEX_POINT('',#11010) ;
#11018=VERTEX_POINT('',#11017) ;
#11054=VERTEX_POINT('',#11053) ;
#11061=VERTEX_POINT('',#11060) ;
#11097=VERTEX_POINT('',#11096) ;
#11104=VERTEX_POINT('',#11103) ;
#11140=VERTEX_POINT('',#11139) ;
#11147=VERTEX_POINT('',#11146) ;
#11183=VERTEX_POINT('',#11182) ;
#11190=VERTEX_POINT('',#11189) ;
#11214=VERTEX_POINT('',#11213) ;
#11238=VERTEX_POINT('',#11237) ;
#11279=VERTEX_POINT('',#11278) ;
#11286=VERTEX_POINT('',#11285) ;
#11322=VERTEX_POINT('',#11321) ;
#11329=VERTEX_POINT('',#11328) ;
#11365=VERTEX_POINT('',#11364) ;
#11372=VERTEX_POINT('',#11371) ;
#11408=VERTEX_POINT('',#11407) ;
#11415=VERTEX_POINT('',#11414) ;
#11451=VERTEX_POINT('',#11450) ;
#11458=VERTEX_POINT('',#11457) ;
#11494=VERTEX_POINT('',#11493) ;
#11501=VERTEX_POINT('',#11500) ;
#11537=VERTEX_POINT('',#11536) ;
#11544=VERTEX_POINT('',#11543) ;
#11580=VERTEX_POINT('',#11579) ;
#11587=VERTEX_POINT('',#11586) ;
#11623=VERTEX_POINT('',#11622) ;
#11630=VERTEX_POINT('',#11629) ;
#11666=VERTEX_POINT('',#11665) ;
#11673=VERTEX_POINT('',#11672) ;
#11709=VERTEX_POINT('',#11708) ;
#11716=VERTEX_POINT('',#11715) ;
#11752=VERTEX_POINT('',#11751) ;
#11759=VERTEX_POINT('',#11758) ;
#11795=VERTEX_POINT('',#11794) ;
#11802=VERTEX_POINT('',#11801) ;
#11838=VERTEX_POINT('',#11837) ;
#11845=VERTEX_POINT('',#11844) ;
#11881=VERTEX_POINT('',#11880) ;
#11888=VERTEX_POINT('',#11887) ;
#11924=VERTEX_POINT('',#11923) ;
#11931=VERTEX_POINT('',#11930) ;
#11967=VERTEX_POINT('',#11966) ;
#11974=VERTEX_POINT('',#11973) ;
#12010=VERTEX_POINT('',#12009) ;
#12017=VERTEX_POINT('',#12016) ;
#12053=VERTEX_POINT('',#12052) ;
#12060=VERTEX_POINT('',#12059) ;
#12096=VERTEX_POINT('',#12095) ;
#12103=VERTEX_POINT('',#12102) ;
#12139=VERTEX_POINT('',#12138) ;
#12146=VERTEX_POINT('',#12145) ;
#12182=VERTEX_POINT('',#12181) ;
#12189=VERTEX_POINT('',#12188) ;
#12225=VERTEX_POINT('',#12224) ;
#12232=VERTEX_POINT('',#12231) ;
#12268=VERTEX_POINT('',#12267) ;
#12275=VERTEX_POINT('',#12274) ;
#12311=VERTEX_POINT('',#12310) ;
#12318=VERTEX_POINT('',#12317) ;
#12354=VERTEX_POINT('',#12353) ;
#12361=VERTEX_POINT('',#12360) ;
#12397=VERTEX_POINT('',#12396) ;
#12404=VERTEX_POINT('',#12403) ;
#12440=VERTEX_POINT('',#12439) ;
#12447=VERTEX_POINT('',#12446) ;
#12483=VERTEX_POINT('',#12482) ;
#12490=VERTEX_POINT('',#12489) ;
#12526=VERTEX_POINT('',#12525) ;
#12533=VERTEX_POINT('',#12532) ;
#12569=VERTEX_POINT('',#12568) ;
#12576=VERTEX_POINT('',#12575) ;
#12612=VERTEX_POINT('',#12611) ;
#12619=VERTEX_POINT('',#12618) ;
#12655=VERTEX_POINT('',#12654) ;
#12662=VERTEX_POINT('',#12661) ;
#12686=VERTEX_POINT('',#12685) ;
#12710=VERTEX_POINT('',#12709) ;
#12751=VERTEX_POINT('',#12750) ;
#12758=VERTEX_POINT('',#12757) ;
#12782=VERTEX_POINT('',#12781) ;
#12806=VERTEX_POINT('',#12805) ;
#12847=VERTEX_POINT('',#12846) ;
#12854=VERTEX_POINT('',#12853) ;
#12878=VERTEX_POINT('',#12877) ;
#12902=VERTEX_POINT('',#12901) ;
#12943=VERTEX_POINT('',#12942) ;
#12950=VERTEX_POINT('',#12949) ;
#12974=VERTEX_POINT('',#12973) ;
#12998=VERTEX_POINT('',#12997) ;
#13039=VERTEX_POINT('',#13038) ;
#13046=VERTEX_POINT('',#13045) ;
#13070=VERTEX_POINT('',#13069) ;
#13094=VERTEX_POINT('',#13093) ;
#13135=VERTEX_POINT('',#13134) ;
#13142=VERTEX_POINT('',#13141) ;
#13178=VERTEX_POINT('',#13177) ;
#13185=VERTEX_POINT('',#13184) ;
#13221=VERTEX_POINT('',#13220) ;
#13228=VERTEX_POINT('',#13227) ;
#13264=VERTEX_POINT('',#13263) ;
#13271=VERTEX_POINT('',#13270) ;
#13307=VERTEX_POINT('',#13306) ;
#13314=VERTEX_POINT('',#13313) ;
#13350=VERTEX_POINT('',#13349) ;
#13357=VERTEX_POINT('',#13356) ;
#13393=VERTEX_POINT('',#13392) ;
#13400=VERTEX_POINT('',#13399) ;
#13436=VERTEX_POINT('',#13435) ;
#13443=VERTEX_POINT('',#13442) ;
#13479=VERTEX_POINT('',#13478) ;
#13486=VERTEX_POINT('',#13485) ;
#13522=VERTEX_POINT('',#13521) ;
#13529=VERTEX_POINT('',#13528) ;
#13565=VERTEX_POINT('',#13564) ;
#13572=VERTEX_POINT('',#13571) ;
#13596=VERTEX_POINT('',#13595) ;
#13620=VERTEX_POINT('',#13619) ;
#13644=VERTEX_POINT('',#13643) ;
#13668=VERTEX_POINT('',#13667) ;
#13692=VERTEX_POINT('',#13691) ;
#13716=VERTEX_POINT('',#13715) ;
#13757=VERTEX_POINT('',#13756) ;
#13764=VERTEX_POINT('',#13763) ;
#13788=VERTEX_POINT('',#13787) ;
#13812=VERTEX_POINT('',#13811) ;
#13836=VERTEX_POINT('',#13835) ;
#13860=VERTEX_POINT('',#13859) ;
#13884=VERTEX_POINT('',#13883) ;
#13908=VERTEX_POINT('',#13907) ;
#13949=VERTEX_POINT('',#13948) ;
#13956=VERTEX_POINT('',#13955) ;
#13992=VERTEX_POINT('',#13991) ;
#13999=VERTEX_POINT('',#13998) ;
#14035=VERTEX_POINT('',#14034) ;
#14042=VERTEX_POINT('',#14041) ;
#14078=VERTEX_POINT('',#14077) ;
#14085=VERTEX_POINT('',#14084) ;
#14121=VERTEX_POINT('',#14120) ;
#14128=VERTEX_POINT('',#14127) ;
#14164=VERTEX_POINT('',#14163) ;
#14171=VERTEX_POINT('',#14170) ;
#14207=VERTEX_POINT('',#14206) ;
#14214=VERTEX_POINT('',#14213) ;
#14250=VERTEX_POINT('',#14249) ;
#14257=VERTEX_POINT('',#14256) ;
#14293=VERTEX_POINT('',#14292) ;
#14300=VERTEX_POINT('',#14299) ;
#14336=VERTEX_POINT('',#14335) ;
#14343=VERTEX_POINT('',#14342) ;
#14379=VERTEX_POINT('',#14378) ;
#14386=VERTEX_POINT('',#14385) ;
#14422=VERTEX_POINT('',#14421) ;
#14429=VERTEX_POINT('',#14428) ;
#14465=VERTEX_POINT('',#14464) ;
#14472=VERTEX_POINT('',#14471) ;
#14508=VERTEX_POINT('',#14507) ;
#14515=VERTEX_POINT('',#14514) ;
#14551=VERTEX_POINT('',#14550) ;
#14558=VERTEX_POINT('',#14557) ;
#14594=VERTEX_POINT('',#14593) ;
#14601=VERTEX_POINT('',#14600) ;
#14637=VERTEX_POINT('',#14636) ;
#14644=VERTEX_POINT('',#14643) ;
#14680=VERTEX_POINT('',#14679) ;
#14687=VERTEX_POINT('',#14686) ;
#14723=VERTEX_POINT('',#14722) ;
#14730=VERTEX_POINT('',#14729) ;
#14766=VERTEX_POINT('',#14765) ;
#14773=VERTEX_POINT('',#14772) ;
#14809=VERTEX_POINT('',#14808) ;
#14816=VERTEX_POINT('',#14815) ;
#14852=VERTEX_POINT('',#14851) ;
#14859=VERTEX_POINT('',#14858) ;
#14895=VERTEX_POINT('',#14894) ;
#14902=VERTEX_POINT('',#14901) ;
#14938=VERTEX_POINT('',#14937) ;
#14945=VERTEX_POINT('',#14944) ;
#14981=VERTEX_POINT('',#14980) ;
#14988=VERTEX_POINT('',#14987) ;
#15024=VERTEX_POINT('',#15023) ;
#15031=VERTEX_POINT('',#15030) ;
#15067=VERTEX_POINT('',#15066) ;
#15074=VERTEX_POINT('',#15073) ;
#15110=VERTEX_POINT('',#15109) ;
#15117=VERTEX_POINT('',#15116) ;
#15153=VERTEX_POINT('',#15152) ;
#15160=VERTEX_POINT('',#15159) ;
#15196=VERTEX_POINT('',#15195) ;
#15203=VERTEX_POINT('',#15202) ;
#15239=VERTEX_POINT('',#15238) ;
#15246=VERTEX_POINT('',#15245) ;
#15282=VERTEX_POINT('',#15281) ;
#15289=VERTEX_POINT('',#15288) ;
#15325=VERTEX_POINT('',#15324) ;
#15332=VERTEX_POINT('',#15331) ;
#15368=VERTEX_POINT('',#15367) ;
#15375=VERTEX_POINT('',#15374) ;
#15411=VERTEX_POINT('',#15410) ;
#15418=VERTEX_POINT('',#15417) ;
#15454=VERTEX_POINT('',#15453) ;
#15461=VERTEX_POINT('',#15460) ;
#15497=VERTEX_POINT('',#15496) ;
#15504=VERTEX_POINT('',#15503) ;
#15540=VERTEX_POINT('',#15539) ;
#15547=VERTEX_POINT('',#15546) ;
#15583=VERTEX_POINT('',#15582) ;
#15590=VERTEX_POINT('',#15589) ;
#15626=VERTEX_POINT('',#15625) ;
#15633=VERTEX_POINT('',#15632) ;
#15657=VERTEX_POINT('',#15656) ;
#15681=VERTEX_POINT('',#15680) ;
#15705=VERTEX_POINT('',#15704) ;
#15729=VERTEX_POINT('',#15728) ;
#15770=VERTEX_POINT('',#15769) ;
#15772=VERTEX_POINT('',#15771) ;
#15801=VERTEX_POINT('',#15800) ;
#15825=VERTEX_POINT('',#15824) ;
#15866=VERTEX_POINT('',#15865) ;
#15873=VERTEX_POINT('',#15872) ;
#15909=VERTEX_POINT('',#15908) ;
#15916=VERTEX_POINT('',#15915) ;
#15952=VERTEX_POINT('',#15951) ;
#15959=VERTEX_POINT('',#15958) ;
#15995=VERTEX_POINT('',#15994) ;
#16002=VERTEX_POINT('',#16001) ;
#16038=VERTEX_POINT('',#16037) ;
#16045=VERTEX_POINT('',#16044) ;
#16081=VERTEX_POINT('',#16080) ;
#16088=VERTEX_POINT('',#16087) ;
#16124=VERTEX_POINT('',#16123) ;
#16131=VERTEX_POINT('',#16130) ;
#16167=VERTEX_POINT('',#16166) ;
#16174=VERTEX_POINT('',#16173) ;
#16210=VERTEX_POINT('',#16209) ;
#16217=VERTEX_POINT('',#16216) ;
#16253=VERTEX_POINT('',#16252) ;
#16255=VERTEX_POINT('',#16254) ;
#16296=VERTEX_POINT('',#16295) ;
#16337=VERTEX_POINT('',#16336) ;
#16339=VERTEX_POINT('',#16338) ;
#16380=VERTEX_POINT('',#16379) ;
#16440=VERTEX_POINT('',#16439) ;
#16459=VERTEX_POINT('',#16458) ;
#16500=VERTEX_POINT('',#16499) ;
#16558=VERTEX_POINT('',#16557) ;
#16577=VERTEX_POINT('',#16576) ;
#46=(LENGTH_UNIT()NAMED_UNIT(*)SI_UNIT(.MILLI.,.METRE.)) ;
#47=(NAMED_UNIT(*)PLANE_ANGLE_UNIT()SI_UNIT($,.RADIAN.)) ;
#48=(NAMED_UNIT(*)SI_UNIT($,.STERADIAN.)SOLID_ANGLE_UNIT()) ;
#50=(GEOMETRIC_REPRESENTATION_CONTEXT(3)GLOBAL_UNCERTAINTY_ASSIGNED_CONTEXT((#49))GLOBAL_UNIT_ASSIGNED_CONTEXT((#46,#47,#48))REPRESENTATION_CONTEXT(' ',' ')) ;
#52=(GEOMETRIC_REPRESENTATION_CONTEXT(3)GLOBAL_UNCERTAINTY_ASSIGNED_CONTEXT((#51))GLOBAL_UNIT_ASSIGNED_CONTEXT((#46,#47,#48))REPRESENTATION_CONTEXT(' ',' ')) ;
#60=(GEOMETRIC_REPRESENTATION_CONTEXT(3)GLOBAL_UNCERTAINTY_ASSIGNED_CONTEXT((#59))GLOBAL_UNIT_ASSIGNED_CONTEXT((#46,#47,#48))REPRESENTATION_CONTEXT(' ',' ')) ;
#17588=(REPRESENTATION_RELATIONSHIP(' ',' ',#61,#53)REPRESENTATION_RELATIONSHIP_WITH_TRANSFORMATION(#17589)SHAPE_REPRESENTATION_RELATIONSHIP()) ;
#17601=(REPRESENTATION_RELATIONSHIP(' ',' ',#53,#44)REPRESENTATION_RELATIONSHIP_WITH_TRANSFORMATION(#17602)SHAPE_REPRESENTATION_RELATIONSHIP()) ;
ENDSEC;
END-ISO-10303-21;
