ISO-10303-21;
HEADER;
FILE_DESCRIPTION(('CATIA V5 STEP Exchange','CAx-IF Rec.Pracs.--- Composite Materials ---3.4---2017-06-13'),'2;1');

FILE_NAME('C:\\Users\\PH\\Desktop\\\X2\75358D5B\X0\\\\X2\5E955EA752A05F3A\X0\.stp','2026-07-30T19:52:43+00:00',('none'),('none'),'CATIA Version 5-6 Release 2021 SP7','CATIA V5 STEP AP203 v2','none');

FILE_SCHEMA(('CONFIG_CONTROL_DESIGN'));

ENDSEC;
DATA;
#5=PRODUCT('Product14','','',(#2)) ;
#55=PRODUCT('Product2.3','','',(#2)) ;
#63=PRODUCT('Part11','','',(#2)) ;
#1=APPLICATION_CONTEXT('configuration controlled 3D design of mechanical parts and assemblies') ;
#17=PRODUCT_DEFINITION('',' ',#6,#3) ;
#57=PRODUCT_DEFINITION('',' ',#56,#3) ;
#19=SECURITY_CLASSIFICATION(' ',' ',#18) ;
#18=SECURITY_CLASSIFICATION_LEVEL('unclassified') ;
#70=CARTESIAN_POINT('Axis2P3D Location',(578.208156331,746.788099305,30.3449486704)) ;
#75=CARTESIAN_POINT('Line Origine',(578.208156331,754.288099305,30.3449486704)) ;
#79=CARTESIAN_POINT('Vertex',(578.208156331,746.788099305,30.3449486704)) ;
#81=CARTESIAN_POINT('Vertex',(578.208156331,761.788099305,30.3449486704)) ;
#84=CARTESIAN_POINT('Line Origine',(578.208156331,746.788099305,16.6724743352)) ;
#88=CARTESIAN_POINT('Vertex',(578.208156331,746.788099305,3.)) ;
#91=CARTESIAN_POINT('Line Origine',(578.208156331,754.288099305,3.)) ;
#95=CARTESIAN_POINT('Vertex',(578.208156331,761.788099305,3.)) ;
#98=CARTESIAN_POINT('Line Origine',(578.208156331,761.788099305,16.6724743352)) ;
#110=CARTESIAN_POINT('Axis2P3D Location',(2.44166755379E-44,761.788099305,5.63836458489E-15)) ;
#115=CARTESIAN_POINT('Line Origine',(576.358156331,761.788099305,3.)) ;
#119=CARTESIAN_POINT('Vertex',(574.508156331,761.788099305,3.)) ;
#122=CARTESIAN_POINT('Line Origine',(574.508156331,761.788099305,16.6724743352)) ;
#126=CARTESIAN_POINT('Vertex',(574.508156331,761.788099305,30.3449486704)) ;
#129=CARTESIAN_POINT('Line Origine',(576.358156331,761.788099305,30.3449486704)) ;
#141=CARTESIAN_POINT('Line Origine',(612.508156331,761.788099305,16.6724743352)) ;
#145=CARTESIAN_POINT('Vertex',(612.508156331,761.788099305,30.3449486704)) ;
#147=CARTESIAN_POINT('Vertex',(612.508156331,761.788099305,3.)) ;
#150=CARTESIAN_POINT('Line Origine',(610.658156331,761.788099305,3.)) ;
#154=CARTESIAN_POINT('Vertex',(608.808156331,761.788099305,3.)) ;
#157=CARTESIAN_POINT('Line Origine',(608.808156331,761.788099305,16.6724743352)) ;
#161=CARTESIAN_POINT('Vertex',(608.808156331,761.788099305,30.3449486704)) ;
#164=CARTESIAN_POINT('Line Origine',(610.658156331,761.788099305,30.3449486704)) ;
#176=CARTESIAN_POINT('Axis2P3D Location',(608.808156331,746.788099305,3.)) ;
#181=CARTESIAN_POINT('Line Origine',(608.808156331,754.288099305,3.)) ;
#185=CARTESIAN_POINT('Vertex',(608.808156331,746.788099305,3.)) ;
#188=CARTESIAN_POINT('Line Origine',(608.808156331,746.788099305,16.6724743352)) ;
#192=CARTESIAN_POINT('Vertex',(608.808156331,746.788099305,30.3449486704)) ;
#195=CARTESIAN_POINT('Line Origine',(608.808156331,754.288099305,30.3449486704)) ;
#207=CARTESIAN_POINT('Axis2P3D Location',(-1.66533453694E-17,-2.22044604925E-17,3.)) ;
#212=CARTESIAN_POINT('Line Origine',(623.508156331,733.278414671,3.)) ;
#216=CARTESIAN_POINT('Vertex',(623.508156331,719.927632007,3.)) ;
#218=CARTESIAN_POINT('Vertex',(623.508156331,746.629197335,3.)) ;
#221=CARTESIAN_POINT('Line Origine',(623.50689352,746.629197335,3.)) ;
#225=CARTESIAN_POINT('Vertex',(623.50563071,746.629197335,3.)) ;
#228=CARTESIAN_POINT('Axis2P3D Location',(618.508156331,746.788099306,3.)) ;
#232=CARTESIAN_POINT('Vertex',(623.508156331,746.788099306,3.)) ;
#235=CARTESIAN_POINT('Line Origine',(623.508156331,755.288099306,3.)) ;
#239=CARTESIAN_POINT('Vertex',(623.508156331,763.788099306,3.)) ;
#242=CARTESIAN_POINT('Axis2P3D Location',(618.508156328,763.788099303,3.)) ;
#246=CARTESIAN_POINT('Vertex',(618.508156331,768.788099306,3.)) ;
#249=CARTESIAN_POINT('Line Origine',(593.508156331,768.788099306,3.)) ;
#253=CARTESIAN_POINT('Vertex',(568.508156331,768.788099306,3.)) ;
#256=CARTESIAN_POINT('Axis2P3D Location',(568.508156331,763.788099306,3.)) ;
#260=CARTESIAN_POINT('Vertex',(563.508156331,763.788099306,3.)) ;
#263=CARTESIAN_POINT('Line Origine',(563.508156331,755.288099306,3.)) ;
#267=CARTESIAN_POINT('Vertex',(563.508156331,746.788099306,3.)) ;
#270=CARTESIAN_POINT('Axis2P3D Location',(568.508156328,746.788099302,3.)) ;
#274=CARTESIAN_POINT('Vertex',(563.510681953,746.629197335,3.)) ;
#277=CARTESIAN_POINT('Line Origine',(563.509419142,746.629197335,3.)) ;
#281=CARTESIAN_POINT('Vertex',(563.508156331,746.629197335,3.)) ;
#284=CARTESIAN_POINT('Line Origine',(563.508156331,733.278414671,3.)) ;
#288=CARTESIAN_POINT('Vertex',(563.508156331,719.927632007,3.)) ;
#291=CARTESIAN_POINT('Axis2P3D Location',(568.508156331,719.927632007,3.)) ;
#295=CARTESIAN_POINT('Vertex',(568.508156331,714.927632007,3.)) ;
#298=CARTESIAN_POINT('Line Origine',(593.508156331,714.927632007,3.)) ;
#302=CARTESIAN_POINT('Vertex',(618.508156331,714.927632007,3.)) ;
#305=CARTESIAN_POINT('Axis2P3D Location',(618.508156331,719.927632007,3.)) ;
#326=CARTESIAN_POINT('Line Origine',(612.508156331,754.288099305,3.)) ;
#330=CARTESIAN_POINT('Vertex',(612.508156331,746.788099305,3.)) ;
#333=CARTESIAN_POINT('Line Origine',(612.508156331,734.288099305,3.)) ;
#337=CARTESIAN_POINT('Vertex',(612.508156331,721.788099305,3.)) ;
#340=CARTESIAN_POINT('Line Origine',(610.508156331,721.788099305,3.)) ;
#344=CARTESIAN_POINT('Vertex',(608.508156331,721.788099305,3.)) ;
#347=CARTESIAN_POINT('Line Origine',(606.008156331,721.788099305,3.)) ;
#351=CARTESIAN_POINT('Vertex',(603.508156331,721.788099305,3.)) ;
#354=CARTESIAN_POINT('Line Origine',(593.508156331,721.788099305,3.)) ;
#358=CARTESIAN_POINT('Vertex',(583.508156331,721.788099305,3.)) ;
#361=CARTESIAN_POINT('Line Origine',(581.008156331,721.788099305,3.)) ;
#365=CARTESIAN_POINT('Vertex',(578.508156331,721.788099305,3.)) ;
#368=CARTESIAN_POINT('Line Origine',(576.508156331,721.788099305,3.)) ;
#372=CARTESIAN_POINT('Vertex',(574.508156331,721.788099305,3.)) ;
#375=CARTESIAN_POINT('Line Origine',(574.508156331,734.288099305,3.)) ;
#379=CARTESIAN_POINT('Vertex',(574.508156331,746.788099305,3.)) ;
#382=CARTESIAN_POINT('Line Origine',(574.508156331,754.288099305,3.)) ;
#387=CARTESIAN_POINT('Line Origine',(593.508156331,746.788099305,3.)) ;
#409=CARTESIAN_POINT('Control Point',(569.098387273,753.444061279,3.)) ;
#410=CARTESIAN_POINT('Control Point',(569.098387273,753.264065363,3.)) ;
#411=CARTESIAN_POINT('Control Point',(569.071388498,753.084070082,3.)) ;
#412=CARTESIAN_POINT('Control Point',(569.017374682,752.90945683,3.)) ;
#413=CARTESIAN_POINT('Control Point',(568.858673386,752.581852388,3.)) ;
#414=CARTESIAN_POINT('Control Point',(568.610841324,752.315228668,3.)) ;
#415=CARTESIAN_POINT('Control Point',(568.467667741,752.201612627,3.)) ;
#416=CARTESIAN_POINT('Control Point',(568.151706528,752.020838507,3.)) ;
#417=CARTESIAN_POINT('Control Point',(567.796614825,751.940720963,3.)) ;
#418=CARTESIAN_POINT('Control Point',(567.61429612,751.927791482,3.)) ;
#419=CARTESIAN_POINT('Control Point',(567.251449335,751.956997284,3.)) ;
#420=CARTESIAN_POINT('Control Point',(566.91314174,752.091373277,3.)) ;
#421=CARTESIAN_POINT('Control Point',(566.75536708,752.183647005,3.)) ;
#422=CARTESIAN_POINT('Control Point',(566.472387542,752.4126303,3.)) ;
#423=CARTESIAN_POINT('Control Point',(566.26904463,752.714558429,3.)) ;
#424=CARTESIAN_POINT('Control Point',(566.190929251,752.879801495,3.)) ;
#425=CARTESIAN_POINT('Control Point',(566.126502439,753.09532318,3.)) ;
#426=CARTESIAN_POINT('Control Point',(566.10290195,753.316663534,3.)) ;
#427=CARTESIAN_POINT('Control Point',(566.099889654,753.359141119,3.)) ;
#428=CARTESIAN_POINT('Control Point',(566.098387273,753.401601217,3.)) ;
#429=CARTESIAN_POINT('Control Point',(566.098387273,753.444061279,3.)) ;
#430=CARTESIAN_POINT('Vertex',(566.098387273,753.444061279,3.)) ;
#432=CARTESIAN_POINT('Vertex',(569.098387273,753.444061279,3.)) ;
#435=CARTESIAN_POINT('Line Origine',(566.098387273,758.444061279,3.)) ;
#439=CARTESIAN_POINT('Vertex',(566.098387273,763.444061279,3.)) ;
#443=CARTESIAN_POINT('Control Point',(566.098387273,763.444061279,3.)) ;
#444=CARTESIAN_POINT('Control Point',(566.098387273,763.624057196,3.)) ;
#445=CARTESIAN_POINT('Control Point',(566.125386048,763.804052477,3.)) ;
#446=CARTESIAN_POINT('Control Point',(566.179399863,763.978665726,3.)) ;
#447=CARTESIAN_POINT('Control Point',(566.33810116,764.306270169,3.)) ;
#448=CARTESIAN_POINT('Control Point',(566.585933223,764.57289389,3.)) ;
#449=CARTESIAN_POINT('Control Point',(566.729106803,764.686509931,3.)) ;
#450=CARTESIAN_POINT('Control Point',(567.045068019,764.867284052,3.)) ;
#451=CARTESIAN_POINT('Control Point',(567.400159724,764.947401596,3.)) ;
#452=CARTESIAN_POINT('Control Point',(567.582478423,764.960331075,3.)) ;
#453=CARTESIAN_POINT('Control Point',(567.945325214,764.931125273,3.)) ;
#454=CARTESIAN_POINT('Control Point',(568.283632813,764.796749277,3.)) ;
#455=CARTESIAN_POINT('Control Point',(568.44140746,764.704475556,3.)) ;
#456=CARTESIAN_POINT('Control Point',(568.724387002,764.47549226,3.)) ;
#457=CARTESIAN_POINT('Control Point',(568.927729916,764.173564127,3.)) ;
#458=CARTESIAN_POINT('Control Point',(569.005845294,764.008321064,3.)) ;
#459=CARTESIAN_POINT('Control Point',(569.070272107,763.792799379,3.)) ;
#460=CARTESIAN_POINT('Control Point',(569.093872596,763.571459024,3.)) ;
#461=CARTESIAN_POINT('Control Point',(569.096884892,763.528981439,3.)) ;
#462=CARTESIAN_POINT('Control Point',(569.098387273,763.486521342,3.)) ;
#463=CARTESIAN_POINT('Control Point',(569.098387273,763.444061279,3.)) ;
#464=CARTESIAN_POINT('Vertex',(569.098387273,763.444061279,3.)) ;
#467=CARTESIAN_POINT('Line Origine',(569.098387273,758.444061279,3.)) ;
#479=CARTESIAN_POINT('Control Point',(596.213797411,763.585681697,3.)) ;
#480=CARTESIAN_POINT('Control Point',(596.220173732,763.405798757,3.)) ;
#481=CARTESIAN_POINT('Control Point',(596.199568202,763.224960025,3.)) ;
#482=CARTESIAN_POINT('Control Point',(596.151773931,763.04854294,3.)) ;
#483=CARTESIAN_POINT('Control Point',(596.00477757,762.715522159,3.)) ;
#484=CARTESIAN_POINT('Control Point',(595.766546158,762.440286383,3.)) ;
#485=CARTESIAN_POINT('Control Point',(595.627487262,762.321669754,3.)) ;
#486=CARTESIAN_POINT('Control Point',(595.318128253,762.129816232,3.)) ;
#487=CARTESIAN_POINT('Control Point',(594.966097575,762.037169918,3.)) ;
#488=CARTESIAN_POINT('Control Point',(594.78435133,762.017789948,3.)) ;
#489=CARTESIAN_POINT('Control Point',(594.420697675,762.034123639,3.)) ;
#490=CARTESIAN_POINT('Control Point',(594.077842175,762.156430809,3.)) ;
#491=CARTESIAN_POINT('Control Point',(593.916897769,762.243057481,3.)) ;
#492=CARTESIAN_POINT('Control Point',(593.625984154,762.461872556,3.)) ;
#493=CARTESIAN_POINT('Control Point',(593.412073123,762.756407794,3.)) ;
#494=CARTESIAN_POINT('Control Point',(593.328153068,762.918779924,3.)) ;
#495=CARTESIAN_POINT('Control Point',(593.256131878,763.131884027,3.)) ;
#496=CARTESIAN_POINT('Control Point',(593.224705262,763.352249412,3.)) ;
#497=CARTESIAN_POINT('Control Point',(593.220190096,763.394593626,3.)) ;
#498=CARTESIAN_POINT('Control Point',(593.217184517,763.436973852,3.)) ;
#499=CARTESIAN_POINT('Control Point',(593.215680378,763.479407264,3.)) ;
#500=CARTESIAN_POINT('Vertex',(593.215680377,763.479407264,3.)) ;
#502=CARTESIAN_POINT('Vertex',(596.213797412,763.585681698,3.)) ;
#505=CARTESIAN_POINT('Line Origine',(593.171399363,764.728622694,3.)) ;
#509=CARTESIAN_POINT('Vertex',(593.127118349,765.977838125,3.)) ;
#513=CARTESIAN_POINT('Control Point',(593.127118349,765.977838125,3.)) ;
#514=CARTESIAN_POINT('Control Point',(593.120742028,766.157721063,3.)) ;
#515=CARTESIAN_POINT('Control Point',(593.141347557,766.338559792,3.)) ;
#516=CARTESIAN_POINT('Control Point',(593.189141831,766.514976887,3.)) ;
#517=CARTESIAN_POINT('Control Point',(593.336138192,766.847997667,3.)) ;
#518=CARTESIAN_POINT('Control Point',(593.574369604,767.123233442,3.)) ;
#519=CARTESIAN_POINT('Control Point',(593.713428497,767.241850067,3.)) ;
#520=CARTESIAN_POINT('Control Point',(594.022787509,767.433703591,3.)) ;
#521=CARTESIAN_POINT('Control Point',(594.37481819,767.526349905,3.)) ;
#522=CARTESIAN_POINT('Control Point',(594.556564427,767.545729875,3.)) ;
#523=CARTESIAN_POINT('Control Point',(594.920218087,767.529396183,3.)) ;
#524=CARTESIAN_POINT('Control Point',(595.263073591,767.407089011,3.)) ;
#525=CARTESIAN_POINT('Control Point',(595.424017986,767.320462346,3.)) ;
#526=CARTESIAN_POINT('Control Point',(595.714931607,767.101647267,3.)) ;
#527=CARTESIAN_POINT('Control Point',(595.928842642,766.807112022,3.)) ;
#528=CARTESIAN_POINT('Control Point',(596.01276269,766.644739906,3.)) ;
#529=CARTESIAN_POINT('Control Point',(596.084783881,766.431635799,3.)) ;
#530=CARTESIAN_POINT('Control Point',(596.116210498,766.21127041,3.)) ;
#531=CARTESIAN_POINT('Control Point',(596.120725664,766.168926196,3.)) ;
#532=CARTESIAN_POINT('Control Point',(596.123731243,766.12654597,3.)) ;
#533=CARTESIAN_POINT('Control Point',(596.125235382,766.084112559,3.)) ;
#534=CARTESIAN_POINT('Vertex',(596.125235383,766.084112559,3.)) ;
#537=CARTESIAN_POINT('Line Origine',(596.169516397,764.834897128,3.)) ;
#549=CARTESIAN_POINT('Control Point',(607.126176866,763.530975342,3.)) ;
#550=CARTESIAN_POINT('Control Point',(607.126176866,763.350979427,3.)) ;
#551=CARTESIAN_POINT('Control Point',(607.099178091,763.170984149,3.)) ;
#552=CARTESIAN_POINT('Control Point',(607.045164275,762.99637089,3.)) ;
#553=CARTESIAN_POINT('Control Point',(606.886462979,762.668766451,3.)) ;
#554=CARTESIAN_POINT('Control Point',(606.638630919,762.402142732,3.)) ;
#555=CARTESIAN_POINT('Control Point',(606.495457333,762.288526689,3.)) ;
#556=CARTESIAN_POINT('Control Point',(606.179496118,762.107752568,3.)) ;
#557=CARTESIAN_POINT('Control Point',(605.824404414,762.027635025,3.)) ;
#558=CARTESIAN_POINT('Control Point',(605.642085717,762.014705546,3.)) ;
#559=CARTESIAN_POINT('Control Point',(605.279238928,762.043911348,3.)) ;
#560=CARTESIAN_POINT('Control Point',(604.940931331,762.178287342,3.)) ;
#561=CARTESIAN_POINT('Control Point',(604.783156674,762.270561067,3.)) ;
#562=CARTESIAN_POINT('Control Point',(604.500177137,762.499544361,3.)) ;
#563=CARTESIAN_POINT('Control Point',(604.296834224,762.801472489,3.)) ;
#564=CARTESIAN_POINT('Control Point',(604.218718843,762.96671556,3.)) ;
#565=CARTESIAN_POINT('Control Point',(604.154292031,763.182237244,3.)) ;
#566=CARTESIAN_POINT('Control Point',(604.130691542,763.403577597,3.)) ;
#567=CARTESIAN_POINT('Control Point',(604.127679247,763.446055182,3.)) ;
#568=CARTESIAN_POINT('Control Point',(604.126176866,763.48851528,3.)) ;
#569=CARTESIAN_POINT('Control Point',(604.126176866,763.530975342,3.)) ;
#570=CARTESIAN_POINT('Vertex',(604.126176866,763.530975342,3.)) ;
#572=CARTESIAN_POINT('Vertex',(607.126176866,763.530975342,3.)) ;
#575=CARTESIAN_POINT('Line Origine',(604.126176866,764.780975342,3.)) ;
#579=CARTESIAN_POINT('Vertex',(604.126176866,766.030975342,3.)) ;
#583=CARTESIAN_POINT('Control Point',(604.126176866,766.030975342,3.)) ;
#584=CARTESIAN_POINT('Control Point',(604.126176866,766.210971257,3.)) ;
#585=CARTESIAN_POINT('Control Point',(604.15317564,766.390966536,3.)) ;
#586=CARTESIAN_POINT('Control Point',(604.207189457,766.565579794,3.)) ;
#587=CARTESIAN_POINT('Control Point',(604.365890753,766.893184233,3.)) ;
#588=CARTESIAN_POINT('Control Point',(604.613722814,767.159807953,3.)) ;
#589=CARTESIAN_POINT('Control Point',(604.756896399,767.273423995,3.)) ;
#590=CARTESIAN_POINT('Control Point',(605.072857612,767.454198114,3.)) ;
#591=CARTESIAN_POINT('Control Point',(605.427949314,767.534315658,3.)) ;
#592=CARTESIAN_POINT('Control Point',(605.610268019,767.547245139,3.)) ;
#593=CARTESIAN_POINT('Control Point',(605.973114805,767.518039337,3.)) ;
#594=CARTESIAN_POINT('Control Point',(606.311422399,767.383663344,3.)) ;
#595=CARTESIAN_POINT('Control Point',(606.469197058,767.291389616,3.)) ;
#596=CARTESIAN_POINT('Control Point',(606.752176597,767.062406321,3.)) ;
#597=CARTESIAN_POINT('Control Point',(606.955519509,766.760478191,3.)) ;
#598=CARTESIAN_POINT('Control Point',(607.033634887,766.595235127,3.)) ;
#599=CARTESIAN_POINT('Control Point',(607.0980617,766.379713441,3.)) ;
#600=CARTESIAN_POINT('Control Point',(607.121662189,766.158373087,3.)) ;
#601=CARTESIAN_POINT('Control Point',(607.124674485,766.115895502,3.)) ;
#602=CARTESIAN_POINT('Control Point',(607.126176866,766.073435404,3.)) ;
#603=CARTESIAN_POINT('Control Point',(607.126176866,766.030975342,3.)) ;
#604=CARTESIAN_POINT('Vertex',(607.126176866,766.030975342,3.)) ;
#607=CARTESIAN_POINT('Line Origine',(607.126176866,764.780975342,3.)) ;
#619=CARTESIAN_POINT('Control Point',(618.065551884,749.887145996,3.)) ;
#620=CARTESIAN_POINT('Control Point',(618.065551884,750.067141912,3.)) ;
#621=CARTESIAN_POINT('Control Point',(618.092550659,750.247137191,3.)) ;
#622=CARTESIAN_POINT('Control Point',(618.146564476,750.421750446,3.)) ;
#623=CARTESIAN_POINT('Control Point',(618.305265772,750.749354887,3.)) ;
#624=CARTESIAN_POINT('Control Point',(618.553097833,751.015978606,3.)) ;
#625=CARTESIAN_POINT('Control Point',(618.696271416,751.129594648,3.)) ;
#626=CARTESIAN_POINT('Control Point',(619.012232629,751.310368768,3.)) ;
#627=CARTESIAN_POINT('Control Point',(619.36732433,751.390486312,3.)) ;
#628=CARTESIAN_POINT('Control Point',(619.54964304,751.403415793,3.)) ;
#629=CARTESIAN_POINT('Control Point',(619.912489824,751.374209991,3.)) ;
#630=CARTESIAN_POINT('Control Point',(620.250797417,751.239833998,3.)) ;
#631=CARTESIAN_POINT('Control Point',(620.408572078,751.14756027,3.)) ;
#632=CARTESIAN_POINT('Control Point',(620.691551616,750.918576975,3.)) ;
#633=CARTESIAN_POINT('Control Point',(620.894894529,750.616648845,3.)) ;
#634=CARTESIAN_POINT('Control Point',(620.973009906,750.451405782,3.)) ;
#635=CARTESIAN_POINT('Control Point',(621.037436719,750.235884096,3.)) ;
#636=CARTESIAN_POINT('Control Point',(621.061037208,750.014543741,3.)) ;
#637=CARTESIAN_POINT('Control Point',(621.064049504,749.972066156,3.)) ;
#638=CARTESIAN_POINT('Control Point',(621.065551884,749.929606058,3.)) ;
#639=CARTESIAN_POINT('Control Point',(621.065551884,749.887145996,3.)) ;
#640=CARTESIAN_POINT('Vertex',(621.065551885,749.887145996,3.)) ;
#642=CARTESIAN_POINT('Vertex',(618.065551885,749.887145996,3.)) ;
#645=CARTESIAN_POINT('Line Origine',(621.065551884,748.258171665,3.)) ;
#649=CARTESIAN_POINT('Vertex',(621.065551885,746.629197335,3.)) ;
#652=CARTESIAN_POINT('Line Origine',(619.565551885,746.629197335,3.)) ;
#656=CARTESIAN_POINT('Vertex',(618.065551885,746.629197335,3.)) ;
#659=CARTESIAN_POINT('Line Origine',(618.065551884,748.258171665,3.)) ;
#671=CARTESIAN_POINT('Control Point',(585.126176866,763.530975342,3.)) ;
#672=CARTESIAN_POINT('Control Point',(585.126176866,763.350979427,3.)) ;
#673=CARTESIAN_POINT('Control Point',(585.099178091,763.170984149,3.)) ;
#674=CARTESIAN_POINT('Control Point',(585.045164275,762.99637089,3.)) ;
#675=CARTESIAN_POINT('Control Point',(584.886462979,762.668766451,3.)) ;
#676=CARTESIAN_POINT('Control Point',(584.638630919,762.402142732,3.)) ;
#677=CARTESIAN_POINT('Control Point',(584.495457333,762.288526689,3.)) ;
#678=CARTESIAN_POINT('Control Point',(584.179496118,762.107752568,3.)) ;
#679=CARTESIAN_POINT('Control Point',(583.824404414,762.027635025,3.)) ;
#680=CARTESIAN_POINT('Control Point',(583.642085717,762.014705546,3.)) ;
#681=CARTESIAN_POINT('Control Point',(583.279238928,762.043911348,3.)) ;
#682=CARTESIAN_POINT('Control Point',(582.940931331,762.178287342,3.)) ;
#683=CARTESIAN_POINT('Control Point',(582.783156674,762.270561067,3.)) ;
#684=CARTESIAN_POINT('Control Point',(582.500177137,762.499544361,3.)) ;
#685=CARTESIAN_POINT('Control Point',(582.296834224,762.801472489,3.)) ;
#686=CARTESIAN_POINT('Control Point',(582.218718843,762.96671556,3.)) ;
#687=CARTESIAN_POINT('Control Point',(582.154292031,763.182237244,3.)) ;
#688=CARTESIAN_POINT('Control Point',(582.130691542,763.403577597,3.)) ;
#689=CARTESIAN_POINT('Control Point',(582.127679247,763.446055182,3.)) ;
#690=CARTESIAN_POINT('Control Point',(582.126176866,763.48851528,3.)) ;
#691=CARTESIAN_POINT('Control Point',(582.126176866,763.530975342,3.)) ;
#692=CARTESIAN_POINT('Vertex',(582.126176866,763.530975342,3.)) ;
#694=CARTESIAN_POINT('Vertex',(585.126176866,763.530975342,3.)) ;
#697=CARTESIAN_POINT('Line Origine',(582.126176866,764.780975342,3.)) ;
#701=CARTESIAN_POINT('Vertex',(582.126176866,766.030975342,3.)) ;
#705=CARTESIAN_POINT('Control Point',(582.126176866,766.030975342,3.)) ;
#706=CARTESIAN_POINT('Control Point',(582.126176866,766.210971257,3.)) ;
#707=CARTESIAN_POINT('Control Point',(582.15317564,766.390966536,3.)) ;
#708=CARTESIAN_POINT('Control Point',(582.207189457,766.565579794,3.)) ;
#709=CARTESIAN_POINT('Control Point',(582.365890753,766.893184233,3.)) ;
#710=CARTESIAN_POINT('Control Point',(582.613722814,767.159807953,3.)) ;
#711=CARTESIAN_POINT('Control Point',(582.756896399,767.273423995,3.)) ;
#712=CARTESIAN_POINT('Control Point',(583.072857612,767.454198114,3.)) ;
#713=CARTESIAN_POINT('Control Point',(583.427949314,767.534315658,3.)) ;
#714=CARTESIAN_POINT('Control Point',(583.610268019,767.547245139,3.)) ;
#715=CARTESIAN_POINT('Control Point',(583.973114805,767.518039337,3.)) ;
#716=CARTESIAN_POINT('Control Point',(584.311422399,767.383663344,3.)) ;
#717=CARTESIAN_POINT('Control Point',(584.469197058,767.291389616,3.)) ;
#718=CARTESIAN_POINT('Control Point',(584.752176597,767.062406321,3.)) ;
#719=CARTESIAN_POINT('Control Point',(584.955519509,766.760478191,3.)) ;
#720=CARTESIAN_POINT('Control Point',(585.033634887,766.595235127,3.)) ;
#721=CARTESIAN_POINT('Control Point',(585.0980617,766.379713441,3.)) ;
#722=CARTESIAN_POINT('Control Point',(585.121662189,766.158373087,3.)) ;
#723=CARTESIAN_POINT('Control Point',(585.124674485,766.115895502,3.)) ;
#724=CARTESIAN_POINT('Control Point',(585.126176866,766.073435404,3.)) ;
#725=CARTESIAN_POINT('Control Point',(585.126176866,766.030975342,3.)) ;
#726=CARTESIAN_POINT('Vertex',(585.126176866,766.030975342,3.)) ;
#729=CARTESIAN_POINT('Line Origine',(585.126176866,764.780975342,3.)) ;
#740=CARTESIAN_POINT('Line Origine',(593.508156331,751.788099306,3.)) ;
#744=CARTESIAN_POINT('Vertex',(583.508156331,751.788099306,3.)) ;
#746=CARTESIAN_POINT('Vertex',(603.508156331,751.788099306,3.)) ;
#749=CARTESIAN_POINT('Line Origine',(583.508156331,754.288099306,3.)) ;
#753=CARTESIAN_POINT('Vertex',(583.508156331,756.788099306,3.)) ;
#756=CARTESIAN_POINT('Line Origine',(593.508156331,756.788099306,3.)) ;
#760=CARTESIAN_POINT('Vertex',(603.508156331,756.788099306,3.)) ;
#763=CARTESIAN_POINT('Line Origine',(603.508156331,754.288099306,3.)) ;
#775=CARTESIAN_POINT('Control Point',(617.742418751,763.530975342,3.)) ;
#776=CARTESIAN_POINT('Control Point',(617.742418751,763.427458488,3.)) ;
#777=CARTESIAN_POINT('Control Point',(617.730418956,763.323942015,3.)) ;
#778=CARTESIAN_POINT('Control Point',(617.706416807,763.222275852,3.)) ;
#779=CARTESIAN_POINT('Control Point',(617.635286024,763.02636857,3.)) ;
#780=CARTESIAN_POINT('Control Point',(617.521225031,762.851930296,3.)) ;
#781=CARTESIAN_POINT('Control Point',(617.454287076,762.771734151,3.)) ;
#782=CARTESIAN_POINT('Control Point',(617.303047486,762.628326212,3.)) ;
#783=CARTESIAN_POINT('Control Point',(617.123012756,762.523320892,3.)) ;
#784=CARTESIAN_POINT('Control Point',(617.027275101,762.481530768,3.)) ;
#785=CARTESIAN_POINT('Control Point',(616.827865832,762.420907394,3.)) ;
#786=CARTESIAN_POINT('Control Point',(616.61987752,762.407510296,3.)) ;
#787=CARTESIAN_POINT('Control Point',(616.515558271,762.412951535,3.)) ;
#788=CARTESIAN_POINT('Control Point',(616.310091032,762.447915309,3.)) ;
#789=CARTESIAN_POINT('Control Point',(616.118072587,762.528955665,3.)) ;
#790=CARTESIAN_POINT('Control Point',(616.02720214,762.580479165,3.)) ;
#791=CARTESIAN_POINT('Control Point',(615.859067979,762.703646361,3.)) ;
#792=CARTESIAN_POINT('Control Point',(615.723570304,762.862009884,3.)) ;
#793=CARTESIAN_POINT('Control Point',(615.665338878,762.948734785,3.)) ;
#794=CARTESIAN_POINT('Control Point',(615.580754662,763.113262473,3.)) ;
#795=CARTESIAN_POINT('Control Point',(615.531570308,763.291091702,3.)) ;
#796=CARTESIAN_POINT('Control Point',(615.517146533,763.37047754,3.)) ;
#797=CARTESIAN_POINT('Control Point',(615.509934982,763.450726555,3.)) ;
#798=CARTESIAN_POINT('Control Point',(615.509934982,763.530975342,3.)) ;
#799=CARTESIAN_POINT('Vertex',(615.509934981,763.530975342,3.)) ;
#801=CARTESIAN_POINT('Vertex',(617.742418751,763.530975342,3.)) ;
#804=CARTESIAN_POINT('Line Origine',(615.50993498,764.780975342,3.)) ;
#808=CARTESIAN_POINT('Vertex',(615.509934981,766.030975342,3.)) ;
#812=CARTESIAN_POINT('Control Point',(615.509934982,766.030975342,3.)) ;
#813=CARTESIAN_POINT('Control Point',(615.509934982,766.134492198,3.)) ;
#814=CARTESIAN_POINT('Control Point',(615.521934778,766.238008674,3.)) ;
#815=CARTESIAN_POINT('Control Point',(615.545936923,766.339674827,3.)) ;
#816=CARTESIAN_POINT('Control Point',(615.617067706,766.535582111,3.)) ;
#817=CARTESIAN_POINT('Control Point',(615.731128701,766.710020387,3.)) ;
#818=CARTESIAN_POINT('Control Point',(615.798066656,766.790216533,3.)) ;
#819=CARTESIAN_POINT('Control Point',(615.949306246,766.933624472,3.)) ;
#820=CARTESIAN_POINT('Control Point',(616.129340977,767.038629792,3.)) ;
#821=CARTESIAN_POINT('Control Point',(616.225078629,767.080419915,3.)) ;
#822=CARTESIAN_POINT('Control Point',(616.4244879,767.14104329,3.)) ;
#823=CARTESIAN_POINT('Control Point',(616.632476215,767.154440388,3.)) ;
#824=CARTESIAN_POINT('Control Point',(616.736795456,767.148999149,3.)) ;
#825=CARTESIAN_POINT('Control Point',(616.942262695,767.114035375,3.)) ;
#826=CARTESIAN_POINT('Control Point',(617.134281139,767.032995022,3.)) ;
#827=CARTESIAN_POINT('Control Point',(617.225151598,766.981471517,3.)) ;
#828=CARTESIAN_POINT('Control Point',(617.393285751,766.858304326,3.)) ;
#829=CARTESIAN_POINT('Control Point',(617.528783421,766.699940812,3.)) ;
#830=CARTESIAN_POINT('Control Point',(617.587014862,766.613215887,3.)) ;
#831=CARTESIAN_POINT('Control Point',(617.67159907,766.448688211,3.)) ;
#832=CARTESIAN_POINT('Control Point',(617.720783422,766.270858997,3.)) ;
#833=CARTESIAN_POINT('Control Point',(617.735207202,766.191473128,3.)) ;
#834=CARTESIAN_POINT('Control Point',(617.742418751,766.111224121,3.)) ;
#835=CARTESIAN_POINT('Control Point',(617.742418751,766.030975342,3.)) ;
#836=CARTESIAN_POINT('Vertex',(617.742418751,766.030975342,3.)) ;
#839=CARTESIAN_POINT('Line Origine',(617.742418751,764.780975342,3.)) ;
#851=CARTESIAN_POINT('Axis2P3D Location',(-8.01294860086E-46,721.788099305,5.14403334743E-15)) ;
#856=CARTESIAN_POINT('Line Origine',(583.508156331,721.788099305,5.5)) ;
#860=CARTESIAN_POINT('Vertex',(583.508156331,721.788099305,8.)) ;
#863=CARTESIAN_POINT('Line Origine',(581.008156331,721.788099305,8.)) ;
#867=CARTESIAN_POINT('Vertex',(578.508156331,721.788099305,8.)) ;
#870=CARTESIAN_POINT('Line Origine',(576.508156331,721.788099305,8.)) ;
#874=CARTESIAN_POINT('Vertex',(574.508156331,721.788099305,8.)) ;
#877=CARTESIAN_POINT('Line Origine',(574.508156331,721.788099305,5.5)) ;
#891=CARTESIAN_POINT('Axis2P3D Location',(608.508156331,721.788099305,8.)) ;
#896=CARTESIAN_POINT('Line Origine',(583.508156331,730.182719365,17.3788677177)) ;
#900=CARTESIAN_POINT('Vertex',(583.508156331,738.577339426,26.7577354353)) ;
#903=CARTESIAN_POINT('Line Origine',(593.508156331,738.577339426,26.7577354353)) ;
#907=CARTESIAN_POINT('Vertex',(603.508156331,738.577339426,26.7577354353)) ;
#910=CARTESIAN_POINT('Line Origine',(603.508156331,730.182719365,17.3788677177)) ;
#914=CARTESIAN_POINT('Vertex',(603.508156331,721.788099305,8.)) ;
#917=CARTESIAN_POINT('Line Origine',(606.008156331,721.788099305,8.)) ;
#921=CARTESIAN_POINT('Vertex',(608.508156331,721.788099305,8.)) ;
#924=CARTESIAN_POINT('Line Origine',(610.508156331,721.788099305,8.)) ;
#928=CARTESIAN_POINT('Vertex',(612.508156331,721.788099305,8.)) ;
#931=CARTESIAN_POINT('Line Origine',(612.508156331,731.788099305,19.1724743352)) ;
#935=CARTESIAN_POINT('Vertex',(612.508156331,741.788099305,30.3449486704)) ;
#938=CARTESIAN_POINT('Line Origine',(593.508156331,741.788099305,30.3449486704)) ;
#942=CARTESIAN_POINT('Vertex',(574.508156331,741.788099305,30.3449486704)) ;
#945=CARTESIAN_POINT('Line Origine',(574.508156331,731.788099305,19.1724743352)) ;
#963=CARTESIAN_POINT('Axis2P3D Location',(7.11692802544E-64,746.788099305,5.3290705182E-15)) ;
#968=CARTESIAN_POINT('Line Origine',(593.508156331,746.788099305,30.3449486704)) ;
#979=CARTESIAN_POINT('Axis2P3D Location',(598.508156331,746.788099305,18.)) ;
#983=CARTESIAN_POINT('Vertex',(596.95815633,746.788099305,18.)) ;
#985=CARTESIAN_POINT('Vertex',(600.058156332,746.788099305,18.)) ;
#988=CARTESIAN_POINT('Axis2P3D Location',(598.508156331,746.788099305,18.)) ;
#997=CARTESIAN_POINT('Axis2P3D Location',(588.508156331,746.788099305,8.)) ;
#1001=CARTESIAN_POINT('Vertex',(586.95815633,746.788099305,8.)) ;
#1003=CARTESIAN_POINT('Vertex',(590.058156332,746.788099305,8.)) ;
#1006=CARTESIAN_POINT('Axis2P3D Location',(588.508156331,746.788099305,8.)) ;
#1015=CARTESIAN_POINT('Axis2P3D Location',(598.508156331,746.788099305,8.)) ;
#1019=CARTESIAN_POINT('Vertex',(600.058156332,746.788099305,8.)) ;
#1021=CARTESIAN_POINT('Vertex',(596.95815633,746.788099305,8.)) ;
#1024=CARTESIAN_POINT('Axis2P3D Location',(598.508156331,746.788099305,8.)) ;
#1033=CARTESIAN_POINT('Axis2P3D Location',(588.508156331,746.788099305,18.)) ;
#1037=CARTESIAN_POINT('Vertex',(590.058156332,746.788099305,18.)) ;
#1039=CARTESIAN_POINT('Vertex',(586.95815633,746.788099305,18.)) ;
#1042=CARTESIAN_POINT('Axis2P3D Location',(588.508156331,746.788099305,18.)) ;
#1052=CARTESIAN_POINT('Axis2P3D Location',(623.508156331,741.788099305,-3.99872030438E-13)) ;
#1057=CARTESIAN_POINT('Line Origine',(623.508156331,733.278414671,7.7388798856E-15)) ;
#1061=CARTESIAN_POINT('Vertex',(623.508156331,719.927632007,-4.00033830399E-13)) ;
#1063=CARTESIAN_POINT('Vertex',(623.508156331,746.629197335,-3.99836199114E-13)) ;
#1066=CARTESIAN_POINT('Line Origine',(623.508156331,746.629197335,1.5)) ;
#1071=CARTESIAN_POINT('Line Origine',(623.508156331,719.927632007,1.5)) ;
#1083=CARTESIAN_POINT('Axis2P3D Location',(563.508156331,746.629197335,3.)) ;
#1088=CARTESIAN_POINT('Line Origine',(623.50689352,746.629197335,8.881784197E-15)) ;
#1092=CARTESIAN_POINT('Vertex',(623.50563071,746.629197335,-3.99836213134E-13)) ;
#1095=CARTESIAN_POINT('Line Origine',(623.50563071,746.629197335,1.5)) ;
#1107=CARTESIAN_POINT('Axis2P3D Location',(618.508156331,746.788099305,1.5)) ;
#1112=CARTESIAN_POINT('Axis2P3D Location',(618.508156331,746.788099305,0.)) ;
#1116=CARTESIAN_POINT('Vertex',(623.508156331,746.788099306,-3.99835023004E-13)) ;
#1119=CARTESIAN_POINT('Line Origine',(623.508156331,746.788099305,1.5)) ;
#1131=CARTESIAN_POINT('Line Origine',(623.508156331,755.288099305,-3.99772110366E-13)) ;
#1135=CARTESIAN_POINT('Vertex',(623.508156331,763.788099306,-3.99709197727E-13)) ;
#1138=CARTESIAN_POINT('Line Origine',(623.508156331,763.788099305,1.5)) ;
#1150=CARTESIAN_POINT('Axis2P3D Location',(618.508156331,763.788099305,1.5)) ;
#1155=CARTESIAN_POINT('Axis2P3D Location',(618.508156331,763.788099305,0.)) ;
#1159=CARTESIAN_POINT('Vertex',(618.508156331,768.788099306,-3.99699945869E-13)) ;
#1162=CARTESIAN_POINT('Line Origine',(618.508156331,768.788099305,1.5)) ;
#1174=CARTESIAN_POINT('Axis2P3D Location',(563.508156331,768.788099305,-4.00005257201E-13)) ;
#1179=CARTESIAN_POINT('Line Origine',(568.508156331,768.788099305,1.5)) ;
#1183=CARTESIAN_POINT('Vertex',(568.508156331,768.788099306,-3.99977501625E-13)) ;
#1186=CARTESIAN_POINT('Line Origine',(593.508156331,768.788099305,-3.99838723747E-13)) ;
#1198=CARTESIAN_POINT('Axis2P3D Location',(568.508156331,763.788099305,1.5)) ;
#1203=CARTESIAN_POINT('Axis2P3D Location',(568.508156331,763.788099305,0.)) ;
#1207=CARTESIAN_POINT('Vertex',(563.508156331,763.788099306,-4.00042264635E-13)) ;
#1210=CARTESIAN_POINT('Line Origine',(563.508156331,763.788099305,1.5)) ;
#1222=CARTESIAN_POINT('Axis2P3D Location',(563.508156331,768.788099305,-4.00005257201E-13)) ;
#1227=CARTESIAN_POINT('Line Origine',(563.508156331,755.288099305,-4.00105177273E-13)) ;
#1231=CARTESIAN_POINT('Vertex',(563.508156331,746.788099306,-4.00168089911E-13)) ;
#1234=CARTESIAN_POINT('Line Origine',(563.508156331,746.788099305,1.5)) ;
#1246=CARTESIAN_POINT('Axis2P3D Location',(568.508156331,746.788099305,1.5)) ;
#1251=CARTESIAN_POINT('Axis2P3D Location',(568.508156331,746.788099305,0.)) ;
#1255=CARTESIAN_POINT('Vertex',(563.510681953,746.629197335,-4.00169252002E-13)) ;
#1258=CARTESIAN_POINT('Line Origine',(563.510681952,746.629197335,1.5)) ;
#1270=CARTESIAN_POINT('Line Origine',(563.509419142,746.629197335,8.43769498715E-15)) ;
#1274=CARTESIAN_POINT('Vertex',(563.508156331,746.629197335,-4.00169266022E-13)) ;
#1277=CARTESIAN_POINT('Line Origine',(563.508156331,746.629197335,1.5)) ;
#1289=CARTESIAN_POINT('Line Origine',(563.508156331,733.278414671,8.73808060772E-15)) ;
#1293=CARTESIAN_POINT('Vertex',(563.508156331,719.927632007,-4.00366897306E-13)) ;
#1296=CARTESIAN_POINT('Line Origine',(563.508156331,719.927632007,1.5)) ;
#1308=CARTESIAN_POINT('Axis2P3D Location',(568.508156331,719.927632007,1.5)) ;
#1313=CARTESIAN_POINT('Axis2P3D Location',(568.508156331,719.927632007,7.77156117238E-15)) ;
#1317=CARTESIAN_POINT('Vertex',(568.508156331,714.927632007,-4.00376149164E-13)) ;
#1320=CARTESIAN_POINT('Line Origine',(568.508156331,714.927632007,1.5)) ;
#1332=CARTESIAN_POINT('Axis2P3D Location',(623.508156331,714.927632007,3.)) ;
#1337=CARTESIAN_POINT('Line Origine',(593.508156331,714.927632007,8.65973959208E-15)) ;
#1341=CARTESIAN_POINT('Vertex',(618.508156331,714.927632007,-4.00098593408E-13)) ;
#1344=CARTESIAN_POINT('Line Origine',(618.508156331,714.927632007,1.5)) ;
#1356=CARTESIAN_POINT('Axis2P3D Location',(618.508156331,719.927632007,1.5)) ;
#1361=CARTESIAN_POINT('Axis2P3D Location',(618.508156331,719.927632007,9.32587340685E-15)) ;
#1373=CARTESIAN_POINT('Line Origine',(603.508156331,721.788099305,5.5)) ;
#1378=CARTESIAN_POINT('Line Origine',(612.508156331,721.788099305,5.5)) ;
#1392=CARTESIAN_POINT('Axis2P3D Location',(6.48707989519E-63,2.02393657389E-16,2.99994867035)) ;
#1397=CARTESIAN_POINT('Line Origine',(603.508156331,730.182719365,2.99994867035)) ;
#1401=CARTESIAN_POINT('Vertex',(603.508156331,738.577339426,2.99994867035)) ;
#1404=CARTESIAN_POINT('Line Origine',(593.508156331,738.577339426,2.99994867035)) ;
#1408=CARTESIAN_POINT('Vertex',(583.508156331,738.577339426,2.99994867035)) ;
#1411=CARTESIAN_POINT('Line Origine',(583.508156331,730.182719365,2.99994867035)) ;
#1423=CARTESIAN_POINT('Axis2P3D Location',(567.598387273,753.444061279,2.5)) ;
#1428=CARTESIAN_POINT('Line Origine',(569.098387273,753.444061279,2.5)) ;
#1432=CARTESIAN_POINT('Vertex',(569.098387273,753.444061279,-4.0008779388E-13)) ;
#1435=CARTESIAN_POINT('Axis2P3D Location',(567.598387273,753.444061279,0.)) ;
#1439=CARTESIAN_POINT('Vertex',(566.098387273,753.444061279,-8.32667268468E-18)) ;
#1442=CARTESIAN_POINT('Line Origine',(566.098387273,753.444061279,2.5)) ;
#1454=CARTESIAN_POINT('Axis2P3D Location',(566.098387273,763.444061279,-4.00030432358E-13)) ;
#1459=CARTESIAN_POINT('Line Origine',(566.098387273,758.444061279,-4.00067439792E-13)) ;
#1463=CARTESIAN_POINT('Vertex',(566.098387273,763.444061279,-8.32667268468E-18)) ;
#1466=CARTESIAN_POINT('Line Origine',(566.098387273,763.444061279,1.5)) ;
#1478=CARTESIAN_POINT('Axis2P3D Location',(567.598387273,763.444061279,2.5)) ;
#1483=CARTESIAN_POINT('Axis2P3D Location',(567.598387273,763.444061279,0.)) ;
#1487=CARTESIAN_POINT('Vertex',(569.098387273,763.444061279,-4.00013779012E-13)) ;
#1490=CARTESIAN_POINT('Line Origine',(569.098387273,763.444061279,2.5)) ;
#1502=CARTESIAN_POINT('Axis2P3D Location',(569.098387273,753.444061279,-4.0008779388E-13)) ;
#1507=CARTESIAN_POINT('Line Origine',(569.098387273,758.444061279,-4.00050786446E-13)) ;
#1519=CARTESIAN_POINT('Axis2P3D Location',(594.714738895,763.532544481,2.5)) ;
#1524=CARTESIAN_POINT('Line Origine',(596.213797412,763.585681698,2.5)) ;
#1528=CARTESIAN_POINT('Vertex',(596.213797412,763.585681698,8.71474081392E-18)) ;
#1531=CARTESIAN_POINT('Axis2P3D Location',(594.714738895,763.532544481,0.)) ;
#1535=CARTESIAN_POINT('Vertex',(593.215680377,763.479407264,-3.99879639529E-13)) ;
#1538=CARTESIAN_POINT('Line Origine',(593.215680378,763.479407264,2.5)) ;
#1550=CARTESIAN_POINT('Axis2P3D Location',(593.127118349,765.977838125,-3.99861639044E-13)) ;
#1555=CARTESIAN_POINT('Line Origine',(593.171399363,764.728622695,-3.99870639287E-13)) ;
#1559=CARTESIAN_POINT('Vertex',(593.127118349,765.977838125,-3.99861639044E-13)) ;
#1562=CARTESIAN_POINT('Line Origine',(593.127118349,765.977838125,1.5)) ;
#1574=CARTESIAN_POINT('Axis2P3D Location',(594.626176866,766.030975342,2.5)) ;
#1579=CARTESIAN_POINT('Axis2P3D Location',(594.626176866,766.030975342,0.)) ;
#1583=CARTESIAN_POINT('Vertex',(596.125235383,766.084112559,8.7147408142E-18)) ;
#1586=CARTESIAN_POINT('Line Origine',(596.125235383,766.084112559,2.5)) ;
#1598=CARTESIAN_POINT('Axis2P3D Location',(596.213797411,763.585681698,-3.99862210047E-13)) ;
#1603=CARTESIAN_POINT('Line Origine',(596.169516397,764.834897128,-3.99853209804E-13)) ;
#1615=CARTESIAN_POINT('Axis2P3D Location',(605.626176866,763.530975342,2.5)) ;
#1620=CARTESIAN_POINT('Line Origine',(607.126176866,763.530975342,2.5)) ;
#1624=CARTESIAN_POINT('Vertex',(607.126176866,763.530975342,8.32667268469E-18)) ;
#1627=CARTESIAN_POINT('Axis2P3D Location',(605.626176866,763.530975342,0.)) ;
#1631=CARTESIAN_POINT('Vertex',(604.126176866,763.530975342,-3.99818692426E-13)) ;
#1634=CARTESIAN_POINT('Line Origine',(604.126176866,763.530975342,2.5)) ;
#1646=CARTESIAN_POINT('Axis2P3D Location',(604.126176866,766.030975342,-3.99800188709E-13)) ;
#1651=CARTESIAN_POINT('Line Origine',(604.126176866,764.780975342,-3.99809440568E-13)) ;
#1655=CARTESIAN_POINT('Vertex',(604.126176866,766.030975342,-3.99800188709E-13)) ;
#1658=CARTESIAN_POINT('Line Origine',(604.126176866,766.030975342,1.5)) ;
#1670=CARTESIAN_POINT('Axis2P3D Location',(605.626176866,766.030975342,2.5)) ;
#1675=CARTESIAN_POINT('Axis2P3D Location',(605.626176866,766.030975342,0.)) ;
#1679=CARTESIAN_POINT('Vertex',(607.126176866,766.030975342,8.3266726847E-18)) ;
#1682=CARTESIAN_POINT('Line Origine',(607.126176866,766.030975342,2.5)) ;
#1694=CARTESIAN_POINT('Axis2P3D Location',(607.126176866,763.530975342,-3.99802039081E-13)) ;
#1699=CARTESIAN_POINT('Line Origine',(607.126176866,764.780975342,-3.99792787222E-13)) ;
#1711=CARTESIAN_POINT('Axis2P3D Location',(619.565551885,749.887145996,2.5)) ;
#1716=CARTESIAN_POINT('Line Origine',(618.065551885,749.887145996,2.5)) ;
#1720=CARTESIAN_POINT('Vertex',(618.065551885,749.887145996,-3.99842297974E-13)) ;
#1723=CARTESIAN_POINT('Axis2P3D Location',(619.565551885,749.887145996,0.)) ;
#1727=CARTESIAN_POINT('Vertex',(621.065551885,749.887145996,8.3266726847E-18)) ;
#1730=CARTESIAN_POINT('Line Origine',(621.065551885,749.887145996,2.5)) ;
#1742=CARTESIAN_POINT('Axis2P3D Location',(621.065551885,745.887145996,-3.99855250576E-13)) ;
#1747=CARTESIAN_POINT('Line Origine',(621.065551885,746.629197335,1.5)) ;
#1751=CARTESIAN_POINT('Vertex',(621.065551885,746.629197335,-3.99849758293E-13)) ;
#1754=CARTESIAN_POINT('Line Origine',(621.065551885,748.258171665,-3.99837701461E-13)) ;
#1766=CARTESIAN_POINT('Line Origine',(619.565551885,746.629197335,8.881784197E-15)) ;
#1770=CARTESIAN_POINT('Vertex',(618.065551885,746.629197335,-3.99866411638E-13)) ;
#1773=CARTESIAN_POINT('Line Origine',(618.065551885,746.629197335,1.5)) ;
#1785=CARTESIAN_POINT('Axis2P3D Location',(618.065551885,749.887145996,-3.99842297974E-13)) ;
#1790=CARTESIAN_POINT('Line Origine',(618.065551885,748.258171665,-3.99854354806E-13)) ;
#1802=CARTESIAN_POINT('Axis2P3D Location',(583.626176866,763.530975342,2.5)) ;
#1807=CARTESIAN_POINT('Line Origine',(585.126176866,763.530975342,2.5)) ;
#1811=CARTESIAN_POINT('Vertex',(585.126176866,763.530975342,-3.99924163614E-13)) ;
#1814=CARTESIAN_POINT('Axis2P3D Location',(583.626176866,763.530975342,0.)) ;
#1818=CARTESIAN_POINT('Vertex',(582.126176866,763.530975342,-8.32667268468E-18)) ;
#1821=CARTESIAN_POINT('Line Origine',(582.126176866,763.530975342,2.5)) ;
#1833=CARTESIAN_POINT('Axis2P3D Location',(582.126176866,766.030975342,-3.99922313242E-13)) ;
#1838=CARTESIAN_POINT('Line Origine',(582.126176866,764.780975342,-3.99931565101E-13)) ;
#1842=CARTESIAN_POINT('Vertex',(582.126176866,766.030975342,-8.32667268469E-18)) ;
#1845=CARTESIAN_POINT('Line Origine',(582.126176866,766.030975342,1.5)) ;
#1857=CARTESIAN_POINT('Axis2P3D Location',(583.626176866,766.030975342,2.5)) ;
#1862=CARTESIAN_POINT('Axis2P3D Location',(583.626176866,766.030975342,0.)) ;
#1866=CARTESIAN_POINT('Vertex',(585.126176866,766.030975342,-3.99905659897E-13)) ;
#1869=CARTESIAN_POINT('Line Origine',(585.126176866,766.030975342,2.5)) ;
#1881=CARTESIAN_POINT('Axis2P3D Location',(585.126176866,763.530975342,-3.99924163614E-13)) ;
#1886=CARTESIAN_POINT('Line Origine',(585.126176866,764.780975342,-3.99914911755E-13)) ;
#1898=CARTESIAN_POINT('Axis2P3D Location',(603.508156331,751.788099305,3.)) ;
#1903=CARTESIAN_POINT('Line Origine',(583.508156331,751.788099305,13.)) ;
#1907=CARTESIAN_POINT('Vertex',(583.508156331,751.788099305,23.)) ;
#1910=CARTESIAN_POINT('Line Origine',(603.508156331,751.788099305,13.)) ;
#1914=CARTESIAN_POINT('Vertex',(603.508156331,751.788099306,23.)) ;
#1917=CARTESIAN_POINT('Line Origine',(593.508156331,751.788099305,23.)) ;
#1928=CARTESIAN_POINT('Axis2P3D Location',(588.508156331,751.788099305,18.)) ;
#1932=CARTESIAN_POINT('Vertex',(586.95815633,751.788099305,18.)) ;
#1934=CARTESIAN_POINT('Vertex',(590.058156332,751.788099305,18.)) ;
#1937=CARTESIAN_POINT('Axis2P3D Location',(588.508156331,751.788099305,18.)) ;
#1946=CARTESIAN_POINT('Axis2P3D Location',(588.508156331,751.788099305,8.)) ;
#1950=CARTESIAN_POINT('Vertex',(586.95815633,751.788099305,8.)) ;
#1952=CARTESIAN_POINT('Vertex',(590.058156332,751.788099305,8.)) ;
#1955=CARTESIAN_POINT('Axis2P3D Location',(588.508156331,751.788099305,8.)) ;
#1964=CARTESIAN_POINT('Axis2P3D Location',(598.508156331,751.788099305,18.)) ;
#1968=CARTESIAN_POINT('Vertex',(596.95815633,751.788099305,18.)) ;
#1970=CARTESIAN_POINT('Vertex',(600.058156332,751.788099305,18.)) ;
#1973=CARTESIAN_POINT('Axis2P3D Location',(598.508156331,751.788099305,18.)) ;
#1982=CARTESIAN_POINT('Axis2P3D Location',(598.508156331,751.788099305,8.)) ;
#1986=CARTESIAN_POINT('Vertex',(596.95815633,751.788099305,8.)) ;
#1988=CARTESIAN_POINT('Vertex',(600.058156332,751.788099305,8.)) ;
#1991=CARTESIAN_POINT('Axis2P3D Location',(598.508156331,751.788099305,8.)) ;
#2001=CARTESIAN_POINT('Axis2P3D Location',(583.508156331,756.788099305,3.)) ;
#2006=CARTESIAN_POINT('Line Origine',(583.508156331,756.788099305,13.)) ;
#2010=CARTESIAN_POINT('Vertex',(583.508156331,756.788099305,23.)) ;
#2013=CARTESIAN_POINT('Line Origine',(583.508156331,754.288099305,23.)) ;
#2025=CARTESIAN_POINT('Axis2P3D Location',(583.508156331,756.788099305,3.)) ;
#2030=CARTESIAN_POINT('Line Origine',(603.508156331,756.788099305,13.)) ;
#2034=CARTESIAN_POINT('Vertex',(603.508156331,756.788099306,23.)) ;
#2037=CARTESIAN_POINT('Line Origine',(593.508156331,756.788099305,23.)) ;
#2048=CARTESIAN_POINT('Axis2P3D Location',(588.508156331,756.788099305,18.)) ;
#2052=CARTESIAN_POINT('Vertex',(586.95815633,756.788099305,18.)) ;
#2054=CARTESIAN_POINT('Vertex',(590.058156332,756.788099305,18.)) ;
#2057=CARTESIAN_POINT('Axis2P3D Location',(588.508156331,756.788099305,18.)) ;
#2066=CARTESIAN_POINT('Axis2P3D Location',(588.508156331,756.788099305,8.)) ;
#2070=CARTESIAN_POINT('Vertex',(586.95815633,756.788099305,8.)) ;
#2072=CARTESIAN_POINT('Vertex',(590.058156332,756.788099305,8.)) ;
#2075=CARTESIAN_POINT('Axis2P3D Location',(588.508156331,756.788099305,8.)) ;
#2084=CARTESIAN_POINT('Axis2P3D Location',(598.508156331,756.788099305,18.)) ;
#2088=CARTESIAN_POINT('Vertex',(596.95815633,756.788099305,18.)) ;
#2090=CARTESIAN_POINT('Vertex',(600.058156332,756.788099305,18.)) ;
#2093=CARTESIAN_POINT('Axis2P3D Location',(598.508156331,756.788099305,18.)) ;
#2102=CARTESIAN_POINT('Axis2P3D Location',(598.508156331,756.788099305,8.)) ;
#2106=CARTESIAN_POINT('Vertex',(596.95815633,756.788099305,8.)) ;
#2108=CARTESIAN_POINT('Vertex',(600.058156332,756.788099305,8.)) ;
#2111=CARTESIAN_POINT('Axis2P3D Location',(598.508156331,756.788099305,8.)) ;
#2121=CARTESIAN_POINT('Axis2P3D Location',(603.508156331,751.788099305,3.)) ;
#2126=CARTESIAN_POINT('Line Origine',(603.508156331,754.288099305,23.)) ;
#2138=CARTESIAN_POINT('Axis2P3D Location',(616.626176866,763.530975342,2.5)) ;
#2143=CARTESIAN_POINT('Line Origine',(617.742418751,763.530975342,2.5)) ;
#2147=CARTESIAN_POINT('Vertex',(617.742418751,763.530975342,6.19638720656E-18)) ;
#2150=CARTESIAN_POINT('Axis2P3D Location',(616.626176866,763.530975342,0.)) ;
#2154=CARTESIAN_POINT('Vertex',(615.509934981,763.530975342,-3.99755499874E-13)) ;
#2157=CARTESIAN_POINT('Line Origine',(615.509934981,763.530975342,2.5)) ;
#2169=CARTESIAN_POINT('Axis2P3D Location',(615.509934981,766.030975342,-3.99736996157E-13)) ;
#2174=CARTESIAN_POINT('Line Origine',(615.509934981,764.780975342,-3.99746248016E-13)) ;
#2178=CARTESIAN_POINT('Vertex',(615.509934981,766.030975342,-3.99736996157E-13)) ;
#2181=CARTESIAN_POINT('Line Origine',(615.509934981,766.030975342,1.5)) ;
#2193=CARTESIAN_POINT('Axis2P3D Location',(616.626176866,766.030975342,2.5)) ;
#2198=CARTESIAN_POINT('Axis2P3D Location',(616.626176866,766.030975342,0.)) ;
#2202=CARTESIAN_POINT('Vertex',(617.742418751,766.030975342,6.19638720656E-18)) ;
#2205=CARTESIAN_POINT('Line Origine',(617.742418751,766.030975342,2.5)) ;
#2217=CARTESIAN_POINT('Axis2P3D Location',(617.742418751,763.530975342,-3.997431071E-13)) ;
#2222=CARTESIAN_POINT('Line Origine',(617.742418751,764.780975342,-3.99733855241E-13)) ;
#2234=CARTESIAN_POINT('Line Origine',(583.508156331,738.577339426,14.8788420528)) ;
#2246=CARTESIAN_POINT('Axis2P3D Location',(583.508156331,738.577339426,30.3449486704)) ;
#2251=CARTESIAN_POINT('Line Origine',(603.508156331,738.577339426,14.8788420528)) ;
#2262=CARTESIAN_POINT('Axis2P3D Location',(588.508156331,738.577339426,18.)) ;
#2266=CARTESIAN_POINT('Vertex',(586.95815633,738.577339426,18.)) ;
#2268=CARTESIAN_POINT('Vertex',(590.058156332,738.577339426,18.)) ;
#2271=CARTESIAN_POINT('Axis2P3D Location',(588.508156331,738.577339426,18.)) ;
#2280=CARTESIAN_POINT('Axis2P3D Location',(598.508156331,738.577339426,18.)) ;
#2284=CARTESIAN_POINT('Vertex',(600.058156332,738.577339426,18.)) ;
#2286=CARTESIAN_POINT('Vertex',(596.95815633,738.577339426,18.)) ;
#2289=CARTESIAN_POINT('Axis2P3D Location',(598.508156331,738.577339426,18.)) ;
#2298=CARTESIAN_POINT('Axis2P3D Location',(598.508156331,738.577339426,8.)) ;
#2302=CARTESIAN_POINT('Vertex',(600.058156332,738.577339426,8.)) ;
#2304=CARTESIAN_POINT('Vertex',(596.95815633,738.577339426,8.)) ;
#2307=CARTESIAN_POINT('Axis2P3D Location',(598.508156331,738.577339426,8.)) ;
#2316=CARTESIAN_POINT('Axis2P3D Location',(588.508156331,738.577339426,8.)) ;
#2320=CARTESIAN_POINT('Vertex',(586.95815633,738.577339426,8.)) ;
#2322=CARTESIAN_POINT('Vertex',(590.058156332,738.577339426,8.)) ;
#2325=CARTESIAN_POINT('Axis2P3D Location',(588.508156331,738.577339426,8.)) ;
#2342=CARTESIAN_POINT('Axis2P3D Location',(598.508156331,731.788099305,18.)) ;
#2347=CARTESIAN_POINT('Line Origine',(596.95815633,731.788099305,18.)) ;
#2352=CARTESIAN_POINT('Line Origine',(600.058156332,731.788099305,18.)) ;
#2364=CARTESIAN_POINT('Axis2P3D Location',(598.508156331,731.788099305,18.)) ;
#2376=CARTESIAN_POINT('Axis2P3D Location',(588.508156331,731.788099305,8.)) ;
#2381=CARTESIAN_POINT('Line Origine',(586.95815633,731.788099305,8.)) ;
#2386=CARTESIAN_POINT('Line Origine',(590.058156332,731.788099305,8.)) ;
#2398=CARTESIAN_POINT('Axis2P3D Location',(588.508156331,731.788099305,8.)) ;
#2410=CARTESIAN_POINT('Axis2P3D Location',(598.508156331,731.788099305,8.)) ;
#2415=CARTESIAN_POINT('Line Origine',(600.058156332,731.788099305,8.)) ;
#2420=CARTESIAN_POINT('Line Origine',(596.95815633,731.788099305,8.)) ;
#2432=CARTESIAN_POINT('Axis2P3D Location',(598.508156331,731.788099305,8.)) ;
#2444=CARTESIAN_POINT('Axis2P3D Location',(588.508156331,731.788099305,18.)) ;
#2449=CARTESIAN_POINT('Line Origine',(590.058156332,731.788099305,18.)) ;
#2454=CARTESIAN_POINT('Line Origine',(586.95815633,731.788099305,18.)) ;
#2466=CARTESIAN_POINT('Axis2P3D Location',(588.508156331,731.788099305,18.)) ;
#2478=CARTESIAN_POINT('Axis2P3D Location',(0.,0.,-4.08823530842E-13)) ;
#2536=CARTESIAN_POINT('Axis2P3D Location',(-1.27675647832E-16,-1.70234197109E-16,23.)) ;
#2548=CARTESIAN_POINT('Axis2P3D Location',(588.508156331,761.788099305,18.)) ;
#2553=CARTESIAN_POINT('Line Origine',(590.058156331,761.788099306,18.)) ;
#2558=CARTESIAN_POINT('Line Origine',(586.958156331,761.788099306,18.)) ;
#2577=CARTESIAN_POINT('Axis2P3D Location',(588.508156331,761.788099305,8.)) ;
#2582=CARTESIAN_POINT('Line Origine',(590.058156331,761.788099306,8.)) ;
#2587=CARTESIAN_POINT('Line Origine',(586.958156331,761.788099306,8.)) ;
#2606=CARTESIAN_POINT('Axis2P3D Location',(598.508156331,761.788099305,18.)) ;
#2611=CARTESIAN_POINT('Line Origine',(600.058156331,761.788099306,18.)) ;
#2616=CARTESIAN_POINT('Line Origine',(596.958156331,761.788099306,18.)) ;
#2635=CARTESIAN_POINT('Axis2P3D Location',(598.508156331,761.788099305,8.)) ;
#2640=CARTESIAN_POINT('Line Origine',(600.058156331,761.788099306,8.)) ;
#2645=CARTESIAN_POINT('Line Origine',(596.958156331,761.788099306,8.)) ;
#2664=CARTESIAN_POINT('Axis2P3D Location',(608.508156331,746.788099305,30.3449486704)) ;
#2669=CARTESIAN_POINT('Line Origine',(574.508156331,754.288099305,30.3449486704)) ;
#2673=CARTESIAN_POINT('Vertex',(574.508156331,746.788099305,30.3449486704)) ;
#2676=CARTESIAN_POINT('Line Origine',(574.508156331,744.288099305,30.3449486704)) ;
#2681=CARTESIAN_POINT('Line Origine',(612.508156331,744.288099305,30.3449486704)) ;
#2685=CARTESIAN_POINT('Vertex',(612.508156331,746.788099305,30.3449486704)) ;
#2688=CARTESIAN_POINT('Line Origine',(612.508156331,754.288099305,30.3449486704)) ;
#2706=CARTESIAN_POINT('Axis2P3D Location',(612.508156331,-1.28207177614E-46,0.)) ;
#2721=CARTESIAN_POINT('Axis2P3D Location',(574.508156331,1.28207177614E-46,0.)) ;
#2746=CARTESIAN_POINT('NONE',(0.,0.,0.)) ;
#2747=CARTESIAN_POINT('NONE',(-13.9081099352,16.1128540039,0.)) ;
#2759=CARTESIAN_POINT('NONE',(0.,0.,0.)) ;
#2760=CARTESIAN_POINT('NONE',(0.,0.,0.)) ;
#71=DIRECTION('Axis2P3D Direction',(1.,-3.20517944034E-47,0.)) ;
#72=DIRECTION('Axis2P3D XDirection',(2.37230934181E-64,7.40148683083E-18,-1.)) ;
#76=DIRECTION('Vector Direction',(0.,1.,0.)) ;
#85=DIRECTION('Vector Direction',(0.,0.,-1.)) ;
#92=DIRECTION('Vector Direction',(0.,1.,0.)) ;
#99=DIRECTION('Vector Direction',(0.,0.,-1.)) ;
#111=DIRECTION('Axis2P3D Direction',(3.20517944034E-47,1.,7.40148683083E-18)) ;
#112=DIRECTION('Axis2P3D XDirection',(-1.,3.20517944034E-47,0.)) ;
#116=DIRECTION('Vector Direction',(1.,0.,0.)) ;
#123=DIRECTION('Vector Direction',(0.,0.,1.)) ;
#130=DIRECTION('Vector Direction',(-1.,0.,0.)) ;
#142=DIRECTION('Vector Direction',(0.,0.,-1.)) ;
#151=DIRECTION('Vector Direction',(1.,0.,0.)) ;
#158=DIRECTION('Vector Direction',(0.,0.,1.)) ;
#165=DIRECTION('Vector Direction',(-1.,0.,0.)) ;
#177=DIRECTION('Axis2P3D Direction',(-1.,3.20517944034E-47,0.)) ;
#178=DIRECTION('Axis2P3D XDirection',(-2.37230934181E-64,-7.40148683083E-18,1.)) ;
#182=DIRECTION('Vector Direction',(0.,1.,0.)) ;
#189=DIRECTION('Vector Direction',(0.,0.,1.)) ;
#196=DIRECTION('Vector Direction',(0.,1.,0.)) ;
#208=DIRECTION('Axis2P3D Direction',(-5.55111512313E-18,-7.40148683083E-18,1.)) ;
#209=DIRECTION('Axis2P3D XDirection',(1.,-4.10865054803E-35,5.55111512313E-18)) ;
#213=DIRECTION('Vector Direction',(0.,1.,0.)) ;
#222=DIRECTION('Vector Direction',(1.,0.,0.)) ;
#229=DIRECTION('Axis2P3D Direction',(-5.55111512313E-18,-7.40148683083E-18,1.)) ;
#236=DIRECTION('Vector Direction',(0.,1.,2.61228946971E-17)) ;
#243=DIRECTION('Axis2P3D Direction',(-5.55111512313E-18,-7.40148683083E-18,1.)) ;
#250=DIRECTION('Vector Direction',(1.,0.,8.881784197E-18)) ;
#257=DIRECTION('Axis2P3D Direction',(-5.55111512313E-18,-7.40148683083E-18,1.)) ;
#264=DIRECTION('Vector Direction',(0.,-1.,-2.61228946971E-17)) ;
#271=DIRECTION('Axis2P3D Direction',(-5.55111512313E-18,-7.40148683083E-18,1.)) ;
#278=DIRECTION('Vector Direction',(1.,0.,0.)) ;
#285=DIRECTION('Vector Direction',(0.,-1.,0.)) ;
#292=DIRECTION('Axis2P3D Direction',(-5.55111512313E-18,-7.40148683083E-18,1.)) ;
#299=DIRECTION('Vector Direction',(-1.,0.,-8.881784197E-18)) ;
#306=DIRECTION('Axis2P3D Direction',(-5.55111512313E-18,-7.40148683083E-18,1.)) ;
#327=DIRECTION('Vector Direction',(0.,1.,2.96059473233E-17)) ;
#334=DIRECTION('Vector Direction',(0.,-1.,0.)) ;
#341=DIRECTION('Vector Direction',(1.,0.,0.)) ;
#348=DIRECTION('Vector Direction',(1.,0.,0.)) ;
#355=DIRECTION('Vector Direction',(1.,0.,2.22044604925E-17)) ;
#362=DIRECTION('Vector Direction',(1.,0.,0.)) ;
#369=DIRECTION('Vector Direction',(-1.,0.,0.)) ;
#376=DIRECTION('Vector Direction',(0.,1.,0.)) ;
#383=DIRECTION('Vector Direction',(0.,1.,2.96059473233E-17)) ;
#388=DIRECTION('Vector Direction',(1.,0.,1.45127192761E-17)) ;
#436=DIRECTION('Vector Direction',(0.,-1.,0.)) ;
#468=DIRECTION('Vector Direction',(0.,1.,0.)) ;
#506=DIRECTION('Vector Direction',(0.0354248113905,-0.999372344393,0.)) ;
#538=DIRECTION('Vector Direction',(-0.0354248113905,0.999372344393,0.)) ;
#576=DIRECTION('Vector Direction',(0.,-1.,0.)) ;
#608=DIRECTION('Vector Direction',(0.,1.,0.)) ;
#646=DIRECTION('Vector Direction',(0.,1.,0.)) ;
#653=DIRECTION('Vector Direction',(1.,0.,0.)) ;
#660=DIRECTION('Vector Direction',(0.,-1.,0.)) ;
#698=DIRECTION('Vector Direction',(0.,-1.,0.)) ;
#730=DIRECTION('Vector Direction',(0.,1.,0.)) ;
#741=DIRECTION('Vector Direction',(-1.,0.,-2.22044604925E-17)) ;
#750=DIRECTION('Vector Direction',(0.,-1.,0.)) ;
#757=DIRECTION('Vector Direction',(1.,0.,2.22044604925E-17)) ;
#764=DIRECTION('Vector Direction',(0.,1.,0.)) ;
#805=DIRECTION('Vector Direction',(0.,-1.,0.)) ;
#840=DIRECTION('Vector Direction',(0.,1.,0.)) ;
#852=DIRECTION('Axis2P3D Direction',(3.20517944034E-47,1.,7.40148683083E-18)) ;
#853=DIRECTION('Axis2P3D XDirection',(-1.,3.20517944034E-47,0.)) ;
#857=DIRECTION('Vector Direction',(0.,0.,1.)) ;
#864=DIRECTION('Vector Direction',(-1.,0.,0.)) ;
#871=DIRECTION('Vector Direction',(-1.,0.,0.)) ;
#878=DIRECTION('Vector Direction',(0.,0.,-1.)) ;
#892=DIRECTION('Axis2P3D Direction',(-2.38825228682E-47,-0.74512280241,0.666927289387)) ;
#893=DIRECTION('Axis2P3D XDirection',(2.13762163615E-47,0.666927289387,0.74512280241)) ;
#897=DIRECTION('Vector Direction',(0.,0.666927289387,0.74512280241)) ;
#904=DIRECTION('Vector Direction',(1.,0.,0.)) ;
#911=DIRECTION('Vector Direction',(0.,0.666927289387,0.74512280241)) ;
#918=DIRECTION('Vector Direction',(-1.,0.,0.)) ;
#925=DIRECTION('Vector Direction',(1.,0.,0.)) ;
#932=DIRECTION('Vector Direction',(0.,0.666927289387,0.74512280241)) ;
#939=DIRECTION('Vector Direction',(-1.,0.,0.)) ;
#946=DIRECTION('Vector Direction',(0.,-0.666927289387,-0.74512280241)) ;
#964=DIRECTION('Axis2P3D Direction',(3.20517944034E-47,1.,7.40148683083E-18)) ;
#965=DIRECTION('Axis2P3D XDirection',(-1.,3.20517944034E-47,0.)) ;
#969=DIRECTION('Vector Direction',(-1.,0.,0.)) ;
#980=DIRECTION('Axis2P3D Direction',(3.20517944034E-47,1.,7.40148683083E-18)) ;
#989=DIRECTION('Axis2P3D Direction',(3.20517944034E-47,1.,7.40148683083E-18)) ;
#998=DIRECTION('Axis2P3D Direction',(3.20517944034E-47,1.,7.40148683083E-18)) ;
#1007=DIRECTION('Axis2P3D Direction',(3.20517944034E-47,1.,7.40148683083E-18)) ;
#1016=DIRECTION('Axis2P3D Direction',(3.20517944034E-47,1.,7.40148683083E-18)) ;
#1025=DIRECTION('Axis2P3D Direction',(3.20517944034E-47,1.,7.40148683083E-18)) ;
#1034=DIRECTION('Axis2P3D Direction',(3.20517944034E-47,1.,7.40148683083E-18)) ;
#1043=DIRECTION('Axis2P3D Direction',(3.20517944034E-47,1.,7.40148683083E-18)) ;
#1053=DIRECTION('Axis2P3D Direction',(1.,-4.10865054803E-35,5.55111512313E-18)) ;
#1054=DIRECTION('Axis2P3D XDirection',(0.,1.,7.40148683083E-18)) ;
#1058=DIRECTION('Vector Direction',(0.,1.,7.40148683083E-18)) ;
#1067=DIRECTION('Vector Direction',(0.,0.,-1.)) ;
#1072=DIRECTION('Vector Direction',(0.,0.,-1.)) ;
#1084=DIRECTION('Axis2P3D Direction',(0.,1.,7.40148683083E-18)) ;
#1085=DIRECTION('Axis2P3D XDirection',(1.,-4.10865054803E-35,5.55111512313E-18)) ;
#1089=DIRECTION('Vector Direction',(1.,0.,0.)) ;
#1096=DIRECTION('Vector Direction',(0.,0.,1.)) ;
#1108=DIRECTION('Axis2P3D Direction',(0.,0.,1.)) ;
#1109=DIRECTION('Axis2P3D XDirection',(-1.83697019872E-16,-1.,0.)) ;
#1113=DIRECTION('Axis2P3D Direction',(0.,0.,1.)) ;
#1120=DIRECTION('Vector Direction',(0.,0.,1.)) ;
#1132=DIRECTION('Vector Direction',(0.,1.,7.40148683083E-18)) ;
#1139=DIRECTION('Vector Direction',(0.,0.,1.)) ;
#1151=DIRECTION('Axis2P3D Direction',(-0.,0.,1.)) ;
#1152=DIRECTION('Axis2P3D XDirection',(1.,-1.83697019872E-16,0.)) ;
#1156=DIRECTION('Axis2P3D Direction',(-0.,0.,1.)) ;
#1163=DIRECTION('Vector Direction',(0.,0.,1.)) ;
#1175=DIRECTION('Axis2P3D Direction',(-3.20517944034E-47,-1.,-7.40148683083E-18)) ;
#1176=DIRECTION('Axis2P3D XDirection',(1.,-4.10865054803E-35,5.55111512313E-18)) ;
#1180=DIRECTION('Vector Direction',(0.,0.,1.)) ;
#1187=DIRECTION('Vector Direction',(1.,0.,5.55111512313E-18)) ;
#1199=DIRECTION('Axis2P3D Direction',(0.,-0.,1.)) ;
#1200=DIRECTION('Axis2P3D XDirection',(1.83697019872E-16,1.,0.)) ;
#1204=DIRECTION('Axis2P3D Direction',(0.,-0.,1.)) ;
#1211=DIRECTION('Vector Direction',(0.,0.,1.)) ;
#1223=DIRECTION('Axis2P3D Direction',(-1.,4.10865054803E-35,-5.55111512313E-18)) ;
#1224=DIRECTION('Axis2P3D XDirection',(0.,-1.,-7.40148683083E-18)) ;
#1228=DIRECTION('Vector Direction',(0.,-1.,-7.40148683083E-18)) ;
#1235=DIRECTION('Vector Direction',(0.,0.,1.)) ;
#1247=DIRECTION('Axis2P3D Direction',(0.,0.,1.)) ;
#1248=DIRECTION('Axis2P3D XDirection',(-1.,1.83697019872E-16,0.)) ;
#1252=DIRECTION('Axis2P3D Direction',(0.,0.,1.)) ;
#1259=DIRECTION('Vector Direction',(0.,0.,1.)) ;
#1271=DIRECTION('Vector Direction',(1.,0.,0.)) ;
#1278=DIRECTION('Vector Direction',(0.,0.,-1.)) ;
#1290=DIRECTION('Vector Direction',(0.,-1.,-7.40148683083E-18)) ;
#1297=DIRECTION('Vector Direction',(0.,0.,-1.)) ;
#1309=DIRECTION('Axis2P3D Direction',(0.,0.,-1.)) ;
#1310=DIRECTION('Axis2P3D XDirection',(1.83697019872E-16,-1.,-0.)) ;
#1314=DIRECTION('Axis2P3D Direction',(0.,0.,-1.)) ;
#1321=DIRECTION('Vector Direction',(0.,0.,-1.)) ;
#1333=DIRECTION('Axis2P3D Direction',(0.,-1.,-7.40148683083E-18)) ;
#1334=DIRECTION('Axis2P3D XDirection',(-1.,4.10865054803E-35,-5.55111512313E-18)) ;
#1338=DIRECTION('Vector Direction',(-1.,0.,-8.881784197E-18)) ;
#1345=DIRECTION('Vector Direction',(0.,0.,-1.)) ;
#1357=DIRECTION('Axis2P3D Direction',(0.,0.,-1.)) ;
#1358=DIRECTION('Axis2P3D XDirection',(1.,1.83697019872E-16,0.)) ;
#1362=DIRECTION('Axis2P3D Direction',(0.,0.,-1.)) ;
#1374=DIRECTION('Vector Direction',(0.,0.,1.)) ;
#1379=DIRECTION('Vector Direction',(0.,0.,1.)) ;
#1393=DIRECTION('Axis2P3D Direction',(-2.37230934181E-64,-7.40148683083E-18,1.)) ;
#1394=DIRECTION('Axis2P3D XDirection',(1.,0.,2.37230934181E-64)) ;
#1398=DIRECTION('Vector Direction',(0.,1.,0.)) ;
#1405=DIRECTION('Vector Direction',(1.,0.,0.)) ;
#1412=DIRECTION('Vector Direction',(0.,-1.,0.)) ;
#1424=DIRECTION('Axis2P3D Direction',(5.55111512312E-18,7.40148683083E-18,-1.)) ;
#1425=DIRECTION('Axis2P3D XDirection',(1.,-3.78956125739E-13,5.55111512312E-18)) ;
#1429=DIRECTION('Vector Direction',(5.54791768081E-18,7.40101313568E-18,-1.)) ;
#1436=DIRECTION('Axis2P3D Direction',(5.55111512312E-18,7.40148683083E-18,-1.)) ;
#1443=DIRECTION('Vector Direction',(5.54791768081E-18,7.40101313568E-18,-1.)) ;
#1455=DIRECTION('Axis2P3D Direction',(-1.,4.10865054803E-35,-5.55111512313E-18)) ;
#1456=DIRECTION('Axis2P3D XDirection',(0.,-1.,-7.40148683083E-18)) ;
#1460=DIRECTION('Vector Direction',(0.,-1.,-7.40148683083E-18)) ;
#1467=DIRECTION('Vector Direction',(0.,0.,-1.)) ;
#1479=DIRECTION('Axis2P3D Direction',(5.55111512312E-18,7.40148683083E-18,-1.)) ;
#1480=DIRECTION('Axis2P3D XDirection',(-1.,3.78685631322E-13,-5.55111512312E-18)) ;
#1484=DIRECTION('Axis2P3D Direction',(5.55111512312E-18,7.40148683083E-18,-1.)) ;
#1491=DIRECTION('Vector Direction',(5.54791768081E-18,7.40101313568E-18,-1.)) ;
#1503=DIRECTION('Axis2P3D Direction',(1.,-4.10865054803E-35,5.55111512313E-18)) ;
#1504=DIRECTION('Axis2P3D XDirection',(0.,1.,7.40148683083E-18)) ;
#1508=DIRECTION('Vector Direction',(0.,1.,7.40148683083E-18)) ;
#1520=DIRECTION('Axis2P3D Direction',(5.55111512313E-18,7.40148683083E-18,-1.)) ;
#1521=DIRECTION('Axis2P3D XDirection',(0.999372344394,0.0354248113739,5.80982720947E-18)) ;
#1525=DIRECTION('Vector Direction',(5.54791768081E-18,7.40101313568E-18,-1.)) ;
#1532=DIRECTION('Axis2P3D Direction',(5.55111512313E-18,7.40148683083E-18,-1.)) ;
#1539=DIRECTION('Vector Direction',(5.54791768081E-18,7.40101313568E-18,-1.)) ;
#1551=DIRECTION('Axis2P3D Direction',(-0.999372344394,-0.0354248113738,-5.80982720947E-18)) ;
#1552=DIRECTION('Axis2P3D XDirection',(0.0354248113738,-0.999372344394,-7.20019403998E-18)) ;
#1556=DIRECTION('Vector Direction',(0.0354248113738,-0.999372344394,-7.20019403999E-18)) ;
#1563=DIRECTION('Vector Direction',(0.,0.,1.)) ;
#1575=DIRECTION('Axis2P3D Direction',(5.55111512313E-18,7.40148683083E-18,-1.)) ;
#1576=DIRECTION('Axis2P3D XDirection',(-0.999372344394,-0.0354248113739,-5.80982720947E-18)) ;
#1580=DIRECTION('Axis2P3D Direction',(5.55111512313E-18,7.40148683083E-18,-1.)) ;
#1587=DIRECTION('Vector Direction',(5.54791768081E-18,7.40101313568E-18,-1.)) ;
#1599=DIRECTION('Axis2P3D Direction',(0.999372344394,0.0354248113738,5.80982720947E-18)) ;
#1600=DIRECTION('Axis2P3D XDirection',(-0.0354248113738,0.999372344394,7.20019403998E-18)) ;
#1604=DIRECTION('Vector Direction',(-0.0354248113738,0.999372344394,7.20019403999E-18)) ;
#1616=DIRECTION('Axis2P3D Direction',(5.55111512313E-18,7.40148683083E-18,-1.)) ;
#1617=DIRECTION('Axis2P3D XDirection',(1.,3.03113770478E-13,5.55111512313E-18)) ;
#1621=DIRECTION('Vector Direction',(5.54791768081E-18,7.40101313568E-18,-1.)) ;
#1628=DIRECTION('Axis2P3D Direction',(5.55111512313E-18,7.40148683083E-18,-1.)) ;
#1635=DIRECTION('Vector Direction',(5.54791768081E-18,7.40101313568E-18,-1.)) ;
#1647=DIRECTION('Axis2P3D Direction',(-1.,4.10865054803E-35,-5.55111512313E-18)) ;
#1648=DIRECTION('Axis2P3D XDirection',(0.,-1.,-7.40148683083E-18)) ;
#1652=DIRECTION('Vector Direction',(0.,-1.,-7.40148683083E-18)) ;
#1659=DIRECTION('Vector Direction',(0.,0.,1.)) ;
#1671=DIRECTION('Axis2P3D Direction',(5.55111512313E-18,7.40148683083E-18,-1.)) ;
#1672=DIRECTION('Axis2P3D XDirection',(-1.,-3.03435395008E-13,-5.55111512313E-18)) ;
#1676=DIRECTION('Axis2P3D Direction',(5.55111512313E-18,7.40148683083E-18,-1.)) ;
#1683=DIRECTION('Vector Direction',(5.54791768081E-18,7.40101313568E-18,-1.)) ;
#1695=DIRECTION('Axis2P3D Direction',(1.,-4.10865054803E-35,5.55111512313E-18)) ;
#1696=DIRECTION('Axis2P3D XDirection',(0.,1.,7.40148683083E-18)) ;
#1700=DIRECTION('Vector Direction',(0.,1.,7.40148683083E-18)) ;
#1712=DIRECTION('Axis2P3D Direction',(5.55111512312E-18,7.40148683083E-18,-1.)) ;
#1713=DIRECTION('Axis2P3D XDirection',(-1.,-9.09617166453E-13,-5.55111512313E-18)) ;
#1717=DIRECTION('Vector Direction',(5.54791768081E-18,7.40101313568E-18,-1.)) ;
#1724=DIRECTION('Axis2P3D Direction',(5.55111512312E-18,7.40148683083E-18,-1.)) ;
#1731=DIRECTION('Vector Direction',(5.54791768081E-18,7.40101313568E-18,-1.)) ;
#1743=DIRECTION('Axis2P3D Direction',(1.,-4.10865054803E-35,5.55111512313E-18)) ;
#1744=DIRECTION('Axis2P3D XDirection',(0.,1.,7.40148683083E-18)) ;
#1748=DIRECTION('Vector Direction',(0.,0.,-1.)) ;
#1755=DIRECTION('Vector Direction',(0.,1.,7.40148683083E-18)) ;
#1767=DIRECTION('Vector Direction',(1.,0.,0.)) ;
#1774=DIRECTION('Vector Direction',(0.,0.,-1.)) ;
#1786=DIRECTION('Axis2P3D Direction',(-1.,4.10865054803E-35,-5.55111512313E-18)) ;
#1787=DIRECTION('Axis2P3D XDirection',(0.,-1.,-7.40148683083E-18)) ;
#1791=DIRECTION('Vector Direction',(0.,-1.,-7.40148683083E-18)) ;
#1803=DIRECTION('Axis2P3D Direction',(5.55111512312E-18,7.40148683083E-18,-1.)) ;
#1804=DIRECTION('Axis2P3D XDirection',(1.,-4.54747350886E-13,5.55111512312E-18)) ;
#1808=DIRECTION('Vector Direction',(5.54791768081E-18,7.40101313568E-18,-1.)) ;
#1815=DIRECTION('Axis2P3D Direction',(5.55111512312E-18,7.40148683083E-18,-1.)) ;
#1822=DIRECTION('Vector Direction',(5.54791768081E-18,7.40101313568E-18,-1.)) ;
#1834=DIRECTION('Axis2P3D Direction',(-1.,4.10865054803E-35,-5.55111512313E-18)) ;
#1835=DIRECTION('Axis2P3D XDirection',(0.,-1.,-7.40148683083E-18)) ;
#1839=DIRECTION('Vector Direction',(0.,-1.,-7.40148683083E-18)) ;
#1846=DIRECTION('Vector Direction',(0.,0.,-1.)) ;
#1858=DIRECTION('Axis2P3D Direction',(5.55111512312E-18,7.40148683083E-18,-1.)) ;
#1859=DIRECTION('Axis2P3D XDirection',(-1.,4.54624886207E-13,-5.55111512312E-18)) ;
#1863=DIRECTION('Axis2P3D Direction',(5.55111512312E-18,7.40148683083E-18,-1.)) ;
#1870=DIRECTION('Vector Direction',(5.54791768081E-18,7.40101313568E-18,-1.)) ;
#1882=DIRECTION('Axis2P3D Direction',(1.,-4.10865054803E-35,5.55111512313E-18)) ;
#1883=DIRECTION('Axis2P3D XDirection',(0.,1.,7.40148683083E-18)) ;
#1887=DIRECTION('Vector Direction',(0.,1.,7.40148683083E-18)) ;
#1899=DIRECTION('Axis2P3D Direction',(3.20517944034E-47,1.,7.40148683083E-18)) ;
#1900=DIRECTION('Axis2P3D XDirection',(-1.,4.10865054803E-35,-5.55111512313E-18)) ;
#1904=DIRECTION('Vector Direction',(0.,0.,1.)) ;
#1911=DIRECTION('Vector Direction',(0.,0.,1.)) ;
#1918=DIRECTION('Vector Direction',(-1.,0.,0.)) ;
#1929=DIRECTION('Axis2P3D Direction',(3.20517944034E-47,1.,7.40148683083E-18)) ;
#1938=DIRECTION('Axis2P3D Direction',(3.20517944034E-47,1.,7.40148683083E-18)) ;
#1947=DIRECTION('Axis2P3D Direction',(3.20517944034E-47,1.,7.40148683083E-18)) ;
#1956=DIRECTION('Axis2P3D Direction',(3.20517944034E-47,1.,7.40148683083E-18)) ;
#1965=DIRECTION('Axis2P3D Direction',(3.20517944034E-47,1.,7.40148683083E-18)) ;
#1974=DIRECTION('Axis2P3D Direction',(3.20517944034E-47,1.,7.40148683083E-18)) ;
#1983=DIRECTION('Axis2P3D Direction',(3.20517944034E-47,1.,7.40148683083E-18)) ;
#1992=DIRECTION('Axis2P3D Direction',(3.20517944034E-47,1.,7.40148683083E-18)) ;
#2002=DIRECTION('Axis2P3D Direction',(-1.,4.10865054803E-35,-5.55111512313E-18)) ;
#2003=DIRECTION('Axis2P3D XDirection',(0.,-1.,-7.40148683083E-18)) ;
#2007=DIRECTION('Vector Direction',(0.,0.,1.)) ;
#2014=DIRECTION('Vector Direction',(0.,-1.,0.)) ;
#2026=DIRECTION('Axis2P3D Direction',(-3.20517944034E-47,-1.,-7.40148683083E-18)) ;
#2027=DIRECTION('Axis2P3D XDirection',(1.,-4.10865054803E-35,5.55111512313E-18)) ;
#2031=DIRECTION('Vector Direction',(0.,0.,1.)) ;
#2038=DIRECTION('Vector Direction',(1.,0.,0.)) ;
#2049=DIRECTION('Axis2P3D Direction',(-3.20517944034E-47,-1.,-7.40148683083E-18)) ;
#2058=DIRECTION('Axis2P3D Direction',(-3.20517944034E-47,-1.,-7.40148683083E-18)) ;
#2067=DIRECTION('Axis2P3D Direction',(-3.20517944034E-47,-1.,-7.40148683083E-18)) ;
#2076=DIRECTION('Axis2P3D Direction',(-3.20517944034E-47,-1.,-7.40148683083E-18)) ;
#2085=DIRECTION('Axis2P3D Direction',(-3.20517944034E-47,-1.,-7.40148683083E-18)) ;
#2094=DIRECTION('Axis2P3D Direction',(-3.20517944034E-47,-1.,-7.40148683083E-18)) ;
#2103=DIRECTION('Axis2P3D Direction',(-3.20517944034E-47,-1.,-7.40148683083E-18)) ;
#2112=DIRECTION('Axis2P3D Direction',(-3.20517944034E-47,-1.,-7.40148683083E-18)) ;
#2122=DIRECTION('Axis2P3D Direction',(1.,-4.10865054803E-35,5.55111512313E-18)) ;
#2123=DIRECTION('Axis2P3D XDirection',(0.,1.,7.40148683083E-18)) ;
#2127=DIRECTION('Vector Direction',(0.,1.,0.)) ;
#2139=DIRECTION('Axis2P3D Direction',(5.55111512313E-18,7.40148683083E-18,-1.)) ;
#2140=DIRECTION('Axis2P3D XDirection',(1.,2.44929359829E-16,5.55111512313E-18)) ;
#2144=DIRECTION('Vector Direction',(5.54791768081E-18,7.40101313568E-18,-1.)) ;
#2151=DIRECTION('Axis2P3D Direction',(5.55111512313E-18,7.40148683083E-18,-1.)) ;
#2158=DIRECTION('Vector Direction',(5.54791768081E-18,7.40101313568E-18,-1.)) ;
#2170=DIRECTION('Axis2P3D Direction',(-1.,4.10865054803E-35,-5.55111512313E-18)) ;
#2171=DIRECTION('Axis2P3D XDirection',(0.,-1.,-7.40148683083E-18)) ;
#2175=DIRECTION('Vector Direction',(0.,-1.,-7.40148683083E-18)) ;
#2182=DIRECTION('Vector Direction',(0.,0.,1.)) ;
#2194=DIRECTION('Axis2P3D Direction',(5.55111512313E-18,7.40148683083E-18,-1.)) ;
#2195=DIRECTION('Axis2P3D XDirection',(-1.,-1.22464679915E-16,-5.55111512313E-18)) ;
#2199=DIRECTION('Axis2P3D Direction',(5.55111512313E-18,7.40148683083E-18,-1.)) ;
#2206=DIRECTION('Vector Direction',(5.54791768081E-18,7.40101313568E-18,-1.)) ;
#2218=DIRECTION('Axis2P3D Direction',(1.,-4.10865054803E-35,5.55111512313E-18)) ;
#2219=DIRECTION('Axis2P3D XDirection',(0.,1.,7.40148683083E-18)) ;
#2223=DIRECTION('Vector Direction',(0.,1.,7.40148683083E-18)) ;
#2235=DIRECTION('Vector Direction',(0.,0.,-1.)) ;
#2247=DIRECTION('Axis2P3D Direction',(-1.75586163521E-81,1.,7.40148683083E-18)) ;
#2248=DIRECTION('Axis2P3D XDirection',(1.,0.,2.37230934181E-64)) ;
#2252=DIRECTION('Vector Direction',(0.,0.,-1.)) ;
#2263=DIRECTION('Axis2P3D Direction',(-1.75586163521E-81,1.,7.40148683083E-18)) ;
#2272=DIRECTION('Axis2P3D Direction',(-1.75586163521E-81,1.,7.40148683083E-18)) ;
#2281=DIRECTION('Axis2P3D Direction',(-1.75586163521E-81,1.,7.40148683083E-18)) ;
#2290=DIRECTION('Axis2P3D Direction',(-1.75586163521E-81,1.,7.40148683083E-18)) ;
#2299=DIRECTION('Axis2P3D Direction',(-1.75586163521E-81,1.,7.40148683083E-18)) ;
#2308=DIRECTION('Axis2P3D Direction',(-1.75586163521E-81,1.,7.40148683083E-18)) ;
#2317=DIRECTION('Axis2P3D Direction',(-1.75586163521E-81,1.,7.40148683083E-18)) ;
#2326=DIRECTION('Axis2P3D Direction',(-1.75586163521E-81,1.,7.40148683083E-18)) ;
#2343=DIRECTION('Axis2P3D Direction',(3.20517944034E-47,1.,7.40148683083E-18)) ;
#2344=DIRECTION('Axis2P3D XDirection',(-1.,3.20517944034E-47,3.20517944034E-47)) ;
#2348=DIRECTION('Vector Direction',(0.,1.,0.)) ;
#2353=DIRECTION('Vector Direction',(0.,1.,0.)) ;
#2365=DIRECTION('Axis2P3D Direction',(3.20517944034E-47,1.,7.40148683083E-18)) ;
#2366=DIRECTION('Axis2P3D XDirection',(1.,-9.06420715631E-34,1.22464679915E-16)) ;
#2377=DIRECTION('Axis2P3D Direction',(3.20517944034E-47,1.,7.40148683083E-18)) ;
#2378=DIRECTION('Axis2P3D XDirection',(-1.,3.20517944034E-47,3.20517944034E-47)) ;
#2382=DIRECTION('Vector Direction',(0.,1.,0.)) ;
#2387=DIRECTION('Vector Direction',(0.,1.,0.)) ;
#2399=DIRECTION('Axis2P3D Direction',(3.20517944034E-47,1.,7.40148683083E-18)) ;
#2400=DIRECTION('Axis2P3D XDirection',(1.,-9.06420715631E-34,1.22464679915E-16)) ;
#2411=DIRECTION('Axis2P3D Direction',(3.20517944034E-47,1.,7.40148683083E-18)) ;
#2412=DIRECTION('Axis2P3D XDirection',(1.,-9.06420715631E-34,1.22464679915E-16)) ;
#2416=DIRECTION('Vector Direction',(0.,1.,0.)) ;
#2421=DIRECTION('Vector Direction',(0.,1.,0.)) ;
#2433=DIRECTION('Axis2P3D Direction',(3.20517944034E-47,1.,7.40148683083E-18)) ;
#2434=DIRECTION('Axis2P3D XDirection',(-1.,3.20517944034E-47,3.20517944034E-47)) ;
#2445=DIRECTION('Axis2P3D Direction',(3.20517944034E-47,1.,7.40148683083E-18)) ;
#2446=DIRECTION('Axis2P3D XDirection',(1.,-9.06420715631E-34,1.22464679915E-16)) ;
#2450=DIRECTION('Vector Direction',(0.,1.,0.)) ;
#2455=DIRECTION('Vector Direction',(0.,1.,0.)) ;
#2467=DIRECTION('Axis2P3D Direction',(3.20517944034E-47,1.,7.40148683083E-18)) ;
#2468=DIRECTION('Axis2P3D XDirection',(-1.,3.20517944034E-47,3.20517944034E-47)) ;
#2479=DIRECTION('Axis2P3D Direction',(-5.55111512313E-18,-7.40148683083E-18,1.)) ;
#2480=DIRECTION('Axis2P3D XDirection',(1.,-4.10865054803E-35,5.55111512313E-18)) ;
#2537=DIRECTION('Axis2P3D Direction',(-5.55111512313E-18,-7.40148683083E-18,1.)) ;
#2538=DIRECTION('Axis2P3D XDirection',(1.,-4.10865054803E-35,5.55111512313E-18)) ;
#2549=DIRECTION('Axis2P3D Direction',(0.,-1.,-7.40148683083E-18)) ;
#2550=DIRECTION('Axis2P3D XDirection',(1.,4.24118766248E-33,-5.7301833529E-16)) ;
#2554=DIRECTION('Vector Direction',(0.,-1.,-7.40136840705E-18)) ;
#2559=DIRECTION('Vector Direction',(0.,-1.,-7.40136840705E-18)) ;
#2578=DIRECTION('Axis2P3D Direction',(0.,-1.,-7.40148683083E-18)) ;
#2579=DIRECTION('Axis2P3D XDirection',(1.,4.24118766248E-33,-5.7301833529E-16)) ;
#2583=DIRECTION('Vector Direction',(0.,-1.,-7.40150163381E-18)) ;
#2588=DIRECTION('Vector Direction',(0.,-1.,-7.40150163381E-18)) ;
#2607=DIRECTION('Axis2P3D Direction',(0.,-1.,-7.40148683083E-18)) ;
#2608=DIRECTION('Axis2P3D XDirection',(1.,4.24118766248E-33,-5.7301833529E-16)) ;
#2612=DIRECTION('Vector Direction',(0.,-1.,-7.40136840705E-18)) ;
#2617=DIRECTION('Vector Direction',(0.,-1.,-7.40136840705E-18)) ;
#2636=DIRECTION('Axis2P3D Direction',(0.,-1.,-7.40148683083E-18)) ;
#2637=DIRECTION('Axis2P3D XDirection',(1.,4.24118766248E-33,-5.7301833529E-16)) ;
#2641=DIRECTION('Vector Direction',(0.,-1.,-7.40150163381E-18)) ;
#2646=DIRECTION('Vector Direction',(0.,-1.,-7.40150163381E-18)) ;
#2665=DIRECTION('Axis2P3D Direction',(-2.37230934181E-64,-7.40148683083E-18,1.)) ;
#2666=DIRECTION('Axis2P3D XDirection',(-1.,3.20517944034E-47,0.)) ;
#2670=DIRECTION('Vector Direction',(0.,1.,0.)) ;
#2677=DIRECTION('Vector Direction',(0.,-1.,0.)) ;
#2682=DIRECTION('Vector Direction',(0.,1.,0.)) ;
#2689=DIRECTION('Vector Direction',(0.,1.,0.)) ;
#2707=DIRECTION('Axis2P3D Direction',(1.,-3.20517944034E-47,0.)) ;
#2708=DIRECTION('Axis2P3D XDirection',(3.20517944034E-47,1.,-0.)) ;
#2722=DIRECTION('Axis2P3D Direction',(-1.,3.20517944034E-47,0.)) ;
#2723=DIRECTION('Axis2P3D XDirection',(-3.20517944034E-47,-1.,0.)) ;
#2748=DIRECTION('NONE',(1.,0.,0.)) ;
#2749=DIRECTION('NONE',(0.,0.,1.)) ;
#2750=DIRECTION('NONE',(1.,0.,0.)) ;
#2751=DIRECTION('NONE',(0.,0.,1.)) ;
#2761=DIRECTION('NONE',(1.,0.,0.)) ;
#2762=DIRECTION('NONE',(0.,0.,1.)) ;
#2763=DIRECTION('NONE',(1.,0.,0.)) ;
#2764=DIRECTION('NONE',(0.,0.,1.)) ;
#73=AXIS2_PLACEMENT_3D('Plane Axis2P3D',#70,#71,#72) ;
#113=AXIS2_PLACEMENT_3D('Plane Axis2P3D',#110,#111,#112) ;
#179=AXIS2_PLACEMENT_3D('Plane Axis2P3D',#176,#177,#178) ;
#210=AXIS2_PLACEMENT_3D('Plane Axis2P3D',#207,#208,#209) ;
#230=AXIS2_PLACEMENT_3D('Circle Axis2P3D',#228,#229,$) ;
#244=AXIS2_PLACEMENT_3D('Circle Axis2P3D',#242,#243,$) ;
#258=AXIS2_PLACEMENT_3D('Circle Axis2P3D',#256,#257,$) ;
#272=AXIS2_PLACEMENT_3D('Circle Axis2P3D',#270,#271,$) ;
#293=AXIS2_PLACEMENT_3D('Circle Axis2P3D',#291,#292,$) ;
#307=AXIS2_PLACEMENT_3D('Circle Axis2P3D',#305,#306,$) ;
#854=AXIS2_PLACEMENT_3D('Plane Axis2P3D',#851,#852,#853) ;
#894=AXIS2_PLACEMENT_3D('Plane Axis2P3D',#891,#892,#893) ;
#966=AXIS2_PLACEMENT_3D('Plane Axis2P3D',#963,#964,#965) ;
#981=AXIS2_PLACEMENT_3D('Circle Axis2P3D',#979,#980,$) ;
#990=AXIS2_PLACEMENT_3D('Circle Axis2P3D',#988,#989,$) ;
#999=AXIS2_PLACEMENT_3D('Circle Axis2P3D',#997,#998,$) ;
#1008=AXIS2_PLACEMENT_3D('Circle Axis2P3D',#1006,#1007,$) ;
#1017=AXIS2_PLACEMENT_3D('Circle Axis2P3D',#1015,#1016,$) ;
#1026=AXIS2_PLACEMENT_3D('Circle Axis2P3D',#1024,#1025,$) ;
#1035=AXIS2_PLACEMENT_3D('Circle Axis2P3D',#1033,#1034,$) ;
#1044=AXIS2_PLACEMENT_3D('Circle Axis2P3D',#1042,#1043,$) ;
#1055=AXIS2_PLACEMENT_3D('Plane Axis2P3D',#1052,#1053,#1054) ;
#1086=AXIS2_PLACEMENT_3D('Plane Axis2P3D',#1083,#1084,#1085) ;
#1110=AXIS2_PLACEMENT_3D('Cylinder Axis2P3D',#1107,#1108,#1109) ;
#1114=AXIS2_PLACEMENT_3D('Circle Axis2P3D',#1112,#1113,$) ;
#1153=AXIS2_PLACEMENT_3D('Cylinder Axis2P3D',#1150,#1151,#1152) ;
#1157=AXIS2_PLACEMENT_3D('Circle Axis2P3D',#1155,#1156,$) ;
#1177=AXIS2_PLACEMENT_3D('Plane Axis2P3D',#1174,#1175,#1176) ;
#1201=AXIS2_PLACEMENT_3D('Cylinder Axis2P3D',#1198,#1199,#1200) ;
#1205=AXIS2_PLACEMENT_3D('Circle Axis2P3D',#1203,#1204,$) ;
#1225=AXIS2_PLACEMENT_3D('Plane Axis2P3D',#1222,#1223,#1224) ;
#1249=AXIS2_PLACEMENT_3D('Cylinder Axis2P3D',#1246,#1247,#1248) ;
#1253=AXIS2_PLACEMENT_3D('Circle Axis2P3D',#1251,#1252,$) ;
#1311=AXIS2_PLACEMENT_3D('Cylinder Axis2P3D',#1308,#1309,#1310) ;
#1315=AXIS2_PLACEMENT_3D('Circle Axis2P3D',#1313,#1314,$) ;
#1335=AXIS2_PLACEMENT_3D('Plane Axis2P3D',#1332,#1333,#1334) ;
#1359=AXIS2_PLACEMENT_3D('Cylinder Axis2P3D',#1356,#1357,#1358) ;
#1363=AXIS2_PLACEMENT_3D('Circle Axis2P3D',#1361,#1362,$) ;
#1395=AXIS2_PLACEMENT_3D('Plane Axis2P3D',#1392,#1393,#1394) ;
#1426=AXIS2_PLACEMENT_3D('Cylinder Axis2P3D',#1423,#1424,#1425) ;
#1437=AXIS2_PLACEMENT_3D('Circle Axis2P3D',#1435,#1436,$) ;
#1457=AXIS2_PLACEMENT_3D('Plane Axis2P3D',#1454,#1455,#1456) ;
#1481=AXIS2_PLACEMENT_3D('Cylinder Axis2P3D',#1478,#1479,#1480) ;
#1485=AXIS2_PLACEMENT_3D('Circle Axis2P3D',#1483,#1484,$) ;
#1505=AXIS2_PLACEMENT_3D('Plane Axis2P3D',#1502,#1503,#1504) ;
#1522=AXIS2_PLACEMENT_3D('Cylinder Axis2P3D',#1519,#1520,#1521) ;
#1533=AXIS2_PLACEMENT_3D('Circle Axis2P3D',#1531,#1532,$) ;
#1553=AXIS2_PLACEMENT_3D('Plane Axis2P3D',#1550,#1551,#1552) ;
#1577=AXIS2_PLACEMENT_3D('Cylinder Axis2P3D',#1574,#1575,#1576) ;
#1581=AXIS2_PLACEMENT_3D('Circle Axis2P3D',#1579,#1580,$) ;
#1601=AXIS2_PLACEMENT_3D('Plane Axis2P3D',#1598,#1599,#1600) ;
#1618=AXIS2_PLACEMENT_3D('Cylinder Axis2P3D',#1615,#1616,#1617) ;
#1629=AXIS2_PLACEMENT_3D('Circle Axis2P3D',#1627,#1628,$) ;
#1649=AXIS2_PLACEMENT_3D('Plane Axis2P3D',#1646,#1647,#1648) ;
#1673=AXIS2_PLACEMENT_3D('Cylinder Axis2P3D',#1670,#1671,#1672) ;
#1677=AXIS2_PLACEMENT_3D('Circle Axis2P3D',#1675,#1676,$) ;
#1697=AXIS2_PLACEMENT_3D('Plane Axis2P3D',#1694,#1695,#1696) ;
#1714=AXIS2_PLACEMENT_3D('Cylinder Axis2P3D',#1711,#1712,#1713) ;
#1725=AXIS2_PLACEMENT_3D('Circle Axis2P3D',#1723,#1724,$) ;
#1745=AXIS2_PLACEMENT_3D('Plane Axis2P3D',#1742,#1743,#1744) ;
#1788=AXIS2_PLACEMENT_3D('Plane Axis2P3D',#1785,#1786,#1787) ;
#1805=AXIS2_PLACEMENT_3D('Cylinder Axis2P3D',#1802,#1803,#1804) ;
#1816=AXIS2_PLACEMENT_3D('Circle Axis2P3D',#1814,#1815,$) ;
#1836=AXIS2_PLACEMENT_3D('Plane Axis2P3D',#1833,#1834,#1835) ;
#1860=AXIS2_PLACEMENT_3D('Cylinder Axis2P3D',#1857,#1858,#1859) ;
#1864=AXIS2_PLACEMENT_3D('Circle Axis2P3D',#1862,#1863,$) ;
#1884=AXIS2_PLACEMENT_3D('Plane Axis2P3D',#1881,#1882,#1883) ;
#1901=AXIS2_PLACEMENT_3D('Plane Axis2P3D',#1898,#1899,#1900) ;
#1930=AXIS2_PLACEMENT_3D('Circle Axis2P3D',#1928,#1929,$) ;
#1939=AXIS2_PLACEMENT_3D('Circle Axis2P3D',#1937,#1938,$) ;
#1948=AXIS2_PLACEMENT_3D('Circle Axis2P3D',#1946,#1947,$) ;
#1957=AXIS2_PLACEMENT_3D('Circle Axis2P3D',#1955,#1956,$) ;
#1966=AXIS2_PLACEMENT_3D('Circle Axis2P3D',#1964,#1965,$) ;
#1975=AXIS2_PLACEMENT_3D('Circle Axis2P3D',#1973,#1974,$) ;
#1984=AXIS2_PLACEMENT_3D('Circle Axis2P3D',#1982,#1983,$) ;
#1993=AXIS2_PLACEMENT_3D('Circle Axis2P3D',#1991,#1992,$) ;
#2004=AXIS2_PLACEMENT_3D('Plane Axis2P3D',#2001,#2002,#2003) ;
#2028=AXIS2_PLACEMENT_3D('Plane Axis2P3D',#2025,#2026,#2027) ;
#2050=AXIS2_PLACEMENT_3D('Circle Axis2P3D',#2048,#2049,$) ;
#2059=AXIS2_PLACEMENT_3D('Circle Axis2P3D',#2057,#2058,$) ;
#2068=AXIS2_PLACEMENT_3D('Circle Axis2P3D',#2066,#2067,$) ;
#2077=AXIS2_PLACEMENT_3D('Circle Axis2P3D',#2075,#2076,$) ;
#2086=AXIS2_PLACEMENT_3D('Circle Axis2P3D',#2084,#2085,$) ;
#2095=AXIS2_PLACEMENT_3D('Circle Axis2P3D',#2093,#2094,$) ;
#2104=AXIS2_PLACEMENT_3D('Circle Axis2P3D',#2102,#2103,$) ;
#2113=AXIS2_PLACEMENT_3D('Circle Axis2P3D',#2111,#2112,$) ;
#2124=AXIS2_PLACEMENT_3D('Plane Axis2P3D',#2121,#2122,#2123) ;
#2141=AXIS2_PLACEMENT_3D('Cylinder Axis2P3D',#2138,#2139,#2140) ;
#2152=AXIS2_PLACEMENT_3D('Circle Axis2P3D',#2150,#2151,$) ;
#2172=AXIS2_PLACEMENT_3D('Plane Axis2P3D',#2169,#2170,#2171) ;
#2196=AXIS2_PLACEMENT_3D('Cylinder Axis2P3D',#2193,#2194,#2195) ;
#2200=AXIS2_PLACEMENT_3D('Circle Axis2P3D',#2198,#2199,$) ;
#2220=AXIS2_PLACEMENT_3D('Plane Axis2P3D',#2217,#2218,#2219) ;
#2249=AXIS2_PLACEMENT_3D('Plane Axis2P3D',#2246,#2247,#2248) ;
#2264=AXIS2_PLACEMENT_3D('Circle Axis2P3D',#2262,#2263,$) ;
#2273=AXIS2_PLACEMENT_3D('Circle Axis2P3D',#2271,#2272,$) ;
#2282=AXIS2_PLACEMENT_3D('Circle Axis2P3D',#2280,#2281,$) ;
#2291=AXIS2_PLACEMENT_3D('Circle Axis2P3D',#2289,#2290,$) ;
#2300=AXIS2_PLACEMENT_3D('Circle Axis2P3D',#2298,#2299,$) ;
#2309=AXIS2_PLACEMENT_3D('Circle Axis2P3D',#2307,#2308,$) ;
#2318=AXIS2_PLACEMENT_3D('Circle Axis2P3D',#2316,#2317,$) ;
#2327=AXIS2_PLACEMENT_3D('Circle Axis2P3D',#2325,#2326,$) ;
#2345=AXIS2_PLACEMENT_3D('Cylinder Axis2P3D',#2342,#2343,#2344) ;
#2367=AXIS2_PLACEMENT_3D('Cylinder Axis2P3D',#2364,#2365,#2366) ;
#2379=AXIS2_PLACEMENT_3D('Cylinder Axis2P3D',#2376,#2377,#2378) ;
#2401=AXIS2_PLACEMENT_3D('Cylinder Axis2P3D',#2398,#2399,#2400) ;
#2413=AXIS2_PLACEMENT_3D('Cylinder Axis2P3D',#2410,#2411,#2412) ;
#2435=AXIS2_PLACEMENT_3D('Cylinder Axis2P3D',#2432,#2433,#2434) ;
#2447=AXIS2_PLACEMENT_3D('Cylinder Axis2P3D',#2444,#2445,#2446) ;
#2469=AXIS2_PLACEMENT_3D('Cylinder Axis2P3D',#2466,#2467,#2468) ;
#2481=AXIS2_PLACEMENT_3D('Plane Axis2P3D',#2478,#2479,#2480) ;
#2539=AXIS2_PLACEMENT_3D('Plane Axis2P3D',#2536,#2537,#2538) ;
#2551=AXIS2_PLACEMENT_3D('Cylinder Axis2P3D',#2548,#2549,#2550) ;
#2580=AXIS2_PLACEMENT_3D('Cylinder Axis2P3D',#2577,#2578,#2579) ;
#2609=AXIS2_PLACEMENT_3D('Cylinder Axis2P3D',#2606,#2607,#2608) ;
#2638=AXIS2_PLACEMENT_3D('Cylinder Axis2P3D',#2635,#2636,#2637) ;
#2667=AXIS2_PLACEMENT_3D('Plane Axis2P3D',#2664,#2665,#2666) ;
#2709=AXIS2_PLACEMENT_3D('Plane Axis2P3D',#2706,#2707,#2708) ;
#2724=AXIS2_PLACEMENT_3D('Plane Axis2P3D',#2721,#2722,#2723) ;
#2744=AXIS2_PLACEMENT_3D(' ',#2747,#2751,#2750) ;
#2745=AXIS2_PLACEMENT_3D(' ',#2746,#2749,#2748) ;
#2757=AXIS2_PLACEMENT_3D(' ',#2760,#2764,#2763) ;
#2758=AXIS2_PLACEMENT_3D(' ',#2759,#2762,#2761) ;
#45=PRODUCT_DEFINITION_SHAPE(' ',' ',#17) ;
#58=PRODUCT_DEFINITION_SHAPE(' ',' ',#57) ;
#68=PRODUCT_DEFINITION_SHAPE(' ',' ',#65) ;
#2740=PRODUCT_DEFINITION_SHAPE(' ',' ',#2739) ;
#2753=PRODUCT_DEFINITION_SHAPE(' ',' ',#2752) ;
#34=APPROVAL_PERSON_ORGANIZATION(#28,#24,#22) ;
#28=PERSON_AND_ORGANIZATION(#25,#26) ;
#25=PERSON(' ',' ',' ',$,$,$) ;
#26=ORGANIZATION(' ',' ',' ') ;
#24=APPROVAL(#23,' ') ;
#23=APPROVAL_STATUS('not_yet_approved') ;
#22=APPROVAL_ROLE('APPROVER') ;
#13=DATE_AND_TIME(#11,#12) ;
#12=LOCAL_TIME(3,52,43.,#10) ;
#10=COORDINATED_UNIVERSAL_TIME_OFFSET(0,0,.AHEAD.) ;
#104=ORIENTED_EDGE('',*,*,#83,.F.) ;
#105=ORIENTED_EDGE('',*,*,#90,.T.) ;
#106=ORIENTED_EDGE('',*,*,#97,.T.) ;
#107=ORIENTED_EDGE('',*,*,#102,.F.) ;
#135=ORIENTED_EDGE('',*,*,#102,.T.) ;
#136=ORIENTED_EDGE('',*,*,#121,.T.) ;
#137=ORIENTED_EDGE('',*,*,#128,.T.) ;
#138=ORIENTED_EDGE('',*,*,#133,.T.) ;
#170=ORIENTED_EDGE('',*,*,#149,.T.) ;
#171=ORIENTED_EDGE('',*,*,#156,.T.) ;
#172=ORIENTED_EDGE('',*,*,#163,.T.) ;
#173=ORIENTED_EDGE('',*,*,#168,.T.) ;
#201=ORIENTED_EDGE('',*,*,#187,.F.) ;
#202=ORIENTED_EDGE('',*,*,#194,.T.) ;
#203=ORIENTED_EDGE('',*,*,#199,.T.) ;
#204=ORIENTED_EDGE('',*,*,#163,.F.) ;
#311=ORIENTED_EDGE('',*,*,#220,.T.) ;
#312=ORIENTED_EDGE('',*,*,#227,.T.) ;
#313=ORIENTED_EDGE('',*,*,#234,.F.) ;
#314=ORIENTED_EDGE('',*,*,#241,.T.) ;
#315=ORIENTED_EDGE('',*,*,#248,.F.) ;
#316=ORIENTED_EDGE('',*,*,#255,.T.) ;
#317=ORIENTED_EDGE('',*,*,#262,.F.) ;
#318=ORIENTED_EDGE('',*,*,#269,.T.) ;
#319=ORIENTED_EDGE('',*,*,#276,.F.) ;
#320=ORIENTED_EDGE('',*,*,#283,.T.) ;
#321=ORIENTED_EDGE('',*,*,#290,.T.) ;
#322=ORIENTED_EDGE('',*,*,#297,.F.) ;
#323=ORIENTED_EDGE('',*,*,#304,.T.) ;
#324=ORIENTED_EDGE('',*,*,#309,.F.) ;
#393=ORIENTED_EDGE('',*,*,#187,.T.) ;
#394=ORIENTED_EDGE('',*,*,#156,.F.) ;
#395=ORIENTED_EDGE('',*,*,#332,.F.) ;
#396=ORIENTED_EDGE('',*,*,#339,.F.) ;
#397=ORIENTED_EDGE('',*,*,#346,.F.) ;
#398=ORIENTED_EDGE('',*,*,#353,.T.) ;
#399=ORIENTED_EDGE('',*,*,#360,.T.) ;
#400=ORIENTED_EDGE('',*,*,#367,.T.) ;
#401=ORIENTED_EDGE('',*,*,#374,.T.) ;
#402=ORIENTED_EDGE('',*,*,#381,.F.) ;
#403=ORIENTED_EDGE('',*,*,#386,.T.) ;
#404=ORIENTED_EDGE('',*,*,#121,.F.) ;
#405=ORIENTED_EDGE('',*,*,#97,.F.) ;
#406=ORIENTED_EDGE('',*,*,#391,.F.) ;
#473=ORIENTED_EDGE('',*,*,#434,.F.) ;
#474=ORIENTED_EDGE('',*,*,#441,.F.) ;
#475=ORIENTED_EDGE('',*,*,#466,.F.) ;
#476=ORIENTED_EDGE('',*,*,#471,.F.) ;
#543=ORIENTED_EDGE('',*,*,#504,.F.) ;
#544=ORIENTED_EDGE('',*,*,#511,.F.) ;
#545=ORIENTED_EDGE('',*,*,#536,.F.) ;
#546=ORIENTED_EDGE('',*,*,#541,.F.) ;
#613=ORIENTED_EDGE('',*,*,#574,.F.) ;
#614=ORIENTED_EDGE('',*,*,#581,.F.) ;
#615=ORIENTED_EDGE('',*,*,#606,.F.) ;
#616=ORIENTED_EDGE('',*,*,#611,.F.) ;
#665=ORIENTED_EDGE('',*,*,#644,.F.) ;
#666=ORIENTED_EDGE('',*,*,#651,.F.) ;
#667=ORIENTED_EDGE('',*,*,#658,.T.) ;
#668=ORIENTED_EDGE('',*,*,#663,.F.) ;
#735=ORIENTED_EDGE('',*,*,#696,.F.) ;
#736=ORIENTED_EDGE('',*,*,#703,.F.) ;
#737=ORIENTED_EDGE('',*,*,#728,.F.) ;
#738=ORIENTED_EDGE('',*,*,#733,.F.) ;
#769=ORIENTED_EDGE('',*,*,#748,.F.) ;
#770=ORIENTED_EDGE('',*,*,#755,.F.) ;
#771=ORIENTED_EDGE('',*,*,#762,.F.) ;
#772=ORIENTED_EDGE('',*,*,#767,.F.) ;
#845=ORIENTED_EDGE('',*,*,#803,.F.) ;
#846=ORIENTED_EDGE('',*,*,#810,.F.) ;
#847=ORIENTED_EDGE('',*,*,#838,.F.) ;
#848=ORIENTED_EDGE('',*,*,#843,.F.) ;
#883=ORIENTED_EDGE('',*,*,#374,.F.) ;
#884=ORIENTED_EDGE('',*,*,#367,.F.) ;
#885=ORIENTED_EDGE('',*,*,#862,.T.) ;
#886=ORIENTED_EDGE('',*,*,#869,.T.) ;
#887=ORIENTED_EDGE('',*,*,#876,.T.) ;
#888=ORIENTED_EDGE('',*,*,#881,.F.) ;
#951=ORIENTED_EDGE('',*,*,#876,.F.) ;
#952=ORIENTED_EDGE('',*,*,#869,.F.) ;
#953=ORIENTED_EDGE('',*,*,#902,.T.) ;
#954=ORIENTED_EDGE('',*,*,#909,.T.) ;
#955=ORIENTED_EDGE('',*,*,#916,.F.) ;
#956=ORIENTED_EDGE('',*,*,#923,.F.) ;
#957=ORIENTED_EDGE('',*,*,#930,.T.) ;
#958=ORIENTED_EDGE('',*,*,#937,.F.) ;
#959=ORIENTED_EDGE('',*,*,#944,.T.) ;
#960=ORIENTED_EDGE('',*,*,#949,.F.) ;
#974=ORIENTED_EDGE('',*,*,#194,.F.) ;
#975=ORIENTED_EDGE('',*,*,#391,.T.) ;
#976=ORIENTED_EDGE('',*,*,#90,.F.) ;
#977=ORIENTED_EDGE('',*,*,#972,.T.) ;
#994=ORIENTED_EDGE('',*,*,#987,.F.) ;
#995=ORIENTED_EDGE('',*,*,#992,.F.) ;
#1012=ORIENTED_EDGE('',*,*,#1005,.F.) ;
#1013=ORIENTED_EDGE('',*,*,#1010,.F.) ;
#1030=ORIENTED_EDGE('',*,*,#1023,.F.) ;
#1031=ORIENTED_EDGE('',*,*,#1028,.F.) ;
#1048=ORIENTED_EDGE('',*,*,#1041,.F.) ;
#1049=ORIENTED_EDGE('',*,*,#1046,.F.) ;
#1077=ORIENTED_EDGE('',*,*,#1065,.T.) ;
#1078=ORIENTED_EDGE('',*,*,#1070,.F.) ;
#1079=ORIENTED_EDGE('',*,*,#220,.F.) ;
#1080=ORIENTED_EDGE('',*,*,#1075,.T.) ;
#1101=ORIENTED_EDGE('',*,*,#227,.F.) ;
#1102=ORIENTED_EDGE('',*,*,#1070,.T.) ;
#1103=ORIENTED_EDGE('',*,*,#1094,.T.) ;
#1104=ORIENTED_EDGE('',*,*,#1099,.T.) ;
#1125=ORIENTED_EDGE('',*,*,#1118,.T.) ;
#1126=ORIENTED_EDGE('',*,*,#1123,.T.) ;
#1127=ORIENTED_EDGE('',*,*,#234,.T.) ;
#1128=ORIENTED_EDGE('',*,*,#1099,.F.) ;
#1144=ORIENTED_EDGE('',*,*,#1137,.T.) ;
#1145=ORIENTED_EDGE('',*,*,#1142,.T.) ;
#1146=ORIENTED_EDGE('',*,*,#241,.F.) ;
#1147=ORIENTED_EDGE('',*,*,#1123,.F.) ;
#1168=ORIENTED_EDGE('',*,*,#248,.T.) ;
#1169=ORIENTED_EDGE('',*,*,#1142,.F.) ;
#1170=ORIENTED_EDGE('',*,*,#1161,.T.) ;
#1171=ORIENTED_EDGE('',*,*,#1166,.T.) ;
#1192=ORIENTED_EDGE('',*,*,#1185,.T.) ;
#1193=ORIENTED_EDGE('',*,*,#255,.F.) ;
#1194=ORIENTED_EDGE('',*,*,#1166,.F.) ;
#1195=ORIENTED_EDGE('',*,*,#1190,.T.) ;
#1216=ORIENTED_EDGE('',*,*,#262,.T.) ;
#1217=ORIENTED_EDGE('',*,*,#1185,.F.) ;
#1218=ORIENTED_EDGE('',*,*,#1209,.T.) ;
#1219=ORIENTED_EDGE('',*,*,#1214,.T.) ;
#1240=ORIENTED_EDGE('',*,*,#1233,.T.) ;
#1241=ORIENTED_EDGE('',*,*,#1238,.T.) ;
#1242=ORIENTED_EDGE('',*,*,#269,.F.) ;
#1243=ORIENTED_EDGE('',*,*,#1214,.F.) ;
#1264=ORIENTED_EDGE('',*,*,#276,.T.) ;
#1265=ORIENTED_EDGE('',*,*,#1238,.F.) ;
#1266=ORIENTED_EDGE('',*,*,#1257,.T.) ;
#1267=ORIENTED_EDGE('',*,*,#1262,.T.) ;
#1283=ORIENTED_EDGE('',*,*,#1276,.T.) ;
#1284=ORIENTED_EDGE('',*,*,#1281,.F.) ;
#1285=ORIENTED_EDGE('',*,*,#283,.F.) ;
#1286=ORIENTED_EDGE('',*,*,#1262,.F.) ;
#1302=ORIENTED_EDGE('',*,*,#290,.F.) ;
#1303=ORIENTED_EDGE('',*,*,#1281,.T.) ;
#1304=ORIENTED_EDGE('',*,*,#1295,.T.) ;
#1305=ORIENTED_EDGE('',*,*,#1300,.F.) ;
#1326=ORIENTED_EDGE('',*,*,#1319,.T.) ;
#1327=ORIENTED_EDGE('',*,*,#1324,.F.) ;
#1328=ORIENTED_EDGE('',*,*,#297,.T.) ;
#1329=ORIENTED_EDGE('',*,*,#1300,.T.) ;
#1350=ORIENTED_EDGE('',*,*,#304,.F.) ;
#1351=ORIENTED_EDGE('',*,*,#1324,.T.) ;
#1352=ORIENTED_EDGE('',*,*,#1343,.T.) ;
#1353=ORIENTED_EDGE('',*,*,#1348,.F.) ;
#1367=ORIENTED_EDGE('',*,*,#1365,.T.) ;
#1368=ORIENTED_EDGE('',*,*,#1075,.F.) ;
#1369=ORIENTED_EDGE('',*,*,#309,.T.) ;
#1370=ORIENTED_EDGE('',*,*,#1348,.T.) ;
#1384=ORIENTED_EDGE('',*,*,#930,.F.) ;
#1385=ORIENTED_EDGE('',*,*,#923,.T.) ;
#1386=ORIENTED_EDGE('',*,*,#1377,.F.) ;
#1387=ORIENTED_EDGE('',*,*,#353,.F.) ;
#1388=ORIENTED_EDGE('',*,*,#346,.T.) ;
#1389=ORIENTED_EDGE('',*,*,#1382,.F.) ;
#1417=ORIENTED_EDGE('',*,*,#1403,.T.) ;
#1418=ORIENTED_EDGE('',*,*,#1410,.T.) ;
#1419=ORIENTED_EDGE('',*,*,#1415,.T.) ;
#1420=ORIENTED_EDGE('',*,*,#360,.F.) ;
#1448=ORIENTED_EDGE('',*,*,#434,.T.) ;
#1449=ORIENTED_EDGE('',*,*,#1434,.F.) ;
#1450=ORIENTED_EDGE('',*,*,#1441,.T.) ;
#1451=ORIENTED_EDGE('',*,*,#1446,.T.) ;
#1472=ORIENTED_EDGE('',*,*,#441,.T.) ;
#1473=ORIENTED_EDGE('',*,*,#1446,.F.) ;
#1474=ORIENTED_EDGE('',*,*,#1465,.T.) ;
#1475=ORIENTED_EDGE('',*,*,#1470,.T.) ;
#1496=ORIENTED_EDGE('',*,*,#466,.T.) ;
#1497=ORIENTED_EDGE('',*,*,#1470,.F.) ;
#1498=ORIENTED_EDGE('',*,*,#1489,.T.) ;
#1499=ORIENTED_EDGE('',*,*,#1494,.T.) ;
#1513=ORIENTED_EDGE('',*,*,#471,.T.) ;
#1514=ORIENTED_EDGE('',*,*,#1494,.F.) ;
#1515=ORIENTED_EDGE('',*,*,#1511,.T.) ;
#1516=ORIENTED_EDGE('',*,*,#1434,.T.) ;
#1544=ORIENTED_EDGE('',*,*,#504,.T.) ;
#1545=ORIENTED_EDGE('',*,*,#1530,.F.) ;
#1546=ORIENTED_EDGE('',*,*,#1537,.T.) ;
#1547=ORIENTED_EDGE('',*,*,#1542,.T.) ;
#1568=ORIENTED_EDGE('',*,*,#511,.T.) ;
#1569=ORIENTED_EDGE('',*,*,#1542,.F.) ;
#1570=ORIENTED_EDGE('',*,*,#1561,.T.) ;
#1571=ORIENTED_EDGE('',*,*,#1566,.T.) ;
#1592=ORIENTED_EDGE('',*,*,#536,.T.) ;
#1593=ORIENTED_EDGE('',*,*,#1566,.F.) ;
#1594=ORIENTED_EDGE('',*,*,#1585,.T.) ;
#1595=ORIENTED_EDGE('',*,*,#1590,.T.) ;
#1609=ORIENTED_EDGE('',*,*,#541,.T.) ;
#1610=ORIENTED_EDGE('',*,*,#1590,.F.) ;
#1611=ORIENTED_EDGE('',*,*,#1607,.T.) ;
#1612=ORIENTED_EDGE('',*,*,#1530,.T.) ;
#1640=ORIENTED_EDGE('',*,*,#574,.T.) ;
#1641=ORIENTED_EDGE('',*,*,#1626,.F.) ;
#1642=ORIENTED_EDGE('',*,*,#1633,.T.) ;
#1643=ORIENTED_EDGE('',*,*,#1638,.T.) ;
#1664=ORIENTED_EDGE('',*,*,#581,.T.) ;
#1665=ORIENTED_EDGE('',*,*,#1638,.F.) ;
#1666=ORIENTED_EDGE('',*,*,#1657,.T.) ;
#1667=ORIENTED_EDGE('',*,*,#1662,.T.) ;
#1688=ORIENTED_EDGE('',*,*,#606,.T.) ;
#1689=ORIENTED_EDGE('',*,*,#1662,.F.) ;
#1690=ORIENTED_EDGE('',*,*,#1681,.T.) ;
#1691=ORIENTED_EDGE('',*,*,#1686,.T.) ;
#1705=ORIENTED_EDGE('',*,*,#611,.T.) ;
#1706=ORIENTED_EDGE('',*,*,#1686,.F.) ;
#1707=ORIENTED_EDGE('',*,*,#1703,.T.) ;
#1708=ORIENTED_EDGE('',*,*,#1626,.T.) ;
#1736=ORIENTED_EDGE('',*,*,#644,.T.) ;
#1737=ORIENTED_EDGE('',*,*,#1722,.F.) ;
#1738=ORIENTED_EDGE('',*,*,#1729,.T.) ;
#1739=ORIENTED_EDGE('',*,*,#1734,.T.) ;
#1760=ORIENTED_EDGE('',*,*,#1753,.F.) ;
#1761=ORIENTED_EDGE('',*,*,#651,.T.) ;
#1762=ORIENTED_EDGE('',*,*,#1734,.F.) ;
#1763=ORIENTED_EDGE('',*,*,#1758,.T.) ;
#1779=ORIENTED_EDGE('',*,*,#1772,.T.) ;
#1780=ORIENTED_EDGE('',*,*,#1777,.F.) ;
#1781=ORIENTED_EDGE('',*,*,#658,.F.) ;
#1782=ORIENTED_EDGE('',*,*,#1753,.T.) ;
#1796=ORIENTED_EDGE('',*,*,#1777,.T.) ;
#1797=ORIENTED_EDGE('',*,*,#1794,.T.) ;
#1798=ORIENTED_EDGE('',*,*,#1722,.T.) ;
#1799=ORIENTED_EDGE('',*,*,#663,.T.) ;
#1827=ORIENTED_EDGE('',*,*,#696,.T.) ;
#1828=ORIENTED_EDGE('',*,*,#1813,.F.) ;
#1829=ORIENTED_EDGE('',*,*,#1820,.T.) ;
#1830=ORIENTED_EDGE('',*,*,#1825,.T.) ;
#1851=ORIENTED_EDGE('',*,*,#703,.T.) ;
#1852=ORIENTED_EDGE('',*,*,#1825,.F.) ;
#1853=ORIENTED_EDGE('',*,*,#1844,.T.) ;
#1854=ORIENTED_EDGE('',*,*,#1849,.T.) ;
#1875=ORIENTED_EDGE('',*,*,#728,.T.) ;
#1876=ORIENTED_EDGE('',*,*,#1849,.F.) ;
#1877=ORIENTED_EDGE('',*,*,#1868,.T.) ;
#1878=ORIENTED_EDGE('',*,*,#1873,.T.) ;
#1892=ORIENTED_EDGE('',*,*,#733,.T.) ;
#1893=ORIENTED_EDGE('',*,*,#1873,.F.) ;
#1894=ORIENTED_EDGE('',*,*,#1890,.T.) ;
#1895=ORIENTED_EDGE('',*,*,#1813,.T.) ;
#1923=ORIENTED_EDGE('',*,*,#1909,.F.) ;
#1924=ORIENTED_EDGE('',*,*,#748,.T.) ;
#1925=ORIENTED_EDGE('',*,*,#1916,.T.) ;
#1926=ORIENTED_EDGE('',*,*,#1921,.F.) ;
#1943=ORIENTED_EDGE('',*,*,#1936,.F.) ;
#1944=ORIENTED_EDGE('',*,*,#1941,.F.) ;
#1961=ORIENTED_EDGE('',*,*,#1954,.F.) ;
#1962=ORIENTED_EDGE('',*,*,#1959,.F.) ;
#1979=ORIENTED_EDGE('',*,*,#1972,.F.) ;
#1980=ORIENTED_EDGE('',*,*,#1977,.F.) ;
#1997=ORIENTED_EDGE('',*,*,#1990,.F.) ;
#1998=ORIENTED_EDGE('',*,*,#1995,.F.) ;
#2019=ORIENTED_EDGE('',*,*,#2012,.F.) ;
#2020=ORIENTED_EDGE('',*,*,#755,.T.) ;
#2021=ORIENTED_EDGE('',*,*,#1909,.T.) ;
#2022=ORIENTED_EDGE('',*,*,#2017,.F.) ;
#2043=ORIENTED_EDGE('',*,*,#2036,.F.) ;
#2044=ORIENTED_EDGE('',*,*,#762,.T.) ;
#2045=ORIENTED_EDGE('',*,*,#2012,.T.) ;
#2046=ORIENTED_EDGE('',*,*,#2041,.F.) ;
#2063=ORIENTED_EDGE('',*,*,#2056,.T.) ;
#2064=ORIENTED_EDGE('',*,*,#2061,.T.) ;
#2081=ORIENTED_EDGE('',*,*,#2074,.T.) ;
#2082=ORIENTED_EDGE('',*,*,#2079,.T.) ;
#2099=ORIENTED_EDGE('',*,*,#2092,.T.) ;
#2100=ORIENTED_EDGE('',*,*,#2097,.T.) ;
#2117=ORIENTED_EDGE('',*,*,#2110,.T.) ;
#2118=ORIENTED_EDGE('',*,*,#2115,.T.) ;
#2132=ORIENTED_EDGE('',*,*,#1916,.F.) ;
#2133=ORIENTED_EDGE('',*,*,#767,.T.) ;
#2134=ORIENTED_EDGE('',*,*,#2036,.T.) ;
#2135=ORIENTED_EDGE('',*,*,#2130,.F.) ;
#2163=ORIENTED_EDGE('',*,*,#803,.T.) ;
#2164=ORIENTED_EDGE('',*,*,#2149,.F.) ;
#2165=ORIENTED_EDGE('',*,*,#2156,.T.) ;
#2166=ORIENTED_EDGE('',*,*,#2161,.T.) ;
#2187=ORIENTED_EDGE('',*,*,#810,.T.) ;
#2188=ORIENTED_EDGE('',*,*,#2161,.F.) ;
#2189=ORIENTED_EDGE('',*,*,#2180,.T.) ;
#2190=ORIENTED_EDGE('',*,*,#2185,.T.) ;
#2211=ORIENTED_EDGE('',*,*,#838,.T.) ;
#2212=ORIENTED_EDGE('',*,*,#2185,.F.) ;
#2213=ORIENTED_EDGE('',*,*,#2204,.T.) ;
#2214=ORIENTED_EDGE('',*,*,#2209,.T.) ;
#2228=ORIENTED_EDGE('',*,*,#843,.T.) ;
#2229=ORIENTED_EDGE('',*,*,#2209,.F.) ;
#2230=ORIENTED_EDGE('',*,*,#2226,.T.) ;
#2231=ORIENTED_EDGE('',*,*,#2149,.T.) ;
#2240=ORIENTED_EDGE('',*,*,#902,.F.) ;
#2241=ORIENTED_EDGE('',*,*,#862,.F.) ;
#2242=ORIENTED_EDGE('',*,*,#1415,.F.) ;
#2243=ORIENTED_EDGE('',*,*,#2238,.F.) ;
#2257=ORIENTED_EDGE('',*,*,#909,.F.) ;
#2258=ORIENTED_EDGE('',*,*,#2238,.T.) ;
#2259=ORIENTED_EDGE('',*,*,#1410,.F.) ;
#2260=ORIENTED_EDGE('',*,*,#2255,.F.) ;
#2277=ORIENTED_EDGE('',*,*,#2270,.T.) ;
#2278=ORIENTED_EDGE('',*,*,#2275,.T.) ;
#2295=ORIENTED_EDGE('',*,*,#2288,.T.) ;
#2296=ORIENTED_EDGE('',*,*,#2293,.T.) ;
#2313=ORIENTED_EDGE('',*,*,#2306,.T.) ;
#2314=ORIENTED_EDGE('',*,*,#2311,.T.) ;
#2331=ORIENTED_EDGE('',*,*,#2324,.T.) ;
#2332=ORIENTED_EDGE('',*,*,#2329,.T.) ;
#2336=ORIENTED_EDGE('',*,*,#1377,.T.) ;
#2337=ORIENTED_EDGE('',*,*,#916,.T.) ;
#2338=ORIENTED_EDGE('',*,*,#2255,.T.) ;
#2339=ORIENTED_EDGE('',*,*,#1403,.F.) ;
#2358=ORIENTED_EDGE('',*,*,#2293,.F.) ;
#2359=ORIENTED_EDGE('',*,*,#2351,.F.) ;
#2360=ORIENTED_EDGE('',*,*,#987,.T.) ;
#2361=ORIENTED_EDGE('',*,*,#2356,.T.) ;
#2370=ORIENTED_EDGE('',*,*,#2288,.F.) ;
#2371=ORIENTED_EDGE('',*,*,#2356,.F.) ;
#2372=ORIENTED_EDGE('',*,*,#992,.T.) ;
#2373=ORIENTED_EDGE('',*,*,#2351,.T.) ;
#2392=ORIENTED_EDGE('',*,*,#2324,.F.) ;
#2393=ORIENTED_EDGE('',*,*,#2385,.F.) ;
#2394=ORIENTED_EDGE('',*,*,#1005,.T.) ;
#2395=ORIENTED_EDGE('',*,*,#2390,.T.) ;
#2404=ORIENTED_EDGE('',*,*,#2329,.F.) ;
#2405=ORIENTED_EDGE('',*,*,#2390,.F.) ;
#2406=ORIENTED_EDGE('',*,*,#1010,.T.) ;
#2407=ORIENTED_EDGE('',*,*,#2385,.T.) ;
#2426=ORIENTED_EDGE('',*,*,#2306,.F.) ;
#2427=ORIENTED_EDGE('',*,*,#2419,.F.) ;
#2428=ORIENTED_EDGE('',*,*,#1023,.T.) ;
#2429=ORIENTED_EDGE('',*,*,#2424,.T.) ;
#2438=ORIENTED_EDGE('',*,*,#2311,.F.) ;
#2439=ORIENTED_EDGE('',*,*,#2424,.F.) ;
#2440=ORIENTED_EDGE('',*,*,#1028,.T.) ;
#2441=ORIENTED_EDGE('',*,*,#2419,.T.) ;
#2460=ORIENTED_EDGE('',*,*,#2275,.F.) ;
#2461=ORIENTED_EDGE('',*,*,#2453,.F.) ;
#2462=ORIENTED_EDGE('',*,*,#1041,.T.) ;
#2463=ORIENTED_EDGE('',*,*,#2458,.T.) ;
#2472=ORIENTED_EDGE('',*,*,#2270,.F.) ;
#2473=ORIENTED_EDGE('',*,*,#2458,.F.) ;
#2474=ORIENTED_EDGE('',*,*,#1046,.T.) ;
#2475=ORIENTED_EDGE('',*,*,#2453,.T.) ;
#2484=ORIENTED_EDGE('',*,*,#1365,.F.) ;
#2485=ORIENTED_EDGE('',*,*,#1343,.F.) ;
#2486=ORIENTED_EDGE('',*,*,#1319,.F.) ;
#2487=ORIENTED_EDGE('',*,*,#1295,.F.) ;
#2488=ORIENTED_EDGE('',*,*,#1276,.F.) ;
#2489=ORIENTED_EDGE('',*,*,#1257,.F.) ;
#2490=ORIENTED_EDGE('',*,*,#1233,.F.) ;
#2491=ORIENTED_EDGE('',*,*,#1209,.F.) ;
#2492=ORIENTED_EDGE('',*,*,#1190,.F.) ;
#2493=ORIENTED_EDGE('',*,*,#1161,.F.) ;
#2494=ORIENTED_EDGE('',*,*,#1137,.F.) ;
#2495=ORIENTED_EDGE('',*,*,#1118,.F.) ;
#2496=ORIENTED_EDGE('',*,*,#1094,.F.) ;
#2497=ORIENTED_EDGE('',*,*,#1065,.F.) ;
#2500=ORIENTED_EDGE('',*,*,#1729,.F.) ;
#2501=ORIENTED_EDGE('',*,*,#1794,.F.) ;
#2502=ORIENTED_EDGE('',*,*,#1772,.F.) ;
#2503=ORIENTED_EDGE('',*,*,#1758,.F.) ;
#2506=ORIENTED_EDGE('',*,*,#1703,.F.) ;
#2507=ORIENTED_EDGE('',*,*,#1681,.F.) ;
#2508=ORIENTED_EDGE('',*,*,#1657,.F.) ;
#2509=ORIENTED_EDGE('',*,*,#1633,.F.) ;
#2512=ORIENTED_EDGE('',*,*,#1585,.F.) ;
#2513=ORIENTED_EDGE('',*,*,#1561,.F.) ;
#2514=ORIENTED_EDGE('',*,*,#1537,.F.) ;
#2515=ORIENTED_EDGE('',*,*,#1607,.F.) ;
#2518=ORIENTED_EDGE('',*,*,#1820,.F.) ;
#2519=ORIENTED_EDGE('',*,*,#1890,.F.) ;
#2520=ORIENTED_EDGE('',*,*,#1868,.F.) ;
#2521=ORIENTED_EDGE('',*,*,#1844,.F.) ;
#2524=ORIENTED_EDGE('',*,*,#1441,.F.) ;
#2525=ORIENTED_EDGE('',*,*,#1511,.F.) ;
#2526=ORIENTED_EDGE('',*,*,#1489,.F.) ;
#2527=ORIENTED_EDGE('',*,*,#1465,.F.) ;
#2530=ORIENTED_EDGE('',*,*,#2180,.F.) ;
#2531=ORIENTED_EDGE('',*,*,#2156,.F.) ;
#2532=ORIENTED_EDGE('',*,*,#2226,.F.) ;
#2533=ORIENTED_EDGE('',*,*,#2204,.F.) ;
#2542=ORIENTED_EDGE('',*,*,#2017,.T.) ;
#2543=ORIENTED_EDGE('',*,*,#1921,.T.) ;
#2544=ORIENTED_EDGE('',*,*,#2130,.T.) ;
#2545=ORIENTED_EDGE('',*,*,#2041,.T.) ;
#2564=ORIENTED_EDGE('',*,*,#2061,.F.) ;
#2565=ORIENTED_EDGE('',*,*,#2557,.F.) ;
#2566=ORIENTED_EDGE('',*,*,#1941,.T.) ;
#2567=ORIENTED_EDGE('',*,*,#2562,.T.) ;
#2571=ORIENTED_EDGE('',*,*,#2056,.F.) ;
#2572=ORIENTED_EDGE('',*,*,#2562,.F.) ;
#2573=ORIENTED_EDGE('',*,*,#1936,.T.) ;
#2574=ORIENTED_EDGE('',*,*,#2557,.T.) ;
#2593=ORIENTED_EDGE('',*,*,#2079,.F.) ;
#2594=ORIENTED_EDGE('',*,*,#2586,.F.) ;
#2595=ORIENTED_EDGE('',*,*,#1959,.T.) ;
#2596=ORIENTED_EDGE('',*,*,#2591,.T.) ;
#2600=ORIENTED_EDGE('',*,*,#2074,.F.) ;
#2601=ORIENTED_EDGE('',*,*,#2591,.F.) ;
#2602=ORIENTED_EDGE('',*,*,#1954,.T.) ;
#2603=ORIENTED_EDGE('',*,*,#2586,.T.) ;
#2622=ORIENTED_EDGE('',*,*,#2097,.F.) ;
#2623=ORIENTED_EDGE('',*,*,#2615,.F.) ;
#2624=ORIENTED_EDGE('',*,*,#1977,.T.) ;
#2625=ORIENTED_EDGE('',*,*,#2620,.T.) ;
#2629=ORIENTED_EDGE('',*,*,#2092,.F.) ;
#2630=ORIENTED_EDGE('',*,*,#2620,.F.) ;
#2631=ORIENTED_EDGE('',*,*,#1972,.T.) ;
#2632=ORIENTED_EDGE('',*,*,#2615,.T.) ;
#2651=ORIENTED_EDGE('',*,*,#2115,.F.) ;
#2652=ORIENTED_EDGE('',*,*,#2644,.F.) ;
#2653=ORIENTED_EDGE('',*,*,#1995,.T.) ;
#2654=ORIENTED_EDGE('',*,*,#2649,.T.) ;
#2658=ORIENTED_EDGE('',*,*,#2110,.F.) ;
#2659=ORIENTED_EDGE('',*,*,#2649,.F.) ;
#2660=ORIENTED_EDGE('',*,*,#1990,.T.) ;
#2661=ORIENTED_EDGE('',*,*,#2644,.T.) ;
#2694=ORIENTED_EDGE('',*,*,#199,.F.) ;
#2695=ORIENTED_EDGE('',*,*,#972,.F.) ;
#2696=ORIENTED_EDGE('',*,*,#83,.T.) ;
#2697=ORIENTED_EDGE('',*,*,#133,.F.) ;
#2698=ORIENTED_EDGE('',*,*,#2675,.F.) ;
#2699=ORIENTED_EDGE('',*,*,#2680,.F.) ;
#2700=ORIENTED_EDGE('',*,*,#944,.F.) ;
#2701=ORIENTED_EDGE('',*,*,#2687,.F.) ;
#2702=ORIENTED_EDGE('',*,*,#2692,.T.) ;
#2703=ORIENTED_EDGE('',*,*,#168,.F.) ;
#2712=ORIENTED_EDGE('',*,*,#2692,.F.) ;
#2713=ORIENTED_EDGE('',*,*,#2687,.T.) ;
#2714=ORIENTED_EDGE('',*,*,#937,.T.) ;
#2715=ORIENTED_EDGE('',*,*,#1382,.T.) ;
#2716=ORIENTED_EDGE('',*,*,#339,.T.) ;
#2717=ORIENTED_EDGE('',*,*,#332,.T.) ;
#2718=ORIENTED_EDGE('',*,*,#149,.F.) ;
#2727=ORIENTED_EDGE('',*,*,#386,.F.) ;
#2728=ORIENTED_EDGE('',*,*,#381,.T.) ;
#2729=ORIENTED_EDGE('',*,*,#881,.T.) ;
#2730=ORIENTED_EDGE('',*,*,#949,.T.) ;
#2731=ORIENTED_EDGE('',*,*,#2680,.T.) ;
#2732=ORIENTED_EDGE('',*,*,#2675,.T.) ;
#2733=ORIENTED_EDGE('',*,*,#128,.F.) ;
#407=FACE_BOUND('',#392,.T.) ;
#477=FACE_BOUND('',#472,.T.) ;
#547=FACE_BOUND('',#542,.T.) ;
#617=FACE_BOUND('',#612,.T.) ;
#669=FACE_BOUND('',#664,.T.) ;
#739=FACE_BOUND('',#734,.T.) ;
#773=FACE_BOUND('',#768,.T.) ;
#849=FACE_BOUND('',#844,.T.) ;
#996=FACE_BOUND('',#993,.T.) ;
#1014=FACE_BOUND('',#1011,.T.) ;
#1032=FACE_BOUND('',#1029,.T.) ;
#1050=FACE_BOUND('',#1047,.T.) ;
#1945=FACE_BOUND('',#1942,.T.) ;
#1963=FACE_BOUND('',#1960,.T.) ;
#1981=FACE_BOUND('',#1978,.T.) ;
#1999=FACE_BOUND('',#1996,.T.) ;
#2065=FACE_BOUND('',#2062,.T.) ;
#2083=FACE_BOUND('',#2080,.T.) ;
#2101=FACE_BOUND('',#2098,.T.) ;
#2119=FACE_BOUND('',#2116,.T.) ;
#2279=FACE_BOUND('',#2276,.T.) ;
#2297=FACE_BOUND('',#2294,.T.) ;
#2315=FACE_BOUND('',#2312,.T.) ;
#2333=FACE_BOUND('',#2330,.T.) ;
#2504=FACE_BOUND('',#2499,.T.) ;
#2510=FACE_BOUND('',#2505,.T.) ;
#2516=FACE_BOUND('',#2511,.T.) ;
#2522=FACE_BOUND('',#2517,.T.) ;
#2528=FACE_BOUND('',#2523,.T.) ;
#2534=FACE_BOUND('',#2529,.T.) ;
#69=CLOSED_SHELL('Closed Shell',(#109,#140,#175,#206,#850,#890,#962,#1051,#1082,#1106,#1130,#1149,#1173,#1197,#1221,#1245,#1269,#1288,#1307,#1331,#1355,#1372,#1391,#1422,#1453,#1477,#1501,#1518,#1549,#1573,#1597,#1614,#1645,#1669,#1693,#1710,#1741,#1765,#1784,#1801,#1832,#1856,#1880,#1897,#2000,#2024,#2120,#2137,#2168,#2192,#2216,#2233,#2245,#2334,#2341,#2363,#2375,#2397,#2409,#2431,#2443,#2465,#2477,#2535,#2547,#2569,#2576,#2598,#2605,#2627,#2634,#2656,#2663,#2705,#2720,#2735)) ;
#2743=ITEM_DEFINED_TRANSFORMATION(' ',' ',#2745,#2744) ;
#2756=ITEM_DEFINED_TRANSFORMATION(' ',' ',#2758,#2757) ;
#77=VECTOR('Line Direction',#76,1.) ;
#86=VECTOR('Line Direction',#85,1.) ;
#93=VECTOR('Line Direction',#92,1.) ;
#100=VECTOR('Line Direction',#99,1.) ;
#117=VECTOR('Line Direction',#116,1.) ;
#124=VECTOR('Line Direction',#123,1.) ;
#131=VECTOR('Line Direction',#130,1.) ;
#143=VECTOR('Line Direction',#142,1.) ;
#152=VECTOR('Line Direction',#151,1.) ;
#159=VECTOR('Line Direction',#158,1.) ;
#166=VECTOR('Line Direction',#165,1.) ;
#183=VECTOR('Line Direction',#182,1.) ;
#190=VECTOR('Line Direction',#189,1.) ;
#197=VECTOR('Line Direction',#196,1.) ;
#214=VECTOR('Line Direction',#213,1.) ;
#223=VECTOR('Line Direction',#222,1.) ;
#237=VECTOR('Line Direction',#236,1.) ;
#251=VECTOR('Line Direction',#250,1.) ;
#265=VECTOR('Line Direction',#264,1.) ;
#279=VECTOR('Line Direction',#278,1.) ;
#286=VECTOR('Line Direction',#285,1.) ;
#300=VECTOR('Line Direction',#299,1.) ;
#328=VECTOR('Line Direction',#327,1.) ;
#335=VECTOR('Line Direction',#334,1.) ;
#342=VECTOR('Line Direction',#341,1.) ;
#349=VECTOR('Line Direction',#348,1.) ;
#356=VECTOR('Line Direction',#355,1.) ;
#363=VECTOR('Line Direction',#362,1.) ;
#370=VECTOR('Line Direction',#369,1.) ;
#377=VECTOR('Line Direction',#376,1.) ;
#384=VECTOR('Line Direction',#383,1.) ;
#389=VECTOR('Line Direction',#388,1.) ;
#437=VECTOR('Line Direction',#436,1.) ;
#469=VECTOR('Line Direction',#468,1.) ;
#507=VECTOR('Line Direction',#506,1.) ;
#539=VECTOR('Line Direction',#538,1.) ;
#577=VECTOR('Line Direction',#576,1.) ;
#609=VECTOR('Line Direction',#608,1.) ;
#647=VECTOR('Line Direction',#646,1.) ;
#654=VECTOR('Line Direction',#653,1.) ;
#661=VECTOR('Line Direction',#660,1.) ;
#699=VECTOR('Line Direction',#698,1.) ;
#731=VECTOR('Line Direction',#730,1.) ;
#742=VECTOR('Line Direction',#741,1.) ;
#751=VECTOR('Line Direction',#750,1.) ;
#758=VECTOR('Line Direction',#757,1.) ;
#765=VECTOR('Line Direction',#764,1.) ;
#806=VECTOR('Line Direction',#805,1.) ;
#841=VECTOR('Line Direction',#840,1.) ;
#858=VECTOR('Line Direction',#857,1.) ;
#865=VECTOR('Line Direction',#864,1.) ;
#872=VECTOR('Line Direction',#871,1.) ;
#879=VECTOR('Line Direction',#878,1.) ;
#898=VECTOR('Line Direction',#897,1.) ;
#905=VECTOR('Line Direction',#904,1.) ;
#912=VECTOR('Line Direction',#911,1.) ;
#919=VECTOR('Line Direction',#918,1.) ;
#926=VECTOR('Line Direction',#925,1.) ;
#933=VECTOR('Line Direction',#932,1.) ;
#940=VECTOR('Line Direction',#939,1.) ;
#947=VECTOR('Line Direction',#946,1.) ;
#970=VECTOR('Line Direction',#969,1.) ;
#1059=VECTOR('Line Direction',#1058,1.) ;
#1068=VECTOR('Line Direction',#1067,1.) ;
#1073=VECTOR('Line Direction',#1072,1.) ;
#1090=VECTOR('Line Direction',#1089,1.) ;
#1097=VECTOR('Line Direction',#1096,1.) ;
#1121=VECTOR('Line Direction',#1120,1.) ;
#1133=VECTOR('Line Direction',#1132,1.) ;
#1140=VECTOR('Line Direction',#1139,1.) ;
#1164=VECTOR('Line Direction',#1163,1.) ;
#1181=VECTOR('Line Direction',#1180,1.) ;
#1188=VECTOR('Line Direction',#1187,1.) ;
#1212=VECTOR('Line Direction',#1211,1.) ;
#1229=VECTOR('Line Direction',#1228,1.) ;
#1236=VECTOR('Line Direction',#1235,1.) ;
#1260=VECTOR('Line Direction',#1259,1.) ;
#1272=VECTOR('Line Direction',#1271,1.) ;
#1279=VECTOR('Line Direction',#1278,1.) ;
#1291=VECTOR('Line Direction',#1290,1.) ;
#1298=VECTOR('Line Direction',#1297,1.) ;
#1322=VECTOR('Line Direction',#1321,1.) ;
#1339=VECTOR('Line Direction',#1338,1.) ;
#1346=VECTOR('Line Direction',#1345,1.) ;
#1375=VECTOR('Line Direction',#1374,1.) ;
#1380=VECTOR('Line Direction',#1379,1.) ;
#1399=VECTOR('Line Direction',#1398,1.) ;
#1406=VECTOR('Line Direction',#1405,1.) ;
#1413=VECTOR('Line Direction',#1412,1.) ;
#1430=VECTOR('Line Direction',#1429,1.) ;
#1444=VECTOR('Line Direction',#1443,1.) ;
#1461=VECTOR('Line Direction',#1460,1.) ;
#1468=VECTOR('Line Direction',#1467,1.) ;
#1492=VECTOR('Line Direction',#1491,1.) ;
#1509=VECTOR('Line Direction',#1508,1.) ;
#1526=VECTOR('Line Direction',#1525,1.) ;
#1540=VECTOR('Line Direction',#1539,1.) ;
#1557=VECTOR('Line Direction',#1556,1.) ;
#1564=VECTOR('Line Direction',#1563,1.) ;
#1588=VECTOR('Line Direction',#1587,1.) ;
#1605=VECTOR('Line Direction',#1604,1.) ;
#1622=VECTOR('Line Direction',#1621,1.) ;
#1636=VECTOR('Line Direction',#1635,1.) ;
#1653=VECTOR('Line Direction',#1652,1.) ;
#1660=VECTOR('Line Direction',#1659,1.) ;
#1684=VECTOR('Line Direction',#1683,1.) ;
#1701=VECTOR('Line Direction',#1700,1.) ;
#1718=VECTOR('Line Direction',#1717,1.) ;
#1732=VECTOR('Line Direction',#1731,1.) ;
#1749=VECTOR('Line Direction',#1748,1.) ;
#1756=VECTOR('Line Direction',#1755,1.) ;
#1768=VECTOR('Line Direction',#1767,1.) ;
#1775=VECTOR('Line Direction',#1774,1.) ;
#1792=VECTOR('Line Direction',#1791,1.) ;
#1809=VECTOR('Line Direction',#1808,1.) ;
#1823=VECTOR('Line Direction',#1822,1.) ;
#1840=VECTOR('Line Direction',#1839,1.) ;
#1847=VECTOR('Line Direction',#1846,1.) ;
#1871=VECTOR('Line Direction',#1870,1.) ;
#1888=VECTOR('Line Direction',#1887,1.) ;
#1905=VECTOR('Line Direction',#1904,1.) ;
#1912=VECTOR('Line Direction',#1911,1.) ;
#1919=VECTOR('Line Direction',#1918,1.) ;
#2008=VECTOR('Line Direction',#2007,1.) ;
#2015=VECTOR('Line Direction',#2014,1.) ;
#2032=VECTOR('Line Direction',#2031,1.) ;
#2039=VECTOR('Line Direction',#2038,1.) ;
#2128=VECTOR('Line Direction',#2127,1.) ;
#2145=VECTOR('Line Direction',#2144,1.) ;
#2159=VECTOR('Line Direction',#2158,1.) ;
#2176=VECTOR('Line Direction',#2175,1.) ;
#2183=VECTOR('Line Direction',#2182,1.) ;
#2207=VECTOR('Line Direction',#2206,1.) ;
#2224=VECTOR('Line Direction',#2223,1.) ;
#2236=VECTOR('Line Direction',#2235,1.) ;
#2253=VECTOR('Line Direction',#2252,1.) ;
#2349=VECTOR('Line Direction',#2348,1.) ;
#2354=VECTOR('Line Direction',#2353,1.) ;
#2383=VECTOR('Line Direction',#2382,1.) ;
#2388=VECTOR('Line Direction',#2387,1.) ;
#2417=VECTOR('Line Direction',#2416,1.) ;
#2422=VECTOR('Line Direction',#2421,1.) ;
#2451=VECTOR('Line Direction',#2450,1.) ;
#2456=VECTOR('Line Direction',#2455,1.) ;
#2555=VECTOR('Line Direction',#2554,1.) ;
#2560=VECTOR('Line Direction',#2559,1.) ;
#2584=VECTOR('Line Direction',#2583,1.) ;
#2589=VECTOR('Line Direction',#2588,1.) ;
#2613=VECTOR('Line Direction',#2612,1.) ;
#2618=VECTOR('Line Direction',#2617,1.) ;
#2642=VECTOR('Line Direction',#2641,1.) ;
#2647=VECTOR('Line Direction',#2646,1.) ;
#2671=VECTOR('Line Direction',#2670,1.) ;
#2678=VECTOR('Line Direction',#2677,1.) ;
#2683=VECTOR('Line Direction',#2682,1.) ;
#2690=VECTOR('Line Direction',#2689,1.) ;
#2737=ADVANCED_BREP_SHAPE_REPRESENTATION('NONE',(#2736),#60) ;
#44=SHAPE_REPRESENTATION(' ',(#2757),#50) ;
#53=SHAPE_REPRESENTATION(' ',(#2744,#2758),#52) ;
#61=SHAPE_REPRESENTATION(' ',(#2745),#60) ;
#109=ADVANCED_FACE('\X2\96F64EF651E04F554F53\X0\',(#108),#74,.T.) ;
#140=ADVANCED_FACE('\X2\96F64EF651E04F554F53\X0\',(#139),#114,.T.) ;
#175=ADVANCED_FACE('\X2\96F64EF651E04F554F53\X0\',(#174),#114,.T.) ;
#206=ADVANCED_FACE('\X2\96F64EF651E04F554F53\X0\',(#205),#180,.T.) ;
#850=ADVANCED_FACE('\X2\96F64EF651E04F554F53\X0\',(#325,#407,#477,#547,#617,#669,#739,#773,#849),#211,.T.) ;
#890=ADVANCED_FACE('\X2\96F64EF651E04F554F53\X0\',(#889),#855,.F.) ;
#962=ADVANCED_FACE('\X2\96F64EF651E04F554F53\X0\',(#961),#895,.T.) ;
#1051=ADVANCED_FACE('\X2\96F64EF651E04F554F53\X0\',(#978,#996,#1014,#1032,#1050),#967,.T.) ;
#1082=ADVANCED_FACE('\X2\96F64EF651E04F554F53\X0\',(#1081),#1056,.T.) ;
#1106=ADVANCED_FACE('\X2\96F64EF651E04F554F53\X0\',(#1105),#1087,.T.) ;
#1130=ADVANCED_FACE('\X2\96F64EF651E04F554F53\X0\',(#1129),#1111,.T.) ;
#1149=ADVANCED_FACE('\X2\96F64EF651E04F554F53\X0\',(#1148),#1056,.T.) ;
#1173=ADVANCED_FACE('\X2\96F64EF651E04F554F53\X0\',(#1172),#1154,.T.) ;
#1197=ADVANCED_FACE('\X2\96F64EF651E04F554F53\X0\',(#1196),#1178,.F.) ;
#1221=ADVANCED_FACE('\X2\96F64EF651E04F554F53\X0\',(#1220),#1202,.T.) ;
#1245=ADVANCED_FACE('\X2\96F64EF651E04F554F53\X0\',(#1244),#1226,.T.) ;
#1269=ADVANCED_FACE('\X2\96F64EF651E04F554F53\X0\',(#1268),#1250,.T.) ;
#1288=ADVANCED_FACE('\X2\96F64EF651E04F554F53\X0\',(#1287),#1087,.T.) ;
#1307=ADVANCED_FACE('\X2\96F64EF651E04F554F53\X0\',(#1306),#1226,.T.) ;
#1331=ADVANCED_FACE('\X2\96F64EF651E04F554F53\X0\',(#1330),#1312,.T.) ;
#1355=ADVANCED_FACE('\X2\96F64EF651E04F554F53\X0\',(#1354),#1336,.T.) ;
#1372=ADVANCED_FACE('\X2\96F64EF651E04F554F53\X0\',(#1371),#1360,.T.) ;
#1391=ADVANCED_FACE('\X2\96F64EF651E04F554F53\X0\',(#1390),#855,.F.) ;
#1422=ADVANCED_FACE('\X2\96F64EF651E04F554F53\X0\',(#1421),#1396,.T.) ;
#1453=ADVANCED_FACE('\X2\96F64EF651E04F554F53\X0\',(#1452),#1427,.F.) ;
#1477=ADVANCED_FACE('\X2\96F64EF651E04F554F53\X0\',(#1476),#1458,.F.) ;
#1501=ADVANCED_FACE('\X2\96F64EF651E04F554F53\X0\',(#1500),#1482,.F.) ;
#1518=ADVANCED_FACE('\X2\96F64EF651E04F554F53\X0\',(#1517),#1506,.F.) ;
#1549=ADVANCED_FACE('\X2\96F64EF651E04F554F53\X0\',(#1548),#1523,.F.) ;
#1573=ADVANCED_FACE('\X2\96F64EF651E04F554F53\X0\',(#1572),#1554,.F.) ;
#1597=ADVANCED_FACE('\X2\96F64EF651E04F554F53\X0\',(#1596),#1578,.F.) ;
#1614=ADVANCED_FACE('\X2\96F64EF651E04F554F53\X0\',(#1613),#1602,.F.) ;
#1645=ADVANCED_FACE('\X2\96F64EF651E04F554F53\X0\',(#1644),#1619,.F.) ;
#1669=ADVANCED_FACE('\X2\96F64EF651E04F554F53\X0\',(#1668),#1650,.F.) ;
#1693=ADVANCED_FACE('\X2\96F64EF651E04F554F53\X0\',(#1692),#1674,.F.) ;
#1710=ADVANCED_FACE('\X2\96F64EF651E04F554F53\X0\',(#1709),#1698,.F.) ;
#1741=ADVANCED_FACE('\X2\96F64EF651E04F554F53\X0\',(#1740),#1715,.F.) ;
#1765=ADVANCED_FACE('\X2\96F64EF651E04F554F53\X0\',(#1764),#1746,.F.) ;
#1784=ADVANCED_FACE('\X2\96F64EF651E04F554F53\X0\',(#1783),#1087,.T.) ;
#1801=ADVANCED_FACE('\X2\96F64EF651E04F554F53\X0\',(#1800),#1789,.F.) ;
#1832=ADVANCED_FACE('\X2\96F64EF651E04F554F53\X0\',(#1831),#1806,.F.) ;
#1856=ADVANCED_FACE('\X2\96F64EF651E04F554F53\X0\',(#1855),#1837,.F.) ;
#1880=ADVANCED_FACE('\X2\96F64EF651E04F554F53\X0\',(#1879),#1861,.F.) ;
#1897=ADVANCED_FACE('\X2\96F64EF651E04F554F53\X0\',(#1896),#1885,.F.) ;
#2000=ADVANCED_FACE('\X2\96F64EF651E04F554F53\X0\',(#1927,#1945,#1963,#1981,#1999),#1902,.F.) ;
#2024=ADVANCED_FACE('\X2\96F64EF651E04F554F53\X0\',(#2023),#2005,.T.) ;
#2120=ADVANCED_FACE('\X2\96F64EF651E04F554F53\X0\',(#2047,#2065,#2083,#2101,#2119),#2029,.F.) ;
#2137=ADVANCED_FACE('\X2\96F64EF651E04F554F53\X0\',(#2136),#2125,.T.) ;
#2168=ADVANCED_FACE('\X2\96F64EF651E04F554F53\X0\',(#2167),#2142,.F.) ;
#2192=ADVANCED_FACE('\X2\96F64EF651E04F554F53\X0\',(#2191),#2173,.F.) ;
#2216=ADVANCED_FACE('\X2\96F64EF651E04F554F53\X0\',(#2215),#2197,.F.) ;
#2233=ADVANCED_FACE('\X2\96F64EF651E04F554F53\X0\',(#2232),#2221,.F.) ;
#2245=ADVANCED_FACE('\X2\96F64EF651E04F554F53\X0\',(#2244),#2005,.F.) ;
#2334=ADVANCED_FACE('\X2\96F64EF651E04F554F53\X0\',(#2261,#2279,#2297,#2315,#2333),#2250,.F.) ;
#2341=ADVANCED_FACE('\X2\96F64EF651E04F554F53\X0\',(#2340),#2125,.F.) ;
#2363=ADVANCED_FACE('\X2\96F64EF651E04F554F53\X0\',(#2362),#2346,.F.) ;
#2375=ADVANCED_FACE('\X2\96F64EF651E04F554F53\X0\',(#2374),#2368,.F.) ;
#2397=ADVANCED_FACE('\X2\96F64EF651E04F554F53\X0\',(#2396),#2380,.F.) ;
#2409=ADVANCED_FACE('\X2\96F64EF651E04F554F53\X0\',(#2408),#2402,.F.) ;
#2431=ADVANCED_FACE('\X2\96F64EF651E04F554F53\X0\',(#2430),#2414,.F.) ;
#2443=ADVANCED_FACE('\X2\96F64EF651E04F554F53\X0\',(#2442),#2436,.F.) ;
#2465=ADVANCED_FACE('\X2\96F64EF651E04F554F53\X0\',(#2464),#2448,.F.) ;
#2477=ADVANCED_FACE('\X2\96F64EF651E04F554F53\X0\',(#2476),#2470,.F.) ;
#2535=ADVANCED_FACE('\X2\96F64EF651E04F554F53\X0\',(#2498,#2504,#2510,#2516,#2522,#2528,#2534),#2482,.F.) ;
#2547=ADVANCED_FACE('\X2\96F64EF651E04F554F53\X0\',(#2546),#2540,.T.) ;
#2569=ADVANCED_FACE('\X2\96F64EF651E04F554F53\X0\',(#2568),#2552,.F.) ;
#2576=ADVANCED_FACE('\X2\96F64EF651E04F554F53\X0\',(#2575),#2552,.F.) ;
#2598=ADVANCED_FACE('\X2\96F64EF651E04F554F53\X0\',(#2597),#2581,.F.) ;
#2605=ADVANCED_FACE('\X2\96F64EF651E04F554F53\X0\',(#2604),#2581,.F.) ;
#2627=ADVANCED_FACE('\X2\96F64EF651E04F554F53\X0\',(#2626),#2610,.F.) ;
#2634=ADVANCED_FACE('\X2\96F64EF651E04F554F53\X0\',(#2633),#2610,.F.) ;
#2656=ADVANCED_FACE('\X2\96F64EF651E04F554F53\X0\',(#2655),#2639,.F.) ;
#2663=ADVANCED_FACE('\X2\96F64EF651E04F554F53\X0\',(#2662),#2639,.F.) ;
#2705=ADVANCED_FACE('\X2\96F64EF651E04F554F53\X0\',(#2704),#2668,.T.) ;
#2720=ADVANCED_FACE('\X2\96F64EF651E04F554F53\X0\',(#2719),#2710,.T.) ;
#2735=ADVANCED_FACE('\X2\96F64EF651E04F554F53\X0\',(#2734),#2725,.T.) ;
#4=APPLICATION_PROTOCOL_DEFINITION('international standard','config_control_design',1994,#1) ;
#35=APPROVAL_DATE_TIME(#13,#24) ;
#408=B_SPLINE_CURVE_WITH_KNOTS('',5,(#409,#410,#411,#412,#413,#414,#415,#416,#417,#418,#419,#420,#421,#422,#423,#424,#425,#426,#427,#428,#429),.UNSPECIFIED.,.F.,.U.,(6,3,3,3,3,3,6),(0.,1.27276333235,2.54552666418,3.81828999008,5.09105330068,6.36381661885,6.66405459807),.UNSPECIFIED.) ;
#442=B_SPLINE_CURVE_WITH_KNOTS('',5,(#443,#444,#445,#446,#447,#448,#449,#450,#451,#452,#453,#454,#455,#456,#457,#458,#459,#460,#461,#462,#463),.UNSPECIFIED.,.F.,.U.,(6,3,3,3,3,3,6),(0.,1.27276333614,2.54552667386,3.81829000807,5.09105334602,6.36381666587,6.66405464508),.UNSPECIFIED.) ;
#478=B_SPLINE_CURVE_WITH_KNOTS('',5,(#479,#480,#481,#482,#483,#484,#485,#486,#487,#488,#489,#490,#491,#492,#493,#494,#495,#496,#497,#498,#499),.UNSPECIFIED.,.F.,.U.,(6,3,3,3,3,3,6),(0.,1.27276332969,2.54552665538,3.81828998389,5.091053305,6.36381661634,6.66405459579),.UNSPECIFIED.) ;
#512=B_SPLINE_CURVE_WITH_KNOTS('',5,(#513,#514,#515,#516,#517,#518,#519,#520,#521,#522,#523,#524,#525,#526,#527,#528,#529,#530,#531,#532,#533),.UNSPECIFIED.,.F.,.U.,(6,3,3,3,3,3,6),(0.,1.27276331219,2.54552664971,3.81828998953,5.09105333377,6.36381667344,6.66405465286),.UNSPECIFIED.) ;
#548=B_SPLINE_CURVE_WITH_KNOTS('',5,(#549,#550,#551,#552,#553,#554,#555,#556,#557,#558,#559,#560,#561,#562,#563,#564,#565,#566,#567,#568,#569),.UNSPECIFIED.,.F.,.U.,(6,3,3,3,3,3,6),(0.,1.27276331687,2.54552664673,3.81828998486,5.09105330082,6.36381660799,6.6640545872),.UNSPECIFIED.) ;
#582=B_SPLINE_CURVE_WITH_KNOTS('',5,(#583,#584,#585,#586,#587,#588,#589,#590,#591,#592,#593,#594,#595,#596,#597,#598,#599,#600,#601,#602,#603),.UNSPECIFIED.,.F.,.U.,(6,3,3,3,3,3,6),(0.,1.27276332424,2.5455266512,3.81828997561,5.09105328775,6.36381660826,6.66405458747),.UNSPECIFIED.) ;
#618=B_SPLINE_CURVE_WITH_KNOTS('',5,(#619,#620,#621,#622,#623,#624,#625,#626,#627,#628,#629,#630,#631,#632,#633,#634,#635,#636,#637,#638,#639),.UNSPECIFIED.,.F.,.U.,(6,3,3,3,3,3,6),(0.,1.27276332451,2.54552665763,3.81828997421,5.09105328374,6.36381660779,6.664054587),.UNSPECIFIED.) ;
#670=B_SPLINE_CURVE_WITH_KNOTS('',5,(#671,#672,#673,#674,#675,#676,#677,#678,#679,#680,#681,#682,#683,#684,#685,#686,#687,#688,#689,#690,#691),.UNSPECIFIED.,.F.,.U.,(6,3,3,3,3,3,6),(0.,1.27276331687,2.54552664673,3.81828998486,5.09105330082,6.36381660799,6.6640545872),.UNSPECIFIED.) ;
#704=B_SPLINE_CURVE_WITH_KNOTS('',5,(#705,#706,#707,#708,#709,#710,#711,#712,#713,#714,#715,#716,#717,#718,#719,#720,#721,#722,#723,#724,#725),.UNSPECIFIED.,.F.,.U.,(6,3,3,3,3,3,6),(0.,1.27276332424,2.5455266512,3.81828997561,5.09105328775,6.36381660826,6.66405458747),.UNSPECIFIED.) ;
#774=B_SPLINE_CURVE_WITH_KNOTS('',5,(#775,#776,#777,#778,#779,#780,#781,#782,#783,#784,#785,#786,#787,#788,#789,#790,#791,#792,#793,#794,#795,#796,#797,#798),.UNSPECIFIED.,.F.,.U.,(6,3,3,3,3,3,3,6),(0.,0.731974691977,1.46394938769,2.19592406686,2.92789875065,3.65987346565,4.39184819355,4.95929280675),.UNSPECIFIED.) ;
#811=B_SPLINE_CURVE_WITH_KNOTS('',5,(#812,#813,#814,#815,#816,#817,#818,#819,#820,#821,#822,#823,#824,#825,#826,#827,#828,#829,#830,#831,#832,#833,#834,#835),.UNSPECIFIED.,.F.,.U.,(6,3,3,3,3,3,3,6),(0.,0.731974709815,1.46394940311,2.19592408837,2.92789878598,3.65987347862,4.39184815931,4.95929271814),.UNSPECIFIED.) ;
#2736=MANIFOLD_SOLID_BREP('\X2\96F64EF651E04F554F53\X0\',#69) ;
#11=CALENDAR_DATE(2026,31,7) ;
#33=CC_DESIGN_APPROVAL(#24,(#19,#6,#17)) ;
#21=CC_DESIGN_DATE_AND_TIME_ASSIGNMENT(#13,#20,(#19)) ;
#32=CC_DESIGN_DATE_AND_TIME_ASSIGNMENT(#13,#31,(#17)) ;
#20=DATE_TIME_ROLE('classification_date') ;
#31=DATE_TIME_ROLE('creation_date') ;
#30=CC_DESIGN_PERSON_AND_ORGANIZATION_ASSIGNMENT(#28,#29,(#19)) ;
#36=CC_DESIGN_PERSON_AND_ORGANIZATION_ASSIGNMENT(#28,#37,(#6)) ;
#38=CC_DESIGN_PERSON_AND_ORGANIZATION_ASSIGNMENT(#28,#39,(#6,#17)) ;
#40=CC_DESIGN_PERSON_AND_ORGANIZATION_ASSIGNMENT(#28,#41,(#5)) ;
#29=PERSON_AND_ORGANIZATION_ROLE('classification_officer') ;
#37=PERSON_AND_ORGANIZATION_ROLE('design_supplier') ;
#39=PERSON_AND_ORGANIZATION_ROLE('creator') ;
#41=PERSON_AND_ORGANIZATION_ROLE('design_owner') ;
#42=CC_DESIGN_SECURITY_CLASSIFICATION(#19,(#6,#2739,#2752)) ;
#67=DOCUMENT('1','Part19.CATPart','CATPart document',#66) ;
#66=DOCUMENT_TYPE('') ;
#231=CIRCLE('generated circle',#230,4.9999999999) ;
#245=CIRCLE('generated circle',#244,5.00000000308) ;
#259=CIRCLE('generated circle',#258,4.9999999999) ;
#273=CIRCLE('generated circle',#272,4.99999999673) ;
#294=CIRCLE('generated circle',#293,5.) ;
#308=CIRCLE('generated circle',#307,5.) ;
#982=CIRCLE('generated circle',#981,1.55000000075) ;
#991=CIRCLE('generated circle',#990,1.55000000075) ;
#1000=CIRCLE('generated circle',#999,1.55000000075) ;
#1009=CIRCLE('generated circle',#1008,1.55000000075) ;
#1018=CIRCLE('generated circle',#1017,1.55000000075) ;
#1027=CIRCLE('generated circle',#1026,1.55000000075) ;
#1036=CIRCLE('generated circle',#1035,1.55000000075) ;
#1045=CIRCLE('generated circle',#1044,1.55000000075) ;
#1115=CIRCLE('generated circle',#1114,5.) ;
#1158=CIRCLE('generated circle',#1157,5.) ;
#1206=CIRCLE('generated circle',#1205,5.) ;
#1254=CIRCLE('generated circle',#1253,5.) ;
#1316=CIRCLE('generated circle',#1315,5.) ;
#1364=CIRCLE('generated circle',#1363,5.) ;
#1438=CIRCLE('generated circle',#1437,1.5) ;
#1486=CIRCLE('generated circle',#1485,1.5) ;
#1534=CIRCLE('generated circle',#1533,1.5) ;
#1582=CIRCLE('generated circle',#1581,1.5) ;
#1630=CIRCLE('generated circle',#1629,1.5) ;
#1678=CIRCLE('generated circle',#1677,1.5) ;
#1726=CIRCLE('generated circle',#1725,1.5) ;
#1817=CIRCLE('generated circle',#1816,1.5) ;
#1865=CIRCLE('generated circle',#1864,1.5) ;
#1931=CIRCLE('generated circle',#1930,1.55000000075) ;
#1940=CIRCLE('generated circle',#1939,1.55000000075) ;
#1949=CIRCLE('generated circle',#1948,1.55000000075) ;
#1958=CIRCLE('generated circle',#1957,1.55000000075) ;
#1967=CIRCLE('generated circle',#1966,1.55000000075) ;
#1976=CIRCLE('generated circle',#1975,1.55000000075) ;
#1985=CIRCLE('generated circle',#1984,1.55000000075) ;
#1994=CIRCLE('generated circle',#1993,1.55000000075) ;
#2051=CIRCLE('generated circle',#2050,1.55000000075) ;
#2060=CIRCLE('generated circle',#2059,1.55000000075) ;
#2069=CIRCLE('generated circle',#2068,1.55000000075) ;
#2078=CIRCLE('generated circle',#2077,1.55000000075) ;
#2087=CIRCLE('generated circle',#2086,1.55000000075) ;
#2096=CIRCLE('generated circle',#2095,1.55000000075) ;
#2105=CIRCLE('generated circle',#2104,1.55000000075) ;
#2114=CIRCLE('generated circle',#2113,1.55000000075) ;
#2153=CIRCLE('generated circle',#2152,1.11624188458) ;
#2201=CIRCLE('generated circle',#2200,1.11624188458) ;
#2265=CIRCLE('generated circle',#2264,1.55000000075) ;
#2274=CIRCLE('generated circle',#2273,1.55000000075) ;
#2283=CIRCLE('generated circle',#2282,1.55000000075) ;
#2292=CIRCLE('generated circle',#2291,1.55000000075) ;
#2301=CIRCLE('generated circle',#2300,1.55000000075) ;
#2310=CIRCLE('generated circle',#2309,1.55000000075) ;
#2319=CIRCLE('generated circle',#2318,1.55000000075) ;
#2328=CIRCLE('generated circle',#2327,1.55000000075) ;
#2741=CONTEXT_DEPENDENT_SHAPE_REPRESENTATION(#2742,#2740) ;
#2754=CONTEXT_DEPENDENT_SHAPE_REPRESENTATION(#2755,#2753) ;
#2738=SHAPE_REPRESENTATION_RELATIONSHIP(' ',' ',#61,#2737) ;
#1111=CYLINDRICAL_SURFACE('generated cylinder',#1110,5.) ;
#1154=CYLINDRICAL_SURFACE('generated cylinder',#1153,5.) ;
#1202=CYLINDRICAL_SURFACE('generated cylinder',#1201,5.) ;
#1250=CYLINDRICAL_SURFACE('generated cylinder',#1249,5.) ;
#1312=CYLINDRICAL_SURFACE('generated cylinder',#1311,5.) ;
#1360=CYLINDRICAL_SURFACE('generated cylinder',#1359,5.) ;
#1427=CYLINDRICAL_SURFACE('generated cylinder',#1426,1.5) ;
#1482=CYLINDRICAL_SURFACE('generated cylinder',#1481,1.5) ;
#1523=CYLINDRICAL_SURFACE('generated cylinder',#1522,1.5) ;
#1578=CYLINDRICAL_SURFACE('generated cylinder',#1577,1.5) ;
#1619=CYLINDRICAL_SURFACE('generated cylinder',#1618,1.5) ;
#1674=CYLINDRICAL_SURFACE('generated cylinder',#1673,1.5) ;
#1715=CYLINDRICAL_SURFACE('generated cylinder',#1714,1.5) ;
#1806=CYLINDRICAL_SURFACE('generated cylinder',#1805,1.5) ;
#1861=CYLINDRICAL_SURFACE('generated cylinder',#1860,1.5) ;
#2142=CYLINDRICAL_SURFACE('generated cylinder',#2141,1.11624188458) ;
#2197=CYLINDRICAL_SURFACE('generated cylinder',#2196,1.11624188458) ;
#2346=CYLINDRICAL_SURFACE('generated cylinder',#2345,1.55000000075) ;
#2368=CYLINDRICAL_SURFACE('generated cylinder',#2367,1.55000000075) ;
#2380=CYLINDRICAL_SURFACE('generated cylinder',#2379,1.55000000075) ;
#2402=CYLINDRICAL_SURFACE('generated cylinder',#2401,1.55000000075) ;
#2414=CYLINDRICAL_SURFACE('generated cylinder',#2413,1.55000000075) ;
#2436=CYLINDRICAL_SURFACE('generated cylinder',#2435,1.55000000075) ;
#2448=CYLINDRICAL_SURFACE('generated cylinder',#2447,1.55000000075) ;
#2470=CYLINDRICAL_SURFACE('generated cylinder',#2469,1.55000000075) ;
#2552=CYLINDRICAL_SURFACE('generated cylinder',#2551,1.55) ;
#2581=CYLINDRICAL_SURFACE('generated cylinder',#2580,1.55) ;
#2610=CYLINDRICAL_SURFACE('generated cylinder',#2609,1.55) ;
#2639=CYLINDRICAL_SURFACE('generated cylinder',#2638,1.55) ;
#3=DESIGN_CONTEXT(' ',#1,'design') ;
#83=EDGE_CURVE('',#80,#82,#78,.T.) ;
#90=EDGE_CURVE('',#80,#89,#87,.T.) ;
#97=EDGE_CURVE('',#89,#96,#94,.T.) ;
#102=EDGE_CURVE('',#82,#96,#101,.T.) ;
#121=EDGE_CURVE('',#96,#120,#118,.F.) ;
#128=EDGE_CURVE('',#120,#127,#125,.T.) ;
#133=EDGE_CURVE('',#127,#82,#132,.F.) ;
#149=EDGE_CURVE('',#146,#148,#144,.T.) ;
#156=EDGE_CURVE('',#148,#155,#153,.F.) ;
#163=EDGE_CURVE('',#155,#162,#160,.T.) ;
#168=EDGE_CURVE('',#162,#146,#167,.F.) ;
#187=EDGE_CURVE('',#186,#155,#184,.T.) ;
#194=EDGE_CURVE('',#186,#193,#191,.T.) ;
#199=EDGE_CURVE('',#193,#162,#198,.T.) ;
#220=EDGE_CURVE('',#217,#219,#215,.T.) ;
#227=EDGE_CURVE('',#219,#226,#224,.F.) ;
#234=EDGE_CURVE('',#233,#226,#231,.F.) ;
#241=EDGE_CURVE('',#233,#240,#238,.T.) ;
#248=EDGE_CURVE('',#247,#240,#245,.F.) ;
#255=EDGE_CURVE('',#247,#254,#252,.F.) ;
#262=EDGE_CURVE('',#261,#254,#259,.F.) ;
#269=EDGE_CURVE('',#261,#268,#266,.T.) ;
#276=EDGE_CURVE('',#275,#268,#273,.F.) ;
#283=EDGE_CURVE('',#275,#282,#280,.F.) ;
#290=EDGE_CURVE('',#282,#289,#287,.T.) ;
#297=EDGE_CURVE('',#296,#289,#294,.F.) ;
#304=EDGE_CURVE('',#296,#303,#301,.F.) ;
#309=EDGE_CURVE('',#217,#303,#308,.F.) ;
#332=EDGE_CURVE('',#331,#148,#329,.T.) ;
#339=EDGE_CURVE('',#338,#331,#336,.F.) ;
#346=EDGE_CURVE('',#345,#338,#343,.T.) ;
#353=EDGE_CURVE('',#345,#352,#350,.F.) ;
#360=EDGE_CURVE('',#352,#359,#357,.F.) ;
#367=EDGE_CURVE('',#359,#366,#364,.F.) ;
#374=EDGE_CURVE('',#366,#373,#371,.T.) ;
#381=EDGE_CURVE('',#380,#373,#378,.F.) ;
#386=EDGE_CURVE('',#380,#120,#385,.T.) ;
#391=EDGE_CURVE('',#186,#89,#390,.F.) ;
#434=EDGE_CURVE('',#431,#433,#408,.F.) ;
#441=EDGE_CURVE('',#440,#431,#438,.T.) ;
#466=EDGE_CURVE('',#465,#440,#442,.F.) ;
#471=EDGE_CURVE('',#433,#465,#470,.T.) ;
#504=EDGE_CURVE('',#501,#503,#478,.F.) ;
#511=EDGE_CURVE('',#510,#501,#508,.T.) ;
#536=EDGE_CURVE('',#535,#510,#512,.F.) ;
#541=EDGE_CURVE('',#503,#535,#540,.T.) ;
#574=EDGE_CURVE('',#571,#573,#548,.F.) ;
#581=EDGE_CURVE('',#580,#571,#578,.T.) ;
#606=EDGE_CURVE('',#605,#580,#582,.F.) ;
#611=EDGE_CURVE('',#573,#605,#610,.T.) ;
#644=EDGE_CURVE('',#641,#643,#618,.F.) ;
#651=EDGE_CURVE('',#650,#641,#648,.T.) ;
#658=EDGE_CURVE('',#650,#657,#655,.F.) ;
#663=EDGE_CURVE('',#643,#657,#662,.T.) ;
#696=EDGE_CURVE('',#693,#695,#670,.F.) ;
#703=EDGE_CURVE('',#702,#693,#700,.T.) ;
#728=EDGE_CURVE('',#727,#702,#704,.F.) ;
#733=EDGE_CURVE('',#695,#727,#732,.T.) ;
#748=EDGE_CURVE('',#745,#747,#743,.F.) ;
#755=EDGE_CURVE('',#754,#745,#752,.T.) ;
#762=EDGE_CURVE('',#761,#754,#759,.F.) ;
#767=EDGE_CURVE('',#747,#761,#766,.T.) ;
#803=EDGE_CURVE('',#800,#802,#774,.F.) ;
#810=EDGE_CURVE('',#809,#800,#807,.T.) ;
#838=EDGE_CURVE('',#837,#809,#811,.F.) ;
#843=EDGE_CURVE('',#802,#837,#842,.T.) ;
#862=EDGE_CURVE('',#359,#861,#859,.T.) ;
#869=EDGE_CURVE('',#861,#868,#866,.T.) ;
#876=EDGE_CURVE('',#868,#875,#873,.T.) ;
#881=EDGE_CURVE('',#373,#875,#880,.F.) ;
#902=EDGE_CURVE('',#861,#901,#899,.T.) ;
#909=EDGE_CURVE('',#901,#908,#906,.T.) ;
#916=EDGE_CURVE('',#915,#908,#913,.T.) ;
#923=EDGE_CURVE('',#922,#915,#920,.T.) ;
#930=EDGE_CURVE('',#922,#929,#927,.T.) ;
#937=EDGE_CURVE('',#936,#929,#934,.F.) ;
#944=EDGE_CURVE('',#936,#943,#941,.T.) ;
#949=EDGE_CURVE('',#875,#943,#948,.F.) ;
#972=EDGE_CURVE('',#80,#193,#971,.F.) ;
#987=EDGE_CURVE('',#984,#986,#982,.T.) ;
#992=EDGE_CURVE('',#986,#984,#991,.T.) ;
#1005=EDGE_CURVE('',#1002,#1004,#1000,.T.) ;
#1010=EDGE_CURVE('',#1004,#1002,#1009,.T.) ;
#1023=EDGE_CURVE('',#1020,#1022,#1018,.T.) ;
#1028=EDGE_CURVE('',#1022,#1020,#1027,.T.) ;
#1041=EDGE_CURVE('',#1038,#1040,#1036,.T.) ;
#1046=EDGE_CURVE('',#1040,#1038,#1045,.T.) ;
#1065=EDGE_CURVE('',#1062,#1064,#1060,.T.) ;
#1070=EDGE_CURVE('',#219,#1064,#1069,.T.) ;
#1075=EDGE_CURVE('',#217,#1062,#1074,.T.) ;
#1094=EDGE_CURVE('',#1064,#1093,#1091,.F.) ;
#1099=EDGE_CURVE('',#1093,#226,#1098,.T.) ;
#1118=EDGE_CURVE('',#1093,#1117,#1115,.T.) ;
#1123=EDGE_CURVE('',#1117,#233,#1122,.T.) ;
#1137=EDGE_CURVE('',#1117,#1136,#1134,.T.) ;
#1142=EDGE_CURVE('',#1136,#240,#1141,.T.) ;
#1161=EDGE_CURVE('',#1136,#1160,#1158,.T.) ;
#1166=EDGE_CURVE('',#1160,#247,#1165,.T.) ;
#1185=EDGE_CURVE('',#1184,#254,#1182,.T.) ;
#1190=EDGE_CURVE('',#1160,#1184,#1189,.F.) ;
#1209=EDGE_CURVE('',#1184,#1208,#1206,.T.) ;
#1214=EDGE_CURVE('',#1208,#261,#1213,.T.) ;
#1233=EDGE_CURVE('',#1208,#1232,#1230,.T.) ;
#1238=EDGE_CURVE('',#1232,#268,#1237,.T.) ;
#1257=EDGE_CURVE('',#1232,#1256,#1254,.T.) ;
#1262=EDGE_CURVE('',#1256,#275,#1261,.T.) ;
#1276=EDGE_CURVE('',#1256,#1275,#1273,.F.) ;
#1281=EDGE_CURVE('',#282,#1275,#1280,.T.) ;
#1295=EDGE_CURVE('',#1275,#1294,#1292,.T.) ;
#1300=EDGE_CURVE('',#289,#1294,#1299,.T.) ;
#1319=EDGE_CURVE('',#1294,#1318,#1316,.F.) ;
#1324=EDGE_CURVE('',#296,#1318,#1323,.T.) ;
#1343=EDGE_CURVE('',#1318,#1342,#1340,.F.) ;
#1348=EDGE_CURVE('',#303,#1342,#1347,.T.) ;
#1365=EDGE_CURVE('',#1342,#1062,#1364,.F.) ;
#1377=EDGE_CURVE('',#352,#915,#1376,.T.) ;
#1382=EDGE_CURVE('',#929,#338,#1381,.F.) ;
#1403=EDGE_CURVE('',#352,#1402,#1400,.T.) ;
#1410=EDGE_CURVE('',#1402,#1409,#1407,.F.) ;
#1415=EDGE_CURVE('',#1409,#359,#1414,.T.) ;
#1434=EDGE_CURVE('',#1433,#433,#1431,.F.) ;
#1441=EDGE_CURVE('',#1433,#1440,#1438,.T.) ;
#1446=EDGE_CURVE('',#1440,#431,#1445,.F.) ;
#1465=EDGE_CURVE('',#1440,#1464,#1462,.F.) ;
#1470=EDGE_CURVE('',#1464,#440,#1469,.F.) ;
#1489=EDGE_CURVE('',#1464,#1488,#1486,.T.) ;
#1494=EDGE_CURVE('',#1488,#465,#1493,.F.) ;
#1511=EDGE_CURVE('',#1488,#1433,#1510,.F.) ;
#1530=EDGE_CURVE('',#1529,#503,#1527,.F.) ;
#1537=EDGE_CURVE('',#1529,#1536,#1534,.T.) ;
#1542=EDGE_CURVE('',#1536,#501,#1541,.F.) ;
#1561=EDGE_CURVE('',#1536,#1560,#1558,.F.) ;
#1566=EDGE_CURVE('',#1560,#510,#1565,.T.) ;
#1585=EDGE_CURVE('',#1560,#1584,#1582,.T.) ;
#1590=EDGE_CURVE('',#1584,#535,#1589,.F.) ;
#1607=EDGE_CURVE('',#1584,#1529,#1606,.F.) ;
#1626=EDGE_CURVE('',#1625,#573,#1623,.F.) ;
#1633=EDGE_CURVE('',#1625,#1632,#1630,.T.) ;
#1638=EDGE_CURVE('',#1632,#571,#1637,.F.) ;
#1657=EDGE_CURVE('',#1632,#1656,#1654,.F.) ;
#1662=EDGE_CURVE('',#1656,#580,#1661,.T.) ;
#1681=EDGE_CURVE('',#1656,#1680,#1678,.T.) ;
#1686=EDGE_CURVE('',#1680,#605,#1685,.F.) ;
#1703=EDGE_CURVE('',#1680,#1625,#1702,.F.) ;
#1722=EDGE_CURVE('',#1721,#643,#1719,.F.) ;
#1729=EDGE_CURVE('',#1721,#1728,#1726,.T.) ;
#1734=EDGE_CURVE('',#1728,#641,#1733,.F.) ;
#1753=EDGE_CURVE('',#650,#1752,#1750,.T.) ;
#1758=EDGE_CURVE('',#1728,#1752,#1757,.F.) ;
#1772=EDGE_CURVE('',#1752,#1771,#1769,.F.) ;
#1777=EDGE_CURVE('',#657,#1771,#1776,.T.) ;
#1794=EDGE_CURVE('',#1771,#1721,#1793,.F.) ;
#1813=EDGE_CURVE('',#1812,#695,#1810,.F.) ;
#1820=EDGE_CURVE('',#1812,#1819,#1817,.T.) ;
#1825=EDGE_CURVE('',#1819,#693,#1824,.F.) ;
#1844=EDGE_CURVE('',#1819,#1843,#1841,.F.) ;
#1849=EDGE_CURVE('',#1843,#702,#1848,.F.) ;
#1868=EDGE_CURVE('',#1843,#1867,#1865,.T.) ;
#1873=EDGE_CURVE('',#1867,#727,#1872,.F.) ;
#1890=EDGE_CURVE('',#1867,#1812,#1889,.F.) ;
#1909=EDGE_CURVE('',#745,#1908,#1906,.T.) ;
#1916=EDGE_CURVE('',#747,#1915,#1913,.T.) ;
#1921=EDGE_CURVE('',#1908,#1915,#1920,.F.) ;
#1936=EDGE_CURVE('',#1933,#1935,#1931,.F.) ;
#1941=EDGE_CURVE('',#1935,#1933,#1940,.F.) ;
#1954=EDGE_CURVE('',#1951,#1953,#1949,.F.) ;
#1959=EDGE_CURVE('',#1953,#1951,#1958,.F.) ;
#1972=EDGE_CURVE('',#1969,#1971,#1967,.F.) ;
#1977=EDGE_CURVE('',#1971,#1969,#1976,.F.) ;
#1990=EDGE_CURVE('',#1987,#1989,#1985,.F.) ;
#1995=EDGE_CURVE('',#1989,#1987,#1994,.F.) ;
#2012=EDGE_CURVE('',#754,#2011,#2009,.T.) ;
#2017=EDGE_CURVE('',#2011,#1908,#2016,.T.) ;
#2036=EDGE_CURVE('',#761,#2035,#2033,.T.) ;
#2041=EDGE_CURVE('',#2035,#2011,#2040,.F.) ;
#2056=EDGE_CURVE('',#2053,#2055,#2051,.T.) ;
#2061=EDGE_CURVE('',#2055,#2053,#2060,.T.) ;
#2074=EDGE_CURVE('',#2071,#2073,#2069,.T.) ;
#2079=EDGE_CURVE('',#2073,#2071,#2078,.T.) ;
#2092=EDGE_CURVE('',#2089,#2091,#2087,.T.) ;
#2097=EDGE_CURVE('',#2091,#2089,#2096,.T.) ;
#2110=EDGE_CURVE('',#2107,#2109,#2105,.T.) ;
#2115=EDGE_CURVE('',#2109,#2107,#2114,.T.) ;
#2130=EDGE_CURVE('',#1915,#2035,#2129,.T.) ;
#2149=EDGE_CURVE('',#2148,#802,#2146,.F.) ;
#2156=EDGE_CURVE('',#2148,#2155,#2153,.T.) ;
#2161=EDGE_CURVE('',#2155,#800,#2160,.F.) ;
#2180=EDGE_CURVE('',#2155,#2179,#2177,.F.) ;
#2185=EDGE_CURVE('',#2179,#809,#2184,.T.) ;
#2204=EDGE_CURVE('',#2179,#2203,#2201,.T.) ;
#2209=EDGE_CURVE('',#2203,#837,#2208,.F.) ;
#2226=EDGE_CURVE('',#2203,#2148,#2225,.F.) ;
#2238=EDGE_CURVE('',#901,#1409,#2237,.T.) ;
#2255=EDGE_CURVE('',#908,#1402,#2254,.T.) ;
#2270=EDGE_CURVE('',#2267,#2269,#2265,.T.) ;
#2275=EDGE_CURVE('',#2269,#2267,#2274,.T.) ;
#2288=EDGE_CURVE('',#2285,#2287,#2283,.T.) ;
#2293=EDGE_CURVE('',#2287,#2285,#2292,.T.) ;
#2306=EDGE_CURVE('',#2303,#2305,#2301,.T.) ;
#2311=EDGE_CURVE('',#2305,#2303,#2310,.T.) ;
#2324=EDGE_CURVE('',#2321,#2323,#2319,.T.) ;
#2329=EDGE_CURVE('',#2323,#2321,#2328,.T.) ;
#2351=EDGE_CURVE('',#984,#2287,#2350,.F.) ;
#2356=EDGE_CURVE('',#986,#2285,#2355,.F.) ;
#2385=EDGE_CURVE('',#1002,#2321,#2384,.F.) ;
#2390=EDGE_CURVE('',#1004,#2323,#2389,.F.) ;
#2419=EDGE_CURVE('',#1020,#2303,#2418,.F.) ;
#2424=EDGE_CURVE('',#1022,#2305,#2423,.F.) ;
#2453=EDGE_CURVE('',#1038,#2269,#2452,.F.) ;
#2458=EDGE_CURVE('',#1040,#2267,#2457,.F.) ;
#2557=EDGE_CURVE('',#1935,#2055,#2556,.F.) ;
#2562=EDGE_CURVE('',#1933,#2053,#2561,.F.) ;
#2586=EDGE_CURVE('',#1953,#2073,#2585,.F.) ;
#2591=EDGE_CURVE('',#1951,#2071,#2590,.F.) ;
#2615=EDGE_CURVE('',#1971,#2091,#2614,.F.) ;
#2620=EDGE_CURVE('',#1969,#2089,#2619,.F.) ;
#2644=EDGE_CURVE('',#1989,#2109,#2643,.F.) ;
#2649=EDGE_CURVE('',#1987,#2107,#2648,.F.) ;
#2675=EDGE_CURVE('',#2674,#127,#2672,.T.) ;
#2680=EDGE_CURVE('',#943,#2674,#2679,.F.) ;
#2687=EDGE_CURVE('',#2686,#936,#2684,.F.) ;
#2692=EDGE_CURVE('',#2686,#146,#2691,.T.) ;
#103=EDGE_LOOP('',(#104,#105,#106,#107)) ;
#134=EDGE_LOOP('',(#135,#136,#137,#138)) ;
#169=EDGE_LOOP('',(#170,#171,#172,#173)) ;
#200=EDGE_LOOP('',(#201,#202,#203,#204)) ;
#310=EDGE_LOOP('',(#311,#312,#313,#314,#315,#316,#317,#318,#319,#320,#321,#322,#323,#324)) ;
#392=EDGE_LOOP('',(#393,#394,#395,#396,#397,#398,#399,#400,#401,#402,#403,#404,#405,#406)) ;
#472=EDGE_LOOP('',(#473,#474,#475,#476)) ;
#542=EDGE_LOOP('',(#543,#544,#545,#546)) ;
#612=EDGE_LOOP('',(#613,#614,#615,#616)) ;
#664=EDGE_LOOP('',(#665,#666,#667,#668)) ;
#734=EDGE_LOOP('',(#735,#736,#737,#738)) ;
#768=EDGE_LOOP('',(#769,#770,#771,#772)) ;
#844=EDGE_LOOP('',(#845,#846,#847,#848)) ;
#882=EDGE_LOOP('',(#883,#884,#885,#886,#887,#888)) ;
#950=EDGE_LOOP('',(#951,#952,#953,#954,#955,#956,#957,#958,#959,#960)) ;
#973=EDGE_LOOP('',(#974,#975,#976,#977)) ;
#993=EDGE_LOOP('',(#994,#995)) ;
#1011=EDGE_LOOP('',(#1012,#1013)) ;
#1029=EDGE_LOOP('',(#1030,#1031)) ;
#1047=EDGE_LOOP('',(#1048,#1049)) ;
#1076=EDGE_LOOP('',(#1077,#1078,#1079,#1080)) ;
#1100=EDGE_LOOP('',(#1101,#1102,#1103,#1104)) ;
#1124=EDGE_LOOP('',(#1125,#1126,#1127,#1128)) ;
#1143=EDGE_LOOP('',(#1144,#1145,#1146,#1147)) ;
#1167=EDGE_LOOP('',(#1168,#1169,#1170,#1171)) ;
#1191=EDGE_LOOP('',(#1192,#1193,#1194,#1195)) ;
#1215=EDGE_LOOP('',(#1216,#1217,#1218,#1219)) ;
#1239=EDGE_LOOP('',(#1240,#1241,#1242,#1243)) ;
#1263=EDGE_LOOP('',(#1264,#1265,#1266,#1267)) ;
#1282=EDGE_LOOP('',(#1283,#1284,#1285,#1286)) ;
#1301=EDGE_LOOP('',(#1302,#1303,#1304,#1305)) ;
#1325=EDGE_LOOP('',(#1326,#1327,#1328,#1329)) ;
#1349=EDGE_LOOP('',(#1350,#1351,#1352,#1353)) ;
#1366=EDGE_LOOP('',(#1367,#1368,#1369,#1370)) ;
#1383=EDGE_LOOP('',(#1384,#1385,#1386,#1387,#1388,#1389)) ;
#1416=EDGE_LOOP('',(#1417,#1418,#1419,#1420)) ;
#1447=EDGE_LOOP('',(#1448,#1449,#1450,#1451)) ;
#1471=EDGE_LOOP('',(#1472,#1473,#1474,#1475)) ;
#1495=EDGE_LOOP('',(#1496,#1497,#1498,#1499)) ;
#1512=EDGE_LOOP('',(#1513,#1514,#1515,#1516)) ;
#1543=EDGE_LOOP('',(#1544,#1545,#1546,#1547)) ;
#1567=EDGE_LOOP('',(#1568,#1569,#1570,#1571)) ;
#1591=EDGE_LOOP('',(#1592,#1593,#1594,#1595)) ;
#1608=EDGE_LOOP('',(#1609,#1610,#1611,#1612)) ;
#1639=EDGE_LOOP('',(#1640,#1641,#1642,#1643)) ;
#1663=EDGE_LOOP('',(#1664,#1665,#1666,#1667)) ;
#1687=EDGE_LOOP('',(#1688,#1689,#1690,#1691)) ;
#1704=EDGE_LOOP('',(#1705,#1706,#1707,#1708)) ;
#1735=EDGE_LOOP('',(#1736,#1737,#1738,#1739)) ;
#1759=EDGE_LOOP('',(#1760,#1761,#1762,#1763)) ;
#1778=EDGE_LOOP('',(#1779,#1780,#1781,#1782)) ;
#1795=EDGE_LOOP('',(#1796,#1797,#1798,#1799)) ;
#1826=EDGE_LOOP('',(#1827,#1828,#1829,#1830)) ;
#1850=EDGE_LOOP('',(#1851,#1852,#1853,#1854)) ;
#1874=EDGE_LOOP('',(#1875,#1876,#1877,#1878)) ;
#1891=EDGE_LOOP('',(#1892,#1893,#1894,#1895)) ;
#1922=EDGE_LOOP('',(#1923,#1924,#1925,#1926)) ;
#1942=EDGE_LOOP('',(#1943,#1944)) ;
#1960=EDGE_LOOP('',(#1961,#1962)) ;
#1978=EDGE_LOOP('',(#1979,#1980)) ;
#1996=EDGE_LOOP('',(#1997,#1998)) ;
#2018=EDGE_LOOP('',(#2019,#2020,#2021,#2022)) ;
#2042=EDGE_LOOP('',(#2043,#2044,#2045,#2046)) ;
#2062=EDGE_LOOP('',(#2063,#2064)) ;
#2080=EDGE_LOOP('',(#2081,#2082)) ;
#2098=EDGE_LOOP('',(#2099,#2100)) ;
#2116=EDGE_LOOP('',(#2117,#2118)) ;
#2131=EDGE_LOOP('',(#2132,#2133,#2134,#2135)) ;
#2162=EDGE_LOOP('',(#2163,#2164,#2165,#2166)) ;
#2186=EDGE_LOOP('',(#2187,#2188,#2189,#2190)) ;
#2210=EDGE_LOOP('',(#2211,#2212,#2213,#2214)) ;
#2227=EDGE_LOOP('',(#2228,#2229,#2230,#2231)) ;
#2239=EDGE_LOOP('',(#2240,#2241,#2242,#2243)) ;
#2256=EDGE_LOOP('',(#2257,#2258,#2259,#2260)) ;
#2276=EDGE_LOOP('',(#2277,#2278)) ;
#2294=EDGE_LOOP('',(#2295,#2296)) ;
#2312=EDGE_LOOP('',(#2313,#2314)) ;
#2330=EDGE_LOOP('',(#2331,#2332)) ;
#2335=EDGE_LOOP('',(#2336,#2337,#2338,#2339)) ;
#2357=EDGE_LOOP('',(#2358,#2359,#2360,#2361)) ;
#2369=EDGE_LOOP('',(#2370,#2371,#2372,#2373)) ;
#2391=EDGE_LOOP('',(#2392,#2393,#2394,#2395)) ;
#2403=EDGE_LOOP('',(#2404,#2405,#2406,#2407)) ;
#2425=EDGE_LOOP('',(#2426,#2427,#2428,#2429)) ;
#2437=EDGE_LOOP('',(#2438,#2439,#2440,#2441)) ;
#2459=EDGE_LOOP('',(#2460,#2461,#2462,#2463)) ;
#2471=EDGE_LOOP('',(#2472,#2473,#2474,#2475)) ;
#2483=EDGE_LOOP('',(#2484,#2485,#2486,#2487,#2488,#2489,#2490,#2491,#2492,#2493,#2494,#2495,#2496,#2497)) ;
#2499=EDGE_LOOP('',(#2500,#2501,#2502,#2503)) ;
#2505=EDGE_LOOP('',(#2506,#2507,#2508,#2509)) ;
#2511=EDGE_LOOP('',(#2512,#2513,#2514,#2515)) ;
#2517=EDGE_LOOP('',(#2518,#2519,#2520,#2521)) ;
#2523=EDGE_LOOP('',(#2524,#2525,#2526,#2527)) ;
#2529=EDGE_LOOP('',(#2530,#2531,#2532,#2533)) ;
#2541=EDGE_LOOP('',(#2542,#2543,#2544,#2545)) ;
#2563=EDGE_LOOP('',(#2564,#2565,#2566,#2567)) ;
#2570=EDGE_LOOP('',(#2571,#2572,#2573,#2574)) ;
#2592=EDGE_LOOP('',(#2593,#2594,#2595,#2596)) ;
#2599=EDGE_LOOP('',(#2600,#2601,#2602,#2603)) ;
#2621=EDGE_LOOP('',(#2622,#2623,#2624,#2625)) ;
#2628=EDGE_LOOP('',(#2629,#2630,#2631,#2632)) ;
#2650=EDGE_LOOP('',(#2651,#2652,#2653,#2654)) ;
#2657=EDGE_LOOP('',(#2658,#2659,#2660,#2661)) ;
#2693=EDGE_LOOP('',(#2694,#2695,#2696,#2697,#2698,#2699,#2700,#2701,#2702,#2703)) ;
#2711=EDGE_LOOP('',(#2712,#2713,#2714,#2715,#2716,#2717,#2718)) ;
#2726=EDGE_LOOP('',(#2727,#2728,#2729,#2730,#2731,#2732,#2733)) ;
#108=FACE_OUTER_BOUND('',#103,.T.) ;
#139=FACE_OUTER_BOUND('',#134,.T.) ;
#174=FACE_OUTER_BOUND('',#169,.T.) ;
#205=FACE_OUTER_BOUND('',#200,.T.) ;
#325=FACE_OUTER_BOUND('',#310,.T.) ;
#889=FACE_OUTER_BOUND('',#882,.T.) ;
#961=FACE_OUTER_BOUND('',#950,.T.) ;
#978=FACE_OUTER_BOUND('',#973,.T.) ;
#1081=FACE_OUTER_BOUND('',#1076,.T.) ;
#1105=FACE_OUTER_BOUND('',#1100,.T.) ;
#1129=FACE_OUTER_BOUND('',#1124,.T.) ;
#1148=FACE_OUTER_BOUND('',#1143,.T.) ;
#1172=FACE_OUTER_BOUND('',#1167,.T.) ;
#1196=FACE_OUTER_BOUND('',#1191,.T.) ;
#1220=FACE_OUTER_BOUND('',#1215,.T.) ;
#1244=FACE_OUTER_BOUND('',#1239,.T.) ;
#1268=FACE_OUTER_BOUND('',#1263,.T.) ;
#1287=FACE_OUTER_BOUND('',#1282,.T.) ;
#1306=FACE_OUTER_BOUND('',#1301,.T.) ;
#1330=FACE_OUTER_BOUND('',#1325,.T.) ;
#1354=FACE_OUTER_BOUND('',#1349,.T.) ;
#1371=FACE_OUTER_BOUND('',#1366,.T.) ;
#1390=FACE_OUTER_BOUND('',#1383,.T.) ;
#1421=FACE_OUTER_BOUND('',#1416,.T.) ;
#1452=FACE_OUTER_BOUND('',#1447,.T.) ;
#1476=FACE_OUTER_BOUND('',#1471,.T.) ;
#1500=FACE_OUTER_BOUND('',#1495,.T.) ;
#1517=FACE_OUTER_BOUND('',#1512,.T.) ;
#1548=FACE_OUTER_BOUND('',#1543,.T.) ;
#1572=FACE_OUTER_BOUND('',#1567,.T.) ;
#1596=FACE_OUTER_BOUND('',#1591,.T.) ;
#1613=FACE_OUTER_BOUND('',#1608,.T.) ;
#1644=FACE_OUTER_BOUND('',#1639,.T.) ;
#1668=FACE_OUTER_BOUND('',#1663,.T.) ;
#1692=FACE_OUTER_BOUND('',#1687,.T.) ;
#1709=FACE_OUTER_BOUND('',#1704,.T.) ;
#1740=FACE_OUTER_BOUND('',#1735,.T.) ;
#1764=FACE_OUTER_BOUND('',#1759,.T.) ;
#1783=FACE_OUTER_BOUND('',#1778,.T.) ;
#1800=FACE_OUTER_BOUND('',#1795,.T.) ;
#1831=FACE_OUTER_BOUND('',#1826,.T.) ;
#1855=FACE_OUTER_BOUND('',#1850,.T.) ;
#1879=FACE_OUTER_BOUND('',#1874,.T.) ;
#1896=FACE_OUTER_BOUND('',#1891,.T.) ;
#1927=FACE_OUTER_BOUND('',#1922,.T.) ;
#2023=FACE_OUTER_BOUND('',#2018,.T.) ;
#2047=FACE_OUTER_BOUND('',#2042,.T.) ;
#2136=FACE_OUTER_BOUND('',#2131,.T.) ;
#2167=FACE_OUTER_BOUND('',#2162,.T.) ;
#2191=FACE_OUTER_BOUND('',#2186,.T.) ;
#2215=FACE_OUTER_BOUND('',#2210,.T.) ;
#2232=FACE_OUTER_BOUND('',#2227,.T.) ;
#2244=FACE_OUTER_BOUND('',#2239,.T.) ;
#2261=FACE_OUTER_BOUND('',#2256,.T.) ;
#2340=FACE_OUTER_BOUND('',#2335,.T.) ;
#2362=FACE_OUTER_BOUND('',#2357,.T.) ;
#2374=FACE_OUTER_BOUND('',#2369,.T.) ;
#2396=FACE_OUTER_BOUND('',#2391,.T.) ;
#2408=FACE_OUTER_BOUND('',#2403,.T.) ;
#2430=FACE_OUTER_BOUND('',#2425,.T.) ;
#2442=FACE_OUTER_BOUND('',#2437,.T.) ;
#2464=FACE_OUTER_BOUND('',#2459,.T.) ;
#2476=FACE_OUTER_BOUND('',#2471,.T.) ;
#2498=FACE_OUTER_BOUND('',#2483,.T.) ;
#2546=FACE_OUTER_BOUND('',#2541,.T.) ;
#2568=FACE_OUTER_BOUND('',#2563,.T.) ;
#2575=FACE_OUTER_BOUND('',#2570,.T.) ;
#2597=FACE_OUTER_BOUND('',#2592,.T.) ;
#2604=FACE_OUTER_BOUND('',#2599,.T.) ;
#2626=FACE_OUTER_BOUND('',#2621,.T.) ;
#2633=FACE_OUTER_BOUND('',#2628,.T.) ;
#2655=FACE_OUTER_BOUND('',#2650,.T.) ;
#2662=FACE_OUTER_BOUND('',#2657,.T.) ;
#2704=FACE_OUTER_BOUND('',#2693,.T.) ;
#2719=FACE_OUTER_BOUND('',#2711,.T.) ;
#2734=FACE_OUTER_BOUND('',#2726,.T.) ;
#49=UNCERTAINTY_MEASURE_WITH_UNIT(LENGTH_MEASURE(0.005),#46,'distance_accuracy_value','CONFUSED CURVE UNCERTAINTY') ;
#51=UNCERTAINTY_MEASURE_WITH_UNIT(LENGTH_MEASURE(0.005),#46,'distance_accuracy_value','CONFUSED CURVE UNCERTAINTY') ;
#59=UNCERTAINTY_MEASURE_WITH_UNIT(LENGTH_MEASURE(0.005),#46,'distance_accuracy_value','CONFUSED CURVE UNCERTAINTY') ;
#78=LINE('Line',#75,#77) ;
#87=LINE('Line',#84,#86) ;
#94=LINE('Line',#91,#93) ;
#101=LINE('Line',#98,#100) ;
#118=LINE('Line',#115,#117) ;
#125=LINE('Line',#122,#124) ;
#132=LINE('Line',#129,#131) ;
#144=LINE('Line',#141,#143) ;
#153=LINE('Line',#150,#152) ;
#160=LINE('Line',#157,#159) ;
#167=LINE('Line',#164,#166) ;
#184=LINE('Line',#181,#183) ;
#191=LINE('Line',#188,#190) ;
#198=LINE('Line',#195,#197) ;
#215=LINE('Line',#212,#214) ;
#224=LINE('Line',#221,#223) ;
#238=LINE('Line',#235,#237) ;
#252=LINE('Line',#249,#251) ;
#266=LINE('Line',#263,#265) ;
#280=LINE('Line',#277,#279) ;
#287=LINE('Line',#284,#286) ;
#301=LINE('Line',#298,#300) ;
#329=LINE('Line',#326,#328) ;
#336=LINE('Line',#333,#335) ;
#343=LINE('Line',#340,#342) ;
#350=LINE('Line',#347,#349) ;
#357=LINE('Line',#354,#356) ;
#364=LINE('Line',#361,#363) ;
#371=LINE('Line',#368,#370) ;
#378=LINE('Line',#375,#377) ;
#385=LINE('Line',#382,#384) ;
#390=LINE('Line',#387,#389) ;
#438=LINE('Line',#435,#437) ;
#470=LINE('Line',#467,#469) ;
#508=LINE('Line',#505,#507) ;
#540=LINE('Line',#537,#539) ;
#578=LINE('Line',#575,#577) ;
#610=LINE('Line',#607,#609) ;
#648=LINE('Line',#645,#647) ;
#655=LINE('Line',#652,#654) ;
#662=LINE('Line',#659,#661) ;
#700=LINE('Line',#697,#699) ;
#732=LINE('Line',#729,#731) ;
#743=LINE('Line',#740,#742) ;
#752=LINE('Line',#749,#751) ;
#759=LINE('Line',#756,#758) ;
#766=LINE('Line',#763,#765) ;
#807=LINE('Line',#804,#806) ;
#842=LINE('Line',#839,#841) ;
#859=LINE('Line',#856,#858) ;
#866=LINE('Line',#863,#865) ;
#873=LINE('Line',#870,#872) ;
#880=LINE('Line',#877,#879) ;
#899=LINE('Line',#896,#898) ;
#906=LINE('Line',#903,#905) ;
#913=LINE('Line',#910,#912) ;
#920=LINE('Line',#917,#919) ;
#927=LINE('Line',#924,#926) ;
#934=LINE('Line',#931,#933) ;
#941=LINE('Line',#938,#940) ;
#948=LINE('Line',#945,#947) ;
#971=LINE('Line',#968,#970) ;
#1060=LINE('Line',#1057,#1059) ;
#1069=LINE('Line',#1066,#1068) ;
#1074=LINE('Line',#1071,#1073) ;
#1091=LINE('Line',#1088,#1090) ;
#1098=LINE('Line',#1095,#1097) ;
#1122=LINE('Line',#1119,#1121) ;
#1134=LINE('Line',#1131,#1133) ;
#1141=LINE('Line',#1138,#1140) ;
#1165=LINE('Line',#1162,#1164) ;
#1182=LINE('Line',#1179,#1181) ;
#1189=LINE('Line',#1186,#1188) ;
#1213=LINE('Line',#1210,#1212) ;
#1230=LINE('Line',#1227,#1229) ;
#1237=LINE('Line',#1234,#1236) ;
#1261=LINE('Line',#1258,#1260) ;
#1273=LINE('Line',#1270,#1272) ;
#1280=LINE('Line',#1277,#1279) ;
#1292=LINE('Line',#1289,#1291) ;
#1299=LINE('Line',#1296,#1298) ;
#1323=LINE('Line',#1320,#1322) ;
#1340=LINE('Line',#1337,#1339) ;
#1347=LINE('Line',#1344,#1346) ;
#1376=LINE('Line',#1373,#1375) ;
#1381=LINE('Line',#1378,#1380) ;
#1400=LINE('Line',#1397,#1399) ;
#1407=LINE('Line',#1404,#1406) ;
#1414=LINE('Line',#1411,#1413) ;
#1431=LINE('Line',#1428,#1430) ;
#1445=LINE('Line',#1442,#1444) ;
#1462=LINE('Line',#1459,#1461) ;
#1469=LINE('Line',#1466,#1468) ;
#1493=LINE('Line',#1490,#1492) ;
#1510=LINE('Line',#1507,#1509) ;
#1527=LINE('Line',#1524,#1526) ;
#1541=LINE('Line',#1538,#1540) ;
#1558=LINE('Line',#1555,#1557) ;
#1565=LINE('Line',#1562,#1564) ;
#1589=LINE('Line',#1586,#1588) ;
#1606=LINE('Line',#1603,#1605) ;
#1623=LINE('Line',#1620,#1622) ;
#1637=LINE('Line',#1634,#1636) ;
#1654=LINE('Line',#1651,#1653) ;
#1661=LINE('Line',#1658,#1660) ;
#1685=LINE('Line',#1682,#1684) ;
#1702=LINE('Line',#1699,#1701) ;
#1719=LINE('Line',#1716,#1718) ;
#1733=LINE('Line',#1730,#1732) ;
#1750=LINE('Line',#1747,#1749) ;
#1757=LINE('Line',#1754,#1756) ;
#1769=LINE('Line',#1766,#1768) ;
#1776=LINE('Line',#1773,#1775) ;
#1793=LINE('Line',#1790,#1792) ;
#1810=LINE('Line',#1807,#1809) ;
#1824=LINE('Line',#1821,#1823) ;
#1841=LINE('Line',#1838,#1840) ;
#1848=LINE('Line',#1845,#1847) ;
#1872=LINE('Line',#1869,#1871) ;
#1889=LINE('Line',#1886,#1888) ;
#1906=LINE('Line',#1903,#1905) ;
#1913=LINE('Line',#1910,#1912) ;
#1920=LINE('Line',#1917,#1919) ;
#2009=LINE('Line',#2006,#2008) ;
#2016=LINE('Line',#2013,#2015) ;
#2033=LINE('Line',#2030,#2032) ;
#2040=LINE('Line',#2037,#2039) ;
#2129=LINE('Line',#2126,#2128) ;
#2146=LINE('Line',#2143,#2145) ;
#2160=LINE('Line',#2157,#2159) ;
#2177=LINE('Line',#2174,#2176) ;
#2184=LINE('Line',#2181,#2183) ;
#2208=LINE('Line',#2205,#2207) ;
#2225=LINE('Line',#2222,#2224) ;
#2237=LINE('Line',#2234,#2236) ;
#2254=LINE('Line',#2251,#2253) ;
#2350=LINE('Line',#2347,#2349) ;
#2355=LINE('Line',#2352,#2354) ;
#2384=LINE('Line',#2381,#2383) ;
#2389=LINE('Line',#2386,#2388) ;
#2418=LINE('Line',#2415,#2417) ;
#2423=LINE('Line',#2420,#2422) ;
#2452=LINE('Line',#2449,#2451) ;
#2457=LINE('Line',#2454,#2456) ;
#2556=LINE('Line',#2553,#2555) ;
#2561=LINE('Line',#2558,#2560) ;
#2585=LINE('Line',#2582,#2584) ;
#2590=LINE('Line',#2587,#2589) ;
#2614=LINE('Line',#2611,#2613) ;
#2619=LINE('Line',#2616,#2618) ;
#2643=LINE('Line',#2640,#2642) ;
#2648=LINE('Line',#2645,#2647) ;
#2672=LINE('Line',#2669,#2671) ;
#2679=LINE('Line',#2676,#2678) ;
#2684=LINE('Line',#2681,#2683) ;
#2691=LINE('Line',#2688,#2690) ;
#2=MECHANICAL_CONTEXT(' ',#1,'mechanical') ;
#2739=NEXT_ASSEMBLY_USAGE_OCCURRENCE('Part11.1','Part11.1','',#57,#65,'Part11.1') ;
#2752=NEXT_ASSEMBLY_USAGE_OCCURRENCE('Product2.3','Product2.3','',#17,#57,'Product2.3') ;
#27=PERSONAL_ADDRESS(' ',' ',' ',' ',' ',' ',' ',' ',' ',' ',' ',' ',(#25),' ') ;
#74=PLANE('',#73) ;
#114=PLANE('',#113) ;
#180=PLANE('',#179) ;
#211=PLANE('',#210) ;
#855=PLANE('',#854) ;
#895=PLANE('',#894) ;
#967=PLANE('',#966) ;
#1056=PLANE('',#1055) ;
#1087=PLANE('',#1086) ;
#1178=PLANE('',#1177) ;
#1226=PLANE('',#1225) ;
#1336=PLANE('',#1335) ;
#1396=PLANE('',#1395) ;
#1458=PLANE('',#1457) ;
#1506=PLANE('',#1505) ;
#1554=PLANE('',#1553) ;
#1602=PLANE('',#1601) ;
#1650=PLANE('',#1649) ;
#1698=PLANE('',#1697) ;
#1746=PLANE('',#1745) ;
#1789=PLANE('',#1788) ;
#1837=PLANE('',#1836) ;
#1885=PLANE('',#1884) ;
#1902=PLANE('',#1901) ;
#2005=PLANE('',#2004) ;
#2029=PLANE('',#2028) ;
#2125=PLANE('',#2124) ;
#2173=PLANE('',#2172) ;
#2221=PLANE('',#2220) ;
#2250=PLANE('',#2249) ;
#2482=PLANE('',#2481) ;
#2540=PLANE('',#2539) ;
#2668=PLANE('',#2667) ;
#2710=PLANE('',#2709) ;
#2725=PLANE('',#2724) ;
#7=PRODUCT_CATEGORY('part',$) ;
#14=PRODUCT_CATEGORY('part',$) ;
#9=PRODUCT_CATEGORY_RELATIONSHIP(' ',' ',#7,#8) ;
#16=PRODUCT_CATEGORY_RELATIONSHIP(' ',' ',#14,#15) ;
#6=PRODUCT_DEFINITION_FORMATION_WITH_SPECIFIED_SOURCE('',' ',#5,.NOT_KNOWN.) ;
#56=PRODUCT_DEFINITION_FORMATION_WITH_SPECIFIED_SOURCE('',' ',#55,.NOT_KNOWN.) ;
#64=PRODUCT_DEFINITION_FORMATION_WITH_SPECIFIED_SOURCE('',' ',#63,.NOT_KNOWN.) ;
#65=PRODUCT_DEFINITION_WITH_ASSOCIATED_DOCUMENTS('',' ',#64,#3,(#67)) ;
#8=PRODUCT_RELATED_PRODUCT_CATEGORY('detail',$,(#63)) ;
#15=PRODUCT_RELATED_PRODUCT_CATEGORY('part',$,(#5,#55)) ;
#43=SHAPE_DEFINITION_REPRESENTATION(#45,#44) ;
#54=SHAPE_DEFINITION_REPRESENTATION(#58,#53) ;
#62=SHAPE_DEFINITION_REPRESENTATION(#68,#61) ;
#80=VERTEX_POINT('',#79) ;
#82=VERTEX_POINT('',#81) ;
#89=VERTEX_POINT('',#88) ;
#96=VERTEX_POINT('',#95) ;
#120=VERTEX_POINT('',#119) ;
#127=VERTEX_POINT('',#126) ;
#146=VERTEX_POINT('',#145) ;
#148=VERTEX_POINT('',#147) ;
#155=VERTEX_POINT('',#154) ;
#162=VERTEX_POINT('',#161) ;
#186=VERTEX_POINT('',#185) ;
#193=VERTEX_POINT('',#192) ;
#217=VERTEX_POINT('',#216) ;
#219=VERTEX_POINT('',#218) ;
#226=VERTEX_POINT('',#225) ;
#233=VERTEX_POINT('',#232) ;
#240=VERTEX_POINT('',#239) ;
#247=VERTEX_POINT('',#246) ;
#254=VERTEX_POINT('',#253) ;
#261=VERTEX_POINT('',#260) ;
#268=VERTEX_POINT('',#267) ;
#275=VERTEX_POINT('',#274) ;
#282=VERTEX_POINT('',#281) ;
#289=VERTEX_POINT('',#288) ;
#296=VERTEX_POINT('',#295) ;
#303=VERTEX_POINT('',#302) ;
#331=VERTEX_POINT('',#330) ;
#338=VERTEX_POINT('',#337) ;
#345=VERTEX_POINT('',#344) ;
#352=VERTEX_POINT('',#351) ;
#359=VERTEX_POINT('',#358) ;
#366=VERTEX_POINT('',#365) ;
#373=VERTEX_POINT('',#372) ;
#380=VERTEX_POINT('',#379) ;
#431=VERTEX_POINT('',#430) ;
#433=VERTEX_POINT('',#432) ;
#440=VERTEX_POINT('',#439) ;
#465=VERTEX_POINT('',#464) ;
#501=VERTEX_POINT('',#500) ;
#503=VERTEX_POINT('',#502) ;
#510=VERTEX_POINT('',#509) ;
#535=VERTEX_POINT('',#534) ;
#571=VERTEX_POINT('',#570) ;
#573=VERTEX_POINT('',#572) ;
#580=VERTEX_POINT('',#579) ;
#605=VERTEX_POINT('',#604) ;
#641=VERTEX_POINT('',#640) ;
#643=VERTEX_POINT('',#642) ;
#650=VERTEX_POINT('',#649) ;
#657=VERTEX_POINT('',#656) ;
#693=VERTEX_POINT('',#692) ;
#695=VERTEX_POINT('',#694) ;
#702=VERTEX_POINT('',#701) ;
#727=VERTEX_POINT('',#726) ;
#745=VERTEX_POINT('',#744) ;
#747=VERTEX_POINT('',#746) ;
#754=VERTEX_POINT('',#753) ;
#761=VERTEX_POINT('',#760) ;
#800=VERTEX_POINT('',#799) ;
#802=VERTEX_POINT('',#801) ;
#809=VERTEX_POINT('',#808) ;
#837=VERTEX_POINT('',#836) ;
#861=VERTEX_POINT('',#860) ;
#868=VERTEX_POINT('',#867) ;
#875=VERTEX_POINT('',#874) ;
#901=VERTEX_POINT('',#900) ;
#908=VERTEX_POINT('',#907) ;
#915=VERTEX_POINT('',#914) ;
#922=VERTEX_POINT('',#921) ;
#929=VERTEX_POINT('',#928) ;
#936=VERTEX_POINT('',#935) ;
#943=VERTEX_POINT('',#942) ;
#984=VERTEX_POINT('',#983) ;
#986=VERTEX_POINT('',#985) ;
#1002=VERTEX_POINT('',#1001) ;
#1004=VERTEX_POINT('',#1003) ;
#1020=VERTEX_POINT('',#1019) ;
#1022=VERTEX_POINT('',#1021) ;
#1038=VERTEX_POINT('',#1037) ;
#1040=VERTEX_POINT('',#1039) ;
#1062=VERTEX_POINT('',#1061) ;
#1064=VERTEX_POINT('',#1063) ;
#1093=VERTEX_POINT('',#1092) ;
#1117=VERTEX_POINT('',#1116) ;
#1136=VERTEX_POINT('',#1135) ;
#1160=VERTEX_POINT('',#1159) ;
#1184=VERTEX_POINT('',#1183) ;
#1208=VERTEX_POINT('',#1207) ;
#1232=VERTEX_POINT('',#1231) ;
#1256=VERTEX_POINT('',#1255) ;
#1275=VERTEX_POINT('',#1274) ;
#1294=VERTEX_POINT('',#1293) ;
#1318=VERTEX_POINT('',#1317) ;
#1342=VERTEX_POINT('',#1341) ;
#1402=VERTEX_POINT('',#1401) ;
#1409=VERTEX_POINT('',#1408) ;
#1433=VERTEX_POINT('',#1432) ;
#1440=VERTEX_POINT('',#1439) ;
#1464=VERTEX_POINT('',#1463) ;
#1488=VERTEX_POINT('',#1487) ;
#1529=VERTEX_POINT('',#1528) ;
#1536=VERTEX_POINT('',#1535) ;
#1560=VERTEX_POINT('',#1559) ;
#1584=VERTEX_POINT('',#1583) ;
#1625=VERTEX_POINT('',#1624) ;
#1632=VERTEX_POINT('',#1631) ;
#1656=VERTEX_POINT('',#1655) ;
#1680=VERTEX_POINT('',#1679) ;
#1721=VERTEX_POINT('',#1720) ;
#1728=VERTEX_POINT('',#1727) ;
#1752=VERTEX_POINT('',#1751) ;
#1771=VERTEX_POINT('',#1770) ;
#1812=VERTEX_POINT('',#1811) ;
#1819=VERTEX_POINT('',#1818) ;
#1843=VERTEX_POINT('',#1842) ;
#1867=VERTEX_POINT('',#1866) ;
#1908=VERTEX_POINT('',#1907) ;
#1915=VERTEX_POINT('',#1914) ;
#1933=VERTEX_POINT('',#1932) ;
#1935=VERTEX_POINT('',#1934) ;
#1951=VERTEX_POINT('',#1950) ;
#1953=VERTEX_POINT('',#1952) ;
#1969=VERTEX_POINT('',#1968) ;
#1971=VERTEX_POINT('',#1970) ;
#1987=VERTEX_POINT('',#1986) ;
#1989=VERTEX_POINT('',#1988) ;
#2011=VERTEX_POINT('',#2010) ;
#2035=VERTEX_POINT('',#2034) ;
#2053=VERTEX_POINT('',#2052) ;
#2055=VERTEX_POINT('',#2054) ;
#2071=VERTEX_POINT('',#2070) ;
#2073=VERTEX_POINT('',#2072) ;
#2089=VERTEX_POINT('',#2088) ;
#2091=VERTEX_POINT('',#2090) ;
#2107=VERTEX_POINT('',#2106) ;
#2109=VERTEX_POINT('',#2108) ;
#2148=VERTEX_POINT('',#2147) ;
#2155=VERTEX_POINT('',#2154) ;
#2179=VERTEX_POINT('',#2178) ;
#2203=VERTEX_POINT('',#2202) ;
#2267=VERTEX_POINT('',#2266) ;
#2269=VERTEX_POINT('',#2268) ;
#2285=VERTEX_POINT('',#2284) ;
#2287=VERTEX_POINT('',#2286) ;
#2303=VERTEX_POINT('',#2302) ;
#2305=VERTEX_POINT('',#2304) ;
#2321=VERTEX_POINT('',#2320) ;
#2323=VERTEX_POINT('',#2322) ;
#2674=VERTEX_POINT('',#2673) ;
#2686=VERTEX_POINT('',#2685) ;
#46=(LENGTH_UNIT()NAMED_UNIT(*)SI_UNIT(.MILLI.,.METRE.)) ;
#47=(NAMED_UNIT(*)PLANE_ANGLE_UNIT()SI_UNIT($,.RADIAN.)) ;
#48=(NAMED_UNIT(*)SI_UNIT($,.STERADIAN.)SOLID_ANGLE_UNIT()) ;
#50=(GEOMETRIC_REPRESENTATION_CONTEXT(3)GLOBAL_UNCERTAINTY_ASSIGNED_CONTEXT((#49))GLOBAL_UNIT_ASSIGNED_CONTEXT((#46,#47,#48))REPRESENTATION_CONTEXT(' ',' ')) ;
#52=(GEOMETRIC_REPRESENTATION_CONTEXT(3)GLOBAL_UNCERTAINTY_ASSIGNED_CONTEXT((#51))GLOBAL_UNIT_ASSIGNED_CONTEXT((#46,#47,#48))REPRESENTATION_CONTEXT(' ',' ')) ;
#60=(GEOMETRIC_REPRESENTATION_CONTEXT(3)GLOBAL_UNCERTAINTY_ASSIGNED_CONTEXT((#59))GLOBAL_UNIT_ASSIGNED_CONTEXT((#46,#47,#48))REPRESENTATION_CONTEXT(' ',' ')) ;
#2742=(REPRESENTATION_RELATIONSHIP(' ',' ',#61,#53)REPRESENTATION_RELATIONSHIP_WITH_TRANSFORMATION(#2743)SHAPE_REPRESENTATION_RELATIONSHIP()) ;
#2755=(REPRESENTATION_RELATIONSHIP(' ',' ',#53,#44)REPRESENTATION_RELATIONSHIP_WITH_TRANSFORMATION(#2756)SHAPE_REPRESENTATION_RELATIONSHIP()) ;
ENDSEC;
END-ISO-10303-21;
