ISO-10303-21;
HEADER;
FILE_DESCRIPTION(('CATIA V5 STEP Exchange','CAx-IF Rec.Pracs.--- Composite Materials ---3.4---2017-06-13'),'2;1');

FILE_NAME('C:\\Users\\PH\\Desktop\\\X2\75358D5B\X0\\\\X2\644450CF5934987652A05F3A\X0\.stp','2026-07-30T20:05:38+00:00',('none'),('none'),'CATIA Version 5-6 Release 2021 SP7','CATIA V5 STEP AP203 v2','none');

FILE_SCHEMA(('CONFIG_CONTROL_DESIGN'));

ENDSEC;
DATA;
#5=PRODUCT('Product14','','',(#2)) ;
#55=PRODUCT('Part3','','',(#2)) ;
#1=APPLICATION_CONTEXT('configuration controlled 3D design of mechanical parts and assemblies') ;
#17=PRODUCT_DEFINITION('',' ',#6,#3) ;
#19=SECURITY_CLASSIFICATION(' ',' ',#18) ;
#18=SECURITY_CLASSIFICATION_LEVEL('unclassified') ;
#62=CARTESIAN_POINT('Axis2P3D Location',(572.100046396,764.010427888,382.)) ;
#67=CARTESIAN_POINT('Line Origine',(570.600046396,764.010427888,382.)) ;
#71=CARTESIAN_POINT('Vertex',(570.600046396,764.010427888,384.)) ;
#73=CARTESIAN_POINT('Vertex',(570.600046396,764.010427888,380.)) ;
#76=CARTESIAN_POINT('Axis2P3D Location',(572.100046396,764.010427888,384.)) ;
#80=CARTESIAN_POINT('Vertex',(573.600046396,764.010427888,384.)) ;
#83=CARTESIAN_POINT('Line Origine',(573.600046396,764.010427888,382.)) ;
#87=CARTESIAN_POINT('Vertex',(573.600046396,764.010427888,380.)) ;
#90=CARTESIAN_POINT('Axis2P3D Location',(572.100046396,764.010427888,380.)) ;
#102=CARTESIAN_POINT('Axis2P3D Location',(587.100046396,763.560022137,382.)) ;
#107=CARTESIAN_POINT('Line Origine',(585.600046396,763.560022137,382.)) ;
#111=CARTESIAN_POINT('Vertex',(585.600046396,763.560022137,384.)) ;
#113=CARTESIAN_POINT('Vertex',(585.600046396,763.560022137,380.)) ;
#116=CARTESIAN_POINT('Axis2P3D Location',(587.100046396,763.560022137,384.)) ;
#120=CARTESIAN_POINT('Vertex',(588.600046396,763.560022137,384.)) ;
#123=CARTESIAN_POINT('Line Origine',(588.600046396,763.560022137,382.)) ;
#127=CARTESIAN_POINT('Vertex',(588.600046396,763.560022137,380.)) ;
#130=CARTESIAN_POINT('Axis2P3D Location',(587.100046396,763.560022137,380.)) ;
#142=CARTESIAN_POINT('Axis2P3D Location',(606.873020898,760.562372091,382.)) ;
#147=CARTESIAN_POINT('Line Origine',(608.623020898,760.562372091,382.)) ;
#151=CARTESIAN_POINT('Vertex',(608.623020898,760.562372091,384.)) ;
#153=CARTESIAN_POINT('Vertex',(608.623020898,760.562372091,380.)) ;
#156=CARTESIAN_POINT('Axis2P3D Location',(606.873020898,760.562372091,384.)) ;
#160=CARTESIAN_POINT('Vertex',(605.123020898,760.562372091,384.)) ;
#163=CARTESIAN_POINT('Line Origine',(605.123020898,760.562372091,382.)) ;
#167=CARTESIAN_POINT('Vertex',(605.123020898,760.562372091,380.)) ;
#170=CARTESIAN_POINT('Axis2P3D Location',(606.873020898,760.562372091,380.)) ;
#182=CARTESIAN_POINT('Axis2P3D Location',(606.873020898,760.562372091,384.)) ;
#187=CARTESIAN_POINT('Axis2P3D Location',(606.873020898,760.562372091,380.)) ;
#199=CARTESIAN_POINT('Axis2P3D Location',(-2.13162820728E-15,-2.84217094304E-15,384.)) ;
#204=CARTESIAN_POINT('Line Origine',(610.675493843,793.950476654,384.)) ;
#208=CARTESIAN_POINT('Vertex',(610.675493843,758.900953309,384.)) ;
#210=CARTESIAN_POINT('Vertex',(610.675493843,829.,384.)) ;
#213=CARTESIAN_POINT('Axis2P3D Location',(609.675493843,829.,384.)) ;
#217=CARTESIAN_POINT('Vertex',(609.675493843,830.,384.)) ;
#220=CARTESIAN_POINT('Line Origine',(604.939530919,830.,384.)) ;
#224=CARTESIAN_POINT('Vertex',(600.203567995,830.,384.)) ;
#227=CARTESIAN_POINT('Line Origine',(600.203567995,829.981730577,384.)) ;
#231=CARTESIAN_POINT('Vertex',(600.203567995,829.963461153,384.)) ;
#235=CARTESIAN_POINT('Control Point',(599.599648185,830.,384.)) ;
#236=CARTESIAN_POINT('Control Point',(599.720717231,830.,384.)) ;
#237=CARTESIAN_POINT('Control Point',(599.841794983,829.996346118,384.)) ;
#238=CARTESIAN_POINT('Control Point',(599.962729494,829.989032988,384.)) ;
#239=CARTESIAN_POINT('Control Point',(600.083370066,829.97806612,384.)) ;
#240=CARTESIAN_POINT('Control Point',(600.203567995,829.963461153,384.)) ;
#241=CARTESIAN_POINT('Vertex',(599.599648185,830.,384.)) ;
#245=CARTESIAN_POINT('Control Point',(559.599648185,830.,384.)) ;
#246=CARTESIAN_POINT('Control Point',(567.599648185,830.,384.)) ;
#247=CARTESIAN_POINT('Control Point',(575.599648185,830.,384.)) ;
#248=CARTESIAN_POINT('Control Point',(583.599648185,830.,384.)) ;
#249=CARTESIAN_POINT('Control Point',(591.599648185,830.,384.)) ;
#250=CARTESIAN_POINT('Control Point',(599.599648185,830.,384.)) ;
#251=CARTESIAN_POINT('Vertex',(559.599648185,830.,384.)) ;
#255=CARTESIAN_POINT('Control Point',(559.177427581,829.982178946,384.)) ;
#256=CARTESIAN_POINT('Control Point',(559.261674252,829.989305924,384.)) ;
#257=CARTESIAN_POINT('Control Point',(559.346070861,829.994653496,384.)) ;
#258=CARTESIAN_POINT('Control Point',(559.430566392,829.998218441,384.)) ;
#259=CARTESIAN_POINT('Control Point',(559.515109411,830.,384.)) ;
#260=CARTESIAN_POINT('Control Point',(559.599648185,830.,384.)) ;
#261=CARTESIAN_POINT('Vertex',(559.177427581,829.982178946,384.)) ;
#264=CARTESIAN_POINT('Line Origine',(559.177427581,829.991089473,384.)) ;
#268=CARTESIAN_POINT('Vertex',(559.177427581,830.,384.)) ;
#271=CARTESIAN_POINT('Line Origine',(554.145045168,830.,384.)) ;
#275=CARTESIAN_POINT('Vertex',(549.112662754,830.,384.)) ;
#278=CARTESIAN_POINT('Axis2P3D Location',(549.112662754,829.,384.)) ;
#282=CARTESIAN_POINT('Vertex',(548.112662754,829.,384.)) ;
#285=CARTESIAN_POINT('Line Origine',(548.112662754,793.950476654,384.)) ;
#289=CARTESIAN_POINT('Vertex',(548.112662754,758.900953309,384.)) ;
#292=CARTESIAN_POINT('Axis2P3D Location',(549.112662754,758.900953309,384.)) ;
#296=CARTESIAN_POINT('Vertex',(549.112662754,757.900953309,384.)) ;
#299=CARTESIAN_POINT('Line Origine',(554.145045168,757.900953309,384.)) ;
#303=CARTESIAN_POINT('Vertex',(559.177427581,757.900953309,384.)) ;
#306=CARTESIAN_POINT('Line Origine',(559.177427581,757.909863836,384.)) ;
#310=CARTESIAN_POINT('Vertex',(559.177427581,757.918774363,384.)) ;
#314=CARTESIAN_POINT('Control Point',(559.599648185,757.90095331,384.)) ;
#315=CARTESIAN_POINT('Control Point',(559.515109411,757.90095331,384.)) ;
#316=CARTESIAN_POINT('Control Point',(559.430566392,757.902734869,384.)) ;
#317=CARTESIAN_POINT('Control Point',(559.346070861,757.906299813,384.)) ;
#318=CARTESIAN_POINT('Control Point',(559.261674252,757.911647385,384.)) ;
#319=CARTESIAN_POINT('Control Point',(559.177427581,757.918774363,384.)) ;
#320=CARTESIAN_POINT('Vertex',(559.599648185,757.90095331,384.)) ;
#324=CARTESIAN_POINT('Control Point',(599.599648185,757.90095331,384.)) ;
#325=CARTESIAN_POINT('Control Point',(591.599648185,757.90095331,384.)) ;
#326=CARTESIAN_POINT('Control Point',(583.599648185,757.90095331,384.)) ;
#327=CARTESIAN_POINT('Control Point',(575.599648185,757.90095331,384.)) ;
#328=CARTESIAN_POINT('Control Point',(567.599648185,757.90095331,384.)) ;
#329=CARTESIAN_POINT('Control Point',(559.599648185,757.90095331,384.)) ;
#330=CARTESIAN_POINT('Vertex',(599.599648185,757.90095331,384.)) ;
#334=CARTESIAN_POINT('Control Point',(600.203567995,757.937492156,384.)) ;
#335=CARTESIAN_POINT('Control Point',(600.083370066,757.92288719,384.)) ;
#336=CARTESIAN_POINT('Control Point',(599.962729494,757.911920322,384.)) ;
#337=CARTESIAN_POINT('Control Point',(599.841794983,757.904607192,384.)) ;
#338=CARTESIAN_POINT('Control Point',(599.720717231,757.90095331,384.)) ;
#339=CARTESIAN_POINT('Control Point',(599.599648185,757.90095331,384.)) ;
#340=CARTESIAN_POINT('Vertex',(600.203567995,757.937492156,384.)) ;
#343=CARTESIAN_POINT('Line Origine',(600.203567995,757.919222733,384.)) ;
#347=CARTESIAN_POINT('Vertex',(600.203567995,757.900953309,384.)) ;
#350=CARTESIAN_POINT('Line Origine',(604.939530919,757.900953309,384.)) ;
#354=CARTESIAN_POINT('Vertex',(609.675493843,757.900953309,384.)) ;
#357=CARTESIAN_POINT('Axis2P3D Location',(609.675493843,758.900953309,384.)) ;
#385=CARTESIAN_POINT('Control Point',(585.600046396,775.400953309,384.)) ;
#386=CARTESIAN_POINT('Control Point',(585.600046396,774.400953309,384.)) ;
#387=CARTESIAN_POINT('Control Point',(585.600046396,773.400953309,384.)) ;
#388=CARTESIAN_POINT('Control Point',(585.600046396,772.400953309,384.)) ;
#389=CARTESIAN_POINT('Control Point',(585.600046396,771.400953309,384.)) ;
#390=CARTESIAN_POINT('Control Point',(585.600046396,770.400953309,384.)) ;
#391=CARTESIAN_POINT('Vertex',(585.600046396,775.400953309,384.)) ;
#393=CARTESIAN_POINT('Vertex',(585.600046396,770.400953309,384.)) ;
#397=CARTESIAN_POINT('Control Point',(588.600046396,775.400953309,384.)) ;
#398=CARTESIAN_POINT('Control Point',(588.600046396,775.872192207,384.)) ;
#399=CARTESIAN_POINT('Control Point',(588.414991313,776.343431105,384.)) ;
#400=CARTESIAN_POINT('Control Point',(588.042524192,776.715898226,384.)) ;
#401=CARTESIAN_POINT('Control Point',(587.100046396,777.086008392,384.)) ;
#402=CARTESIAN_POINT('Control Point',(586.1575686,776.715898226,384.)) ;
#403=CARTESIAN_POINT('Control Point',(585.785101479,776.343431105,384.)) ;
#404=CARTESIAN_POINT('Control Point',(585.600046396,775.872192207,384.)) ;
#405=CARTESIAN_POINT('Control Point',(585.600046396,775.400953309,384.)) ;
#406=CARTESIAN_POINT('Vertex',(588.600046396,775.400953309,384.)) ;
#410=CARTESIAN_POINT('Control Point',(588.600046396,770.400953309,384.)) ;
#411=CARTESIAN_POINT('Control Point',(588.600046396,771.400953309,384.)) ;
#412=CARTESIAN_POINT('Control Point',(588.600046396,772.400953309,384.)) ;
#413=CARTESIAN_POINT('Control Point',(588.600046396,773.400953309,384.)) ;
#414=CARTESIAN_POINT('Control Point',(588.600046396,774.400953309,384.)) ;
#415=CARTESIAN_POINT('Control Point',(588.600046396,775.400953309,384.)) ;
#416=CARTESIAN_POINT('Vertex',(588.600046396,770.400953309,384.)) ;
#419=CARTESIAN_POINT('Line Origine',(588.600046396,766.980487724,384.)) ;
#424=CARTESIAN_POINT('Line Origine',(585.600046396,766.980487724,384.)) ;
#437=CARTESIAN_POINT('Axis2P3D Location',(564.100046396,797.,384.)) ;
#441=CARTESIAN_POINT('Vertex',(562.500046397,797.,384.)) ;
#443=CARTESIAN_POINT('Vertex',(565.700046396,797.,384.)) ;
#446=CARTESIAN_POINT('Axis2P3D Location',(564.100046396,797.,384.)) ;
#455=CARTESIAN_POINT('Axis2P3D Location',(595.100046396,825.,384.)) ;
#459=CARTESIAN_POINT('Vertex',(593.500046397,825.,384.)) ;
#461=CARTESIAN_POINT('Vertex',(596.700046396,825.,384.)) ;
#464=CARTESIAN_POINT('Axis2P3D Location',(595.100046396,825.,384.)) ;
#473=CARTESIAN_POINT('Axis2P3D Location',(564.100046396,825.,384.)) ;
#477=CARTESIAN_POINT('Vertex',(562.500046397,825.,384.)) ;
#479=CARTESIAN_POINT('Vertex',(565.700046396,825.,384.)) ;
#482=CARTESIAN_POINT('Axis2P3D Location',(564.100046396,825.,384.)) ;
#491=CARTESIAN_POINT('Axis2P3D Location',(579.599648175,809.999999992,384.)) ;
#495=CARTESIAN_POINT('Vertex',(571.099648425,822.359206745,384.)) ;
#497=CARTESIAN_POINT('Vertex',(588.099647925,797.64079324,384.)) ;
#500=CARTESIAN_POINT('Axis2P3D Location',(579.599648175,809.999999992,384.)) ;
#510=CARTESIAN_POINT('Control Point',(582.100046396,770.400953309,384.)) ;
#511=CARTESIAN_POINT('Control Point',(582.100046396,769.400953309,384.)) ;
#512=CARTESIAN_POINT('Control Point',(582.100046396,768.400953309,384.)) ;
#513=CARTESIAN_POINT('Control Point',(582.100046396,767.400953309,384.)) ;
#514=CARTESIAN_POINT('Control Point',(582.100046396,766.400953309,384.)) ;
#515=CARTESIAN_POINT('Control Point',(582.100046396,765.400953309,384.)) ;
#516=CARTESIAN_POINT('Vertex',(582.100046396,770.400953309,384.)) ;
#518=CARTESIAN_POINT('Vertex',(582.100046396,765.400953309,384.)) ;
#522=CARTESIAN_POINT('Control Point',(585.100046396,770.400953309,384.)) ;
#523=CARTESIAN_POINT('Control Point',(585.100046396,770.872192207,384.)) ;
#524=CARTESIAN_POINT('Control Point',(584.914991313,771.343431105,384.)) ;
#525=CARTESIAN_POINT('Control Point',(584.542524192,771.715898226,384.)) ;
#526=CARTESIAN_POINT('Control Point',(583.600046396,772.086008392,384.)) ;
#527=CARTESIAN_POINT('Control Point',(582.6575686,771.715898226,384.)) ;
#528=CARTESIAN_POINT('Control Point',(582.285101479,771.343431105,384.)) ;
#529=CARTESIAN_POINT('Control Point',(582.100046396,770.872192207,384.)) ;
#530=CARTESIAN_POINT('Control Point',(582.100046396,770.400953309,384.)) ;
#531=CARTESIAN_POINT('Vertex',(585.100046396,770.400953309,384.)) ;
#535=CARTESIAN_POINT('Control Point',(585.100046396,765.400953309,384.)) ;
#536=CARTESIAN_POINT('Control Point',(585.100046396,766.400953309,384.)) ;
#537=CARTESIAN_POINT('Control Point',(585.100046396,767.400953309,384.)) ;
#538=CARTESIAN_POINT('Control Point',(585.100046396,768.400953309,384.)) ;
#539=CARTESIAN_POINT('Control Point',(585.100046396,769.400953309,384.)) ;
#540=CARTESIAN_POINT('Control Point',(585.100046396,770.400953309,384.)) ;
#541=CARTESIAN_POINT('Vertex',(585.100046396,765.400953309,384.)) ;
#545=CARTESIAN_POINT('Control Point',(582.100046396,765.400953309,384.)) ;
#546=CARTESIAN_POINT('Control Point',(582.100046396,764.929714411,384.)) ;
#547=CARTESIAN_POINT('Control Point',(582.285101479,764.458475513,384.)) ;
#548=CARTESIAN_POINT('Control Point',(582.6575686,764.086008392,384.)) ;
#549=CARTESIAN_POINT('Control Point',(583.600046396,763.715898226,384.)) ;
#550=CARTESIAN_POINT('Control Point',(584.542524192,764.086008392,384.)) ;
#551=CARTESIAN_POINT('Control Point',(584.914991313,764.458475513,384.)) ;
#552=CARTESIAN_POINT('Control Point',(585.100046396,764.929714411,384.)) ;
#553=CARTESIAN_POINT('Control Point',(585.100046396,765.400953309,384.)) ;
#562=CARTESIAN_POINT('Control Point',(570.600046396,775.400953309,384.)) ;
#563=CARTESIAN_POINT('Control Point',(570.600046396,774.400953309,384.)) ;
#564=CARTESIAN_POINT('Control Point',(570.600046396,773.400953309,384.)) ;
#565=CARTESIAN_POINT('Control Point',(570.600046396,772.400953309,384.)) ;
#566=CARTESIAN_POINT('Control Point',(570.600046396,771.400953309,384.)) ;
#567=CARTESIAN_POINT('Control Point',(570.600046396,770.400953309,384.)) ;
#568=CARTESIAN_POINT('Vertex',(570.600046396,775.400953309,384.)) ;
#570=CARTESIAN_POINT('Vertex',(570.600046396,770.400953309,384.)) ;
#574=CARTESIAN_POINT('Control Point',(573.600046396,775.400953309,384.)) ;
#575=CARTESIAN_POINT('Control Point',(573.600046396,775.872192207,384.)) ;
#576=CARTESIAN_POINT('Control Point',(573.414991313,776.343431105,384.)) ;
#577=CARTESIAN_POINT('Control Point',(573.042524192,776.715898226,384.)) ;
#578=CARTESIAN_POINT('Control Point',(572.100046396,777.086008392,384.)) ;
#579=CARTESIAN_POINT('Control Point',(571.1575686,776.715898226,384.)) ;
#580=CARTESIAN_POINT('Control Point',(570.785101479,776.343431105,384.)) ;
#581=CARTESIAN_POINT('Control Point',(570.600046396,775.872192207,384.)) ;
#582=CARTESIAN_POINT('Control Point',(570.600046396,775.400953309,384.)) ;
#583=CARTESIAN_POINT('Vertex',(573.600046396,775.400953309,384.)) ;
#587=CARTESIAN_POINT('Control Point',(573.600046396,770.400953309,384.)) ;
#588=CARTESIAN_POINT('Control Point',(573.600046396,771.400953309,384.)) ;
#589=CARTESIAN_POINT('Control Point',(573.600046396,772.400953309,384.)) ;
#590=CARTESIAN_POINT('Control Point',(573.600046396,773.400953309,384.)) ;
#591=CARTESIAN_POINT('Control Point',(573.600046396,774.400953309,384.)) ;
#592=CARTESIAN_POINT('Control Point',(573.600046396,775.400953309,384.)) ;
#593=CARTESIAN_POINT('Vertex',(573.600046396,770.400953309,384.)) ;
#596=CARTESIAN_POINT('Line Origine',(573.600046396,767.205690598,384.)) ;
#601=CARTESIAN_POINT('Line Origine',(570.600046396,767.205690598,384.)) ;
#615=CARTESIAN_POINT('Control Point',(574.100136949,765.417435098,384.)) ;
#616=CARTESIAN_POINT('Control Point',(574.094959042,764.946224648,384.)) ;
#617=CARTESIAN_POINT('Control Point',(574.274825046,764.472980839,384.)) ;
#618=CARTESIAN_POINT('Control Point',(574.643177066,764.096443586,384.)) ;
#619=CARTESIAN_POINT('Control Point',(575.581531248,763.71599995,384.)) ;
#620=CARTESIAN_POINT('Control Point',(576.528018866,764.075731959,384.)) ;
#621=CARTESIAN_POINT('Control Point',(576.904556119,764.444083979,384.)) ;
#622=CARTESIAN_POINT('Control Point',(577.094777937,764.91326107,384.)) ;
#623=CARTESIAN_POINT('Control Point',(577.099955843,765.38447152,384.)) ;
#624=CARTESIAN_POINT('Vertex',(574.100136949,765.417435098,384.)) ;
#626=CARTESIAN_POINT('Vertex',(577.099955843,765.38447152,384.)) ;
#630=CARTESIAN_POINT('Control Point',(574.155076246,770.417133257,384.)) ;
#631=CARTESIAN_POINT('Control Point',(574.144088386,769.417193625,384.)) ;
#632=CARTESIAN_POINT('Control Point',(574.133100527,768.417253993,384.)) ;
#633=CARTESIAN_POINT('Control Point',(574.122112668,767.417314361,384.)) ;
#634=CARTESIAN_POINT('Control Point',(574.111124808,766.41737473,384.)) ;
#635=CARTESIAN_POINT('Control Point',(574.100136949,765.417435098,384.)) ;
#636=CARTESIAN_POINT('Vertex',(574.155076246,770.417133257,384.)) ;
#640=CARTESIAN_POINT('Control Point',(577.15489514,770.384169679,384.)) ;
#641=CARTESIAN_POINT('Control Point',(577.160073047,770.855380129,384.)) ;
#642=CARTESIAN_POINT('Control Point',(576.980207043,771.328623938,384.)) ;
#643=CARTESIAN_POINT('Control Point',(576.611855023,771.705161191,384.)) ;
#644=CARTESIAN_POINT('Control Point',(575.673500841,772.085604827,384.)) ;
#645=CARTESIAN_POINT('Control Point',(574.727013223,771.725872818,384.)) ;
#646=CARTESIAN_POINT('Control Point',(574.35047597,771.357520798,384.)) ;
#647=CARTESIAN_POINT('Control Point',(574.160254152,770.888343707,384.)) ;
#648=CARTESIAN_POINT('Control Point',(574.155076246,770.417133257,384.)) ;
#649=CARTESIAN_POINT('Vertex',(577.15489514,770.384169679,384.)) ;
#653=CARTESIAN_POINT('Control Point',(577.099955843,765.38447152,384.)) ;
#654=CARTESIAN_POINT('Control Point',(577.110943703,766.384411152,384.)) ;
#655=CARTESIAN_POINT('Control Point',(577.121931562,767.384350784,384.)) ;
#656=CARTESIAN_POINT('Control Point',(577.132919421,768.384290416,384.)) ;
#657=CARTESIAN_POINT('Control Point',(577.143907281,769.384230047,384.)) ;
#658=CARTESIAN_POINT('Control Point',(577.15489514,770.384169679,384.)) ;
#666=CARTESIAN_POINT('Axis2P3D Location',(595.100046396,797.,384.)) ;
#670=CARTESIAN_POINT('Vertex',(593.500046397,797.,384.)) ;
#672=CARTESIAN_POINT('Vertex',(596.700046396,797.,384.)) ;
#675=CARTESIAN_POINT('Axis2P3D Location',(595.100046396,797.,384.)) ;
#684=CARTESIAN_POINT('Line Origine',(555.798220009,794.030173515,384.)) ;
#688=CARTESIAN_POINT('Vertex',(555.798220009,825.214632141,384.)) ;
#690=CARTESIAN_POINT('Vertex',(555.798220009,762.845714889,384.)) ;
#693=CARTESIAN_POINT('Line Origine',(553.05890159,762.845714889,384.)) ;
#697=CARTESIAN_POINT('Vertex',(550.319583171,762.845714889,384.)) ;
#700=CARTESIAN_POINT('Line Origine',(550.319583171,794.030173515,384.)) ;
#704=CARTESIAN_POINT('Vertex',(550.319583171,825.214632141,384.)) ;
#707=CARTESIAN_POINT('Line Origine',(553.05890159,825.214632141,384.)) ;
#718=CARTESIAN_POINT('Line Origine',(608.832583091,794.030173515,384.)) ;
#722=CARTESIAN_POINT('Vertex',(608.832583091,825.214632141,384.)) ;
#724=CARTESIAN_POINT('Vertex',(608.832583091,762.845714889,384.)) ;
#727=CARTESIAN_POINT('Line Origine',(606.200485988,762.845714889,384.)) ;
#731=CARTESIAN_POINT('Vertex',(603.568388885,762.845714889,384.)) ;
#734=CARTESIAN_POINT('Line Origine',(603.568388885,794.030173515,384.)) ;
#738=CARTESIAN_POINT('Vertex',(603.568388885,825.214632141,384.)) ;
#741=CARTESIAN_POINT('Line Origine',(606.200485988,825.214632141,384.)) ;
#756=CARTESIAN_POINT('Axis2P3D Location',(551.063159101,760.865405322,384.)) ;
#760=CARTESIAN_POINT('Vertex',(552.813159101,760.865405322,384.)) ;
#762=CARTESIAN_POINT('Vertex',(549.313159101,760.865405322,384.)) ;
#765=CARTESIAN_POINT('Axis2P3D Location',(551.063159101,760.865405322,384.)) ;
#774=CARTESIAN_POINT('Axis2P3D Location',(550.906473549,827.604747007,384.)) ;
#778=CARTESIAN_POINT('Vertex',(552.656473549,827.604747007,384.)) ;
#780=CARTESIAN_POINT('Vertex',(549.156473549,827.604747007,384.)) ;
#783=CARTESIAN_POINT('Axis2P3D Location',(550.906473549,827.604747007,384.)) ;
#792=CARTESIAN_POINT('Axis2P3D Location',(605.913565555,827.604747007,384.)) ;
#796=CARTESIAN_POINT('Vertex',(607.663565555,827.604747007,384.)) ;
#798=CARTESIAN_POINT('Vertex',(604.163565555,827.604747007,384.)) ;
#801=CARTESIAN_POINT('Axis2P3D Location',(605.913565555,827.604747007,384.)) ;
#811=CARTESIAN_POINT('Axis2P3D Location',(-2.10942374679E-15,-2.81256499572E-15,380.)) ;
#816=CARTESIAN_POINT('Axis2P3D Location',(609.675493843,758.900953309,380.)) ;
#820=CARTESIAN_POINT('Vertex',(609.675493843,757.900953309,380.)) ;
#822=CARTESIAN_POINT('Vertex',(610.675493843,758.900953309,380.)) ;
#825=CARTESIAN_POINT('Line Origine',(604.939530919,757.900953309,380.)) ;
#829=CARTESIAN_POINT('Vertex',(600.203567995,757.900953309,380.)) ;
#832=CARTESIAN_POINT('Line Origine',(600.203567995,757.919256265,380.)) ;
#836=CARTESIAN_POINT('Vertex',(600.203567994,757.937559222,380.)) ;
#839=CARTESIAN_POINT('Axis2P3D Location',(599.599648188,762.900953306,380.)) ;
#843=CARTESIAN_POINT('Vertex',(599.599648185,757.90095331,380.)) ;
#846=CARTESIAN_POINT('Line Origine',(579.599648185,757.90095331,380.)) ;
#850=CARTESIAN_POINT('Vertex',(559.599648185,757.90095331,380.)) ;
#853=CARTESIAN_POINT('Axis2P3D Location',(559.599648185,762.90095331,380.)) ;
#857=CARTESIAN_POINT('Vertex',(559.17742758,757.918812228,380.)) ;
#860=CARTESIAN_POINT('Line Origine',(559.177427581,757.909882768,380.)) ;
#864=CARTESIAN_POINT('Vertex',(559.177427581,757.900953309,380.)) ;
#867=CARTESIAN_POINT('Line Origine',(554.145045168,757.900953309,380.)) ;
#871=CARTESIAN_POINT('Vertex',(549.112662754,757.900953309,380.)) ;
#874=CARTESIAN_POINT('Axis2P3D Location',(549.112662754,758.900953309,380.)) ;
#878=CARTESIAN_POINT('Vertex',(548.112662754,758.900953309,380.)) ;
#881=CARTESIAN_POINT('Line Origine',(548.112662754,793.950476654,380.)) ;
#885=CARTESIAN_POINT('Vertex',(548.112662754,829.,380.)) ;
#888=CARTESIAN_POINT('Axis2P3D Location',(549.112662754,829.,380.)) ;
#892=CARTESIAN_POINT('Vertex',(549.112662754,830.,380.)) ;
#895=CARTESIAN_POINT('Line Origine',(554.145045168,830.,380.)) ;
#899=CARTESIAN_POINT('Vertex',(559.177427581,830.,380.)) ;
#902=CARTESIAN_POINT('Line Origine',(559.177427581,829.991070541,380.)) ;
#906=CARTESIAN_POINT('Vertex',(559.17742758,829.982141082,380.)) ;
#909=CARTESIAN_POINT('Axis2P3D Location',(559.599648188,824.999999997,380.)) ;
#913=CARTESIAN_POINT('Vertex',(559.599648185,830.,380.)) ;
#916=CARTESIAN_POINT('Line Origine',(579.599648185,830.,380.)) ;
#920=CARTESIAN_POINT('Vertex',(599.599648185,830.,380.)) ;
#923=CARTESIAN_POINT('Axis2P3D Location',(599.599648185,825.,380.)) ;
#927=CARTESIAN_POINT('Vertex',(600.203567994,829.963394087,380.)) ;
#930=CARTESIAN_POINT('Line Origine',(600.203567995,829.981697044,380.)) ;
#934=CARTESIAN_POINT('Vertex',(600.203567995,830.,380.)) ;
#937=CARTESIAN_POINT('Line Origine',(604.939530919,830.,380.)) ;
#941=CARTESIAN_POINT('Vertex',(609.675493843,830.,380.)) ;
#944=CARTESIAN_POINT('Axis2P3D Location',(609.675493843,829.,380.)) ;
#948=CARTESIAN_POINT('Vertex',(610.675493843,829.,380.)) ;
#951=CARTESIAN_POINT('Line Origine',(610.675493843,793.950476654,380.)) ;
#978=CARTESIAN_POINT('Line Origine',(588.600046396,769.480487724,380.)) ;
#982=CARTESIAN_POINT('Vertex',(588.600046396,775.400953309,380.)) ;
#985=CARTESIAN_POINT('Axis2P3D Location',(587.100046396,775.40095331,380.)) ;
#989=CARTESIAN_POINT('Vertex',(585.600046396,775.400953309,380.)) ;
#992=CARTESIAN_POINT('Line Origine',(585.600046396,769.480487724,380.)) ;
#1003=CARTESIAN_POINT('Axis2P3D Location',(564.100046396,797.,380.)) ;
#1007=CARTESIAN_POINT('Vertex',(565.700046396,797.,380.)) ;
#1009=CARTESIAN_POINT('Vertex',(562.500046397,797.,380.)) ;
#1012=CARTESIAN_POINT('Axis2P3D Location',(564.100046396,797.,380.)) ;
#1021=CARTESIAN_POINT('Axis2P3D Location',(595.100046396,825.,380.)) ;
#1025=CARTESIAN_POINT('Vertex',(596.700046396,825.,380.)) ;
#1027=CARTESIAN_POINT('Vertex',(593.500046397,825.,380.)) ;
#1030=CARTESIAN_POINT('Axis2P3D Location',(595.100046396,825.,380.)) ;
#1039=CARTESIAN_POINT('Axis2P3D Location',(564.100046396,825.,380.)) ;
#1043=CARTESIAN_POINT('Vertex',(565.700046396,825.,380.)) ;
#1045=CARTESIAN_POINT('Vertex',(562.500046397,825.,380.)) ;
#1048=CARTESIAN_POINT('Axis2P3D Location',(564.100046396,825.,380.)) ;
#1057=CARTESIAN_POINT('Axis2P3D Location',(579.599648186,810.,380.)) ;
#1061=CARTESIAN_POINT('Vertex',(588.099648187,797.640792906,380.)) ;
#1063=CARTESIAN_POINT('Vertex',(571.099648185,822.359207094,380.)) ;
#1066=CARTESIAN_POINT('Axis2P3D Location',(579.599648186,810.,380.)) ;
#1075=CARTESIAN_POINT('Axis2P3D Location',(572.100046396,775.40095331,380.)) ;
#1079=CARTESIAN_POINT('Vertex',(573.600046396,775.400953309,380.)) ;
#1081=CARTESIAN_POINT('Vertex',(570.600046396,775.400953309,380.)) ;
#1084=CARTESIAN_POINT('Line Origine',(570.600046396,769.705690599,380.)) ;
#1089=CARTESIAN_POINT('Line Origine',(573.600046396,769.705690599,380.)) ;
#1100=CARTESIAN_POINT('Line Origine',(582.100046396,767.90095331,380.)) ;
#1104=CARTESIAN_POINT('Vertex',(582.100046396,770.400953309,380.)) ;
#1106=CARTESIAN_POINT('Vertex',(582.100046396,765.400953309,380.)) ;
#1109=CARTESIAN_POINT('Axis2P3D Location',(583.600046396,765.40095331,380.)) ;
#1113=CARTESIAN_POINT('Vertex',(585.100046396,765.400953309,380.)) ;
#1116=CARTESIAN_POINT('Line Origine',(585.100046396,767.90095331,380.)) ;
#1120=CARTESIAN_POINT('Vertex',(585.100046396,770.400953309,380.)) ;
#1123=CARTESIAN_POINT('Axis2P3D Location',(583.600046396,770.40095331,380.)) ;
#1134=CARTESIAN_POINT('Axis2P3D Location',(575.600046396,765.40095331,380.)) ;
#1138=CARTESIAN_POINT('Vertex',(574.100136949,765.417435098,380.)) ;
#1140=CARTESIAN_POINT('Vertex',(577.099955843,765.38447152,380.)) ;
#1143=CARTESIAN_POINT('Line Origine',(577.127425492,767.8843206,380.)) ;
#1147=CARTESIAN_POINT('Vertex',(577.15489514,770.384169679,380.)) ;
#1150=CARTESIAN_POINT('Axis2P3D Location',(575.654985692,770.400651468,380.)) ;
#1154=CARTESIAN_POINT('Vertex',(574.155076246,770.417133256,380.)) ;
#1157=CARTESIAN_POINT('Line Origine',(574.127606597,767.917284178,380.)) ;
#1168=CARTESIAN_POINT('Axis2P3D Location',(595.100046396,797.,380.)) ;
#1172=CARTESIAN_POINT('Vertex',(596.700046396,797.,380.)) ;
#1174=CARTESIAN_POINT('Vertex',(593.500046397,797.,380.)) ;
#1177=CARTESIAN_POINT('Axis2P3D Location',(595.100046396,797.,380.)) ;
#1190=CARTESIAN_POINT('Axis2P3D Location',(551.063159101,760.865405322,380.)) ;
#1194=CARTESIAN_POINT('Vertex',(549.313159101,760.865405322,380.)) ;
#1196=CARTESIAN_POINT('Vertex',(552.813159101,760.865405322,380.)) ;
#1199=CARTESIAN_POINT('Axis2P3D Location',(551.063159101,760.865405322,380.)) ;
#1208=CARTESIAN_POINT('Axis2P3D Location',(550.906473549,827.604747007,380.)) ;
#1212=CARTESIAN_POINT('Vertex',(549.156473549,827.604747007,380.)) ;
#1214=CARTESIAN_POINT('Vertex',(552.656473549,827.604747007,380.)) ;
#1217=CARTESIAN_POINT('Axis2P3D Location',(550.906473549,827.604747007,380.)) ;
#1226=CARTESIAN_POINT('Axis2P3D Location',(605.913565555,827.604747007,380.)) ;
#1230=CARTESIAN_POINT('Vertex',(604.163565555,827.604747007,380.)) ;
#1232=CARTESIAN_POINT('Vertex',(607.663565555,827.604747007,380.)) ;
#1235=CARTESIAN_POINT('Axis2P3D Location',(605.913565555,827.604747007,380.)) ;
#1245=CARTESIAN_POINT('Axis2P3D Location',(610.675493843,757.900953309,384.)) ;
#1250=CARTESIAN_POINT('Line Origine',(610.675493843,758.900953309,382.)) ;
#1255=CARTESIAN_POINT('Line Origine',(610.675493843,829.,382.)) ;
#1267=CARTESIAN_POINT('Axis2P3D Location',(609.675493843,829.,382.)) ;
#1272=CARTESIAN_POINT('Line Origine',(609.675493843,830.,382.)) ;
#1284=CARTESIAN_POINT('Axis2P3D Location',(554.599648186,830.,380.)) ;
#1289=CARTESIAN_POINT('Line Origine',(600.203567995,830.,382.)) ;
#1301=CARTESIAN_POINT('Axis2P3D Location',(600.203567995,830.,384.)) ;
#1306=CARTESIAN_POINT('Line Origine',(600.203567995,829.963394087,381.5)) ;
#1310=CARTESIAN_POINT('Vertex',(600.203567995,829.963461153,383.)) ;
#1313=CARTESIAN_POINT('Line Origine',(600.203567995,829.963461153,383.5)) ;
#1327=CARTESIAN_POINT('Control Point',(599.599648185,830.,383.)) ;
#1328=CARTESIAN_POINT('Control Point',(599.720717231,830.,383.)) ;
#1329=CARTESIAN_POINT('Control Point',(599.841794983,829.996346118,383.)) ;
#1330=CARTESIAN_POINT('Control Point',(599.962729494,829.989032988,383.)) ;
#1331=CARTESIAN_POINT('Control Point',(600.083370066,829.97806612,383.)) ;
#1332=CARTESIAN_POINT('Control Point',(600.203567995,829.963461153,383.)) ;
#1337=CARTESIAN_POINT('Control Point',(599.599648185,830.,383.)) ;
#1338=CARTESIAN_POINT('Control Point',(599.720717231,830.,383.)) ;
#1339=CARTESIAN_POINT('Control Point',(599.841794983,829.996346118,383.)) ;
#1340=CARTESIAN_POINT('Control Point',(599.962729494,829.989032988,383.)) ;
#1341=CARTESIAN_POINT('Control Point',(600.083370066,829.97806612,383.)) ;
#1342=CARTESIAN_POINT('Control Point',(600.203567995,829.963461153,383.)) ;
#1343=CARTESIAN_POINT('Vertex',(599.599648185,830.,383.)) ;
#1346=CARTESIAN_POINT('Line Origine',(599.599648185,830.,383.5)) ;
#1358=CARTESIAN_POINT('Line Origine',(599.599648186,830.,381.5)) ;
#1363=CARTESIAN_POINT('Line Origine',(559.599648186,830.,381.5)) ;
#1367=CARTESIAN_POINT('Vertex',(559.599648185,830.,383.)) ;
#1370=CARTESIAN_POINT('Line Origine',(559.599648185,830.,383.5)) ;
#1385=CARTESIAN_POINT('Control Point',(559.177427581,829.982178946,383.)) ;
#1386=CARTESIAN_POINT('Control Point',(559.261674252,829.989305924,383.)) ;
#1387=CARTESIAN_POINT('Control Point',(559.346070861,829.994653496,383.)) ;
#1388=CARTESIAN_POINT('Control Point',(559.430566392,829.998218441,383.)) ;
#1389=CARTESIAN_POINT('Control Point',(559.515109411,830.,383.)) ;
#1390=CARTESIAN_POINT('Control Point',(559.599648185,830.,383.)) ;
#1394=CARTESIAN_POINT('Line Origine',(559.177427581,829.982178946,383.5)) ;
#1398=CARTESIAN_POINT('Vertex',(559.177427581,829.982178946,383.)) ;
#1402=CARTESIAN_POINT('Control Point',(559.177427581,829.982178946,383.)) ;
#1403=CARTESIAN_POINT('Control Point',(559.261674252,829.989305924,383.)) ;
#1404=CARTESIAN_POINT('Control Point',(559.346070861,829.994653496,383.)) ;
#1405=CARTESIAN_POINT('Control Point',(559.430566392,829.998218441,383.)) ;
#1406=CARTESIAN_POINT('Control Point',(559.515109411,830.,383.)) ;
#1407=CARTESIAN_POINT('Control Point',(559.599648185,830.,383.)) ;
#1416=CARTESIAN_POINT('Axis2P3D Location',(559.177427581,757.900953309,384.)) ;
#1421=CARTESIAN_POINT('Line Origine',(559.177427581,829.982141082,381.5)) ;
#1426=CARTESIAN_POINT('Line Origine',(559.177427581,830.,382.)) ;
#1439=CARTESIAN_POINT('Line Origine',(549.112662754,830.,382.)) ;
#1451=CARTESIAN_POINT('Axis2P3D Location',(549.112662754,829.,382.)) ;
#1456=CARTESIAN_POINT('Line Origine',(548.112662754,829.,382.)) ;
#1468=CARTESIAN_POINT('Axis2P3D Location',(548.112662754,830.,384.)) ;
#1473=CARTESIAN_POINT('Line Origine',(548.112662754,758.900953309,382.)) ;
#1485=CARTESIAN_POINT('Axis2P3D Location',(549.112662754,758.900953309,382.)) ;
#1490=CARTESIAN_POINT('Line Origine',(549.112662754,757.900953309,382.)) ;
#1502=CARTESIAN_POINT('Axis2P3D Location',(604.599648186,757.900953309,380.)) ;
#1507=CARTESIAN_POINT('Line Origine',(559.177427581,757.900953309,382.)) ;
#1519=CARTESIAN_POINT('Line Origine',(559.177427581,757.918812227,381.5)) ;
#1523=CARTESIAN_POINT('Vertex',(559.177427581,757.918774363,383.)) ;
#1526=CARTESIAN_POINT('Line Origine',(559.177427581,757.918774363,383.5)) ;
#1540=CARTESIAN_POINT('Control Point',(559.599648185,757.90095331,383.)) ;
#1541=CARTESIAN_POINT('Control Point',(559.515109411,757.90095331,383.)) ;
#1542=CARTESIAN_POINT('Control Point',(559.430566392,757.902734869,383.)) ;
#1543=CARTESIAN_POINT('Control Point',(559.346070861,757.906299813,383.)) ;
#1544=CARTESIAN_POINT('Control Point',(559.261674252,757.911647385,383.)) ;
#1545=CARTESIAN_POINT('Control Point',(559.177427581,757.918774363,383.)) ;
#1550=CARTESIAN_POINT('Control Point',(559.599648185,757.90095331,383.)) ;
#1551=CARTESIAN_POINT('Control Point',(559.515109411,757.90095331,383.)) ;
#1552=CARTESIAN_POINT('Control Point',(559.430566392,757.902734869,383.)) ;
#1553=CARTESIAN_POINT('Control Point',(559.346070861,757.906299813,383.)) ;
#1554=CARTESIAN_POINT('Control Point',(559.261674252,757.911647385,383.)) ;
#1555=CARTESIAN_POINT('Control Point',(559.177427581,757.918774363,383.)) ;
#1556=CARTESIAN_POINT('Vertex',(559.599648185,757.900953309,383.)) ;
#1559=CARTESIAN_POINT('Line Origine',(559.599648185,757.90095331,383.5)) ;
#1571=CARTESIAN_POINT('Line Origine',(559.599648186,757.900953309,381.5)) ;
#1576=CARTESIAN_POINT('Line Origine',(599.599648186,757.900953309,381.5)) ;
#1580=CARTESIAN_POINT('Vertex',(599.599648185,757.900953309,383.)) ;
#1583=CARTESIAN_POINT('Line Origine',(599.599648185,757.900953309,383.5)) ;
#1598=CARTESIAN_POINT('Control Point',(600.203567995,757.937492156,383.)) ;
#1599=CARTESIAN_POINT('Control Point',(600.083370066,757.92288719,383.)) ;
#1600=CARTESIAN_POINT('Control Point',(599.962729494,757.911920322,383.)) ;
#1601=CARTESIAN_POINT('Control Point',(599.841794983,757.904607192,383.)) ;
#1602=CARTESIAN_POINT('Control Point',(599.720717231,757.90095331,383.)) ;
#1603=CARTESIAN_POINT('Control Point',(599.599648185,757.90095331,383.)) ;
#1607=CARTESIAN_POINT('Line Origine',(600.203567995,757.937492156,383.5)) ;
#1611=CARTESIAN_POINT('Vertex',(600.203567995,757.937492156,383.)) ;
#1615=CARTESIAN_POINT('Control Point',(600.203567995,757.937492156,383.)) ;
#1616=CARTESIAN_POINT('Control Point',(600.083370066,757.92288719,383.)) ;
#1617=CARTESIAN_POINT('Control Point',(599.962729494,757.911920322,383.)) ;
#1618=CARTESIAN_POINT('Control Point',(599.841794983,757.904607192,383.)) ;
#1619=CARTESIAN_POINT('Control Point',(599.720717231,757.90095331,383.)) ;
#1620=CARTESIAN_POINT('Control Point',(599.599648185,757.90095331,383.)) ;
#1629=CARTESIAN_POINT('Line Origine',(600.203567995,757.937559222,381.5)) ;
#1634=CARTESIAN_POINT('Line Origine',(600.203567995,757.900953309,382.)) ;
#1647=CARTESIAN_POINT('Line Origine',(609.675493843,757.900953309,382.)) ;
#1659=CARTESIAN_POINT('Axis2P3D Location',(609.675493843,758.900953309,382.)) ;
#1672=CARTESIAN_POINT('Control Point',(588.600046396,775.400953309,383.)) ;
#1673=CARTESIAN_POINT('Control Point',(588.600046396,775.872192207,383.)) ;
#1674=CARTESIAN_POINT('Control Point',(588.414991313,776.343431105,383.)) ;
#1675=CARTESIAN_POINT('Control Point',(588.042524192,776.715898226,383.)) ;
#1676=CARTESIAN_POINT('Control Point',(587.100046396,777.086008392,383.)) ;
#1677=CARTESIAN_POINT('Control Point',(586.1575686,776.715898226,383.)) ;
#1678=CARTESIAN_POINT('Control Point',(585.785101479,776.343431105,383.)) ;
#1679=CARTESIAN_POINT('Control Point',(585.600046396,775.872192207,383.)) ;
#1680=CARTESIAN_POINT('Control Point',(585.600046396,775.400953309,383.)) ;
#1684=CARTESIAN_POINT('Line Origine',(585.600046396,775.400953309,383.5)) ;
#1688=CARTESIAN_POINT('Vertex',(585.600046396,775.400953309,383.)) ;
#1692=CARTESIAN_POINT('Control Point',(588.600046396,775.400953309,383.)) ;
#1693=CARTESIAN_POINT('Control Point',(588.600046396,775.872192207,383.)) ;
#1694=CARTESIAN_POINT('Control Point',(588.414991313,776.343431105,383.)) ;
#1695=CARTESIAN_POINT('Control Point',(588.042524192,776.715898226,383.)) ;
#1696=CARTESIAN_POINT('Control Point',(587.100046396,777.086008392,383.)) ;
#1697=CARTESIAN_POINT('Control Point',(586.1575686,776.715898226,383.)) ;
#1698=CARTESIAN_POINT('Control Point',(585.785101479,776.343431105,383.)) ;
#1699=CARTESIAN_POINT('Control Point',(585.600046396,775.872192207,383.)) ;
#1700=CARTESIAN_POINT('Control Point',(585.600046396,775.400953309,383.)) ;
#1701=CARTESIAN_POINT('Vertex',(588.600046396,775.400953309,383.)) ;
#1704=CARTESIAN_POINT('Line Origine',(588.600046396,775.400953309,383.5)) ;
#1716=CARTESIAN_POINT('Axis2P3D Location',(564.100046396,797.,383.5)) ;
#1721=CARTESIAN_POINT('Line Origine',(565.700046396,797.,383.5)) ;
#1725=CARTESIAN_POINT('Vertex',(565.700046396,797.,383.)) ;
#1728=CARTESIAN_POINT('Axis2P3D Location',(564.100046396,797.,383.)) ;
#1732=CARTESIAN_POINT('Vertex',(562.500046397,797.,383.)) ;
#1735=CARTESIAN_POINT('Line Origine',(562.500046397,797.,383.5)) ;
#1747=CARTESIAN_POINT('Axis2P3D Location',(564.100046396,797.,383.)) ;
#1759=CARTESIAN_POINT('Axis2P3D Location',(595.100046396,825.,383.5)) ;
#1764=CARTESIAN_POINT('Line Origine',(596.700046396,825.,383.5)) ;
#1768=CARTESIAN_POINT('Vertex',(596.700046396,825.,383.)) ;
#1771=CARTESIAN_POINT('Axis2P3D Location',(595.100046396,825.,383.)) ;
#1775=CARTESIAN_POINT('Vertex',(593.500046397,825.,383.)) ;
#1778=CARTESIAN_POINT('Line Origine',(593.500046397,825.,383.5)) ;
#1790=CARTESIAN_POINT('Axis2P3D Location',(595.100046396,825.,383.)) ;
#1802=CARTESIAN_POINT('Axis2P3D Location',(564.100046396,825.,383.5)) ;
#1807=CARTESIAN_POINT('Line Origine',(565.700046396,825.,383.5)) ;
#1811=CARTESIAN_POINT('Vertex',(565.700046396,825.,383.)) ;
#1814=CARTESIAN_POINT('Axis2P3D Location',(564.100046396,825.,383.)) ;
#1818=CARTESIAN_POINT('Vertex',(562.500046397,825.,383.)) ;
#1821=CARTESIAN_POINT('Line Origine',(562.500046397,825.,383.5)) ;
#1833=CARTESIAN_POINT('Axis2P3D Location',(564.100046396,825.,383.)) ;
#1845=CARTESIAN_POINT('Axis2P3D Location',(579.599648175,809.999999992,383.5)) ;
#1850=CARTESIAN_POINT('Line Origine',(588.099647925,797.64079324,383.5)) ;
#1854=CARTESIAN_POINT('Vertex',(588.099648186,797.640792906,383.)) ;
#1857=CARTESIAN_POINT('Axis2P3D Location',(579.599648175,809.999999992,383.)) ;
#1861=CARTESIAN_POINT('Vertex',(571.099648425,822.359206745,383.)) ;
#1864=CARTESIAN_POINT('Line Origine',(571.099648425,822.359206745,383.5)) ;
#1876=CARTESIAN_POINT('Axis2P3D Location',(579.599648175,809.999999992,383.)) ;
#1888=CARTESIAN_POINT('Axis2P3D Location',(582.100046396,765.400953309,380.)) ;
#1893=CARTESIAN_POINT('Line Origine',(582.100046396,765.400953309,383.5)) ;
#1897=CARTESIAN_POINT('Vertex',(582.100046396,765.400953309,383.)) ;
#1900=CARTESIAN_POINT('Line Origine',(582.100046396,765.400953309,381.5)) ;
#1905=CARTESIAN_POINT('Line Origine',(582.100046396,770.400953309,381.5)) ;
#1909=CARTESIAN_POINT('Vertex',(582.100046396,770.400953309,383.)) ;
#1912=CARTESIAN_POINT('Line Origine',(582.100046396,770.400953309,383.5)) ;
#1927=CARTESIAN_POINT('Control Point',(585.100046396,770.400953309,383.)) ;
#1928=CARTESIAN_POINT('Control Point',(585.100046396,770.872192207,383.)) ;
#1929=CARTESIAN_POINT('Control Point',(584.914991313,771.343431105,383.)) ;
#1930=CARTESIAN_POINT('Control Point',(584.542524192,771.715898226,383.)) ;
#1931=CARTESIAN_POINT('Control Point',(583.600046396,772.086008392,383.)) ;
#1932=CARTESIAN_POINT('Control Point',(582.6575686,771.715898226,383.)) ;
#1933=CARTESIAN_POINT('Control Point',(582.285101479,771.343431105,383.)) ;
#1934=CARTESIAN_POINT('Control Point',(582.100046396,770.872192207,383.)) ;
#1935=CARTESIAN_POINT('Control Point',(582.100046396,770.400953309,383.)) ;
#1940=CARTESIAN_POINT('Control Point',(585.100046396,770.400953309,383.)) ;
#1941=CARTESIAN_POINT('Control Point',(585.100046396,770.872192207,383.)) ;
#1942=CARTESIAN_POINT('Control Point',(584.914991313,771.343431105,383.)) ;
#1943=CARTESIAN_POINT('Control Point',(584.542524192,771.715898226,383.)) ;
#1944=CARTESIAN_POINT('Control Point',(583.600046396,772.086008392,383.)) ;
#1945=CARTESIAN_POINT('Control Point',(582.6575686,771.715898226,383.)) ;
#1946=CARTESIAN_POINT('Control Point',(582.285101479,771.343431105,383.)) ;
#1947=CARTESIAN_POINT('Control Point',(582.100046396,770.872192207,383.)) ;
#1948=CARTESIAN_POINT('Control Point',(582.100046396,770.400953309,383.)) ;
#1949=CARTESIAN_POINT('Vertex',(585.100046396,770.400953309,383.)) ;
#1952=CARTESIAN_POINT('Line Origine',(585.100046396,770.400953309,383.5)) ;
#1964=CARTESIAN_POINT('Axis2P3D Location',(585.100046396,770.400953309,380.)) ;
#1969=CARTESIAN_POINT('Line Origine',(585.100046396,770.400953309,381.5)) ;
#1974=CARTESIAN_POINT('Line Origine',(585.100046396,765.400953309,381.5)) ;
#1978=CARTESIAN_POINT('Vertex',(585.100046396,765.400953309,383.)) ;
#1981=CARTESIAN_POINT('Line Origine',(585.100046396,765.400953309,383.5)) ;
#1996=CARTESIAN_POINT('Control Point',(582.100046396,765.400953309,383.)) ;
#1997=CARTESIAN_POINT('Control Point',(582.100046396,764.929714411,383.)) ;
#1998=CARTESIAN_POINT('Control Point',(582.285101479,764.458475513,383.)) ;
#1999=CARTESIAN_POINT('Control Point',(582.6575686,764.086008392,383.)) ;
#2000=CARTESIAN_POINT('Control Point',(583.600046396,763.715898226,383.)) ;
#2001=CARTESIAN_POINT('Control Point',(584.542524192,764.086008392,383.)) ;
#2002=CARTESIAN_POINT('Control Point',(584.914991313,764.458475513,383.)) ;
#2003=CARTESIAN_POINT('Control Point',(585.100046396,764.929714411,383.)) ;
#2004=CARTESIAN_POINT('Control Point',(585.100046396,765.400953309,383.)) ;
#2009=CARTESIAN_POINT('Control Point',(582.100046396,765.400953309,383.)) ;
#2010=CARTESIAN_POINT('Control Point',(582.100046396,764.929714411,383.)) ;
#2011=CARTESIAN_POINT('Control Point',(582.285101479,764.458475513,383.)) ;
#2012=CARTESIAN_POINT('Control Point',(582.6575686,764.086008392,383.)) ;
#2013=CARTESIAN_POINT('Control Point',(583.600046396,763.715898226,383.)) ;
#2014=CARTESIAN_POINT('Control Point',(584.542524192,764.086008392,383.)) ;
#2015=CARTESIAN_POINT('Control Point',(584.914991313,764.458475513,383.)) ;
#2016=CARTESIAN_POINT('Control Point',(585.100046396,764.929714411,383.)) ;
#2017=CARTESIAN_POINT('Control Point',(585.100046396,765.400953309,383.)) ;
#2027=CARTESIAN_POINT('Control Point',(573.600046396,775.400953309,383.)) ;
#2028=CARTESIAN_POINT('Control Point',(573.600046396,775.872192207,383.)) ;
#2029=CARTESIAN_POINT('Control Point',(573.414991313,776.343431105,383.)) ;
#2030=CARTESIAN_POINT('Control Point',(573.042524192,776.715898226,383.)) ;
#2031=CARTESIAN_POINT('Control Point',(572.100046396,777.086008392,383.)) ;
#2032=CARTESIAN_POINT('Control Point',(571.1575686,776.715898226,383.)) ;
#2033=CARTESIAN_POINT('Control Point',(570.785101479,776.343431105,383.)) ;
#2034=CARTESIAN_POINT('Control Point',(570.600046396,775.872192207,383.)) ;
#2035=CARTESIAN_POINT('Control Point',(570.600046396,775.400953309,383.)) ;
#2039=CARTESIAN_POINT('Line Origine',(570.600046396,775.400953309,383.5)) ;
#2043=CARTESIAN_POINT('Vertex',(570.600046396,775.400953309,383.)) ;
#2047=CARTESIAN_POINT('Control Point',(573.600046396,775.400953309,383.)) ;
#2048=CARTESIAN_POINT('Control Point',(573.600046396,775.872192207,383.)) ;
#2049=CARTESIAN_POINT('Control Point',(573.414991313,776.343431105,383.)) ;
#2050=CARTESIAN_POINT('Control Point',(573.042524192,776.715898226,383.)) ;
#2051=CARTESIAN_POINT('Control Point',(572.100046396,777.086008392,383.)) ;
#2052=CARTESIAN_POINT('Control Point',(571.1575686,776.715898226,383.)) ;
#2053=CARTESIAN_POINT('Control Point',(570.785101479,776.343431105,383.)) ;
#2054=CARTESIAN_POINT('Control Point',(570.600046396,775.872192207,383.)) ;
#2055=CARTESIAN_POINT('Control Point',(570.600046396,775.400953309,383.)) ;
#2056=CARTESIAN_POINT('Vertex',(573.600046396,775.400953309,383.)) ;
#2059=CARTESIAN_POINT('Line Origine',(573.600046396,775.400953309,383.5)) ;
#2072=CARTESIAN_POINT('Control Point',(574.100136949,765.417435098,383.)) ;
#2073=CARTESIAN_POINT('Control Point',(574.094959042,764.946224648,383.)) ;
#2074=CARTESIAN_POINT('Control Point',(574.274825046,764.472980839,383.)) ;
#2075=CARTESIAN_POINT('Control Point',(574.643177066,764.096443586,383.)) ;
#2076=CARTESIAN_POINT('Control Point',(575.581531248,763.71599995,383.)) ;
#2077=CARTESIAN_POINT('Control Point',(576.528018866,764.075731959,383.)) ;
#2078=CARTESIAN_POINT('Control Point',(576.904556119,764.444083979,383.)) ;
#2079=CARTESIAN_POINT('Control Point',(577.094777937,764.91326107,383.)) ;
#2080=CARTESIAN_POINT('Control Point',(577.099955843,765.38447152,383.)) ;
#2084=CARTESIAN_POINT('Line Origine',(577.099955843,765.38447152,383.5)) ;
#2088=CARTESIAN_POINT('Vertex',(577.099955843,765.38447152,383.)) ;
#2092=CARTESIAN_POINT('Control Point',(574.100136949,765.417435098,383.)) ;
#2093=CARTESIAN_POINT('Control Point',(574.094959042,764.946224648,383.)) ;
#2094=CARTESIAN_POINT('Control Point',(574.274825046,764.472980839,383.)) ;
#2095=CARTESIAN_POINT('Control Point',(574.643177066,764.096443586,383.)) ;
#2096=CARTESIAN_POINT('Control Point',(575.581531248,763.71599995,383.)) ;
#2097=CARTESIAN_POINT('Control Point',(576.528018866,764.075731959,383.)) ;
#2098=CARTESIAN_POINT('Control Point',(576.904556119,764.444083979,383.)) ;
#2099=CARTESIAN_POINT('Control Point',(577.094777937,764.91326107,383.)) ;
#2100=CARTESIAN_POINT('Control Point',(577.099955843,765.38447152,383.)) ;
#2101=CARTESIAN_POINT('Vertex',(574.100136949,765.417435098,383.)) ;
#2104=CARTESIAN_POINT('Line Origine',(574.100136949,765.417435098,383.5)) ;
#2116=CARTESIAN_POINT('Axis2P3D Location',(574.100136949,765.417435098,380.)) ;
#2121=CARTESIAN_POINT('Line Origine',(574.100136949,765.417435098,381.5)) ;
#2126=CARTESIAN_POINT('Line Origine',(574.155076246,770.417133256,381.5)) ;
#2130=CARTESIAN_POINT('Vertex',(574.155076246,770.417133257,383.)) ;
#2133=CARTESIAN_POINT('Line Origine',(574.155076246,770.417133257,383.5)) ;
#2148=CARTESIAN_POINT('Control Point',(577.15489514,770.384169679,383.)) ;
#2149=CARTESIAN_POINT('Control Point',(577.160073047,770.855380129,383.)) ;
#2150=CARTESIAN_POINT('Control Point',(576.980207043,771.328623938,383.)) ;
#2151=CARTESIAN_POINT('Control Point',(576.611855023,771.705161191,383.)) ;
#2152=CARTESIAN_POINT('Control Point',(575.673500841,772.085604827,383.)) ;
#2153=CARTESIAN_POINT('Control Point',(574.727013223,771.725872818,383.)) ;
#2154=CARTESIAN_POINT('Control Point',(574.35047597,771.357520798,383.)) ;
#2155=CARTESIAN_POINT('Control Point',(574.160254152,770.888343707,383.)) ;
#2156=CARTESIAN_POINT('Control Point',(574.155076246,770.417133257,383.)) ;
#2161=CARTESIAN_POINT('Control Point',(577.15489514,770.384169679,383.)) ;
#2162=CARTESIAN_POINT('Control Point',(577.160073047,770.855380129,383.)) ;
#2163=CARTESIAN_POINT('Control Point',(576.980207043,771.328623938,383.)) ;
#2164=CARTESIAN_POINT('Control Point',(576.611855023,771.705161191,383.)) ;
#2165=CARTESIAN_POINT('Control Point',(575.673500841,772.085604827,383.)) ;
#2166=CARTESIAN_POINT('Control Point',(574.727013223,771.725872818,383.)) ;
#2167=CARTESIAN_POINT('Control Point',(574.35047597,771.357520798,383.)) ;
#2168=CARTESIAN_POINT('Control Point',(574.160254152,770.888343707,383.)) ;
#2169=CARTESIAN_POINT('Control Point',(574.155076246,770.417133257,383.)) ;
#2170=CARTESIAN_POINT('Vertex',(577.15489514,770.384169679,383.)) ;
#2173=CARTESIAN_POINT('Line Origine',(577.15489514,770.384169679,383.5)) ;
#2185=CARTESIAN_POINT('Axis2P3D Location',(577.15489514,770.384169679,380.)) ;
#2190=CARTESIAN_POINT('Line Origine',(577.15489514,770.384169679,381.5)) ;
#2195=CARTESIAN_POINT('Line Origine',(577.099955843,765.384471521,381.5)) ;
#2209=CARTESIAN_POINT('Axis2P3D Location',(595.100046396,797.,383.5)) ;
#2214=CARTESIAN_POINT('Line Origine',(596.700046396,797.,383.5)) ;
#2218=CARTESIAN_POINT('Vertex',(596.700046396,797.,383.)) ;
#2221=CARTESIAN_POINT('Axis2P3D Location',(595.100046396,797.,383.)) ;
#2225=CARTESIAN_POINT('Vertex',(593.500046397,797.,383.)) ;
#2228=CARTESIAN_POINT('Line Origine',(593.500046397,797.,383.5)) ;
#2240=CARTESIAN_POINT('Axis2P3D Location',(595.100046396,797.,383.)) ;
#2252=CARTESIAN_POINT('Axis2P3D Location',(555.798220009,765.845714889,384.)) ;
#2257=CARTESIAN_POINT('Line Origine',(555.798220009,764.345714889,385.5)) ;
#2261=CARTESIAN_POINT('Vertex',(555.798220009,765.845714889,387.)) ;
#2264=CARTESIAN_POINT('Line Origine',(555.798220009,823.714632141,385.5)) ;
#2268=CARTESIAN_POINT('Vertex',(555.798220009,822.214632141,387.)) ;
#2271=CARTESIAN_POINT('Line Origine',(555.798220009,794.030173515,387.)) ;
#2283=CARTESIAN_POINT('Axis2P3D Location',(579.394078299,762.845714889,384.)) ;
#2288=CARTESIAN_POINT('Line Origine',(579.394078299,765.845714889,387.)) ;
#2292=CARTESIAN_POINT('Vertex',(550.319583171,765.845714889,387.)) ;
#2295=CARTESIAN_POINT('Line Origine',(550.319583171,764.345714889,385.5)) ;
#2307=CARTESIAN_POINT('Axis2P3D Location',(550.319583171,822.214632141,384.)) ;
#2312=CARTESIAN_POINT('Line Origine',(550.319583171,794.030173515,387.)) ;
#2316=CARTESIAN_POINT('Vertex',(550.319583171,822.214632141,387.)) ;
#2319=CARTESIAN_POINT('Line Origine',(550.319583171,823.714632141,385.5)) ;
#2331=CARTESIAN_POINT('Axis2P3D Location',(579.394078299,825.214632141,384.)) ;
#2336=CARTESIAN_POINT('Line Origine',(579.394078299,822.214632141,387.)) ;
#2348=CARTESIAN_POINT('Axis2P3D Location',(608.832583091,765.845714889,384.)) ;
#2353=CARTESIAN_POINT('Line Origine',(608.832583091,823.714632141,385.5)) ;
#2357=CARTESIAN_POINT('Vertex',(608.832583091,822.214632141,387.)) ;
#2360=CARTESIAN_POINT('Line Origine',(608.832583091,794.030173515,387.)) ;
#2364=CARTESIAN_POINT('Vertex',(608.832583091,765.845714889,387.)) ;
#2367=CARTESIAN_POINT('Line Origine',(608.832583091,764.345714889,385.5)) ;
#2379=CARTESIAN_POINT('Axis2P3D Location',(579.394078299,762.845714889,384.)) ;
#2384=CARTESIAN_POINT('Line Origine',(579.394078299,765.845714889,387.)) ;
#2388=CARTESIAN_POINT('Vertex',(603.568388885,765.845714889,387.)) ;
#2391=CARTESIAN_POINT('Line Origine',(603.568388885,764.345714889,385.5)) ;
#2403=CARTESIAN_POINT('Axis2P3D Location',(603.568388885,822.214632141,384.)) ;
#2408=CARTESIAN_POINT('Line Origine',(603.568388885,823.714632141,385.5)) ;
#2412=CARTESIAN_POINT('Vertex',(603.568388885,822.214632141,387.)) ;
#2415=CARTESIAN_POINT('Line Origine',(603.568388885,794.030173515,387.)) ;
#2427=CARTESIAN_POINT('Axis2P3D Location',(579.394078299,825.214632141,384.)) ;
#2432=CARTESIAN_POINT('Line Origine',(579.394078299,822.214632141,387.)) ;
#2444=CARTESIAN_POINT('Axis2P3D Location',(551.063159101,760.865405322,382.)) ;
#2449=CARTESIAN_POINT('Line Origine',(552.813159101,760.865405322,382.)) ;
#2454=CARTESIAN_POINT('Line Origine',(549.313159101,760.865405322,382.)) ;
#2473=CARTESIAN_POINT('Axis2P3D Location',(550.906473549,827.604747007,382.)) ;
#2478=CARTESIAN_POINT('Line Origine',(552.656473549,827.604747007,382.)) ;
#2483=CARTESIAN_POINT('Line Origine',(549.156473549,827.604747007,382.)) ;
#2502=CARTESIAN_POINT('Axis2P3D Location',(605.913565555,827.604747007,382.)) ;
#2507=CARTESIAN_POINT('Line Origine',(607.663565555,827.604747007,382.)) ;
#2512=CARTESIAN_POINT('Line Origine',(604.163565555,827.604747007,382.)) ;
#2531=CARTESIAN_POINT('Axis2P3D Location',(599.599648186,825.,381.5)) ;
#2543=CARTESIAN_POINT('Axis2P3D Location',(559.599648186,825.,381.5)) ;
#2555=CARTESIAN_POINT('Axis2P3D Location',(559.599648186,762.900953309,381.5)) ;
#2567=CARTESIAN_POINT('Axis2P3D Location',(599.599648186,762.900953309,381.5)) ;
#2579=CARTESIAN_POINT('Axis2P3D Location',(587.100046396,775.400953309,381.5)) ;
#2584=CARTESIAN_POINT('Line Origine',(585.600046396,775.400953309,381.5)) ;
#2589=CARTESIAN_POINT('Line Origine',(588.600046396,775.400953309,381.5)) ;
#2601=CARTESIAN_POINT('Axis2P3D Location',(564.100046396,797.,381.5)) ;
#2606=CARTESIAN_POINT('Line Origine',(565.700046396,797.,381.5)) ;
#2611=CARTESIAN_POINT('Line Origine',(562.500046396,797.,381.5)) ;
#2630=CARTESIAN_POINT('Axis2P3D Location',(595.100046396,825.,381.5)) ;
#2635=CARTESIAN_POINT('Line Origine',(596.700046396,825.,381.5)) ;
#2640=CARTESIAN_POINT('Line Origine',(593.500046396,825.,381.5)) ;
#2659=CARTESIAN_POINT('Axis2P3D Location',(564.100046396,825.,381.5)) ;
#2664=CARTESIAN_POINT('Line Origine',(565.700046396,825.,381.5)) ;
#2669=CARTESIAN_POINT('Line Origine',(562.500046396,825.,381.5)) ;
#2688=CARTESIAN_POINT('Axis2P3D Location',(579.599648186,810.,381.5)) ;
#2693=CARTESIAN_POINT('Line Origine',(588.099648186,797.640792906,381.5)) ;
#2698=CARTESIAN_POINT('Line Origine',(571.099648186,822.359207094,381.5)) ;
#2717=CARTESIAN_POINT('Axis2P3D Location',(572.100046396,775.400953309,381.5)) ;
#2722=CARTESIAN_POINT('Line Origine',(570.600046396,775.400953309,381.5)) ;
#2727=CARTESIAN_POINT('Line Origine',(573.600046396,775.400953309,381.5)) ;
#2739=CARTESIAN_POINT('Axis2P3D Location',(583.600046396,770.400953309,381.5)) ;
#2751=CARTESIAN_POINT('Axis2P3D Location',(583.600046396,765.400953309,381.5)) ;
#2763=CARTESIAN_POINT('Axis2P3D Location',(575.654985693,770.400651468,381.5)) ;
#2775=CARTESIAN_POINT('Axis2P3D Location',(575.600046396,765.400953309,381.5)) ;
#2787=CARTESIAN_POINT('Axis2P3D Location',(595.100046396,797.,381.5)) ;
#2792=CARTESIAN_POINT('Line Origine',(596.700046396,797.,381.5)) ;
#2797=CARTESIAN_POINT('Line Origine',(593.500046396,797.,381.5)) ;
#2816=CARTESIAN_POINT('Axis2P3D Location',(-2.14828155265E-15,-2.86437540353E-15,387.)) ;
#2835=CARTESIAN_POINT('Axis2P3D Location',(588.600046396,775.400953309,380.)) ;
#2849=CARTESIAN_POINT('Axis2P3D Location',(585.600046396,770.400953309,380.)) ;
#2863=CARTESIAN_POINT('Axis2P3D Location',(573.600046396,775.400953309,380.)) ;
#2877=CARTESIAN_POINT('Axis2P3D Location',(570.600046396,770.400953309,380.)) ;
#2901=CARTESIAN_POINT('NONE',(0.,0.,0.)) ;
#2902=CARTESIAN_POINT('NONE',(0.,0.,0.)) ;
#63=DIRECTION('Axis2P3D Direction',(-5.55111512313E-18,-7.40148683083E-18,1.)) ;
#64=DIRECTION('Axis2P3D XDirection',(-1.,-1.06080665765E-12,-5.55111512314E-18)) ;
#68=DIRECTION('Vector Direction',(0.,0.,1.)) ;
#77=DIRECTION('Axis2P3D Direction',(-5.55111512313E-18,-7.40148683083E-18,1.)) ;
#84=DIRECTION('Vector Direction',(0.,0.,1.)) ;
#91=DIRECTION('Axis2P3D Direction',(-5.55111512313E-18,-7.40148683083E-18,1.)) ;
#103=DIRECTION('Axis2P3D Direction',(-5.55111512313E-18,-7.40148683083E-18,1.)) ;
#104=DIRECTION('Axis2P3D XDirection',(-1.,1.22464679915E-16,-5.55111512313E-18)) ;
#108=DIRECTION('Vector Direction',(0.,0.,1.)) ;
#117=DIRECTION('Axis2P3D Direction',(-5.55111512313E-18,-7.40148683083E-18,1.)) ;
#124=DIRECTION('Vector Direction',(0.,0.,1.)) ;
#131=DIRECTION('Axis2P3D Direction',(-5.55111512313E-18,-7.40148683083E-18,1.)) ;
#143=DIRECTION('Axis2P3D Direction',(-5.55111512313E-18,-7.40148683083E-18,1.)) ;
#144=DIRECTION('Axis2P3D XDirection',(1.,5.55111512313E-18,5.55111512313E-18)) ;
#148=DIRECTION('Vector Direction',(0.,0.,1.)) ;
#157=DIRECTION('Axis2P3D Direction',(-5.55111512313E-18,-7.40148683083E-18,1.)) ;
#164=DIRECTION('Vector Direction',(0.,0.,1.)) ;
#171=DIRECTION('Axis2P3D Direction',(-5.55111512313E-18,-7.40148683083E-18,1.)) ;
#183=DIRECTION('Axis2P3D Direction',(-5.55111512313E-18,-7.40148683083E-18,1.)) ;
#188=DIRECTION('Axis2P3D Direction',(-5.55111512313E-18,-7.40148683083E-18,1.)) ;
#200=DIRECTION('Axis2P3D Direction',(-5.55111512313E-18,-7.40148683083E-18,1.)) ;
#201=DIRECTION('Axis2P3D XDirection',(1.,-4.10865054803E-35,5.55111512313E-18)) ;
#205=DIRECTION('Vector Direction',(0.,1.,0.)) ;
#214=DIRECTION('Axis2P3D Direction',(-5.55111512313E-18,-7.40148683083E-18,1.)) ;
#221=DIRECTION('Vector Direction',(1.,0.,0.)) ;
#228=DIRECTION('Vector Direction',(0.,-1.,0.)) ;
#265=DIRECTION('Vector Direction',(0.,1.,0.)) ;
#272=DIRECTION('Vector Direction',(1.,0.,0.)) ;
#279=DIRECTION('Axis2P3D Direction',(-5.55111512313E-18,-7.40148683083E-18,1.)) ;
#286=DIRECTION('Vector Direction',(0.,-1.,0.)) ;
#293=DIRECTION('Axis2P3D Direction',(-5.55111512313E-18,-7.40148683083E-18,1.)) ;
#300=DIRECTION('Vector Direction',(-1.,0.,0.)) ;
#307=DIRECTION('Vector Direction',(0.,1.,0.)) ;
#344=DIRECTION('Vector Direction',(0.,-1.,0.)) ;
#351=DIRECTION('Vector Direction',(-1.,0.,0.)) ;
#358=DIRECTION('Axis2P3D Direction',(-5.55111512313E-18,-7.40148683083E-18,1.)) ;
#420=DIRECTION('Vector Direction',(0.,-1.,0.)) ;
#425=DIRECTION('Vector Direction',(0.,1.,0.)) ;
#438=DIRECTION('Axis2P3D Direction',(-5.55111512313E-18,-7.40148683083E-18,1.)) ;
#447=DIRECTION('Axis2P3D Direction',(-5.55111512313E-18,-7.40148683083E-18,1.)) ;
#456=DIRECTION('Axis2P3D Direction',(-5.55111512313E-18,-7.40148683083E-18,1.)) ;
#465=DIRECTION('Axis2P3D Direction',(-5.55111512313E-18,-7.40148683083E-18,1.)) ;
#474=DIRECTION('Axis2P3D Direction',(-5.55111512313E-18,-7.40148683083E-18,1.)) ;
#483=DIRECTION('Axis2P3D Direction',(-5.55111512313E-18,-7.40148683083E-18,1.)) ;
#492=DIRECTION('Axis2P3D Direction',(-5.55111512313E-18,-7.40148683083E-18,1.)) ;
#501=DIRECTION('Axis2P3D Direction',(-5.55111512313E-18,-7.40148683083E-18,1.)) ;
#597=DIRECTION('Vector Direction',(0.,-1.,0.)) ;
#602=DIRECTION('Vector Direction',(0.,1.,0.)) ;
#667=DIRECTION('Axis2P3D Direction',(-5.55111512313E-18,-7.40148683083E-18,1.)) ;
#676=DIRECTION('Axis2P3D Direction',(-5.55111512313E-18,-7.40148683083E-18,1.)) ;
#685=DIRECTION('Vector Direction',(0.,-1.,0.)) ;
#694=DIRECTION('Vector Direction',(-1.,0.,0.)) ;
#701=DIRECTION('Vector Direction',(0.,-1.,0.)) ;
#708=DIRECTION('Vector Direction',(1.,0.,0.)) ;
#719=DIRECTION('Vector Direction',(0.,-1.,0.)) ;
#728=DIRECTION('Vector Direction',(-1.,0.,0.)) ;
#735=DIRECTION('Vector Direction',(0.,-1.,0.)) ;
#742=DIRECTION('Vector Direction',(1.,0.,0.)) ;
#757=DIRECTION('Axis2P3D Direction',(-5.55111512313E-18,-7.40148683083E-18,1.)) ;
#766=DIRECTION('Axis2P3D Direction',(-5.55111512313E-18,-7.40148683083E-18,1.)) ;
#775=DIRECTION('Axis2P3D Direction',(-5.55111512313E-18,-7.40148683083E-18,1.)) ;
#784=DIRECTION('Axis2P3D Direction',(-5.55111512313E-18,-7.40148683083E-18,1.)) ;
#793=DIRECTION('Axis2P3D Direction',(-5.55111512313E-18,-7.40148683083E-18,1.)) ;
#802=DIRECTION('Axis2P3D Direction',(-5.55111512313E-18,-7.40148683083E-18,1.)) ;
#812=DIRECTION('Axis2P3D Direction',(-5.55111512313E-18,-7.40148683083E-18,1.)) ;
#813=DIRECTION('Axis2P3D XDirection',(1.,-4.10865054803E-35,5.55111512313E-18)) ;
#817=DIRECTION('Axis2P3D Direction',(-5.55111512313E-18,-7.40148683083E-18,1.)) ;
#826=DIRECTION('Vector Direction',(-1.,0.,0.)) ;
#833=DIRECTION('Vector Direction',(0.,-1.,0.)) ;
#840=DIRECTION('Axis2P3D Direction',(-5.55111512313E-18,-7.40148683083E-18,1.)) ;
#847=DIRECTION('Vector Direction',(-1.,0.,0.)) ;
#854=DIRECTION('Axis2P3D Direction',(-5.55111512313E-18,-7.40148683083E-18,1.)) ;
#861=DIRECTION('Vector Direction',(0.,1.,0.)) ;
#868=DIRECTION('Vector Direction',(-1.,0.,0.)) ;
#875=DIRECTION('Axis2P3D Direction',(-5.55111512313E-18,-7.40148683083E-18,1.)) ;
#882=DIRECTION('Vector Direction',(0.,-1.,0.)) ;
#889=DIRECTION('Axis2P3D Direction',(-5.55111512313E-18,-7.40148683083E-18,1.)) ;
#896=DIRECTION('Vector Direction',(1.,0.,0.)) ;
#903=DIRECTION('Vector Direction',(0.,1.,0.)) ;
#910=DIRECTION('Axis2P3D Direction',(-5.55111512313E-18,-7.40148683083E-18,1.)) ;
#917=DIRECTION('Vector Direction',(1.,0.,0.)) ;
#924=DIRECTION('Axis2P3D Direction',(-5.55111512313E-18,-7.40148683083E-18,1.)) ;
#931=DIRECTION('Vector Direction',(0.,-1.,0.)) ;
#938=DIRECTION('Vector Direction',(1.,0.,0.)) ;
#945=DIRECTION('Axis2P3D Direction',(-5.55111512313E-18,-7.40148683083E-18,1.)) ;
#952=DIRECTION('Vector Direction',(0.,1.,0.)) ;
#979=DIRECTION('Vector Direction',(0.,-1.,0.)) ;
#986=DIRECTION('Axis2P3D Direction',(-5.55111512313E-18,-7.40148683083E-18,1.)) ;
#993=DIRECTION('Vector Direction',(0.,1.,0.)) ;
#1004=DIRECTION('Axis2P3D Direction',(-5.55111512313E-18,-7.40148683083E-18,1.)) ;
#1013=DIRECTION('Axis2P3D Direction',(-5.55111512313E-18,-7.40148683083E-18,1.)) ;
#1022=DIRECTION('Axis2P3D Direction',(-5.55111512313E-18,-7.40148683083E-18,1.)) ;
#1031=DIRECTION('Axis2P3D Direction',(-5.55111512313E-18,-7.40148683083E-18,1.)) ;
#1040=DIRECTION('Axis2P3D Direction',(-5.55111512313E-18,-7.40148683083E-18,1.)) ;
#1049=DIRECTION('Axis2P3D Direction',(-5.55111512313E-18,-7.40148683083E-18,1.)) ;
#1058=DIRECTION('Axis2P3D Direction',(-5.55111512313E-18,-7.40148683083E-18,1.)) ;
#1067=DIRECTION('Axis2P3D Direction',(-5.55111512313E-18,-7.40148683083E-18,1.)) ;
#1076=DIRECTION('Axis2P3D Direction',(-5.55111512313E-18,-7.40148683083E-18,1.)) ;
#1085=DIRECTION('Vector Direction',(0.,1.,0.)) ;
#1090=DIRECTION('Vector Direction',(0.,-1.,0.)) ;
#1101=DIRECTION('Vector Direction',(0.,1.,0.)) ;
#1110=DIRECTION('Axis2P3D Direction',(-5.55111512313E-18,-7.40148683083E-18,1.)) ;
#1117=DIRECTION('Vector Direction',(0.,-1.,0.)) ;
#1124=DIRECTION('Axis2P3D Direction',(-5.55111512313E-18,-7.40148683083E-18,1.)) ;
#1135=DIRECTION('Axis2P3D Direction',(-5.55111512313E-18,-7.40148683083E-18,1.)) ;
#1144=DIRECTION('Vector Direction',(-0.0109878592191,-0.999939631653,0.)) ;
#1151=DIRECTION('Axis2P3D Direction',(-5.55111512313E-18,-7.40148683083E-18,1.)) ;
#1158=DIRECTION('Vector Direction',(0.0109878592191,0.999939631653,0.)) ;
#1169=DIRECTION('Axis2P3D Direction',(-5.55111512313E-18,-7.40148683083E-18,1.)) ;
#1178=DIRECTION('Axis2P3D Direction',(-5.55111512313E-18,-7.40148683083E-18,1.)) ;
#1191=DIRECTION('Axis2P3D Direction',(-5.55111512313E-18,-7.40148683083E-18,1.)) ;
#1200=DIRECTION('Axis2P3D Direction',(-5.55111512313E-18,-7.40148683083E-18,1.)) ;
#1209=DIRECTION('Axis2P3D Direction',(-5.55111512313E-18,-7.40148683083E-18,1.)) ;
#1218=DIRECTION('Axis2P3D Direction',(-5.55111512313E-18,-7.40148683083E-18,1.)) ;
#1227=DIRECTION('Axis2P3D Direction',(-5.55111512313E-18,-7.40148683083E-18,1.)) ;
#1236=DIRECTION('Axis2P3D Direction',(-5.55111512313E-18,-7.40148683083E-18,1.)) ;
#1246=DIRECTION('Axis2P3D Direction',(-1.,4.10865054803E-35,-5.55111512313E-18)) ;
#1247=DIRECTION('Axis2P3D XDirection',(0.,1.,7.40148683083E-18)) ;
#1251=DIRECTION('Vector Direction',(0.,0.,-1.)) ;
#1256=DIRECTION('Vector Direction',(0.,0.,-1.)) ;
#1268=DIRECTION('Axis2P3D Direction',(0.,0.,-1.)) ;
#1269=DIRECTION('Axis2P3D XDirection',(-1.83697019872E-16,1.,-0.)) ;
#1273=DIRECTION('Vector Direction',(0.,0.,-1.)) ;
#1285=DIRECTION('Axis2P3D Direction',(-3.20517944034E-47,-1.,-7.40148683083E-18)) ;
#1286=DIRECTION('Axis2P3D XDirection',(1.,-4.10865054803E-35,5.55111512313E-18)) ;
#1290=DIRECTION('Vector Direction',(0.,0.,-1.)) ;
#1302=DIRECTION('Axis2P3D Direction',(1.,-4.10865054803E-35,5.55111512313E-18)) ;
#1303=DIRECTION('Axis2P3D XDirection',(0.,-1.,-7.40148683083E-18)) ;
#1307=DIRECTION('Vector Direction',(0.,0.,1.)) ;
#1314=DIRECTION('Vector Direction',(0.,0.,1.)) ;
#1333=DIRECTION('Vector Direction',(-5.55111512313E-18,-7.40148683083E-18,1.)) ;
#1347=DIRECTION('Vector Direction',(0.,0.,1.)) ;
#1359=DIRECTION('Vector Direction',(0.,0.,1.)) ;
#1364=DIRECTION('Vector Direction',(0.,0.,1.)) ;
#1371=DIRECTION('Vector Direction',(0.,0.,1.)) ;
#1391=DIRECTION('Vector Direction',(-5.55111512313E-18,-7.40148683083E-18,1.)) ;
#1395=DIRECTION('Vector Direction',(0.,0.,1.)) ;
#1417=DIRECTION('Axis2P3D Direction',(-1.,4.10865054803E-35,-5.55111512313E-18)) ;
#1418=DIRECTION('Axis2P3D XDirection',(0.,1.,7.40148683083E-18)) ;
#1422=DIRECTION('Vector Direction',(0.,0.,1.)) ;
#1427=DIRECTION('Vector Direction',(0.,0.,-1.)) ;
#1440=DIRECTION('Vector Direction',(0.,0.,-1.)) ;
#1452=DIRECTION('Axis2P3D Direction',(0.,0.,-1.)) ;
#1453=DIRECTION('Axis2P3D XDirection',(-1.,-1.83697019872E-16,-0.)) ;
#1457=DIRECTION('Vector Direction',(0.,0.,-1.)) ;
#1469=DIRECTION('Axis2P3D Direction',(1.,-4.10865054803E-35,5.55111512313E-18)) ;
#1470=DIRECTION('Axis2P3D XDirection',(0.,-1.,-7.40148683083E-18)) ;
#1474=DIRECTION('Vector Direction',(0.,0.,-1.)) ;
#1486=DIRECTION('Axis2P3D Direction',(0.,0.,-1.)) ;
#1487=DIRECTION('Axis2P3D XDirection',(1.83697019872E-16,-1.,-0.)) ;
#1491=DIRECTION('Vector Direction',(0.,0.,-1.)) ;
#1503=DIRECTION('Axis2P3D Direction',(3.20517944034E-47,1.,7.40148683083E-18)) ;
#1504=DIRECTION('Axis2P3D XDirection',(-1.,4.10865054803E-35,-5.55111512313E-18)) ;
#1508=DIRECTION('Vector Direction',(0.,0.,-1.)) ;
#1520=DIRECTION('Vector Direction',(0.,0.,-1.)) ;
#1527=DIRECTION('Vector Direction',(0.,0.,1.)) ;
#1546=DIRECTION('Vector Direction',(-5.55111512313E-18,-7.40148683083E-18,1.)) ;
#1560=DIRECTION('Vector Direction',(0.,0.,1.)) ;
#1572=DIRECTION('Vector Direction',(0.,0.,1.)) ;
#1577=DIRECTION('Vector Direction',(0.,0.,1.)) ;
#1584=DIRECTION('Vector Direction',(0.,0.,1.)) ;
#1604=DIRECTION('Vector Direction',(-5.55111512313E-18,-7.40148683083E-18,1.)) ;
#1608=DIRECTION('Vector Direction',(0.,0.,1.)) ;
#1630=DIRECTION('Vector Direction',(0.,0.,1.)) ;
#1635=DIRECTION('Vector Direction',(0.,0.,-1.)) ;
#1648=DIRECTION('Vector Direction',(0.,0.,-1.)) ;
#1660=DIRECTION('Axis2P3D Direction',(0.,0.,-1.)) ;
#1661=DIRECTION('Axis2P3D XDirection',(1.,1.83697019872E-16,0.)) ;
#1681=DIRECTION('Vector Direction',(-5.55111512313E-18,-7.40148683083E-18,1.)) ;
#1685=DIRECTION('Vector Direction',(0.,0.,1.)) ;
#1705=DIRECTION('Vector Direction',(0.,0.,1.)) ;
#1717=DIRECTION('Axis2P3D Direction',(-5.55111512313E-18,-7.40148683083E-18,1.)) ;
#1718=DIRECTION('Axis2P3D XDirection',(-1.,1.42231011832E-13,-5.55111512313E-18)) ;
#1722=DIRECTION('Vector Direction',(0.,0.,1.)) ;
#1729=DIRECTION('Axis2P3D Direction',(-5.55111512313E-18,-7.40148683083E-18,1.)) ;
#1736=DIRECTION('Vector Direction',(0.,0.,1.)) ;
#1748=DIRECTION('Axis2P3D Direction',(-5.55111512313E-18,-7.40148683083E-18,1.)) ;
#1760=DIRECTION('Axis2P3D Direction',(-5.55111512313E-18,-7.40148683083E-18,1.)) ;
#1761=DIRECTION('Axis2P3D XDirection',(-1.,7.16208274658E-14,-5.55111512313E-18)) ;
#1765=DIRECTION('Vector Direction',(0.,0.,1.)) ;
#1772=DIRECTION('Axis2P3D Direction',(-5.55111512313E-18,-7.40148683083E-18,1.)) ;
#1779=DIRECTION('Vector Direction',(0.,0.,1.)) ;
#1791=DIRECTION('Axis2P3D Direction',(-5.55111512313E-18,-7.40148683083E-18,1.)) ;
#1803=DIRECTION('Axis2P3D Direction',(-5.55111512313E-18,-7.40148683083E-18,1.)) ;
#1804=DIRECTION('Axis2P3D XDirection',(-1.,1.42231011832E-13,-5.55111512313E-18)) ;
#1808=DIRECTION('Vector Direction',(0.,0.,1.)) ;
#1815=DIRECTION('Axis2P3D Direction',(-5.55111512313E-18,-7.40148683083E-18,1.)) ;
#1822=DIRECTION('Vector Direction',(0.,0.,1.)) ;
#1834=DIRECTION('Axis2P3D Direction',(-5.55111512313E-18,-7.40148683083E-18,1.)) ;
#1846=DIRECTION('Axis2P3D Direction',(-5.55111512313E-18,-7.40148683083E-18,1.)) ;
#1847=DIRECTION('Axis2P3D XDirection',(-0.566666665987,0.823947140088,2.95280200733E-18)) ;
#1851=DIRECTION('Vector Direction',(0.,0.,1.)) ;
#1858=DIRECTION('Axis2P3D Direction',(-5.55111512313E-18,-7.40148683083E-18,1.)) ;
#1865=DIRECTION('Vector Direction',(0.,0.,1.)) ;
#1877=DIRECTION('Axis2P3D Direction',(-5.55111512313E-18,-7.40148683083E-18,1.)) ;
#1889=DIRECTION('Axis2P3D Direction',(1.,-4.10865054803E-35,5.55111512313E-18)) ;
#1890=DIRECTION('Axis2P3D XDirection',(0.,1.,7.40148683083E-18)) ;
#1894=DIRECTION('Vector Direction',(0.,0.,1.)) ;
#1901=DIRECTION('Vector Direction',(0.,0.,1.)) ;
#1906=DIRECTION('Vector Direction',(0.,0.,1.)) ;
#1913=DIRECTION('Vector Direction',(0.,0.,1.)) ;
#1936=DIRECTION('Vector Direction',(-5.55111512313E-18,-7.40148683083E-18,1.)) ;
#1953=DIRECTION('Vector Direction',(0.,0.,1.)) ;
#1965=DIRECTION('Axis2P3D Direction',(-1.,4.10865054803E-35,-5.55111512313E-18)) ;
#1966=DIRECTION('Axis2P3D XDirection',(0.,-1.,-7.40148683083E-18)) ;
#1970=DIRECTION('Vector Direction',(0.,0.,1.)) ;
#1975=DIRECTION('Vector Direction',(0.,0.,1.)) ;
#1982=DIRECTION('Vector Direction',(0.,0.,1.)) ;
#2005=DIRECTION('Vector Direction',(-5.55111512313E-18,-7.40148683083E-18,1.)) ;
#2036=DIRECTION('Vector Direction',(-5.55111512313E-18,-7.40148683083E-18,1.)) ;
#2040=DIRECTION('Vector Direction',(0.,0.,1.)) ;
#2060=DIRECTION('Vector Direction',(0.,0.,1.)) ;
#2081=DIRECTION('Vector Direction',(-5.55111512313E-18,-7.40148683083E-18,1.)) ;
#2085=DIRECTION('Vector Direction',(0.,0.,1.)) ;
#2105=DIRECTION('Vector Direction',(0.,0.,1.)) ;
#2117=DIRECTION('Axis2P3D Direction',(0.999939631652,-0.0109878593112,5.46945351548E-18)) ;
#2118=DIRECTION('Axis2P3D XDirection',(0.0109878593112,0.999939631652,7.46203488729E-18)) ;
#2122=DIRECTION('Vector Direction',(0.,0.,1.)) ;
#2127=DIRECTION('Vector Direction',(0.,0.,1.)) ;
#2134=DIRECTION('Vector Direction',(0.,0.,1.)) ;
#2157=DIRECTION('Vector Direction',(-5.55111512313E-18,-7.40148683083E-18,1.)) ;
#2174=DIRECTION('Vector Direction',(0.,0.,1.)) ;
#2186=DIRECTION('Axis2P3D Direction',(-0.999939631652,0.0109878593112,-5.46945351548E-18)) ;
#2187=DIRECTION('Axis2P3D XDirection',(-0.0109878593112,-0.999939631652,-7.46203488729E-18)) ;
#2191=DIRECTION('Vector Direction',(0.,0.,1.)) ;
#2196=DIRECTION('Vector Direction',(0.,0.,1.)) ;
#2210=DIRECTION('Axis2P3D Direction',(-5.55111512313E-18,-7.40148683083E-18,1.)) ;
#2211=DIRECTION('Axis2P3D XDirection',(-1.,1.42231011832E-13,-5.55111512313E-18)) ;
#2215=DIRECTION('Vector Direction',(0.,0.,1.)) ;
#2222=DIRECTION('Axis2P3D Direction',(-5.55111512313E-18,-7.40148683083E-18,1.)) ;
#2229=DIRECTION('Vector Direction',(0.,0.,1.)) ;
#2241=DIRECTION('Axis2P3D Direction',(-5.55111512313E-18,-7.40148683083E-18,1.)) ;
#2253=DIRECTION('Axis2P3D Direction',(1.,-4.10865054803E-35,5.55111512313E-18)) ;
#2254=DIRECTION('Axis2P3D XDirection',(0.,1.,7.40148683083E-18)) ;
#2258=DIRECTION('Vector Direction',(0.,-0.707106781187,-0.707106781187)) ;
#2265=DIRECTION('Vector Direction',(0.,0.707106781187,-0.707106781187)) ;
#2272=DIRECTION('Vector Direction',(0.,1.,0.)) ;
#2284=DIRECTION('Axis2P3D Direction',(0.,0.707106781187,-0.707106781187)) ;
#2285=DIRECTION('Axis2P3D XDirection',(-1.,0.,0.)) ;
#2289=DIRECTION('Vector Direction',(-1.,0.,0.)) ;
#2296=DIRECTION('Vector Direction',(0.,0.707106781187,0.707106781187)) ;
#2308=DIRECTION('Axis2P3D Direction',(-1.,4.10865054803E-35,-5.55111512313E-18)) ;
#2309=DIRECTION('Axis2P3D XDirection',(0.,-1.,-7.40148683083E-18)) ;
#2313=DIRECTION('Vector Direction',(0.,-1.,0.)) ;
#2320=DIRECTION('Vector Direction',(0.,0.707106781187,-0.707106781187)) ;
#2332=DIRECTION('Axis2P3D Direction',(0.,-0.707106781187,-0.707106781187)) ;
#2333=DIRECTION('Axis2P3D XDirection',(1.,0.,0.)) ;
#2337=DIRECTION('Vector Direction',(1.,0.,0.)) ;
#2349=DIRECTION('Axis2P3D Direction',(1.,-4.10865054803E-35,5.55111512313E-18)) ;
#2350=DIRECTION('Axis2P3D XDirection',(0.,1.,7.40148683083E-18)) ;
#2354=DIRECTION('Vector Direction',(0.,0.707106781187,-0.707106781187)) ;
#2361=DIRECTION('Vector Direction',(0.,1.,0.)) ;
#2368=DIRECTION('Vector Direction',(0.,-0.707106781187,-0.707106781187)) ;
#2380=DIRECTION('Axis2P3D Direction',(0.,0.707106781187,-0.707106781187)) ;
#2381=DIRECTION('Axis2P3D XDirection',(-1.,0.,0.)) ;
#2385=DIRECTION('Vector Direction',(-1.,0.,0.)) ;
#2392=DIRECTION('Vector Direction',(0.,0.707106781187,0.707106781187)) ;
#2404=DIRECTION('Axis2P3D Direction',(-1.,4.10865054803E-35,-5.55111512313E-18)) ;
#2405=DIRECTION('Axis2P3D XDirection',(0.,-1.,-7.40148683083E-18)) ;
#2409=DIRECTION('Vector Direction',(0.,0.707106781187,-0.707106781187)) ;
#2416=DIRECTION('Vector Direction',(0.,-1.,0.)) ;
#2428=DIRECTION('Axis2P3D Direction',(0.,-0.707106781187,-0.707106781187)) ;
#2429=DIRECTION('Axis2P3D XDirection',(1.,0.,0.)) ;
#2433=DIRECTION('Vector Direction',(1.,0.,0.)) ;
#2445=DIRECTION('Axis2P3D Direction',(-5.55111512313E-18,-7.40148683083E-18,1.)) ;
#2446=DIRECTION('Axis2P3D XDirection',(1.,5.55111512313E-18,5.55111512313E-18)) ;
#2450=DIRECTION('Vector Direction',(0.,0.,1.)) ;
#2455=DIRECTION('Vector Direction',(0.,0.,1.)) ;
#2474=DIRECTION('Axis2P3D Direction',(-5.55111512313E-18,-7.40148683083E-18,1.)) ;
#2475=DIRECTION('Axis2P3D XDirection',(1.,5.55111512313E-18,5.55111512313E-18)) ;
#2479=DIRECTION('Vector Direction',(0.,0.,1.)) ;
#2484=DIRECTION('Vector Direction',(0.,0.,1.)) ;
#2503=DIRECTION('Axis2P3D Direction',(-5.55111512313E-18,-7.40148683083E-18,1.)) ;
#2504=DIRECTION('Axis2P3D XDirection',(1.,5.55111512313E-18,5.55111512313E-18)) ;
#2508=DIRECTION('Vector Direction',(0.,0.,1.)) ;
#2513=DIRECTION('Vector Direction',(0.,0.,1.)) ;
#2532=DIRECTION('Axis2P3D Direction',(-0.,0.,1.)) ;
#2533=DIRECTION('Axis2P3D XDirection',(1.,-1.83697019872E-16,0.)) ;
#2544=DIRECTION('Axis2P3D Direction',(0.,-0.,1.)) ;
#2545=DIRECTION('Axis2P3D XDirection',(1.83697019872E-16,1.,0.)) ;
#2556=DIRECTION('Axis2P3D Direction',(0.,0.,1.)) ;
#2557=DIRECTION('Axis2P3D XDirection',(-1.,1.83697019872E-16,0.)) ;
#2568=DIRECTION('Axis2P3D Direction',(0.,0.,1.)) ;
#2569=DIRECTION('Axis2P3D XDirection',(-1.83697019872E-16,-1.,0.)) ;
#2580=DIRECTION('Axis2P3D Direction',(-5.55111512313E-18,-7.40148683083E-18,1.)) ;
#2581=DIRECTION('Axis2P3D XDirection',(1.,-2.44929359829E-16,5.55111512313E-18)) ;
#2585=DIRECTION('Vector Direction',(-5.54791768081E-18,-7.40101313568E-18,1.)) ;
#2590=DIRECTION('Vector Direction',(-5.54791768081E-18,-7.40101313568E-18,1.)) ;
#2602=DIRECTION('Axis2P3D Direction',(-5.55111512313E-18,-7.40148683083E-18,1.)) ;
#2603=DIRECTION('Axis2P3D XDirection',(1.,-6.9388939046E-18,5.55111512313E-18)) ;
#2607=DIRECTION('Vector Direction',(-5.54791768081E-18,-7.40101313568E-18,1.)) ;
#2612=DIRECTION('Vector Direction',(-5.54791768081E-18,-7.40101313568E-18,1.)) ;
#2631=DIRECTION('Axis2P3D Direction',(-5.55111512313E-18,-7.40148683083E-18,1.)) ;
#2632=DIRECTION('Axis2P3D XDirection',(1.,-2.44929359829E-16,5.55111512313E-18)) ;
#2636=DIRECTION('Vector Direction',(-5.54791768081E-18,-7.40101313568E-18,1.)) ;
#2641=DIRECTION('Vector Direction',(-5.54791768081E-18,-7.40101313568E-18,1.)) ;
#2660=DIRECTION('Axis2P3D Direction',(-5.55111512313E-18,-7.40148683083E-18,1.)) ;
#2661=DIRECTION('Axis2P3D XDirection',(1.,-6.9388939046E-18,5.55111512313E-18)) ;
#2665=DIRECTION('Vector Direction',(-5.54791768081E-18,-7.40101313568E-18,1.)) ;
#2670=DIRECTION('Vector Direction',(-5.54791768081E-18,-7.40101313568E-18,1.)) ;
#2689=DIRECTION('Axis2P3D Direction',(-5.55111512313E-18,-7.40148683083E-18,1.)) ;
#2690=DIRECTION('Axis2P3D XDirection',(0.566666666667,-0.823947139621,-2.9528020001E-18)) ;
#2694=DIRECTION('Vector Direction',(-5.54791768081E-18,-7.40101313568E-18,1.)) ;
#2699=DIRECTION('Vector Direction',(-5.54791768081E-18,-7.40101313568E-18,1.)) ;
#2718=DIRECTION('Axis2P3D Direction',(-5.55111512313E-18,-7.40148683083E-18,1.)) ;
#2719=DIRECTION('Axis2P3D XDirection',(1.,-2.44929359829E-16,5.55111512313E-18)) ;
#2723=DIRECTION('Vector Direction',(-5.54791768081E-18,-7.40101313568E-18,1.)) ;
#2728=DIRECTION('Vector Direction',(-5.54791768081E-18,-7.40101313568E-18,1.)) ;
#2740=DIRECTION('Axis2P3D Direction',(-5.55111512312E-18,-7.40148683083E-18,1.)) ;
#2741=DIRECTION('Axis2P3D XDirection',(1.,6.82121026352E-13,5.55111512313E-18)) ;
#2752=DIRECTION('Axis2P3D Direction',(-5.55111512312E-18,-7.40148683083E-18,1.)) ;
#2753=DIRECTION('Axis2P3D XDirection',(-1.,-6.8199856165E-13,-5.55111512313E-18)) ;
#2764=DIRECTION('Axis2P3D Direction',(-5.55111512312E-18,-7.40148683083E-18,1.)) ;
#2765=DIRECTION('Axis2P3D XDirection',(0.999939631652,-0.0109878593111,5.46945351548E-18)) ;
#2776=DIRECTION('Axis2P3D Direction',(-5.55111512312E-18,-7.40148683083E-18,1.)) ;
#2777=DIRECTION('Axis2P3D XDirection',(-0.999939631652,0.0109878593111,-5.46945351548E-18)) ;
#2788=DIRECTION('Axis2P3D Direction',(-5.55111512313E-18,-7.40148683083E-18,1.)) ;
#2789=DIRECTION('Axis2P3D XDirection',(1.,-2.44929359829E-16,5.55111512313E-18)) ;
#2793=DIRECTION('Vector Direction',(-5.54791768081E-18,-7.40101313568E-18,1.)) ;
#2798=DIRECTION('Vector Direction',(-5.54791768081E-18,-7.40101313568E-18,1.)) ;
#2817=DIRECTION('Axis2P3D Direction',(-5.55111512313E-18,-7.40148683083E-18,1.)) ;
#2818=DIRECTION('Axis2P3D XDirection',(1.,-4.10865054803E-35,5.55111512313E-18)) ;
#2836=DIRECTION('Axis2P3D Direction',(-1.,4.10865054803E-35,-5.55111512313E-18)) ;
#2837=DIRECTION('Axis2P3D XDirection',(0.,-1.,-7.40148683083E-18)) ;
#2850=DIRECTION('Axis2P3D Direction',(1.,-4.10865054803E-35,5.55111512313E-18)) ;
#2851=DIRECTION('Axis2P3D XDirection',(0.,1.,7.40148683083E-18)) ;
#2864=DIRECTION('Axis2P3D Direction',(-1.,4.10865054803E-35,-5.55111512313E-18)) ;
#2865=DIRECTION('Axis2P3D XDirection',(0.,-1.,-7.40148683083E-18)) ;
#2878=DIRECTION('Axis2P3D Direction',(1.,-4.10865054803E-35,5.55111512313E-18)) ;
#2879=DIRECTION('Axis2P3D XDirection',(0.,1.,7.40148683083E-18)) ;
#2903=DIRECTION('NONE',(1.,0.,0.)) ;
#2904=DIRECTION('NONE',(0.,0.,1.)) ;
#2905=DIRECTION('NONE',(1.,0.,0.)) ;
#2906=DIRECTION('NONE',(0.,0.,1.)) ;
#65=AXIS2_PLACEMENT_3D('Cylinder Axis2P3D',#62,#63,#64) ;
#78=AXIS2_PLACEMENT_3D('Circle Axis2P3D',#76,#77,$) ;
#92=AXIS2_PLACEMENT_3D('Circle Axis2P3D',#90,#91,$) ;
#105=AXIS2_PLACEMENT_3D('Cylinder Axis2P3D',#102,#103,#104) ;
#118=AXIS2_PLACEMENT_3D('Circle Axis2P3D',#116,#117,$) ;
#132=AXIS2_PLACEMENT_3D('Circle Axis2P3D',#130,#131,$) ;
#145=AXIS2_PLACEMENT_3D('Cylinder Axis2P3D',#142,#143,#144) ;
#158=AXIS2_PLACEMENT_3D('Circle Axis2P3D',#156,#157,$) ;
#172=AXIS2_PLACEMENT_3D('Circle Axis2P3D',#170,#171,$) ;
#184=AXIS2_PLACEMENT_3D('Circle Axis2P3D',#182,#183,$) ;
#189=AXIS2_PLACEMENT_3D('Circle Axis2P3D',#187,#188,$) ;
#202=AXIS2_PLACEMENT_3D('Plane Axis2P3D',#199,#200,#201) ;
#215=AXIS2_PLACEMENT_3D('Circle Axis2P3D',#213,#214,$) ;
#280=AXIS2_PLACEMENT_3D('Circle Axis2P3D',#278,#279,$) ;
#294=AXIS2_PLACEMENT_3D('Circle Axis2P3D',#292,#293,$) ;
#359=AXIS2_PLACEMENT_3D('Circle Axis2P3D',#357,#358,$) ;
#439=AXIS2_PLACEMENT_3D('Circle Axis2P3D',#437,#438,$) ;
#448=AXIS2_PLACEMENT_3D('Circle Axis2P3D',#446,#447,$) ;
#457=AXIS2_PLACEMENT_3D('Circle Axis2P3D',#455,#456,$) ;
#466=AXIS2_PLACEMENT_3D('Circle Axis2P3D',#464,#465,$) ;
#475=AXIS2_PLACEMENT_3D('Circle Axis2P3D',#473,#474,$) ;
#484=AXIS2_PLACEMENT_3D('Circle Axis2P3D',#482,#483,$) ;
#493=AXIS2_PLACEMENT_3D('Circle Axis2P3D',#491,#492,$) ;
#502=AXIS2_PLACEMENT_3D('Circle Axis2P3D',#500,#501,$) ;
#668=AXIS2_PLACEMENT_3D('Circle Axis2P3D',#666,#667,$) ;
#677=AXIS2_PLACEMENT_3D('Circle Axis2P3D',#675,#676,$) ;
#758=AXIS2_PLACEMENT_3D('Circle Axis2P3D',#756,#757,$) ;
#767=AXIS2_PLACEMENT_3D('Circle Axis2P3D',#765,#766,$) ;
#776=AXIS2_PLACEMENT_3D('Circle Axis2P3D',#774,#775,$) ;
#785=AXIS2_PLACEMENT_3D('Circle Axis2P3D',#783,#784,$) ;
#794=AXIS2_PLACEMENT_3D('Circle Axis2P3D',#792,#793,$) ;
#803=AXIS2_PLACEMENT_3D('Circle Axis2P3D',#801,#802,$) ;
#814=AXIS2_PLACEMENT_3D('Plane Axis2P3D',#811,#812,#813) ;
#818=AXIS2_PLACEMENT_3D('Circle Axis2P3D',#816,#817,$) ;
#841=AXIS2_PLACEMENT_3D('Circle Axis2P3D',#839,#840,$) ;
#855=AXIS2_PLACEMENT_3D('Circle Axis2P3D',#853,#854,$) ;
#876=AXIS2_PLACEMENT_3D('Circle Axis2P3D',#874,#875,$) ;
#890=AXIS2_PLACEMENT_3D('Circle Axis2P3D',#888,#889,$) ;
#911=AXIS2_PLACEMENT_3D('Circle Axis2P3D',#909,#910,$) ;
#925=AXIS2_PLACEMENT_3D('Circle Axis2P3D',#923,#924,$) ;
#946=AXIS2_PLACEMENT_3D('Circle Axis2P3D',#944,#945,$) ;
#987=AXIS2_PLACEMENT_3D('Circle Axis2P3D',#985,#986,$) ;
#1005=AXIS2_PLACEMENT_3D('Circle Axis2P3D',#1003,#1004,$) ;
#1014=AXIS2_PLACEMENT_3D('Circle Axis2P3D',#1012,#1013,$) ;
#1023=AXIS2_PLACEMENT_3D('Circle Axis2P3D',#1021,#1022,$) ;
#1032=AXIS2_PLACEMENT_3D('Circle Axis2P3D',#1030,#1031,$) ;
#1041=AXIS2_PLACEMENT_3D('Circle Axis2P3D',#1039,#1040,$) ;
#1050=AXIS2_PLACEMENT_3D('Circle Axis2P3D',#1048,#1049,$) ;
#1059=AXIS2_PLACEMENT_3D('Circle Axis2P3D',#1057,#1058,$) ;
#1068=AXIS2_PLACEMENT_3D('Circle Axis2P3D',#1066,#1067,$) ;
#1077=AXIS2_PLACEMENT_3D('Circle Axis2P3D',#1075,#1076,$) ;
#1111=AXIS2_PLACEMENT_3D('Circle Axis2P3D',#1109,#1110,$) ;
#1125=AXIS2_PLACEMENT_3D('Circle Axis2P3D',#1123,#1124,$) ;
#1136=AXIS2_PLACEMENT_3D('Circle Axis2P3D',#1134,#1135,$) ;
#1152=AXIS2_PLACEMENT_3D('Circle Axis2P3D',#1150,#1151,$) ;
#1170=AXIS2_PLACEMENT_3D('Circle Axis2P3D',#1168,#1169,$) ;
#1179=AXIS2_PLACEMENT_3D('Circle Axis2P3D',#1177,#1178,$) ;
#1192=AXIS2_PLACEMENT_3D('Circle Axis2P3D',#1190,#1191,$) ;
#1201=AXIS2_PLACEMENT_3D('Circle Axis2P3D',#1199,#1200,$) ;
#1210=AXIS2_PLACEMENT_3D('Circle Axis2P3D',#1208,#1209,$) ;
#1219=AXIS2_PLACEMENT_3D('Circle Axis2P3D',#1217,#1218,$) ;
#1228=AXIS2_PLACEMENT_3D('Circle Axis2P3D',#1226,#1227,$) ;
#1237=AXIS2_PLACEMENT_3D('Circle Axis2P3D',#1235,#1236,$) ;
#1248=AXIS2_PLACEMENT_3D('Plane Axis2P3D',#1245,#1246,#1247) ;
#1270=AXIS2_PLACEMENT_3D('Cylinder Axis2P3D',#1267,#1268,#1269) ;
#1287=AXIS2_PLACEMENT_3D('Plane Axis2P3D',#1284,#1285,#1286) ;
#1304=AXIS2_PLACEMENT_3D('Plane Axis2P3D',#1301,#1302,#1303) ;
#1419=AXIS2_PLACEMENT_3D('Plane Axis2P3D',#1416,#1417,#1418) ;
#1454=AXIS2_PLACEMENT_3D('Cylinder Axis2P3D',#1451,#1452,#1453) ;
#1471=AXIS2_PLACEMENT_3D('Plane Axis2P3D',#1468,#1469,#1470) ;
#1488=AXIS2_PLACEMENT_3D('Cylinder Axis2P3D',#1485,#1486,#1487) ;
#1505=AXIS2_PLACEMENT_3D('Plane Axis2P3D',#1502,#1503,#1504) ;
#1662=AXIS2_PLACEMENT_3D('Cylinder Axis2P3D',#1659,#1660,#1661) ;
#1719=AXIS2_PLACEMENT_3D('Cylinder Axis2P3D',#1716,#1717,#1718) ;
#1730=AXIS2_PLACEMENT_3D('Circle Axis2P3D',#1728,#1729,$) ;
#1749=AXIS2_PLACEMENT_3D('Circle Axis2P3D',#1747,#1748,$) ;
#1762=AXIS2_PLACEMENT_3D('Cylinder Axis2P3D',#1759,#1760,#1761) ;
#1773=AXIS2_PLACEMENT_3D('Circle Axis2P3D',#1771,#1772,$) ;
#1792=AXIS2_PLACEMENT_3D('Circle Axis2P3D',#1790,#1791,$) ;
#1805=AXIS2_PLACEMENT_3D('Cylinder Axis2P3D',#1802,#1803,#1804) ;
#1816=AXIS2_PLACEMENT_3D('Circle Axis2P3D',#1814,#1815,$) ;
#1835=AXIS2_PLACEMENT_3D('Circle Axis2P3D',#1833,#1834,$) ;
#1848=AXIS2_PLACEMENT_3D('Cylinder Axis2P3D',#1845,#1846,#1847) ;
#1859=AXIS2_PLACEMENT_3D('Circle Axis2P3D',#1857,#1858,$) ;
#1878=AXIS2_PLACEMENT_3D('Circle Axis2P3D',#1876,#1877,$) ;
#1891=AXIS2_PLACEMENT_3D('Plane Axis2P3D',#1888,#1889,#1890) ;
#1967=AXIS2_PLACEMENT_3D('Plane Axis2P3D',#1964,#1965,#1966) ;
#2119=AXIS2_PLACEMENT_3D('Plane Axis2P3D',#2116,#2117,#2118) ;
#2188=AXIS2_PLACEMENT_3D('Plane Axis2P3D',#2185,#2186,#2187) ;
#2212=AXIS2_PLACEMENT_3D('Cylinder Axis2P3D',#2209,#2210,#2211) ;
#2223=AXIS2_PLACEMENT_3D('Circle Axis2P3D',#2221,#2222,$) ;
#2242=AXIS2_PLACEMENT_3D('Circle Axis2P3D',#2240,#2241,$) ;
#2255=AXIS2_PLACEMENT_3D('Plane Axis2P3D',#2252,#2253,#2254) ;
#2286=AXIS2_PLACEMENT_3D('Plane Axis2P3D',#2283,#2284,#2285) ;
#2310=AXIS2_PLACEMENT_3D('Plane Axis2P3D',#2307,#2308,#2309) ;
#2334=AXIS2_PLACEMENT_3D('Plane Axis2P3D',#2331,#2332,#2333) ;
#2351=AXIS2_PLACEMENT_3D('Plane Axis2P3D',#2348,#2349,#2350) ;
#2382=AXIS2_PLACEMENT_3D('Plane Axis2P3D',#2379,#2380,#2381) ;
#2406=AXIS2_PLACEMENT_3D('Plane Axis2P3D',#2403,#2404,#2405) ;
#2430=AXIS2_PLACEMENT_3D('Plane Axis2P3D',#2427,#2428,#2429) ;
#2447=AXIS2_PLACEMENT_3D('Cylinder Axis2P3D',#2444,#2445,#2446) ;
#2476=AXIS2_PLACEMENT_3D('Cylinder Axis2P3D',#2473,#2474,#2475) ;
#2505=AXIS2_PLACEMENT_3D('Cylinder Axis2P3D',#2502,#2503,#2504) ;
#2534=AXIS2_PLACEMENT_3D('Cylinder Axis2P3D',#2531,#2532,#2533) ;
#2546=AXIS2_PLACEMENT_3D('Cylinder Axis2P3D',#2543,#2544,#2545) ;
#2558=AXIS2_PLACEMENT_3D('Cylinder Axis2P3D',#2555,#2556,#2557) ;
#2570=AXIS2_PLACEMENT_3D('Cylinder Axis2P3D',#2567,#2568,#2569) ;
#2582=AXIS2_PLACEMENT_3D('Cylinder Axis2P3D',#2579,#2580,#2581) ;
#2604=AXIS2_PLACEMENT_3D('Cylinder Axis2P3D',#2601,#2602,#2603) ;
#2633=AXIS2_PLACEMENT_3D('Cylinder Axis2P3D',#2630,#2631,#2632) ;
#2662=AXIS2_PLACEMENT_3D('Cylinder Axis2P3D',#2659,#2660,#2661) ;
#2691=AXIS2_PLACEMENT_3D('Cylinder Axis2P3D',#2688,#2689,#2690) ;
#2720=AXIS2_PLACEMENT_3D('Cylinder Axis2P3D',#2717,#2718,#2719) ;
#2742=AXIS2_PLACEMENT_3D('Cylinder Axis2P3D',#2739,#2740,#2741) ;
#2754=AXIS2_PLACEMENT_3D('Cylinder Axis2P3D',#2751,#2752,#2753) ;
#2766=AXIS2_PLACEMENT_3D('Cylinder Axis2P3D',#2763,#2764,#2765) ;
#2778=AXIS2_PLACEMENT_3D('Cylinder Axis2P3D',#2775,#2776,#2777) ;
#2790=AXIS2_PLACEMENT_3D('Cylinder Axis2P3D',#2787,#2788,#2789) ;
#2819=AXIS2_PLACEMENT_3D('Plane Axis2P3D',#2816,#2817,#2818) ;
#2838=AXIS2_PLACEMENT_3D('Plane Axis2P3D',#2835,#2836,#2837) ;
#2852=AXIS2_PLACEMENT_3D('Plane Axis2P3D',#2849,#2850,#2851) ;
#2866=AXIS2_PLACEMENT_3D('Plane Axis2P3D',#2863,#2864,#2865) ;
#2880=AXIS2_PLACEMENT_3D('Plane Axis2P3D',#2877,#2878,#2879) ;
#2899=AXIS2_PLACEMENT_3D(' ',#2902,#2906,#2905) ;
#2900=AXIS2_PLACEMENT_3D(' ',#2901,#2904,#2903) ;
#45=PRODUCT_DEFINITION_SHAPE(' ',' ',#17) ;
#60=PRODUCT_DEFINITION_SHAPE(' ',' ',#57) ;
#2895=PRODUCT_DEFINITION_SHAPE(' ',' ',#2894) ;
#34=APPROVAL_PERSON_ORGANIZATION(#28,#24,#22) ;
#28=PERSON_AND_ORGANIZATION(#25,#26) ;
#25=PERSON(' ',' ',' ',$,$,$) ;
#26=ORGANIZATION(' ',' ',' ') ;
#24=APPROVAL(#23,' ') ;
#23=APPROVAL_STATUS('not_yet_approved') ;
#22=APPROVAL_ROLE('APPROVER') ;
#13=DATE_AND_TIME(#11,#12) ;
#12=LOCAL_TIME(4,5,38.,#10) ;
#10=COORDINATED_UNIVERSAL_TIME_OFFSET(0,0,.AHEAD.) ;
#96=ORIENTED_EDGE('',*,*,#75,.F.) ;
#97=ORIENTED_EDGE('',*,*,#82,.T.) ;
#98=ORIENTED_EDGE('',*,*,#89,.T.) ;
#99=ORIENTED_EDGE('',*,*,#94,.F.) ;
#136=ORIENTED_EDGE('',*,*,#115,.F.) ;
#137=ORIENTED_EDGE('',*,*,#122,.T.) ;
#138=ORIENTED_EDGE('',*,*,#129,.T.) ;
#139=ORIENTED_EDGE('',*,*,#134,.F.) ;
#176=ORIENTED_EDGE('',*,*,#155,.F.) ;
#177=ORIENTED_EDGE('',*,*,#162,.T.) ;
#178=ORIENTED_EDGE('',*,*,#169,.T.) ;
#179=ORIENTED_EDGE('',*,*,#174,.F.) ;
#193=ORIENTED_EDGE('',*,*,#169,.F.) ;
#194=ORIENTED_EDGE('',*,*,#186,.T.) ;
#195=ORIENTED_EDGE('',*,*,#155,.T.) ;
#196=ORIENTED_EDGE('',*,*,#191,.F.) ;
#363=ORIENTED_EDGE('',*,*,#212,.T.) ;
#364=ORIENTED_EDGE('',*,*,#219,.F.) ;
#365=ORIENTED_EDGE('',*,*,#226,.T.) ;
#366=ORIENTED_EDGE('',*,*,#233,.T.) ;
#367=ORIENTED_EDGE('',*,*,#243,.T.) ;
#368=ORIENTED_EDGE('',*,*,#253,.T.) ;
#369=ORIENTED_EDGE('',*,*,#263,.T.) ;
#370=ORIENTED_EDGE('',*,*,#270,.T.) ;
#371=ORIENTED_EDGE('',*,*,#277,.T.) ;
#372=ORIENTED_EDGE('',*,*,#284,.F.) ;
#373=ORIENTED_EDGE('',*,*,#291,.T.) ;
#374=ORIENTED_EDGE('',*,*,#298,.F.) ;
#375=ORIENTED_EDGE('',*,*,#305,.T.) ;
#376=ORIENTED_EDGE('',*,*,#312,.T.) ;
#377=ORIENTED_EDGE('',*,*,#322,.T.) ;
#378=ORIENTED_EDGE('',*,*,#332,.T.) ;
#379=ORIENTED_EDGE('',*,*,#342,.T.) ;
#380=ORIENTED_EDGE('',*,*,#349,.T.) ;
#381=ORIENTED_EDGE('',*,*,#356,.T.) ;
#382=ORIENTED_EDGE('',*,*,#361,.F.) ;
#430=ORIENTED_EDGE('',*,*,#395,.F.) ;
#431=ORIENTED_EDGE('',*,*,#408,.F.) ;
#432=ORIENTED_EDGE('',*,*,#418,.F.) ;
#433=ORIENTED_EDGE('',*,*,#423,.F.) ;
#434=ORIENTED_EDGE('',*,*,#122,.F.) ;
#435=ORIENTED_EDGE('',*,*,#428,.F.) ;
#452=ORIENTED_EDGE('',*,*,#445,.F.) ;
#453=ORIENTED_EDGE('',*,*,#450,.F.) ;
#470=ORIENTED_EDGE('',*,*,#463,.F.) ;
#471=ORIENTED_EDGE('',*,*,#468,.F.) ;
#488=ORIENTED_EDGE('',*,*,#481,.F.) ;
#489=ORIENTED_EDGE('',*,*,#486,.F.) ;
#506=ORIENTED_EDGE('',*,*,#499,.F.) ;
#507=ORIENTED_EDGE('',*,*,#504,.F.) ;
#556=ORIENTED_EDGE('',*,*,#520,.F.) ;
#557=ORIENTED_EDGE('',*,*,#533,.F.) ;
#558=ORIENTED_EDGE('',*,*,#543,.F.) ;
#559=ORIENTED_EDGE('',*,*,#554,.F.) ;
#607=ORIENTED_EDGE('',*,*,#572,.F.) ;
#608=ORIENTED_EDGE('',*,*,#585,.F.) ;
#609=ORIENTED_EDGE('',*,*,#595,.F.) ;
#610=ORIENTED_EDGE('',*,*,#600,.F.) ;
#611=ORIENTED_EDGE('',*,*,#82,.F.) ;
#612=ORIENTED_EDGE('',*,*,#605,.F.) ;
#661=ORIENTED_EDGE('',*,*,#628,.F.) ;
#662=ORIENTED_EDGE('',*,*,#638,.F.) ;
#663=ORIENTED_EDGE('',*,*,#651,.F.) ;
#664=ORIENTED_EDGE('',*,*,#659,.F.) ;
#681=ORIENTED_EDGE('',*,*,#674,.F.) ;
#682=ORIENTED_EDGE('',*,*,#679,.F.) ;
#713=ORIENTED_EDGE('',*,*,#692,.T.) ;
#714=ORIENTED_EDGE('',*,*,#699,.T.) ;
#715=ORIENTED_EDGE('',*,*,#706,.T.) ;
#716=ORIENTED_EDGE('',*,*,#711,.T.) ;
#747=ORIENTED_EDGE('',*,*,#726,.T.) ;
#748=ORIENTED_EDGE('',*,*,#733,.T.) ;
#749=ORIENTED_EDGE('',*,*,#740,.T.) ;
#750=ORIENTED_EDGE('',*,*,#745,.T.) ;
#753=ORIENTED_EDGE('',*,*,#162,.F.) ;
#754=ORIENTED_EDGE('',*,*,#186,.F.) ;
#771=ORIENTED_EDGE('',*,*,#764,.F.) ;
#772=ORIENTED_EDGE('',*,*,#769,.F.) ;
#789=ORIENTED_EDGE('',*,*,#782,.F.) ;
#790=ORIENTED_EDGE('',*,*,#787,.F.) ;
#807=ORIENTED_EDGE('',*,*,#800,.F.) ;
#808=ORIENTED_EDGE('',*,*,#805,.F.) ;
#957=ORIENTED_EDGE('',*,*,#824,.F.) ;
#958=ORIENTED_EDGE('',*,*,#831,.F.) ;
#959=ORIENTED_EDGE('',*,*,#838,.F.) ;
#960=ORIENTED_EDGE('',*,*,#845,.F.) ;
#961=ORIENTED_EDGE('',*,*,#852,.F.) ;
#962=ORIENTED_EDGE('',*,*,#859,.F.) ;
#963=ORIENTED_EDGE('',*,*,#866,.F.) ;
#964=ORIENTED_EDGE('',*,*,#873,.F.) ;
#965=ORIENTED_EDGE('',*,*,#880,.F.) ;
#966=ORIENTED_EDGE('',*,*,#887,.F.) ;
#967=ORIENTED_EDGE('',*,*,#894,.F.) ;
#968=ORIENTED_EDGE('',*,*,#901,.F.) ;
#969=ORIENTED_EDGE('',*,*,#908,.F.) ;
#970=ORIENTED_EDGE('',*,*,#915,.F.) ;
#971=ORIENTED_EDGE('',*,*,#922,.F.) ;
#972=ORIENTED_EDGE('',*,*,#929,.F.) ;
#973=ORIENTED_EDGE('',*,*,#936,.F.) ;
#974=ORIENTED_EDGE('',*,*,#943,.F.) ;
#975=ORIENTED_EDGE('',*,*,#950,.F.) ;
#976=ORIENTED_EDGE('',*,*,#955,.F.) ;
#998=ORIENTED_EDGE('',*,*,#134,.T.) ;
#999=ORIENTED_EDGE('',*,*,#984,.T.) ;
#1000=ORIENTED_EDGE('',*,*,#991,.T.) ;
#1001=ORIENTED_EDGE('',*,*,#996,.T.) ;
#1018=ORIENTED_EDGE('',*,*,#1011,.T.) ;
#1019=ORIENTED_EDGE('',*,*,#1016,.T.) ;
#1036=ORIENTED_EDGE('',*,*,#1029,.T.) ;
#1037=ORIENTED_EDGE('',*,*,#1034,.T.) ;
#1054=ORIENTED_EDGE('',*,*,#1047,.T.) ;
#1055=ORIENTED_EDGE('',*,*,#1052,.T.) ;
#1072=ORIENTED_EDGE('',*,*,#1065,.T.) ;
#1073=ORIENTED_EDGE('',*,*,#1070,.T.) ;
#1095=ORIENTED_EDGE('',*,*,#1083,.T.) ;
#1096=ORIENTED_EDGE('',*,*,#1088,.T.) ;
#1097=ORIENTED_EDGE('',*,*,#94,.T.) ;
#1098=ORIENTED_EDGE('',*,*,#1093,.T.) ;
#1129=ORIENTED_EDGE('',*,*,#1108,.T.) ;
#1130=ORIENTED_EDGE('',*,*,#1115,.T.) ;
#1131=ORIENTED_EDGE('',*,*,#1122,.T.) ;
#1132=ORIENTED_EDGE('',*,*,#1127,.T.) ;
#1163=ORIENTED_EDGE('',*,*,#1142,.T.) ;
#1164=ORIENTED_EDGE('',*,*,#1149,.T.) ;
#1165=ORIENTED_EDGE('',*,*,#1156,.T.) ;
#1166=ORIENTED_EDGE('',*,*,#1161,.T.) ;
#1183=ORIENTED_EDGE('',*,*,#1176,.T.) ;
#1184=ORIENTED_EDGE('',*,*,#1181,.T.) ;
#1187=ORIENTED_EDGE('',*,*,#191,.T.) ;
#1188=ORIENTED_EDGE('',*,*,#174,.T.) ;
#1205=ORIENTED_EDGE('',*,*,#1198,.T.) ;
#1206=ORIENTED_EDGE('',*,*,#1203,.T.) ;
#1223=ORIENTED_EDGE('',*,*,#1216,.T.) ;
#1224=ORIENTED_EDGE('',*,*,#1221,.T.) ;
#1241=ORIENTED_EDGE('',*,*,#1234,.T.) ;
#1242=ORIENTED_EDGE('',*,*,#1239,.T.) ;
#1261=ORIENTED_EDGE('',*,*,#1254,.T.) ;
#1262=ORIENTED_EDGE('',*,*,#955,.T.) ;
#1263=ORIENTED_EDGE('',*,*,#1259,.F.) ;
#1264=ORIENTED_EDGE('',*,*,#212,.F.) ;
#1278=ORIENTED_EDGE('',*,*,#950,.T.) ;
#1279=ORIENTED_EDGE('',*,*,#1276,.F.) ;
#1280=ORIENTED_EDGE('',*,*,#219,.T.) ;
#1281=ORIENTED_EDGE('',*,*,#1259,.T.) ;
#1295=ORIENTED_EDGE('',*,*,#1276,.T.) ;
#1296=ORIENTED_EDGE('',*,*,#943,.T.) ;
#1297=ORIENTED_EDGE('',*,*,#1293,.F.) ;
#1298=ORIENTED_EDGE('',*,*,#226,.F.) ;
#1319=ORIENTED_EDGE('',*,*,#1312,.T.) ;
#1320=ORIENTED_EDGE('',*,*,#1317,.T.) ;
#1321=ORIENTED_EDGE('',*,*,#233,.F.) ;
#1322=ORIENTED_EDGE('',*,*,#1293,.T.) ;
#1323=ORIENTED_EDGE('',*,*,#936,.T.) ;
#1352=ORIENTED_EDGE('',*,*,#1317,.F.) ;
#1353=ORIENTED_EDGE('',*,*,#1345,.F.) ;
#1354=ORIENTED_EDGE('',*,*,#1350,.T.) ;
#1355=ORIENTED_EDGE('',*,*,#243,.F.) ;
#1376=ORIENTED_EDGE('',*,*,#1350,.F.) ;
#1377=ORIENTED_EDGE('',*,*,#1362,.F.) ;
#1378=ORIENTED_EDGE('',*,*,#922,.T.) ;
#1379=ORIENTED_EDGE('',*,*,#1369,.T.) ;
#1380=ORIENTED_EDGE('',*,*,#1374,.T.) ;
#1381=ORIENTED_EDGE('',*,*,#253,.F.) ;
#1410=ORIENTED_EDGE('',*,*,#1400,.T.) ;
#1411=ORIENTED_EDGE('',*,*,#263,.F.) ;
#1412=ORIENTED_EDGE('',*,*,#1374,.F.) ;
#1413=ORIENTED_EDGE('',*,*,#1408,.F.) ;
#1432=ORIENTED_EDGE('',*,*,#1400,.F.) ;
#1433=ORIENTED_EDGE('',*,*,#1425,.F.) ;
#1434=ORIENTED_EDGE('',*,*,#908,.T.) ;
#1435=ORIENTED_EDGE('',*,*,#1430,.F.) ;
#1436=ORIENTED_EDGE('',*,*,#270,.F.) ;
#1445=ORIENTED_EDGE('',*,*,#1443,.F.) ;
#1446=ORIENTED_EDGE('',*,*,#277,.F.) ;
#1447=ORIENTED_EDGE('',*,*,#1430,.T.) ;
#1448=ORIENTED_EDGE('',*,*,#901,.T.) ;
#1462=ORIENTED_EDGE('',*,*,#894,.T.) ;
#1463=ORIENTED_EDGE('',*,*,#1460,.F.) ;
#1464=ORIENTED_EDGE('',*,*,#284,.T.) ;
#1465=ORIENTED_EDGE('',*,*,#1443,.T.) ;
#1479=ORIENTED_EDGE('',*,*,#1477,.F.) ;
#1480=ORIENTED_EDGE('',*,*,#291,.F.) ;
#1481=ORIENTED_EDGE('',*,*,#1460,.T.) ;
#1482=ORIENTED_EDGE('',*,*,#887,.T.) ;
#1496=ORIENTED_EDGE('',*,*,#880,.T.) ;
#1497=ORIENTED_EDGE('',*,*,#1494,.F.) ;
#1498=ORIENTED_EDGE('',*,*,#298,.T.) ;
#1499=ORIENTED_EDGE('',*,*,#1477,.T.) ;
#1513=ORIENTED_EDGE('',*,*,#1494,.T.) ;
#1514=ORIENTED_EDGE('',*,*,#873,.T.) ;
#1515=ORIENTED_EDGE('',*,*,#1511,.F.) ;
#1516=ORIENTED_EDGE('',*,*,#305,.F.) ;
#1532=ORIENTED_EDGE('',*,*,#1525,.F.) ;
#1533=ORIENTED_EDGE('',*,*,#1530,.T.) ;
#1534=ORIENTED_EDGE('',*,*,#312,.F.) ;
#1535=ORIENTED_EDGE('',*,*,#1511,.T.) ;
#1536=ORIENTED_EDGE('',*,*,#866,.T.) ;
#1565=ORIENTED_EDGE('',*,*,#1530,.F.) ;
#1566=ORIENTED_EDGE('',*,*,#1558,.F.) ;
#1567=ORIENTED_EDGE('',*,*,#1563,.T.) ;
#1568=ORIENTED_EDGE('',*,*,#322,.F.) ;
#1589=ORIENTED_EDGE('',*,*,#1563,.F.) ;
#1590=ORIENTED_EDGE('',*,*,#1575,.F.) ;
#1591=ORIENTED_EDGE('',*,*,#852,.T.) ;
#1592=ORIENTED_EDGE('',*,*,#1582,.T.) ;
#1593=ORIENTED_EDGE('',*,*,#1587,.T.) ;
#1594=ORIENTED_EDGE('',*,*,#332,.F.) ;
#1623=ORIENTED_EDGE('',*,*,#1613,.T.) ;
#1624=ORIENTED_EDGE('',*,*,#342,.F.) ;
#1625=ORIENTED_EDGE('',*,*,#1587,.F.) ;
#1626=ORIENTED_EDGE('',*,*,#1621,.F.) ;
#1640=ORIENTED_EDGE('',*,*,#1613,.F.) ;
#1641=ORIENTED_EDGE('',*,*,#1633,.F.) ;
#1642=ORIENTED_EDGE('',*,*,#838,.T.) ;
#1643=ORIENTED_EDGE('',*,*,#1638,.F.) ;
#1644=ORIENTED_EDGE('',*,*,#349,.F.) ;
#1653=ORIENTED_EDGE('',*,*,#1651,.F.) ;
#1654=ORIENTED_EDGE('',*,*,#356,.F.) ;
#1655=ORIENTED_EDGE('',*,*,#1638,.T.) ;
#1656=ORIENTED_EDGE('',*,*,#831,.T.) ;
#1665=ORIENTED_EDGE('',*,*,#824,.T.) ;
#1666=ORIENTED_EDGE('',*,*,#1254,.F.) ;
#1667=ORIENTED_EDGE('',*,*,#361,.T.) ;
#1668=ORIENTED_EDGE('',*,*,#1651,.T.) ;
#1710=ORIENTED_EDGE('',*,*,#408,.T.) ;
#1711=ORIENTED_EDGE('',*,*,#1690,.F.) ;
#1712=ORIENTED_EDGE('',*,*,#1703,.F.) ;
#1713=ORIENTED_EDGE('',*,*,#1708,.T.) ;
#1741=ORIENTED_EDGE('',*,*,#445,.T.) ;
#1742=ORIENTED_EDGE('',*,*,#1727,.F.) ;
#1743=ORIENTED_EDGE('',*,*,#1734,.F.) ;
#1744=ORIENTED_EDGE('',*,*,#1739,.T.) ;
#1753=ORIENTED_EDGE('',*,*,#450,.T.) ;
#1754=ORIENTED_EDGE('',*,*,#1739,.F.) ;
#1755=ORIENTED_EDGE('',*,*,#1751,.F.) ;
#1756=ORIENTED_EDGE('',*,*,#1727,.T.) ;
#1784=ORIENTED_EDGE('',*,*,#463,.T.) ;
#1785=ORIENTED_EDGE('',*,*,#1770,.F.) ;
#1786=ORIENTED_EDGE('',*,*,#1777,.F.) ;
#1787=ORIENTED_EDGE('',*,*,#1782,.T.) ;
#1796=ORIENTED_EDGE('',*,*,#468,.T.) ;
#1797=ORIENTED_EDGE('',*,*,#1782,.F.) ;
#1798=ORIENTED_EDGE('',*,*,#1794,.F.) ;
#1799=ORIENTED_EDGE('',*,*,#1770,.T.) ;
#1827=ORIENTED_EDGE('',*,*,#481,.T.) ;
#1828=ORIENTED_EDGE('',*,*,#1813,.F.) ;
#1829=ORIENTED_EDGE('',*,*,#1820,.F.) ;
#1830=ORIENTED_EDGE('',*,*,#1825,.T.) ;
#1839=ORIENTED_EDGE('',*,*,#486,.T.) ;
#1840=ORIENTED_EDGE('',*,*,#1825,.F.) ;
#1841=ORIENTED_EDGE('',*,*,#1837,.F.) ;
#1842=ORIENTED_EDGE('',*,*,#1813,.T.) ;
#1870=ORIENTED_EDGE('',*,*,#499,.T.) ;
#1871=ORIENTED_EDGE('',*,*,#1856,.F.) ;
#1872=ORIENTED_EDGE('',*,*,#1863,.F.) ;
#1873=ORIENTED_EDGE('',*,*,#1868,.T.) ;
#1882=ORIENTED_EDGE('',*,*,#504,.T.) ;
#1883=ORIENTED_EDGE('',*,*,#1868,.F.) ;
#1884=ORIENTED_EDGE('',*,*,#1880,.F.) ;
#1885=ORIENTED_EDGE('',*,*,#1856,.T.) ;
#1918=ORIENTED_EDGE('',*,*,#520,.T.) ;
#1919=ORIENTED_EDGE('',*,*,#1899,.F.) ;
#1920=ORIENTED_EDGE('',*,*,#1904,.F.) ;
#1921=ORIENTED_EDGE('',*,*,#1108,.F.) ;
#1922=ORIENTED_EDGE('',*,*,#1911,.T.) ;
#1923=ORIENTED_EDGE('',*,*,#1916,.T.) ;
#1958=ORIENTED_EDGE('',*,*,#533,.T.) ;
#1959=ORIENTED_EDGE('',*,*,#1916,.F.) ;
#1960=ORIENTED_EDGE('',*,*,#1951,.F.) ;
#1961=ORIENTED_EDGE('',*,*,#1956,.T.) ;
#1987=ORIENTED_EDGE('',*,*,#543,.T.) ;
#1988=ORIENTED_EDGE('',*,*,#1956,.F.) ;
#1989=ORIENTED_EDGE('',*,*,#1973,.F.) ;
#1990=ORIENTED_EDGE('',*,*,#1122,.F.) ;
#1991=ORIENTED_EDGE('',*,*,#1980,.T.) ;
#1992=ORIENTED_EDGE('',*,*,#1985,.T.) ;
#2020=ORIENTED_EDGE('',*,*,#554,.T.) ;
#2021=ORIENTED_EDGE('',*,*,#1985,.F.) ;
#2022=ORIENTED_EDGE('',*,*,#2018,.F.) ;
#2023=ORIENTED_EDGE('',*,*,#1899,.T.) ;
#2065=ORIENTED_EDGE('',*,*,#585,.T.) ;
#2066=ORIENTED_EDGE('',*,*,#2045,.F.) ;
#2067=ORIENTED_EDGE('',*,*,#2058,.F.) ;
#2068=ORIENTED_EDGE('',*,*,#2063,.T.) ;
#2110=ORIENTED_EDGE('',*,*,#628,.T.) ;
#2111=ORIENTED_EDGE('',*,*,#2090,.F.) ;
#2112=ORIENTED_EDGE('',*,*,#2103,.F.) ;
#2113=ORIENTED_EDGE('',*,*,#2108,.T.) ;
#2139=ORIENTED_EDGE('',*,*,#638,.T.) ;
#2140=ORIENTED_EDGE('',*,*,#2108,.F.) ;
#2141=ORIENTED_EDGE('',*,*,#2125,.F.) ;
#2142=ORIENTED_EDGE('',*,*,#1161,.F.) ;
#2143=ORIENTED_EDGE('',*,*,#2132,.T.) ;
#2144=ORIENTED_EDGE('',*,*,#2137,.T.) ;
#2179=ORIENTED_EDGE('',*,*,#651,.T.) ;
#2180=ORIENTED_EDGE('',*,*,#2137,.F.) ;
#2181=ORIENTED_EDGE('',*,*,#2172,.F.) ;
#2182=ORIENTED_EDGE('',*,*,#2177,.T.) ;
#2201=ORIENTED_EDGE('',*,*,#659,.T.) ;
#2202=ORIENTED_EDGE('',*,*,#2177,.F.) ;
#2203=ORIENTED_EDGE('',*,*,#2194,.F.) ;
#2204=ORIENTED_EDGE('',*,*,#1149,.F.) ;
#2205=ORIENTED_EDGE('',*,*,#2199,.T.) ;
#2206=ORIENTED_EDGE('',*,*,#2090,.T.) ;
#2234=ORIENTED_EDGE('',*,*,#674,.T.) ;
#2235=ORIENTED_EDGE('',*,*,#2220,.F.) ;
#2236=ORIENTED_EDGE('',*,*,#2227,.F.) ;
#2237=ORIENTED_EDGE('',*,*,#2232,.T.) ;
#2246=ORIENTED_EDGE('',*,*,#679,.T.) ;
#2247=ORIENTED_EDGE('',*,*,#2232,.F.) ;
#2248=ORIENTED_EDGE('',*,*,#2244,.F.) ;
#2249=ORIENTED_EDGE('',*,*,#2220,.T.) ;
#2277=ORIENTED_EDGE('',*,*,#2263,.T.) ;
#2278=ORIENTED_EDGE('',*,*,#692,.F.) ;
#2279=ORIENTED_EDGE('',*,*,#2270,.T.) ;
#2280=ORIENTED_EDGE('',*,*,#2275,.F.) ;
#2301=ORIENTED_EDGE('',*,*,#699,.F.) ;
#2302=ORIENTED_EDGE('',*,*,#2263,.F.) ;
#2303=ORIENTED_EDGE('',*,*,#2294,.T.) ;
#2304=ORIENTED_EDGE('',*,*,#2299,.F.) ;
#2325=ORIENTED_EDGE('',*,*,#706,.F.) ;
#2326=ORIENTED_EDGE('',*,*,#2299,.T.) ;
#2327=ORIENTED_EDGE('',*,*,#2318,.F.) ;
#2328=ORIENTED_EDGE('',*,*,#2323,.T.) ;
#2342=ORIENTED_EDGE('',*,*,#711,.F.) ;
#2343=ORIENTED_EDGE('',*,*,#2323,.F.) ;
#2344=ORIENTED_EDGE('',*,*,#2340,.T.) ;
#2345=ORIENTED_EDGE('',*,*,#2270,.F.) ;
#2373=ORIENTED_EDGE('',*,*,#726,.F.) ;
#2374=ORIENTED_EDGE('',*,*,#2359,.T.) ;
#2375=ORIENTED_EDGE('',*,*,#2366,.F.) ;
#2376=ORIENTED_EDGE('',*,*,#2371,.T.) ;
#2397=ORIENTED_EDGE('',*,*,#733,.F.) ;
#2398=ORIENTED_EDGE('',*,*,#2371,.F.) ;
#2399=ORIENTED_EDGE('',*,*,#2390,.T.) ;
#2400=ORIENTED_EDGE('',*,*,#2395,.F.) ;
#2421=ORIENTED_EDGE('',*,*,#2414,.T.) ;
#2422=ORIENTED_EDGE('',*,*,#740,.F.) ;
#2423=ORIENTED_EDGE('',*,*,#2395,.T.) ;
#2424=ORIENTED_EDGE('',*,*,#2419,.F.) ;
#2438=ORIENTED_EDGE('',*,*,#745,.F.) ;
#2439=ORIENTED_EDGE('',*,*,#2414,.F.) ;
#2440=ORIENTED_EDGE('',*,*,#2436,.T.) ;
#2441=ORIENTED_EDGE('',*,*,#2359,.F.) ;
#2460=ORIENTED_EDGE('',*,*,#2453,.F.) ;
#2461=ORIENTED_EDGE('',*,*,#764,.T.) ;
#2462=ORIENTED_EDGE('',*,*,#2458,.T.) ;
#2463=ORIENTED_EDGE('',*,*,#1203,.F.) ;
#2467=ORIENTED_EDGE('',*,*,#2458,.F.) ;
#2468=ORIENTED_EDGE('',*,*,#769,.T.) ;
#2469=ORIENTED_EDGE('',*,*,#2453,.T.) ;
#2470=ORIENTED_EDGE('',*,*,#1198,.F.) ;
#2489=ORIENTED_EDGE('',*,*,#2482,.F.) ;
#2490=ORIENTED_EDGE('',*,*,#782,.T.) ;
#2491=ORIENTED_EDGE('',*,*,#2487,.T.) ;
#2492=ORIENTED_EDGE('',*,*,#1221,.F.) ;
#2496=ORIENTED_EDGE('',*,*,#2487,.F.) ;
#2497=ORIENTED_EDGE('',*,*,#787,.T.) ;
#2498=ORIENTED_EDGE('',*,*,#2482,.T.) ;
#2499=ORIENTED_EDGE('',*,*,#1216,.F.) ;
#2518=ORIENTED_EDGE('',*,*,#2511,.F.) ;
#2519=ORIENTED_EDGE('',*,*,#800,.T.) ;
#2520=ORIENTED_EDGE('',*,*,#2516,.T.) ;
#2521=ORIENTED_EDGE('',*,*,#1239,.F.) ;
#2525=ORIENTED_EDGE('',*,*,#2516,.F.) ;
#2526=ORIENTED_EDGE('',*,*,#805,.T.) ;
#2527=ORIENTED_EDGE('',*,*,#2511,.T.) ;
#2528=ORIENTED_EDGE('',*,*,#1234,.F.) ;
#2537=ORIENTED_EDGE('',*,*,#929,.T.) ;
#2538=ORIENTED_EDGE('',*,*,#1362,.T.) ;
#2539=ORIENTED_EDGE('',*,*,#1345,.T.) ;
#2540=ORIENTED_EDGE('',*,*,#1312,.F.) ;
#2549=ORIENTED_EDGE('',*,*,#1408,.T.) ;
#2550=ORIENTED_EDGE('',*,*,#1369,.F.) ;
#2551=ORIENTED_EDGE('',*,*,#915,.T.) ;
#2552=ORIENTED_EDGE('',*,*,#1425,.T.) ;
#2561=ORIENTED_EDGE('',*,*,#859,.T.) ;
#2562=ORIENTED_EDGE('',*,*,#1575,.T.) ;
#2563=ORIENTED_EDGE('',*,*,#1558,.T.) ;
#2564=ORIENTED_EDGE('',*,*,#1525,.T.) ;
#2573=ORIENTED_EDGE('',*,*,#1621,.T.) ;
#2574=ORIENTED_EDGE('',*,*,#1582,.F.) ;
#2575=ORIENTED_EDGE('',*,*,#845,.T.) ;
#2576=ORIENTED_EDGE('',*,*,#1633,.T.) ;
#2595=ORIENTED_EDGE('',*,*,#1703,.T.) ;
#2596=ORIENTED_EDGE('',*,*,#2588,.F.) ;
#2597=ORIENTED_EDGE('',*,*,#991,.F.) ;
#2598=ORIENTED_EDGE('',*,*,#2593,.T.) ;
#2617=ORIENTED_EDGE('',*,*,#1734,.T.) ;
#2618=ORIENTED_EDGE('',*,*,#2610,.F.) ;
#2619=ORIENTED_EDGE('',*,*,#1016,.F.) ;
#2620=ORIENTED_EDGE('',*,*,#2615,.T.) ;
#2624=ORIENTED_EDGE('',*,*,#1751,.T.) ;
#2625=ORIENTED_EDGE('',*,*,#2615,.F.) ;
#2626=ORIENTED_EDGE('',*,*,#1011,.F.) ;
#2627=ORIENTED_EDGE('',*,*,#2610,.T.) ;
#2646=ORIENTED_EDGE('',*,*,#1777,.T.) ;
#2647=ORIENTED_EDGE('',*,*,#2639,.F.) ;
#2648=ORIENTED_EDGE('',*,*,#1034,.F.) ;
#2649=ORIENTED_EDGE('',*,*,#2644,.T.) ;
#2653=ORIENTED_EDGE('',*,*,#1794,.T.) ;
#2654=ORIENTED_EDGE('',*,*,#2644,.F.) ;
#2655=ORIENTED_EDGE('',*,*,#1029,.F.) ;
#2656=ORIENTED_EDGE('',*,*,#2639,.T.) ;
#2675=ORIENTED_EDGE('',*,*,#1820,.T.) ;
#2676=ORIENTED_EDGE('',*,*,#2668,.F.) ;
#2677=ORIENTED_EDGE('',*,*,#1052,.F.) ;
#2678=ORIENTED_EDGE('',*,*,#2673,.T.) ;
#2682=ORIENTED_EDGE('',*,*,#1837,.T.) ;
#2683=ORIENTED_EDGE('',*,*,#2673,.F.) ;
#2684=ORIENTED_EDGE('',*,*,#1047,.F.) ;
#2685=ORIENTED_EDGE('',*,*,#2668,.T.) ;
#2704=ORIENTED_EDGE('',*,*,#1863,.T.) ;
#2705=ORIENTED_EDGE('',*,*,#2697,.F.) ;
#2706=ORIENTED_EDGE('',*,*,#1070,.F.) ;
#2707=ORIENTED_EDGE('',*,*,#2702,.T.) ;
#2711=ORIENTED_EDGE('',*,*,#1880,.T.) ;
#2712=ORIENTED_EDGE('',*,*,#2702,.F.) ;
#2713=ORIENTED_EDGE('',*,*,#1065,.F.) ;
#2714=ORIENTED_EDGE('',*,*,#2697,.T.) ;
#2733=ORIENTED_EDGE('',*,*,#2058,.T.) ;
#2734=ORIENTED_EDGE('',*,*,#2726,.F.) ;
#2735=ORIENTED_EDGE('',*,*,#1083,.F.) ;
#2736=ORIENTED_EDGE('',*,*,#2731,.T.) ;
#2745=ORIENTED_EDGE('',*,*,#1951,.T.) ;
#2746=ORIENTED_EDGE('',*,*,#1911,.F.) ;
#2747=ORIENTED_EDGE('',*,*,#1127,.F.) ;
#2748=ORIENTED_EDGE('',*,*,#1973,.T.) ;
#2757=ORIENTED_EDGE('',*,*,#2018,.T.) ;
#2758=ORIENTED_EDGE('',*,*,#1980,.F.) ;
#2759=ORIENTED_EDGE('',*,*,#1115,.F.) ;
#2760=ORIENTED_EDGE('',*,*,#1904,.T.) ;
#2769=ORIENTED_EDGE('',*,*,#2172,.T.) ;
#2770=ORIENTED_EDGE('',*,*,#2132,.F.) ;
#2771=ORIENTED_EDGE('',*,*,#1156,.F.) ;
#2772=ORIENTED_EDGE('',*,*,#2194,.T.) ;
#2781=ORIENTED_EDGE('',*,*,#2103,.T.) ;
#2782=ORIENTED_EDGE('',*,*,#2199,.F.) ;
#2783=ORIENTED_EDGE('',*,*,#1142,.F.) ;
#2784=ORIENTED_EDGE('',*,*,#2125,.T.) ;
#2803=ORIENTED_EDGE('',*,*,#2227,.T.) ;
#2804=ORIENTED_EDGE('',*,*,#2796,.F.) ;
#2805=ORIENTED_EDGE('',*,*,#1181,.F.) ;
#2806=ORIENTED_EDGE('',*,*,#2801,.T.) ;
#2810=ORIENTED_EDGE('',*,*,#2244,.T.) ;
#2811=ORIENTED_EDGE('',*,*,#2801,.F.) ;
#2812=ORIENTED_EDGE('',*,*,#1176,.F.) ;
#2813=ORIENTED_EDGE('',*,*,#2796,.T.) ;
#2822=ORIENTED_EDGE('',*,*,#2318,.T.) ;
#2823=ORIENTED_EDGE('',*,*,#2294,.F.) ;
#2824=ORIENTED_EDGE('',*,*,#2275,.T.) ;
#2825=ORIENTED_EDGE('',*,*,#2340,.F.) ;
#2829=ORIENTED_EDGE('',*,*,#2419,.T.) ;
#2830=ORIENTED_EDGE('',*,*,#2390,.F.) ;
#2831=ORIENTED_EDGE('',*,*,#2366,.T.) ;
#2832=ORIENTED_EDGE('',*,*,#2436,.F.) ;
#2841=ORIENTED_EDGE('',*,*,#129,.F.) ;
#2842=ORIENTED_EDGE('',*,*,#423,.T.) ;
#2843=ORIENTED_EDGE('',*,*,#418,.T.) ;
#2844=ORIENTED_EDGE('',*,*,#1708,.F.) ;
#2845=ORIENTED_EDGE('',*,*,#2593,.F.) ;
#2846=ORIENTED_EDGE('',*,*,#984,.F.) ;
#2855=ORIENTED_EDGE('',*,*,#428,.T.) ;
#2856=ORIENTED_EDGE('',*,*,#115,.T.) ;
#2857=ORIENTED_EDGE('',*,*,#996,.F.) ;
#2858=ORIENTED_EDGE('',*,*,#2588,.T.) ;
#2859=ORIENTED_EDGE('',*,*,#1690,.T.) ;
#2860=ORIENTED_EDGE('',*,*,#395,.T.) ;
#2869=ORIENTED_EDGE('',*,*,#89,.F.) ;
#2870=ORIENTED_EDGE('',*,*,#600,.T.) ;
#2871=ORIENTED_EDGE('',*,*,#595,.T.) ;
#2872=ORIENTED_EDGE('',*,*,#2063,.F.) ;
#2873=ORIENTED_EDGE('',*,*,#2731,.F.) ;
#2874=ORIENTED_EDGE('',*,*,#1093,.F.) ;
#2883=ORIENTED_EDGE('',*,*,#605,.T.) ;
#2884=ORIENTED_EDGE('',*,*,#75,.T.) ;
#2885=ORIENTED_EDGE('',*,*,#1088,.F.) ;
#2886=ORIENTED_EDGE('',*,*,#2726,.T.) ;
#2887=ORIENTED_EDGE('',*,*,#2045,.T.) ;
#2888=ORIENTED_EDGE('',*,*,#572,.T.) ;
#436=FACE_BOUND('',#429,.T.) ;
#454=FACE_BOUND('',#451,.T.) ;
#472=FACE_BOUND('',#469,.T.) ;
#490=FACE_BOUND('',#487,.T.) ;
#508=FACE_BOUND('',#505,.T.) ;
#560=FACE_BOUND('',#555,.T.) ;
#613=FACE_BOUND('',#606,.T.) ;
#665=FACE_BOUND('',#660,.T.) ;
#683=FACE_BOUND('',#680,.T.) ;
#717=FACE_BOUND('',#712,.T.) ;
#751=FACE_BOUND('',#746,.T.) ;
#755=FACE_BOUND('',#752,.T.) ;
#773=FACE_BOUND('',#770,.T.) ;
#791=FACE_BOUND('',#788,.T.) ;
#809=FACE_BOUND('',#806,.T.) ;
#1002=FACE_BOUND('',#997,.T.) ;
#1020=FACE_BOUND('',#1017,.T.) ;
#1038=FACE_BOUND('',#1035,.T.) ;
#1056=FACE_BOUND('',#1053,.T.) ;
#1074=FACE_BOUND('',#1071,.T.) ;
#1099=FACE_BOUND('',#1094,.T.) ;
#1133=FACE_BOUND('',#1128,.T.) ;
#1167=FACE_BOUND('',#1162,.T.) ;
#1185=FACE_BOUND('',#1182,.T.) ;
#1189=FACE_BOUND('',#1186,.T.) ;
#1207=FACE_BOUND('',#1204,.T.) ;
#1225=FACE_BOUND('',#1222,.T.) ;
#1243=FACE_BOUND('',#1240,.T.) ;
#61=CLOSED_SHELL('Closed Shell',(#101,#141,#181,#198,#810,#1244,#1266,#1283,#1300,#1325,#1357,#1383,#1415,#1438,#1450,#1467,#1484,#1501,#1518,#1538,#1570,#1596,#1628,#1646,#1658,#1670,#1715,#1746,#1758,#1789,#1801,#1832,#1844,#1875,#1887,#1925,#1963,#1994,#2025,#2070,#2115,#2146,#2184,#2208,#2239,#2251,#2282,#2306,#2330,#2347,#2378,#2402,#2426,#2443,#2465,#2472,#2494,#2501,#2523,#2530,#2542,#2554,#2566,#2578,#2600,#2622,#2629,#2651,#2658,#2680,#2687,#2709,#2716,#2738,#2750,#2762,#2774,#2786,#2808,#2815,#2827,#2834,#2848,#2862,#2876,#2890)) ;
#2898=ITEM_DEFINED_TRANSFORMATION(' ',' ',#2900,#2899) ;
#69=VECTOR('Line Direction',#68,1.) ;
#85=VECTOR('Line Direction',#84,1.) ;
#109=VECTOR('Line Direction',#108,1.) ;
#125=VECTOR('Line Direction',#124,1.) ;
#149=VECTOR('Line Direction',#148,1.) ;
#165=VECTOR('Line Direction',#164,1.) ;
#206=VECTOR('Line Direction',#205,1.) ;
#222=VECTOR('Line Direction',#221,1.) ;
#229=VECTOR('Line Direction',#228,1.) ;
#266=VECTOR('Line Direction',#265,1.) ;
#273=VECTOR('Line Direction',#272,1.) ;
#287=VECTOR('Line Direction',#286,1.) ;
#301=VECTOR('Line Direction',#300,1.) ;
#308=VECTOR('Line Direction',#307,1.) ;
#345=VECTOR('Line Direction',#344,1.) ;
#352=VECTOR('Line Direction',#351,1.) ;
#421=VECTOR('Line Direction',#420,1.) ;
#426=VECTOR('Line Direction',#425,1.) ;
#598=VECTOR('Line Direction',#597,1.) ;
#603=VECTOR('Line Direction',#602,1.) ;
#686=VECTOR('Line Direction',#685,1.) ;
#695=VECTOR('Line Direction',#694,1.) ;
#702=VECTOR('Line Direction',#701,1.) ;
#709=VECTOR('Line Direction',#708,1.) ;
#720=VECTOR('Line Direction',#719,1.) ;
#729=VECTOR('Line Direction',#728,1.) ;
#736=VECTOR('Line Direction',#735,1.) ;
#743=VECTOR('Line Direction',#742,1.) ;
#827=VECTOR('Line Direction',#826,1.) ;
#834=VECTOR('Line Direction',#833,1.) ;
#848=VECTOR('Line Direction',#847,1.) ;
#862=VECTOR('Line Direction',#861,1.) ;
#869=VECTOR('Line Direction',#868,1.) ;
#883=VECTOR('Line Direction',#882,1.) ;
#897=VECTOR('Line Direction',#896,1.) ;
#904=VECTOR('Line Direction',#903,1.) ;
#918=VECTOR('Line Direction',#917,1.) ;
#932=VECTOR('Line Direction',#931,1.) ;
#939=VECTOR('Line Direction',#938,1.) ;
#953=VECTOR('Line Direction',#952,1.) ;
#980=VECTOR('Line Direction',#979,1.) ;
#994=VECTOR('Line Direction',#993,1.) ;
#1086=VECTOR('Line Direction',#1085,1.) ;
#1091=VECTOR('Line Direction',#1090,1.) ;
#1102=VECTOR('Line Direction',#1101,1.) ;
#1118=VECTOR('Line Direction',#1117,1.) ;
#1145=VECTOR('Line Direction',#1144,1.) ;
#1159=VECTOR('Line Direction',#1158,1.) ;
#1252=VECTOR('Line Direction',#1251,1.) ;
#1257=VECTOR('Line Direction',#1256,1.) ;
#1274=VECTOR('Line Direction',#1273,1.) ;
#1291=VECTOR('Line Direction',#1290,1.) ;
#1308=VECTOR('Line Direction',#1307,1.) ;
#1315=VECTOR('Line Direction',#1314,1.) ;
#1334=VECTOR('Extrusion Surface Vector',#1333,1.) ;
#1348=VECTOR('Line Direction',#1347,1.) ;
#1360=VECTOR('Line Direction',#1359,1.) ;
#1365=VECTOR('Line Direction',#1364,1.) ;
#1372=VECTOR('Line Direction',#1371,1.) ;
#1392=VECTOR('Extrusion Surface Vector',#1391,1.) ;
#1396=VECTOR('Line Direction',#1395,1.) ;
#1423=VECTOR('Line Direction',#1422,1.) ;
#1428=VECTOR('Line Direction',#1427,1.) ;
#1441=VECTOR('Line Direction',#1440,1.) ;
#1458=VECTOR('Line Direction',#1457,1.) ;
#1475=VECTOR('Line Direction',#1474,1.) ;
#1492=VECTOR('Line Direction',#1491,1.) ;
#1509=VECTOR('Line Direction',#1508,1.) ;
#1521=VECTOR('Line Direction',#1520,1.) ;
#1528=VECTOR('Line Direction',#1527,1.) ;
#1547=VECTOR('Extrusion Surface Vector',#1546,1.) ;
#1561=VECTOR('Line Direction',#1560,1.) ;
#1573=VECTOR('Line Direction',#1572,1.) ;
#1578=VECTOR('Line Direction',#1577,1.) ;
#1585=VECTOR('Line Direction',#1584,1.) ;
#1605=VECTOR('Extrusion Surface Vector',#1604,1.) ;
#1609=VECTOR('Line Direction',#1608,1.) ;
#1631=VECTOR('Line Direction',#1630,1.) ;
#1636=VECTOR('Line Direction',#1635,1.) ;
#1649=VECTOR('Line Direction',#1648,1.) ;
#1682=VECTOR('Extrusion Surface Vector',#1681,1.) ;
#1686=VECTOR('Line Direction',#1685,1.) ;
#1706=VECTOR('Line Direction',#1705,1.) ;
#1723=VECTOR('Line Direction',#1722,1.) ;
#1737=VECTOR('Line Direction',#1736,1.) ;
#1766=VECTOR('Line Direction',#1765,1.) ;
#1780=VECTOR('Line Direction',#1779,1.) ;
#1809=VECTOR('Line Direction',#1808,1.) ;
#1823=VECTOR('Line Direction',#1822,1.) ;
#1852=VECTOR('Line Direction',#1851,1.) ;
#1866=VECTOR('Line Direction',#1865,1.) ;
#1895=VECTOR('Line Direction',#1894,1.) ;
#1902=VECTOR('Line Direction',#1901,1.) ;
#1907=VECTOR('Line Direction',#1906,1.) ;
#1914=VECTOR('Line Direction',#1913,1.) ;
#1937=VECTOR('Extrusion Surface Vector',#1936,1.) ;
#1954=VECTOR('Line Direction',#1953,1.) ;
#1971=VECTOR('Line Direction',#1970,1.) ;
#1976=VECTOR('Line Direction',#1975,1.) ;
#1983=VECTOR('Line Direction',#1982,1.) ;
#2006=VECTOR('Extrusion Surface Vector',#2005,1.) ;
#2037=VECTOR('Extrusion Surface Vector',#2036,1.) ;
#2041=VECTOR('Line Direction',#2040,1.) ;
#2061=VECTOR('Line Direction',#2060,1.) ;
#2082=VECTOR('Extrusion Surface Vector',#2081,1.) ;
#2086=VECTOR('Line Direction',#2085,1.) ;
#2106=VECTOR('Line Direction',#2105,1.) ;
#2123=VECTOR('Line Direction',#2122,1.) ;
#2128=VECTOR('Line Direction',#2127,1.) ;
#2135=VECTOR('Line Direction',#2134,1.) ;
#2158=VECTOR('Extrusion Surface Vector',#2157,1.) ;
#2175=VECTOR('Line Direction',#2174,1.) ;
#2192=VECTOR('Line Direction',#2191,1.) ;
#2197=VECTOR('Line Direction',#2196,1.) ;
#2216=VECTOR('Line Direction',#2215,1.) ;
#2230=VECTOR('Line Direction',#2229,1.) ;
#2259=VECTOR('Line Direction',#2258,1.) ;
#2266=VECTOR('Line Direction',#2265,1.) ;
#2273=VECTOR('Line Direction',#2272,1.) ;
#2290=VECTOR('Line Direction',#2289,1.) ;
#2297=VECTOR('Line Direction',#2296,1.) ;
#2314=VECTOR('Line Direction',#2313,1.) ;
#2321=VECTOR('Line Direction',#2320,1.) ;
#2338=VECTOR('Line Direction',#2337,1.) ;
#2355=VECTOR('Line Direction',#2354,1.) ;
#2362=VECTOR('Line Direction',#2361,1.) ;
#2369=VECTOR('Line Direction',#2368,1.) ;
#2386=VECTOR('Line Direction',#2385,1.) ;
#2393=VECTOR('Line Direction',#2392,1.) ;
#2410=VECTOR('Line Direction',#2409,1.) ;
#2417=VECTOR('Line Direction',#2416,1.) ;
#2434=VECTOR('Line Direction',#2433,1.) ;
#2451=VECTOR('Line Direction',#2450,1.) ;
#2456=VECTOR('Line Direction',#2455,1.) ;
#2480=VECTOR('Line Direction',#2479,1.) ;
#2485=VECTOR('Line Direction',#2484,1.) ;
#2509=VECTOR('Line Direction',#2508,1.) ;
#2514=VECTOR('Line Direction',#2513,1.) ;
#2586=VECTOR('Line Direction',#2585,1.) ;
#2591=VECTOR('Line Direction',#2590,1.) ;
#2608=VECTOR('Line Direction',#2607,1.) ;
#2613=VECTOR('Line Direction',#2612,1.) ;
#2637=VECTOR('Line Direction',#2636,1.) ;
#2642=VECTOR('Line Direction',#2641,1.) ;
#2666=VECTOR('Line Direction',#2665,1.) ;
#2671=VECTOR('Line Direction',#2670,1.) ;
#2695=VECTOR('Line Direction',#2694,1.) ;
#2700=VECTOR('Line Direction',#2699,1.) ;
#2724=VECTOR('Line Direction',#2723,1.) ;
#2729=VECTOR('Line Direction',#2728,1.) ;
#2794=VECTOR('Line Direction',#2793,1.) ;
#2799=VECTOR('Line Direction',#2798,1.) ;
#2892=ADVANCED_BREP_SHAPE_REPRESENTATION('NONE',(#2891),#52) ;
#44=SHAPE_REPRESENTATION(' ',(#2899),#50) ;
#53=SHAPE_REPRESENTATION(' ',(#2900),#52) ;
#101=ADVANCED_FACE('\X2\96F64EF651E04F554F53\X0\',(#100),#66,.F.) ;
#141=ADVANCED_FACE('\X2\96F64EF651E04F554F53\X0\',(#140),#106,.F.) ;
#181=ADVANCED_FACE('\X2\96F64EF651E04F554F53\X0\',(#180),#146,.F.) ;
#198=ADVANCED_FACE('\X2\96F64EF651E04F554F53\X0\',(#197),#146,.F.) ;
#810=ADVANCED_FACE('\X2\96F64EF651E04F554F53\X0\',(#383,#436,#454,#472,#490,#508,#560,#613,#665,#683,#717,#751,#755,#773,#791,#809),#203,.T.) ;
#1244=ADVANCED_FACE('\X2\96F64EF651E04F554F53\X0\',(#977,#1002,#1020,#1038,#1056,#1074,#1099,#1133,#1167,#1185,#1189,#1207,#1225,#1243),#815,.F.) ;
#1266=ADVANCED_FACE('\X2\96F64EF651E04F554F53\X0\',(#1265),#1249,.F.) ;
#1283=ADVANCED_FACE('\X2\96F64EF651E04F554F53\X0\',(#1282),#1271,.T.) ;
#1300=ADVANCED_FACE('\X2\96F64EF651E04F554F53\X0\',(#1299),#1288,.F.) ;
#1325=ADVANCED_FACE('\X2\96F64EF651E04F554F53\X0\',(#1324),#1305,.F.) ;
#1357=ADVANCED_FACE('\X2\96F64EF651E04F554F53\X0\',(#1356),#1335,.F.) ;
#1383=ADVANCED_FACE('\X2\96F64EF651E04F554F53\X0\',(#1382),#1288,.F.) ;
#1415=ADVANCED_FACE('\X2\96F64EF651E04F554F53\X0\',(#1414),#1393,.F.) ;
#1438=ADVANCED_FACE('\X2\96F64EF651E04F554F53\X0\',(#1437),#1420,.F.) ;
#1450=ADVANCED_FACE('\X2\96F64EF651E04F554F53\X0\',(#1449),#1288,.F.) ;
#1467=ADVANCED_FACE('\X2\96F64EF651E04F554F53\X0\',(#1466),#1455,.T.) ;
#1484=ADVANCED_FACE('\X2\96F64EF651E04F554F53\X0\',(#1483),#1472,.F.) ;
#1501=ADVANCED_FACE('\X2\96F64EF651E04F554F53\X0\',(#1500),#1489,.T.) ;
#1518=ADVANCED_FACE('\X2\96F64EF651E04F554F53\X0\',(#1517),#1506,.F.) ;
#1538=ADVANCED_FACE('\X2\96F64EF651E04F554F53\X0\',(#1537),#1420,.F.) ;
#1570=ADVANCED_FACE('\X2\96F64EF651E04F554F53\X0\',(#1569),#1548,.F.) ;
#1596=ADVANCED_FACE('\X2\96F64EF651E04F554F53\X0\',(#1595),#1506,.F.) ;
#1628=ADVANCED_FACE('\X2\96F64EF651E04F554F53\X0\',(#1627),#1606,.F.) ;
#1646=ADVANCED_FACE('\X2\96F64EF651E04F554F53\X0\',(#1645),#1305,.F.) ;
#1658=ADVANCED_FACE('\X2\96F64EF651E04F554F53\X0\',(#1657),#1506,.F.) ;
#1670=ADVANCED_FACE('\X2\96F64EF651E04F554F53\X0\',(#1669),#1663,.T.) ;
#1715=ADVANCED_FACE('\X2\96F64EF651E04F554F53\X0\',(#1714),#1683,.F.) ;
#1746=ADVANCED_FACE('\X2\96F64EF651E04F554F53\X0\',(#1745),#1720,.F.) ;
#1758=ADVANCED_FACE('\X2\96F64EF651E04F554F53\X0\',(#1757),#1720,.F.) ;
#1789=ADVANCED_FACE('\X2\96F64EF651E04F554F53\X0\',(#1788),#1763,.F.) ;
#1801=ADVANCED_FACE('\X2\96F64EF651E04F554F53\X0\',(#1800),#1763,.F.) ;
#1832=ADVANCED_FACE('\X2\96F64EF651E04F554F53\X0\',(#1831),#1806,.F.) ;
#1844=ADVANCED_FACE('\X2\96F64EF651E04F554F53\X0\',(#1843),#1806,.F.) ;
#1875=ADVANCED_FACE('\X2\96F64EF651E04F554F53\X0\',(#1874),#1849,.F.) ;
#1887=ADVANCED_FACE('\X2\96F64EF651E04F554F53\X0\',(#1886),#1849,.F.) ;
#1925=ADVANCED_FACE('\X2\96F64EF651E04F554F53\X0\',(#1924),#1892,.T.) ;
#1963=ADVANCED_FACE('\X2\96F64EF651E04F554F53\X0\',(#1962),#1938,.F.) ;
#1994=ADVANCED_FACE('\X2\96F64EF651E04F554F53\X0\',(#1993),#1968,.T.) ;
#2025=ADVANCED_FACE('\X2\96F64EF651E04F554F53\X0\',(#2024),#2007,.F.) ;
#2070=ADVANCED_FACE('\X2\96F64EF651E04F554F53\X0\',(#2069),#2038,.F.) ;
#2115=ADVANCED_FACE('\X2\96F64EF651E04F554F53\X0\',(#2114),#2083,.F.) ;
#2146=ADVANCED_FACE('\X2\96F64EF651E04F554F53\X0\',(#2145),#2120,.T.) ;
#2184=ADVANCED_FACE('\X2\96F64EF651E04F554F53\X0\',(#2183),#2159,.F.) ;
#2208=ADVANCED_FACE('\X2\96F64EF651E04F554F53\X0\',(#2207),#2189,.T.) ;
#2239=ADVANCED_FACE('\X2\96F64EF651E04F554F53\X0\',(#2238),#2213,.F.) ;
#2251=ADVANCED_FACE('\X2\96F64EF651E04F554F53\X0\',(#2250),#2213,.F.) ;
#2282=ADVANCED_FACE('\X2\96F64EF651E04F554F53\X0\',(#2281),#2256,.T.) ;
#2306=ADVANCED_FACE('\X2\96F64EF651E04F554F53\X0\',(#2305),#2287,.F.) ;
#2330=ADVANCED_FACE('\X2\96F64EF651E04F554F53\X0\',(#2329),#2311,.T.) ;
#2347=ADVANCED_FACE('\X2\96F64EF651E04F554F53\X0\',(#2346),#2335,.F.) ;
#2378=ADVANCED_FACE('\X2\96F64EF651E04F554F53\X0\',(#2377),#2352,.T.) ;
#2402=ADVANCED_FACE('\X2\96F64EF651E04F554F53\X0\',(#2401),#2383,.F.) ;
#2426=ADVANCED_FACE('\X2\96F64EF651E04F554F53\X0\',(#2425),#2407,.T.) ;
#2443=ADVANCED_FACE('\X2\96F64EF651E04F554F53\X0\',(#2442),#2431,.F.) ;
#2465=ADVANCED_FACE('\X2\96F64EF651E04F554F53\X0\',(#2464),#2448,.F.) ;
#2472=ADVANCED_FACE('\X2\96F64EF651E04F554F53\X0\',(#2471),#2448,.F.) ;
#2494=ADVANCED_FACE('\X2\96F64EF651E04F554F53\X0\',(#2493),#2477,.F.) ;
#2501=ADVANCED_FACE('\X2\96F64EF651E04F554F53\X0\',(#2500),#2477,.F.) ;
#2523=ADVANCED_FACE('\X2\96F64EF651E04F554F53\X0\',(#2522),#2506,.F.) ;
#2530=ADVANCED_FACE('\X2\96F64EF651E04F554F53\X0\',(#2529),#2506,.F.) ;
#2542=ADVANCED_FACE('\X2\96F64EF651E04F554F53\X0\',(#2541),#2535,.T.) ;
#2554=ADVANCED_FACE('\X2\96F64EF651E04F554F53\X0\',(#2553),#2547,.T.) ;
#2566=ADVANCED_FACE('\X2\96F64EF651E04F554F53\X0\',(#2565),#2559,.T.) ;
#2578=ADVANCED_FACE('\X2\96F64EF651E04F554F53\X0\',(#2577),#2571,.T.) ;
#2600=ADVANCED_FACE('\X2\96F64EF651E04F554F53\X0\',(#2599),#2583,.F.) ;
#2622=ADVANCED_FACE('\X2\96F64EF651E04F554F53\X0\',(#2621),#2605,.F.) ;
#2629=ADVANCED_FACE('\X2\96F64EF651E04F554F53\X0\',(#2628),#2605,.F.) ;
#2651=ADVANCED_FACE('\X2\96F64EF651E04F554F53\X0\',(#2650),#2634,.F.) ;
#2658=ADVANCED_FACE('\X2\96F64EF651E04F554F53\X0\',(#2657),#2634,.F.) ;
#2680=ADVANCED_FACE('\X2\96F64EF651E04F554F53\X0\',(#2679),#2663,.F.) ;
#2687=ADVANCED_FACE('\X2\96F64EF651E04F554F53\X0\',(#2686),#2663,.F.) ;
#2709=ADVANCED_FACE('\X2\96F64EF651E04F554F53\X0\',(#2708),#2692,.F.) ;
#2716=ADVANCED_FACE('\X2\96F64EF651E04F554F53\X0\',(#2715),#2692,.F.) ;
#2738=ADVANCED_FACE('\X2\96F64EF651E04F554F53\X0\',(#2737),#2721,.F.) ;
#2750=ADVANCED_FACE('\X2\96F64EF651E04F554F53\X0\',(#2749),#2743,.F.) ;
#2762=ADVANCED_FACE('\X2\96F64EF651E04F554F53\X0\',(#2761),#2755,.F.) ;
#2774=ADVANCED_FACE('\X2\96F64EF651E04F554F53\X0\',(#2773),#2767,.F.) ;
#2786=ADVANCED_FACE('\X2\96F64EF651E04F554F53\X0\',(#2785),#2779,.F.) ;
#2808=ADVANCED_FACE('\X2\96F64EF651E04F554F53\X0\',(#2807),#2791,.F.) ;
#2815=ADVANCED_FACE('\X2\96F64EF651E04F554F53\X0\',(#2814),#2791,.F.) ;
#2827=ADVANCED_FACE('\X2\96F64EF651E04F554F53\X0\',(#2826),#2820,.T.) ;
#2834=ADVANCED_FACE('\X2\96F64EF651E04F554F53\X0\',(#2833),#2820,.T.) ;
#2848=ADVANCED_FACE('\X2\96F64EF651E04F554F53\X0\',(#2847),#2839,.T.) ;
#2862=ADVANCED_FACE('\X2\96F64EF651E04F554F53\X0\',(#2861),#2853,.T.) ;
#2876=ADVANCED_FACE('\X2\96F64EF651E04F554F53\X0\',(#2875),#2867,.T.) ;
#2890=ADVANCED_FACE('\X2\96F64EF651E04F554F53\X0\',(#2889),#2881,.T.) ;
#4=APPLICATION_PROTOCOL_DEFINITION('international standard','config_control_design',1994,#1) ;
#35=APPROVAL_DATE_TIME(#13,#24) ;
#234=B_SPLINE_CURVE_WITH_KNOTS('',5,(#235,#236,#237,#238,#239,#240),.UNSPECIFIED.,.F.,.U.,(6,6),(0.,0.637751915746),.UNSPECIFIED.) ;
#244=B_SPLINE_CURVE_WITH_KNOTS('',5,(#245,#246,#247,#248,#249,#250),.UNSPECIFIED.,.F.,.U.,(6,6),(0.,40.),.UNSPECIFIED.) ;
#254=B_SPLINE_CURVE_WITH_KNOTS('',5,(#255,#256,#257,#258,#259,#260),.UNSPECIFIED.,.F.,.U.,(6,6),(7.82911596598,8.27443842232),.UNSPECIFIED.) ;
#313=B_SPLINE_CURVE_WITH_KNOTS('',5,(#314,#315,#316,#317,#318,#319),.UNSPECIFIED.,.F.,.U.,(6,6),(0.,0.445322456365),.UNSPECIFIED.) ;
#323=B_SPLINE_CURVE_WITH_KNOTS('',5,(#324,#325,#326,#327,#328,#329),.UNSPECIFIED.,.F.,.U.,(6,6),(0.,40.),.UNSPECIFIED.) ;
#333=B_SPLINE_CURVE_WITH_KNOTS('',5,(#334,#335,#336,#337,#338,#339),.UNSPECIFIED.,.F.,.U.,(6,6),(7.63668651084,8.27443842661),.UNSPECIFIED.) ;
#384=B_SPLINE_CURVE_WITH_KNOTS('',5,(#385,#386,#387,#388,#389,#390),.UNSPECIFIED.,.F.,.U.,(6,6),(0.,5.),.UNSPECIFIED.) ;
#396=B_SPLINE_CURVE_WITH_KNOTS('',5,(#397,#398,#399,#400,#401,#402,#403,#404,#405),.UNSPECIFIED.,.F.,.U.,(6,3,6),(0.,2.51680338111,5.03360676222),.UNSPECIFIED.) ;
#409=B_SPLINE_CURVE_WITH_KNOTS('',5,(#410,#411,#412,#413,#414,#415),.UNSPECIFIED.,.F.,.U.,(6,6),(0.,5.),.UNSPECIFIED.) ;
#509=B_SPLINE_CURVE_WITH_KNOTS('',5,(#510,#511,#512,#513,#514,#515),.UNSPECIFIED.,.F.,.U.,(6,6),(0.,5.),.UNSPECIFIED.) ;
#521=B_SPLINE_CURVE_WITH_KNOTS('',5,(#522,#523,#524,#525,#526,#527,#528,#529,#530),.UNSPECIFIED.,.F.,.U.,(6,3,6),(0.,2.51680338111,5.03360676222),.UNSPECIFIED.) ;
#534=B_SPLINE_CURVE_WITH_KNOTS('',5,(#535,#536,#537,#538,#539,#540),.UNSPECIFIED.,.F.,.U.,(6,6),(0.,5.),.UNSPECIFIED.) ;
#544=B_SPLINE_CURVE_WITH_KNOTS('',5,(#545,#546,#547,#548,#549,#550,#551,#552,#553),.UNSPECIFIED.,.F.,.U.,(6,3,6),(0.,2.51680338111,5.03360676222),.UNSPECIFIED.) ;
#561=B_SPLINE_CURVE_WITH_KNOTS('',5,(#562,#563,#564,#565,#566,#567),.UNSPECIFIED.,.F.,.U.,(6,6),(0.,5.),.UNSPECIFIED.) ;
#573=B_SPLINE_CURVE_WITH_KNOTS('',5,(#574,#575,#576,#577,#578,#579,#580,#581,#582),.UNSPECIFIED.,.F.,.U.,(6,3,6),(0.,2.51680338111,5.03360676222),.UNSPECIFIED.) ;
#586=B_SPLINE_CURVE_WITH_KNOTS('',5,(#587,#588,#589,#590,#591,#592),.UNSPECIFIED.,.F.,.U.,(6,6),(0.,5.),.UNSPECIFIED.) ;
#614=B_SPLINE_CURVE_WITH_KNOTS('',5,(#615,#616,#617,#618,#619,#620,#621,#622,#623),.UNSPECIFIED.,.F.,.U.,(6,3,6),(0.,2.51680338122,5.03360676244),.UNSPECIFIED.) ;
#629=B_SPLINE_CURVE_WITH_KNOTS('',5,(#630,#631,#632,#633,#634,#635),.UNSPECIFIED.,.F.,.U.,(6,6),(0.,5.00000000053),.UNSPECIFIED.) ;
#639=B_SPLINE_CURVE_WITH_KNOTS('',5,(#640,#641,#642,#643,#644,#645,#646,#647,#648),.UNSPECIFIED.,.F.,.U.,(6,3,6),(0.,2.51680338121,5.03360676243),.UNSPECIFIED.) ;
#652=B_SPLINE_CURVE_WITH_KNOTS('',5,(#653,#654,#655,#656,#657,#658),.UNSPECIFIED.,.F.,.U.,(6,6),(0.,5.0000000005),.UNSPECIFIED.) ;
#1326=B_SPLINE_CURVE_WITH_KNOTS('',5,(#1327,#1328,#1329,#1330,#1331,#1332),.UNSPECIFIED.,.F.,.U.,(6,6),(0.,0.637751915746),.UNSPECIFIED.) ;
#1336=B_SPLINE_CURVE_WITH_KNOTS('',5,(#1337,#1338,#1339,#1340,#1341,#1342),.UNSPECIFIED.,.F.,.U.,(6,6),(157.807009957,158.412355187),.UNSPECIFIED.) ;
#1384=B_SPLINE_CURVE_WITH_KNOTS('',5,(#1385,#1386,#1387,#1388,#1389,#1390),.UNSPECIFIED.,.F.,.U.,(6,6),(7.82911596598,8.27443842232),.UNSPECIFIED.) ;
#1401=B_SPLINE_CURVE_WITH_KNOTS('',5,(#1402,#1403,#1404,#1405,#1406,#1407),.UNSPECIFIED.,.F.,.U.,(6,6),(117.384316088,117.807009957),.UNSPECIFIED.) ;
#1539=B_SPLINE_CURVE_WITH_KNOTS('',5,(#1540,#1541,#1542,#1543,#1544,#1545),.UNSPECIFIED.,.F.,.U.,(6,6),(0.,0.445322456365),.UNSPECIFIED.) ;
#1549=B_SPLINE_CURVE_WITH_KNOTS('',5,(#1550,#1551,#1552,#1553,#1554,#1555),.UNSPECIFIED.,.F.,.U.,(6,6),(40.,40.4226938692),.UNSPECIFIED.) ;
#1597=B_SPLINE_CURVE_WITH_KNOTS('',5,(#1598,#1599,#1600,#1601,#1602,#1603),.UNSPECIFIED.,.F.,.U.,(6,6),(7.63668651084,8.27443842661),.UNSPECIFIED.) ;
#1614=B_SPLINE_CURVE_WITH_KNOTS('',5,(#1615,#1616,#1617,#1618,#1619,#1620),.UNSPECIFIED.,.F.,.U.,(6,6),(235.008674687,235.614019917),.UNSPECIFIED.) ;
#1671=B_SPLINE_CURVE_WITH_KNOTS('',5,(#1672,#1673,#1674,#1675,#1676,#1677,#1678,#1679,#1680),.UNSPECIFIED.,.F.,.U.,(6,3,6),(0.,2.51680338111,5.03360676222),.UNSPECIFIED.) ;
#1691=B_SPLINE_CURVE_WITH_KNOTS('',5,(#1692,#1693,#1694,#1695,#1696,#1697,#1698,#1699,#1700),.UNSPECIFIED.,.F.,.U.,(6,3,6),(0.,2.35619449019,4.71238898038),.UNSPECIFIED.) ;
#1926=B_SPLINE_CURVE_WITH_KNOTS('',5,(#1927,#1928,#1929,#1930,#1931,#1932,#1933,#1934,#1935),.UNSPECIFIED.,.F.,.U.,(6,3,6),(0.,2.51680338111,5.03360676222),.UNSPECIFIED.) ;
#1939=B_SPLINE_CURVE_WITH_KNOTS('',5,(#1940,#1941,#1942,#1943,#1944,#1945,#1946,#1947,#1948),.UNSPECIFIED.,.F.,.U.,(6,3,6),(9.71238898038,12.0685834706,14.4247779608),.UNSPECIFIED.) ;
#1995=B_SPLINE_CURVE_WITH_KNOTS('',5,(#1996,#1997,#1998,#1999,#2000,#2001,#2002,#2003,#2004),.UNSPECIFIED.,.F.,.U.,(6,3,6),(0.,2.51680338111,5.03360676222),.UNSPECIFIED.) ;
#2008=B_SPLINE_CURVE_WITH_KNOTS('',5,(#2009,#2010,#2011,#2012,#2013,#2014,#2015,#2016,#2017),.UNSPECIFIED.,.F.,.U.,(6,3,6),(0.,2.35619449019,4.71238898038),.UNSPECIFIED.) ;
#2026=B_SPLINE_CURVE_WITH_KNOTS('',5,(#2027,#2028,#2029,#2030,#2031,#2032,#2033,#2034,#2035),.UNSPECIFIED.,.F.,.U.,(6,3,6),(0.,2.51680338111,5.03360676222),.UNSPECIFIED.) ;
#2046=B_SPLINE_CURVE_WITH_KNOTS('',5,(#2047,#2048,#2049,#2050,#2051,#2052,#2053,#2054,#2055),.UNSPECIFIED.,.F.,.U.,(6,3,6),(9.71238898038,12.0685834706,14.4247779608),.UNSPECIFIED.) ;
#2071=B_SPLINE_CURVE_WITH_KNOTS('',5,(#2072,#2073,#2074,#2075,#2076,#2077,#2078,#2079,#2080),.UNSPECIFIED.,.F.,.U.,(6,3,6),(0.,2.51680338122,5.03360676244),.UNSPECIFIED.) ;
#2091=B_SPLINE_CURVE_WITH_KNOTS('',5,(#2092,#2093,#2094,#2095,#2096,#2097,#2098,#2099,#2100),.UNSPECIFIED.,.F.,.U.,(6,3,6),(9.71238898036,12.0685834705,14.4247779607),.UNSPECIFIED.) ;
#2147=B_SPLINE_CURVE_WITH_KNOTS('',5,(#2148,#2149,#2150,#2151,#2152,#2153,#2154,#2155,#2156),.UNSPECIFIED.,.F.,.U.,(6,3,6),(0.,2.51680338121,5.03360676243),.UNSPECIFIED.) ;
#2160=B_SPLINE_CURVE_WITH_KNOTS('',5,(#2161,#2162,#2163,#2164,#2165,#2166,#2167,#2168,#2169),.UNSPECIFIED.,.F.,.U.,(6,3,6),(0.,2.35619449018,4.71238898036),.UNSPECIFIED.) ;
#2891=MANIFOLD_SOLID_BREP('\X2\96F64EF651E04F554F53\X0\',#61) ;
#11=CALENDAR_DATE(2026,31,7) ;
#33=CC_DESIGN_APPROVAL(#24,(#19,#6,#17)) ;
#21=CC_DESIGN_DATE_AND_TIME_ASSIGNMENT(#13,#20,(#19)) ;
#32=CC_DESIGN_DATE_AND_TIME_ASSIGNMENT(#13,#31,(#17)) ;
#20=DATE_TIME_ROLE('classification_date') ;
#31=DATE_TIME_ROLE('creation_date') ;
#30=CC_DESIGN_PERSON_AND_ORGANIZATION_ASSIGNMENT(#28,#29,(#19)) ;
#36=CC_DESIGN_PERSON_AND_ORGANIZATION_ASSIGNMENT(#28,#37,(#6)) ;
#38=CC_DESIGN_PERSON_AND_ORGANIZATION_ASSIGNMENT(#28,#39,(#6,#17)) ;
#40=CC_DESIGN_PERSON_AND_ORGANIZATION_ASSIGNMENT(#28,#41,(#5)) ;
#29=PERSON_AND_ORGANIZATION_ROLE('classification_officer') ;
#37=PERSON_AND_ORGANIZATION_ROLE('design_supplier') ;
#39=PERSON_AND_ORGANIZATION_ROLE('creator') ;
#41=PERSON_AND_ORGANIZATION_ROLE('design_owner') ;
#42=CC_DESIGN_SECURITY_CLASSIFICATION(#19,(#6,#2894)) ;
#59=DOCUMENT('3','Part20.CATPart','CATPart document',#58) ;
#58=DOCUMENT_TYPE('') ;
#79=CIRCLE('generated circle',#78,1.5) ;
#93=CIRCLE('generated circle',#92,1.5) ;
#119=CIRCLE('generated circle',#118,1.5) ;
#133=CIRCLE('generated circle',#132,1.5) ;
#159=CIRCLE('generated circle',#158,1.75) ;
#173=CIRCLE('generated circle',#172,1.75) ;
#185=CIRCLE('generated circle',#184,1.75) ;
#190=CIRCLE('generated circle',#189,1.75) ;
#216=CIRCLE('generated circle',#215,1.) ;
#281=CIRCLE('generated circle',#280,1.) ;
#295=CIRCLE('generated circle',#294,1.) ;
#360=CIRCLE('generated circle',#359,1.) ;
#440=CIRCLE('generated circle',#439,1.59999999958) ;
#449=CIRCLE('generated circle',#448,1.59999999958) ;
#458=CIRCLE('generated circle',#457,1.59999999951) ;
#467=CIRCLE('generated circle',#466,1.59999999951) ;
#476=CIRCLE('generated circle',#475,1.59999999965) ;
#485=CIRCLE('generated circle',#484,1.59999999965) ;
#494=CIRCLE('generated circle',#493,14.9999995765) ;
#503=CIRCLE('generated circle',#502,14.9999995765) ;
#669=CIRCLE('generated circle',#668,1.59999999954) ;
#678=CIRCLE('generated circle',#677,1.59999999954) ;
#759=CIRCLE('generated circle',#758,1.75) ;
#768=CIRCLE('generated circle',#767,1.75) ;
#777=CIRCLE('generated circle',#776,1.75) ;
#786=CIRCLE('generated circle',#785,1.75) ;
#795=CIRCLE('generated circle',#794,1.75) ;
#804=CIRCLE('generated circle',#803,1.75) ;
#819=CIRCLE('generated circle',#818,1.) ;
#842=CIRCLE('generated circle',#841,4.99999999673) ;
#856=CIRCLE('generated circle',#855,4.9999999999) ;
#877=CIRCLE('generated circle',#876,1.) ;
#891=CIRCLE('generated circle',#890,1.) ;
#912=CIRCLE('generated circle',#911,5.00000000308) ;
#926=CIRCLE('generated circle',#925,4.9999999999) ;
#947=CIRCLE('generated circle',#946,1.) ;
#988=CIRCLE('generated circle',#987,1.5) ;
#1006=CIRCLE('generated circle',#1005,1.59999999963) ;
#1015=CIRCLE('generated circle',#1014,1.59999999963) ;
#1024=CIRCLE('generated circle',#1023,1.59999999963) ;
#1033=CIRCLE('generated circle',#1032,1.59999999963) ;
#1042=CIRCLE('generated circle',#1041,1.59999999963) ;
#1051=CIRCLE('generated circle',#1050,1.59999999963) ;
#1060=CIRCLE('generated circle',#1059,15.) ;
#1069=CIRCLE('generated circle',#1068,15.) ;
#1078=CIRCLE('generated circle',#1077,1.5) ;
#1112=CIRCLE('generated circle',#1111,1.5) ;
#1126=CIRCLE('generated circle',#1125,1.5) ;
#1137=CIRCLE('generated circle',#1136,1.50000000003) ;
#1153=CIRCLE('generated circle',#1152,1.50000000003) ;
#1171=CIRCLE('generated circle',#1170,1.59999999963) ;
#1180=CIRCLE('generated circle',#1179,1.59999999963) ;
#1193=CIRCLE('generated circle',#1192,1.75) ;
#1202=CIRCLE('generated circle',#1201,1.75) ;
#1211=CIRCLE('generated circle',#1210,1.75) ;
#1220=CIRCLE('generated circle',#1219,1.75) ;
#1229=CIRCLE('generated circle',#1228,1.75) ;
#1238=CIRCLE('generated circle',#1237,1.75) ;
#1731=CIRCLE('generated circle',#1730,1.59999999958) ;
#1750=CIRCLE('generated circle',#1749,1.59999999958) ;
#1774=CIRCLE('generated circle',#1773,1.59999999951) ;
#1793=CIRCLE('generated circle',#1792,1.59999999951) ;
#1817=CIRCLE('generated circle',#1816,1.59999999965) ;
#1836=CIRCLE('generated circle',#1835,1.59999999965) ;
#1860=CIRCLE('generated circle',#1859,14.9999995765) ;
#1879=CIRCLE('generated circle',#1878,14.9999995765) ;
#2224=CIRCLE('generated circle',#2223,1.59999999954) ;
#2243=CIRCLE('generated circle',#2242,1.59999999954) ;
#2896=CONTEXT_DEPENDENT_SHAPE_REPRESENTATION(#2897,#2895) ;
#2893=SHAPE_REPRESENTATION_RELATIONSHIP(' ',' ',#53,#2892) ;
#66=CYLINDRICAL_SURFACE('generated cylinder',#65,1.5) ;
#106=CYLINDRICAL_SURFACE('generated cylinder',#105,1.5) ;
#146=CYLINDRICAL_SURFACE('generated cylinder',#145,1.75) ;
#1271=CYLINDRICAL_SURFACE('generated cylinder',#1270,1.) ;
#1455=CYLINDRICAL_SURFACE('generated cylinder',#1454,1.) ;
#1489=CYLINDRICAL_SURFACE('generated cylinder',#1488,1.) ;
#1663=CYLINDRICAL_SURFACE('generated cylinder',#1662,1.) ;
#1720=CYLINDRICAL_SURFACE('generated cylinder',#1719,1.59999999958) ;
#1763=CYLINDRICAL_SURFACE('generated cylinder',#1762,1.59999999951) ;
#1806=CYLINDRICAL_SURFACE('generated cylinder',#1805,1.59999999965) ;
#1849=CYLINDRICAL_SURFACE('generated cylinder',#1848,14.9999995765) ;
#2213=CYLINDRICAL_SURFACE('generated cylinder',#2212,1.59999999954) ;
#2448=CYLINDRICAL_SURFACE('generated cylinder',#2447,1.75) ;
#2477=CYLINDRICAL_SURFACE('generated cylinder',#2476,1.75) ;
#2506=CYLINDRICAL_SURFACE('generated cylinder',#2505,1.75) ;
#2535=CYLINDRICAL_SURFACE('generated cylinder',#2534,5.) ;
#2547=CYLINDRICAL_SURFACE('generated cylinder',#2546,5.) ;
#2559=CYLINDRICAL_SURFACE('generated cylinder',#2558,5.) ;
#2571=CYLINDRICAL_SURFACE('generated cylinder',#2570,5.) ;
#2583=CYLINDRICAL_SURFACE('generated cylinder',#2582,1.5) ;
#2605=CYLINDRICAL_SURFACE('generated cylinder',#2604,1.59999999984) ;
#2634=CYLINDRICAL_SURFACE('generated cylinder',#2633,1.59999999994) ;
#2663=CYLINDRICAL_SURFACE('generated cylinder',#2662,1.59999999984) ;
#2692=CYLINDRICAL_SURFACE('generated cylinder',#2691,15.) ;
#2721=CYLINDRICAL_SURFACE('generated cylinder',#2720,1.5) ;
#2743=CYLINDRICAL_SURFACE('generated cylinder',#2742,1.5) ;
#2755=CYLINDRICAL_SURFACE('generated cylinder',#2754,1.5) ;
#2767=CYLINDRICAL_SURFACE('generated cylinder',#2766,1.5) ;
#2779=CYLINDRICAL_SURFACE('generated cylinder',#2778,1.5) ;
#2791=CYLINDRICAL_SURFACE('generated cylinder',#2790,1.59999999987) ;
#3=DESIGN_CONTEXT(' ',#1,'design') ;
#75=EDGE_CURVE('',#72,#74,#70,.F.) ;
#82=EDGE_CURVE('',#72,#81,#79,.T.) ;
#89=EDGE_CURVE('',#81,#88,#86,.F.) ;
#94=EDGE_CURVE('',#74,#88,#93,.T.) ;
#115=EDGE_CURVE('',#112,#114,#110,.F.) ;
#122=EDGE_CURVE('',#112,#121,#119,.T.) ;
#129=EDGE_CURVE('',#121,#128,#126,.F.) ;
#134=EDGE_CURVE('',#114,#128,#133,.T.) ;
#155=EDGE_CURVE('',#152,#154,#150,.F.) ;
#162=EDGE_CURVE('',#152,#161,#159,.T.) ;
#169=EDGE_CURVE('',#161,#168,#166,.F.) ;
#174=EDGE_CURVE('',#154,#168,#173,.T.) ;
#186=EDGE_CURVE('',#161,#152,#185,.T.) ;
#191=EDGE_CURVE('',#168,#154,#190,.T.) ;
#212=EDGE_CURVE('',#209,#211,#207,.T.) ;
#219=EDGE_CURVE('',#218,#211,#216,.F.) ;
#226=EDGE_CURVE('',#218,#225,#223,.F.) ;
#233=EDGE_CURVE('',#225,#232,#230,.T.) ;
#243=EDGE_CURVE('',#232,#242,#234,.F.) ;
#253=EDGE_CURVE('',#242,#252,#244,.F.) ;
#263=EDGE_CURVE('',#252,#262,#254,.F.) ;
#270=EDGE_CURVE('',#262,#269,#267,.T.) ;
#277=EDGE_CURVE('',#269,#276,#274,.F.) ;
#284=EDGE_CURVE('',#283,#276,#281,.F.) ;
#291=EDGE_CURVE('',#283,#290,#288,.T.) ;
#298=EDGE_CURVE('',#297,#290,#295,.F.) ;
#305=EDGE_CURVE('',#297,#304,#302,.F.) ;
#312=EDGE_CURVE('',#304,#311,#309,.T.) ;
#322=EDGE_CURVE('',#311,#321,#313,.F.) ;
#332=EDGE_CURVE('',#321,#331,#323,.F.) ;
#342=EDGE_CURVE('',#331,#341,#333,.F.) ;
#349=EDGE_CURVE('',#341,#348,#346,.T.) ;
#356=EDGE_CURVE('',#348,#355,#353,.F.) ;
#361=EDGE_CURVE('',#209,#355,#360,.F.) ;
#395=EDGE_CURVE('',#392,#394,#384,.T.) ;
#408=EDGE_CURVE('',#407,#392,#396,.T.) ;
#418=EDGE_CURVE('',#417,#407,#409,.T.) ;
#423=EDGE_CURVE('',#121,#417,#422,.F.) ;
#428=EDGE_CURVE('',#394,#112,#427,.F.) ;
#445=EDGE_CURVE('',#442,#444,#440,.T.) ;
#450=EDGE_CURVE('',#444,#442,#449,.T.) ;
#463=EDGE_CURVE('',#460,#462,#458,.T.) ;
#468=EDGE_CURVE('',#462,#460,#467,.T.) ;
#481=EDGE_CURVE('',#478,#480,#476,.T.) ;
#486=EDGE_CURVE('',#480,#478,#485,.T.) ;
#499=EDGE_CURVE('',#496,#498,#494,.T.) ;
#504=EDGE_CURVE('',#498,#496,#503,.T.) ;
#520=EDGE_CURVE('',#517,#519,#509,.T.) ;
#533=EDGE_CURVE('',#532,#517,#521,.T.) ;
#543=EDGE_CURVE('',#542,#532,#534,.T.) ;
#554=EDGE_CURVE('',#519,#542,#544,.T.) ;
#572=EDGE_CURVE('',#569,#571,#561,.T.) ;
#585=EDGE_CURVE('',#584,#569,#573,.T.) ;
#595=EDGE_CURVE('',#594,#584,#586,.T.) ;
#600=EDGE_CURVE('',#81,#594,#599,.F.) ;
#605=EDGE_CURVE('',#571,#72,#604,.F.) ;
#628=EDGE_CURVE('',#625,#627,#614,.T.) ;
#638=EDGE_CURVE('',#637,#625,#629,.T.) ;
#651=EDGE_CURVE('',#650,#637,#639,.T.) ;
#659=EDGE_CURVE('',#627,#650,#652,.T.) ;
#674=EDGE_CURVE('',#671,#673,#669,.T.) ;
#679=EDGE_CURVE('',#673,#671,#678,.T.) ;
#692=EDGE_CURVE('',#689,#691,#687,.T.) ;
#699=EDGE_CURVE('',#691,#698,#696,.T.) ;
#706=EDGE_CURVE('',#698,#705,#703,.F.) ;
#711=EDGE_CURVE('',#705,#689,#710,.T.) ;
#726=EDGE_CURVE('',#723,#725,#721,.T.) ;
#733=EDGE_CURVE('',#725,#732,#730,.T.) ;
#740=EDGE_CURVE('',#732,#739,#737,.F.) ;
#745=EDGE_CURVE('',#739,#723,#744,.T.) ;
#764=EDGE_CURVE('',#761,#763,#759,.T.) ;
#769=EDGE_CURVE('',#763,#761,#768,.T.) ;
#782=EDGE_CURVE('',#779,#781,#777,.T.) ;
#787=EDGE_CURVE('',#781,#779,#786,.T.) ;
#800=EDGE_CURVE('',#797,#799,#795,.T.) ;
#805=EDGE_CURVE('',#799,#797,#804,.T.) ;
#824=EDGE_CURVE('',#821,#823,#819,.T.) ;
#831=EDGE_CURVE('',#830,#821,#828,.F.) ;
#838=EDGE_CURVE('',#837,#830,#835,.T.) ;
#845=EDGE_CURVE('',#844,#837,#842,.T.) ;
#852=EDGE_CURVE('',#851,#844,#849,.F.) ;
#859=EDGE_CURVE('',#858,#851,#856,.T.) ;
#866=EDGE_CURVE('',#865,#858,#863,.T.) ;
#873=EDGE_CURVE('',#872,#865,#870,.F.) ;
#880=EDGE_CURVE('',#879,#872,#877,.T.) ;
#887=EDGE_CURVE('',#886,#879,#884,.T.) ;
#894=EDGE_CURVE('',#893,#886,#891,.T.) ;
#901=EDGE_CURVE('',#900,#893,#898,.F.) ;
#908=EDGE_CURVE('',#907,#900,#905,.T.) ;
#915=EDGE_CURVE('',#914,#907,#912,.T.) ;
#922=EDGE_CURVE('',#921,#914,#919,.F.) ;
#929=EDGE_CURVE('',#928,#921,#926,.T.) ;
#936=EDGE_CURVE('',#935,#928,#933,.T.) ;
#943=EDGE_CURVE('',#942,#935,#940,.F.) ;
#950=EDGE_CURVE('',#949,#942,#947,.T.) ;
#955=EDGE_CURVE('',#823,#949,#954,.T.) ;
#984=EDGE_CURVE('',#128,#983,#981,.F.) ;
#991=EDGE_CURVE('',#983,#990,#988,.T.) ;
#996=EDGE_CURVE('',#990,#114,#995,.F.) ;
#1011=EDGE_CURVE('',#1008,#1010,#1006,.T.) ;
#1016=EDGE_CURVE('',#1010,#1008,#1015,.T.) ;
#1029=EDGE_CURVE('',#1026,#1028,#1024,.T.) ;
#1034=EDGE_CURVE('',#1028,#1026,#1033,.T.) ;
#1047=EDGE_CURVE('',#1044,#1046,#1042,.T.) ;
#1052=EDGE_CURVE('',#1046,#1044,#1051,.T.) ;
#1065=EDGE_CURVE('',#1062,#1064,#1060,.T.) ;
#1070=EDGE_CURVE('',#1064,#1062,#1069,.T.) ;
#1083=EDGE_CURVE('',#1080,#1082,#1078,.T.) ;
#1088=EDGE_CURVE('',#1082,#74,#1087,.F.) ;
#1093=EDGE_CURVE('',#88,#1080,#1092,.F.) ;
#1108=EDGE_CURVE('',#1105,#1107,#1103,.F.) ;
#1115=EDGE_CURVE('',#1107,#1114,#1112,.T.) ;
#1122=EDGE_CURVE('',#1114,#1121,#1119,.F.) ;
#1127=EDGE_CURVE('',#1121,#1105,#1126,.T.) ;
#1142=EDGE_CURVE('',#1139,#1141,#1137,.T.) ;
#1149=EDGE_CURVE('',#1141,#1148,#1146,.F.) ;
#1156=EDGE_CURVE('',#1148,#1155,#1153,.T.) ;
#1161=EDGE_CURVE('',#1155,#1139,#1160,.F.) ;
#1176=EDGE_CURVE('',#1173,#1175,#1171,.T.) ;
#1181=EDGE_CURVE('',#1175,#1173,#1180,.T.) ;
#1198=EDGE_CURVE('',#1195,#1197,#1193,.T.) ;
#1203=EDGE_CURVE('',#1197,#1195,#1202,.T.) ;
#1216=EDGE_CURVE('',#1213,#1215,#1211,.T.) ;
#1221=EDGE_CURVE('',#1215,#1213,#1220,.T.) ;
#1234=EDGE_CURVE('',#1231,#1233,#1229,.T.) ;
#1239=EDGE_CURVE('',#1233,#1231,#1238,.T.) ;
#1254=EDGE_CURVE('',#209,#823,#1253,.T.) ;
#1259=EDGE_CURVE('',#211,#949,#1258,.T.) ;
#1276=EDGE_CURVE('',#218,#942,#1275,.T.) ;
#1293=EDGE_CURVE('',#225,#935,#1292,.T.) ;
#1312=EDGE_CURVE('',#928,#1311,#1309,.T.) ;
#1317=EDGE_CURVE('',#1311,#232,#1316,.T.) ;
#1345=EDGE_CURVE('',#1344,#1311,#1336,.T.) ;
#1350=EDGE_CURVE('',#1344,#242,#1349,.T.) ;
#1362=EDGE_CURVE('',#921,#1344,#1361,.T.) ;
#1369=EDGE_CURVE('',#914,#1368,#1366,.T.) ;
#1374=EDGE_CURVE('',#1368,#252,#1373,.T.) ;
#1400=EDGE_CURVE('',#1399,#262,#1397,.T.) ;
#1408=EDGE_CURVE('',#1399,#1368,#1401,.T.) ;
#1425=EDGE_CURVE('',#907,#1399,#1424,.T.) ;
#1430=EDGE_CURVE('',#269,#900,#1429,.T.) ;
#1443=EDGE_CURVE('',#276,#893,#1442,.T.) ;
#1460=EDGE_CURVE('',#283,#886,#1459,.T.) ;
#1477=EDGE_CURVE('',#290,#879,#1476,.T.) ;
#1494=EDGE_CURVE('',#297,#872,#1493,.T.) ;
#1511=EDGE_CURVE('',#304,#865,#1510,.T.) ;
#1525=EDGE_CURVE('',#1524,#858,#1522,.T.) ;
#1530=EDGE_CURVE('',#1524,#311,#1529,.T.) ;
#1558=EDGE_CURVE('',#1557,#1524,#1549,.T.) ;
#1563=EDGE_CURVE('',#1557,#321,#1562,.T.) ;
#1575=EDGE_CURVE('',#851,#1557,#1574,.T.) ;
#1582=EDGE_CURVE('',#844,#1581,#1579,.T.) ;
#1587=EDGE_CURVE('',#1581,#331,#1586,.T.) ;
#1613=EDGE_CURVE('',#1612,#341,#1610,.T.) ;
#1621=EDGE_CURVE('',#1612,#1581,#1614,.T.) ;
#1633=EDGE_CURVE('',#837,#1612,#1632,.T.) ;
#1638=EDGE_CURVE('',#348,#830,#1637,.T.) ;
#1651=EDGE_CURVE('',#355,#821,#1650,.T.) ;
#1690=EDGE_CURVE('',#1689,#392,#1687,.T.) ;
#1703=EDGE_CURVE('',#1702,#1689,#1691,.T.) ;
#1708=EDGE_CURVE('',#1702,#407,#1707,.T.) ;
#1727=EDGE_CURVE('',#1726,#444,#1724,.T.) ;
#1734=EDGE_CURVE('',#1733,#1726,#1731,.T.) ;
#1739=EDGE_CURVE('',#1733,#442,#1738,.T.) ;
#1751=EDGE_CURVE('',#1726,#1733,#1750,.T.) ;
#1770=EDGE_CURVE('',#1769,#462,#1767,.T.) ;
#1777=EDGE_CURVE('',#1776,#1769,#1774,.T.) ;
#1782=EDGE_CURVE('',#1776,#460,#1781,.T.) ;
#1794=EDGE_CURVE('',#1769,#1776,#1793,.T.) ;
#1813=EDGE_CURVE('',#1812,#480,#1810,.T.) ;
#1820=EDGE_CURVE('',#1819,#1812,#1817,.T.) ;
#1825=EDGE_CURVE('',#1819,#478,#1824,.T.) ;
#1837=EDGE_CURVE('',#1812,#1819,#1836,.T.) ;
#1856=EDGE_CURVE('',#1855,#498,#1853,.T.) ;
#1863=EDGE_CURVE('',#1862,#1855,#1860,.T.) ;
#1868=EDGE_CURVE('',#1862,#496,#1867,.T.) ;
#1880=EDGE_CURVE('',#1855,#1862,#1879,.T.) ;
#1899=EDGE_CURVE('',#1898,#519,#1896,.T.) ;
#1904=EDGE_CURVE('',#1107,#1898,#1903,.T.) ;
#1911=EDGE_CURVE('',#1105,#1910,#1908,.T.) ;
#1916=EDGE_CURVE('',#1910,#517,#1915,.T.) ;
#1951=EDGE_CURVE('',#1950,#1910,#1939,.T.) ;
#1956=EDGE_CURVE('',#1950,#532,#1955,.T.) ;
#1973=EDGE_CURVE('',#1121,#1950,#1972,.T.) ;
#1980=EDGE_CURVE('',#1114,#1979,#1977,.T.) ;
#1985=EDGE_CURVE('',#1979,#542,#1984,.T.) ;
#2018=EDGE_CURVE('',#1898,#1979,#2008,.T.) ;
#2045=EDGE_CURVE('',#2044,#569,#2042,.T.) ;
#2058=EDGE_CURVE('',#2057,#2044,#2046,.T.) ;
#2063=EDGE_CURVE('',#2057,#584,#2062,.T.) ;
#2090=EDGE_CURVE('',#2089,#627,#2087,.T.) ;
#2103=EDGE_CURVE('',#2102,#2089,#2091,.T.) ;
#2108=EDGE_CURVE('',#2102,#625,#2107,.T.) ;
#2125=EDGE_CURVE('',#1139,#2102,#2124,.T.) ;
#2132=EDGE_CURVE('',#1155,#2131,#2129,.T.) ;
#2137=EDGE_CURVE('',#2131,#637,#2136,.T.) ;
#2172=EDGE_CURVE('',#2171,#2131,#2160,.T.) ;
#2177=EDGE_CURVE('',#2171,#650,#2176,.T.) ;
#2194=EDGE_CURVE('',#1148,#2171,#2193,.T.) ;
#2199=EDGE_CURVE('',#1141,#2089,#2198,.T.) ;
#2220=EDGE_CURVE('',#2219,#673,#2217,.T.) ;
#2227=EDGE_CURVE('',#2226,#2219,#2224,.T.) ;
#2232=EDGE_CURVE('',#2226,#671,#2231,.T.) ;
#2244=EDGE_CURVE('',#2219,#2226,#2243,.T.) ;
#2263=EDGE_CURVE('',#2262,#691,#2260,.T.) ;
#2270=EDGE_CURVE('',#689,#2269,#2267,.F.) ;
#2275=EDGE_CURVE('',#2262,#2269,#2274,.T.) ;
#2294=EDGE_CURVE('',#2262,#2293,#2291,.T.) ;
#2299=EDGE_CURVE('',#698,#2293,#2298,.T.) ;
#2318=EDGE_CURVE('',#2317,#2293,#2315,.T.) ;
#2323=EDGE_CURVE('',#2317,#705,#2322,.T.) ;
#2340=EDGE_CURVE('',#2317,#2269,#2339,.T.) ;
#2359=EDGE_CURVE('',#723,#2358,#2356,.F.) ;
#2366=EDGE_CURVE('',#2365,#2358,#2363,.T.) ;
#2371=EDGE_CURVE('',#2365,#725,#2370,.T.) ;
#2390=EDGE_CURVE('',#2365,#2389,#2387,.T.) ;
#2395=EDGE_CURVE('',#732,#2389,#2394,.T.) ;
#2414=EDGE_CURVE('',#2413,#739,#2411,.T.) ;
#2419=EDGE_CURVE('',#2413,#2389,#2418,.T.) ;
#2436=EDGE_CURVE('',#2413,#2358,#2435,.T.) ;
#2453=EDGE_CURVE('',#761,#1197,#2452,.F.) ;
#2458=EDGE_CURVE('',#763,#1195,#2457,.F.) ;
#2482=EDGE_CURVE('',#779,#1215,#2481,.F.) ;
#2487=EDGE_CURVE('',#781,#1213,#2486,.F.) ;
#2511=EDGE_CURVE('',#797,#1233,#2510,.F.) ;
#2516=EDGE_CURVE('',#799,#1231,#2515,.F.) ;
#2588=EDGE_CURVE('',#990,#1689,#2587,.T.) ;
#2593=EDGE_CURVE('',#983,#1702,#2592,.T.) ;
#2610=EDGE_CURVE('',#1008,#1726,#2609,.T.) ;
#2615=EDGE_CURVE('',#1010,#1733,#2614,.T.) ;
#2639=EDGE_CURVE('',#1026,#1769,#2638,.T.) ;
#2644=EDGE_CURVE('',#1028,#1776,#2643,.T.) ;
#2668=EDGE_CURVE('',#1044,#1812,#2667,.T.) ;
#2673=EDGE_CURVE('',#1046,#1819,#2672,.T.) ;
#2697=EDGE_CURVE('',#1062,#1855,#2696,.T.) ;
#2702=EDGE_CURVE('',#1064,#1862,#2701,.T.) ;
#2726=EDGE_CURVE('',#1082,#2044,#2725,.T.) ;
#2731=EDGE_CURVE('',#1080,#2057,#2730,.T.) ;
#2796=EDGE_CURVE('',#1173,#2219,#2795,.T.) ;
#2801=EDGE_CURVE('',#1175,#2226,#2800,.T.) ;
#95=EDGE_LOOP('',(#96,#97,#98,#99)) ;
#135=EDGE_LOOP('',(#136,#137,#138,#139)) ;
#175=EDGE_LOOP('',(#176,#177,#178,#179)) ;
#192=EDGE_LOOP('',(#193,#194,#195,#196)) ;
#362=EDGE_LOOP('',(#363,#364,#365,#366,#367,#368,#369,#370,#371,#372,#373,#374,#375,#376,#377,#378,#379,#380,#381,#382)) ;
#429=EDGE_LOOP('',(#430,#431,#432,#433,#434,#435)) ;
#451=EDGE_LOOP('',(#452,#453)) ;
#469=EDGE_LOOP('',(#470,#471)) ;
#487=EDGE_LOOP('',(#488,#489)) ;
#505=EDGE_LOOP('',(#506,#507)) ;
#555=EDGE_LOOP('',(#556,#557,#558,#559)) ;
#606=EDGE_LOOP('',(#607,#608,#609,#610,#611,#612)) ;
#660=EDGE_LOOP('',(#661,#662,#663,#664)) ;
#680=EDGE_LOOP('',(#681,#682)) ;
#712=EDGE_LOOP('',(#713,#714,#715,#716)) ;
#746=EDGE_LOOP('',(#747,#748,#749,#750)) ;
#752=EDGE_LOOP('',(#753,#754)) ;
#770=EDGE_LOOP('',(#771,#772)) ;
#788=EDGE_LOOP('',(#789,#790)) ;
#806=EDGE_LOOP('',(#807,#808)) ;
#956=EDGE_LOOP('',(#957,#958,#959,#960,#961,#962,#963,#964,#965,#966,#967,#968,#969,#970,#971,#972,#973,#974,#975,#976)) ;
#997=EDGE_LOOP('',(#998,#999,#1000,#1001)) ;
#1017=EDGE_LOOP('',(#1018,#1019)) ;
#1035=EDGE_LOOP('',(#1036,#1037)) ;
#1053=EDGE_LOOP('',(#1054,#1055)) ;
#1071=EDGE_LOOP('',(#1072,#1073)) ;
#1094=EDGE_LOOP('',(#1095,#1096,#1097,#1098)) ;
#1128=EDGE_LOOP('',(#1129,#1130,#1131,#1132)) ;
#1162=EDGE_LOOP('',(#1163,#1164,#1165,#1166)) ;
#1182=EDGE_LOOP('',(#1183,#1184)) ;
#1186=EDGE_LOOP('',(#1187,#1188)) ;
#1204=EDGE_LOOP('',(#1205,#1206)) ;
#1222=EDGE_LOOP('',(#1223,#1224)) ;
#1240=EDGE_LOOP('',(#1241,#1242)) ;
#1260=EDGE_LOOP('',(#1261,#1262,#1263,#1264)) ;
#1277=EDGE_LOOP('',(#1278,#1279,#1280,#1281)) ;
#1294=EDGE_LOOP('',(#1295,#1296,#1297,#1298)) ;
#1318=EDGE_LOOP('',(#1319,#1320,#1321,#1322,#1323)) ;
#1351=EDGE_LOOP('',(#1352,#1353,#1354,#1355)) ;
#1375=EDGE_LOOP('',(#1376,#1377,#1378,#1379,#1380,#1381)) ;
#1409=EDGE_LOOP('',(#1410,#1411,#1412,#1413)) ;
#1431=EDGE_LOOP('',(#1432,#1433,#1434,#1435,#1436)) ;
#1444=EDGE_LOOP('',(#1445,#1446,#1447,#1448)) ;
#1461=EDGE_LOOP('',(#1462,#1463,#1464,#1465)) ;
#1478=EDGE_LOOP('',(#1479,#1480,#1481,#1482)) ;
#1495=EDGE_LOOP('',(#1496,#1497,#1498,#1499)) ;
#1512=EDGE_LOOP('',(#1513,#1514,#1515,#1516)) ;
#1531=EDGE_LOOP('',(#1532,#1533,#1534,#1535,#1536)) ;
#1564=EDGE_LOOP('',(#1565,#1566,#1567,#1568)) ;
#1588=EDGE_LOOP('',(#1589,#1590,#1591,#1592,#1593,#1594)) ;
#1622=EDGE_LOOP('',(#1623,#1624,#1625,#1626)) ;
#1639=EDGE_LOOP('',(#1640,#1641,#1642,#1643,#1644)) ;
#1652=EDGE_LOOP('',(#1653,#1654,#1655,#1656)) ;
#1664=EDGE_LOOP('',(#1665,#1666,#1667,#1668)) ;
#1709=EDGE_LOOP('',(#1710,#1711,#1712,#1713)) ;
#1740=EDGE_LOOP('',(#1741,#1742,#1743,#1744)) ;
#1752=EDGE_LOOP('',(#1753,#1754,#1755,#1756)) ;
#1783=EDGE_LOOP('',(#1784,#1785,#1786,#1787)) ;
#1795=EDGE_LOOP('',(#1796,#1797,#1798,#1799)) ;
#1826=EDGE_LOOP('',(#1827,#1828,#1829,#1830)) ;
#1838=EDGE_LOOP('',(#1839,#1840,#1841,#1842)) ;
#1869=EDGE_LOOP('',(#1870,#1871,#1872,#1873)) ;
#1881=EDGE_LOOP('',(#1882,#1883,#1884,#1885)) ;
#1917=EDGE_LOOP('',(#1918,#1919,#1920,#1921,#1922,#1923)) ;
#1957=EDGE_LOOP('',(#1958,#1959,#1960,#1961)) ;
#1986=EDGE_LOOP('',(#1987,#1988,#1989,#1990,#1991,#1992)) ;
#2019=EDGE_LOOP('',(#2020,#2021,#2022,#2023)) ;
#2064=EDGE_LOOP('',(#2065,#2066,#2067,#2068)) ;
#2109=EDGE_LOOP('',(#2110,#2111,#2112,#2113)) ;
#2138=EDGE_LOOP('',(#2139,#2140,#2141,#2142,#2143,#2144)) ;
#2178=EDGE_LOOP('',(#2179,#2180,#2181,#2182)) ;
#2200=EDGE_LOOP('',(#2201,#2202,#2203,#2204,#2205,#2206)) ;
#2233=EDGE_LOOP('',(#2234,#2235,#2236,#2237)) ;
#2245=EDGE_LOOP('',(#2246,#2247,#2248,#2249)) ;
#2276=EDGE_LOOP('',(#2277,#2278,#2279,#2280)) ;
#2300=EDGE_LOOP('',(#2301,#2302,#2303,#2304)) ;
#2324=EDGE_LOOP('',(#2325,#2326,#2327,#2328)) ;
#2341=EDGE_LOOP('',(#2342,#2343,#2344,#2345)) ;
#2372=EDGE_LOOP('',(#2373,#2374,#2375,#2376)) ;
#2396=EDGE_LOOP('',(#2397,#2398,#2399,#2400)) ;
#2420=EDGE_LOOP('',(#2421,#2422,#2423,#2424)) ;
#2437=EDGE_LOOP('',(#2438,#2439,#2440,#2441)) ;
#2459=EDGE_LOOP('',(#2460,#2461,#2462,#2463)) ;
#2466=EDGE_LOOP('',(#2467,#2468,#2469,#2470)) ;
#2488=EDGE_LOOP('',(#2489,#2490,#2491,#2492)) ;
#2495=EDGE_LOOP('',(#2496,#2497,#2498,#2499)) ;
#2517=EDGE_LOOP('',(#2518,#2519,#2520,#2521)) ;
#2524=EDGE_LOOP('',(#2525,#2526,#2527,#2528)) ;
#2536=EDGE_LOOP('',(#2537,#2538,#2539,#2540)) ;
#2548=EDGE_LOOP('',(#2549,#2550,#2551,#2552)) ;
#2560=EDGE_LOOP('',(#2561,#2562,#2563,#2564)) ;
#2572=EDGE_LOOP('',(#2573,#2574,#2575,#2576)) ;
#2594=EDGE_LOOP('',(#2595,#2596,#2597,#2598)) ;
#2616=EDGE_LOOP('',(#2617,#2618,#2619,#2620)) ;
#2623=EDGE_LOOP('',(#2624,#2625,#2626,#2627)) ;
#2645=EDGE_LOOP('',(#2646,#2647,#2648,#2649)) ;
#2652=EDGE_LOOP('',(#2653,#2654,#2655,#2656)) ;
#2674=EDGE_LOOP('',(#2675,#2676,#2677,#2678)) ;
#2681=EDGE_LOOP('',(#2682,#2683,#2684,#2685)) ;
#2703=EDGE_LOOP('',(#2704,#2705,#2706,#2707)) ;
#2710=EDGE_LOOP('',(#2711,#2712,#2713,#2714)) ;
#2732=EDGE_LOOP('',(#2733,#2734,#2735,#2736)) ;
#2744=EDGE_LOOP('',(#2745,#2746,#2747,#2748)) ;
#2756=EDGE_LOOP('',(#2757,#2758,#2759,#2760)) ;
#2768=EDGE_LOOP('',(#2769,#2770,#2771,#2772)) ;
#2780=EDGE_LOOP('',(#2781,#2782,#2783,#2784)) ;
#2802=EDGE_LOOP('',(#2803,#2804,#2805,#2806)) ;
#2809=EDGE_LOOP('',(#2810,#2811,#2812,#2813)) ;
#2821=EDGE_LOOP('',(#2822,#2823,#2824,#2825)) ;
#2828=EDGE_LOOP('',(#2829,#2830,#2831,#2832)) ;
#2840=EDGE_LOOP('',(#2841,#2842,#2843,#2844,#2845,#2846)) ;
#2854=EDGE_LOOP('',(#2855,#2856,#2857,#2858,#2859,#2860)) ;
#2868=EDGE_LOOP('',(#2869,#2870,#2871,#2872,#2873,#2874)) ;
#2882=EDGE_LOOP('',(#2883,#2884,#2885,#2886,#2887,#2888)) ;
#100=FACE_OUTER_BOUND('',#95,.T.) ;
#140=FACE_OUTER_BOUND('',#135,.T.) ;
#180=FACE_OUTER_BOUND('',#175,.T.) ;
#197=FACE_OUTER_BOUND('',#192,.T.) ;
#383=FACE_OUTER_BOUND('',#362,.T.) ;
#977=FACE_OUTER_BOUND('',#956,.T.) ;
#1265=FACE_OUTER_BOUND('',#1260,.T.) ;
#1282=FACE_OUTER_BOUND('',#1277,.T.) ;
#1299=FACE_OUTER_BOUND('',#1294,.T.) ;
#1324=FACE_OUTER_BOUND('',#1318,.T.) ;
#1356=FACE_OUTER_BOUND('',#1351,.T.) ;
#1382=FACE_OUTER_BOUND('',#1375,.T.) ;
#1414=FACE_OUTER_BOUND('',#1409,.T.) ;
#1437=FACE_OUTER_BOUND('',#1431,.T.) ;
#1449=FACE_OUTER_BOUND('',#1444,.T.) ;
#1466=FACE_OUTER_BOUND('',#1461,.T.) ;
#1483=FACE_OUTER_BOUND('',#1478,.T.) ;
#1500=FACE_OUTER_BOUND('',#1495,.T.) ;
#1517=FACE_OUTER_BOUND('',#1512,.T.) ;
#1537=FACE_OUTER_BOUND('',#1531,.T.) ;
#1569=FACE_OUTER_BOUND('',#1564,.T.) ;
#1595=FACE_OUTER_BOUND('',#1588,.T.) ;
#1627=FACE_OUTER_BOUND('',#1622,.T.) ;
#1645=FACE_OUTER_BOUND('',#1639,.T.) ;
#1657=FACE_OUTER_BOUND('',#1652,.T.) ;
#1669=FACE_OUTER_BOUND('',#1664,.T.) ;
#1714=FACE_OUTER_BOUND('',#1709,.T.) ;
#1745=FACE_OUTER_BOUND('',#1740,.T.) ;
#1757=FACE_OUTER_BOUND('',#1752,.T.) ;
#1788=FACE_OUTER_BOUND('',#1783,.T.) ;
#1800=FACE_OUTER_BOUND('',#1795,.T.) ;
#1831=FACE_OUTER_BOUND('',#1826,.T.) ;
#1843=FACE_OUTER_BOUND('',#1838,.T.) ;
#1874=FACE_OUTER_BOUND('',#1869,.T.) ;
#1886=FACE_OUTER_BOUND('',#1881,.T.) ;
#1924=FACE_OUTER_BOUND('',#1917,.T.) ;
#1962=FACE_OUTER_BOUND('',#1957,.T.) ;
#1993=FACE_OUTER_BOUND('',#1986,.T.) ;
#2024=FACE_OUTER_BOUND('',#2019,.T.) ;
#2069=FACE_OUTER_BOUND('',#2064,.T.) ;
#2114=FACE_OUTER_BOUND('',#2109,.T.) ;
#2145=FACE_OUTER_BOUND('',#2138,.T.) ;
#2183=FACE_OUTER_BOUND('',#2178,.T.) ;
#2207=FACE_OUTER_BOUND('',#2200,.T.) ;
#2238=FACE_OUTER_BOUND('',#2233,.T.) ;
#2250=FACE_OUTER_BOUND('',#2245,.T.) ;
#2281=FACE_OUTER_BOUND('',#2276,.T.) ;
#2305=FACE_OUTER_BOUND('',#2300,.T.) ;
#2329=FACE_OUTER_BOUND('',#2324,.T.) ;
#2346=FACE_OUTER_BOUND('',#2341,.T.) ;
#2377=FACE_OUTER_BOUND('',#2372,.T.) ;
#2401=FACE_OUTER_BOUND('',#2396,.T.) ;
#2425=FACE_OUTER_BOUND('',#2420,.T.) ;
#2442=FACE_OUTER_BOUND('',#2437,.T.) ;
#2464=FACE_OUTER_BOUND('',#2459,.T.) ;
#2471=FACE_OUTER_BOUND('',#2466,.T.) ;
#2493=FACE_OUTER_BOUND('',#2488,.T.) ;
#2500=FACE_OUTER_BOUND('',#2495,.T.) ;
#2522=FACE_OUTER_BOUND('',#2517,.T.) ;
#2529=FACE_OUTER_BOUND('',#2524,.T.) ;
#2541=FACE_OUTER_BOUND('',#2536,.T.) ;
#2553=FACE_OUTER_BOUND('',#2548,.T.) ;
#2565=FACE_OUTER_BOUND('',#2560,.T.) ;
#2577=FACE_OUTER_BOUND('',#2572,.T.) ;
#2599=FACE_OUTER_BOUND('',#2594,.T.) ;
#2621=FACE_OUTER_BOUND('',#2616,.T.) ;
#2628=FACE_OUTER_BOUND('',#2623,.T.) ;
#2650=FACE_OUTER_BOUND('',#2645,.T.) ;
#2657=FACE_OUTER_BOUND('',#2652,.T.) ;
#2679=FACE_OUTER_BOUND('',#2674,.T.) ;
#2686=FACE_OUTER_BOUND('',#2681,.T.) ;
#2708=FACE_OUTER_BOUND('',#2703,.T.) ;
#2715=FACE_OUTER_BOUND('',#2710,.T.) ;
#2737=FACE_OUTER_BOUND('',#2732,.T.) ;
#2749=FACE_OUTER_BOUND('',#2744,.T.) ;
#2761=FACE_OUTER_BOUND('',#2756,.T.) ;
#2773=FACE_OUTER_BOUND('',#2768,.T.) ;
#2785=FACE_OUTER_BOUND('',#2780,.T.) ;
#2807=FACE_OUTER_BOUND('',#2802,.T.) ;
#2814=FACE_OUTER_BOUND('',#2809,.T.) ;
#2826=FACE_OUTER_BOUND('',#2821,.T.) ;
#2833=FACE_OUTER_BOUND('',#2828,.T.) ;
#2847=FACE_OUTER_BOUND('',#2840,.T.) ;
#2861=FACE_OUTER_BOUND('',#2854,.T.) ;
#2875=FACE_OUTER_BOUND('',#2868,.T.) ;
#2889=FACE_OUTER_BOUND('',#2882,.T.) ;
#49=UNCERTAINTY_MEASURE_WITH_UNIT(LENGTH_MEASURE(0.005),#46,'distance_accuracy_value','CONFUSED CURVE UNCERTAINTY') ;
#51=UNCERTAINTY_MEASURE_WITH_UNIT(LENGTH_MEASURE(0.005),#46,'distance_accuracy_value','CONFUSED CURVE UNCERTAINTY') ;
#70=LINE('Line',#67,#69) ;
#86=LINE('Line',#83,#85) ;
#110=LINE('Line',#107,#109) ;
#126=LINE('Line',#123,#125) ;
#150=LINE('Line',#147,#149) ;
#166=LINE('Line',#163,#165) ;
#207=LINE('Line',#204,#206) ;
#223=LINE('Line',#220,#222) ;
#230=LINE('Line',#227,#229) ;
#267=LINE('Line',#264,#266) ;
#274=LINE('Line',#271,#273) ;
#288=LINE('Line',#285,#287) ;
#302=LINE('Line',#299,#301) ;
#309=LINE('Line',#306,#308) ;
#346=LINE('Line',#343,#345) ;
#353=LINE('Line',#350,#352) ;
#422=LINE('Line',#419,#421) ;
#427=LINE('Line',#424,#426) ;
#599=LINE('Line',#596,#598) ;
#604=LINE('Line',#601,#603) ;
#687=LINE('Line',#684,#686) ;
#696=LINE('Line',#693,#695) ;
#703=LINE('Line',#700,#702) ;
#710=LINE('Line',#707,#709) ;
#721=LINE('Line',#718,#720) ;
#730=LINE('Line',#727,#729) ;
#737=LINE('Line',#734,#736) ;
#744=LINE('Line',#741,#743) ;
#828=LINE('Line',#825,#827) ;
#835=LINE('Line',#832,#834) ;
#849=LINE('Line',#846,#848) ;
#863=LINE('Line',#860,#862) ;
#870=LINE('Line',#867,#869) ;
#884=LINE('Line',#881,#883) ;
#898=LINE('Line',#895,#897) ;
#905=LINE('Line',#902,#904) ;
#919=LINE('Line',#916,#918) ;
#933=LINE('Line',#930,#932) ;
#940=LINE('Line',#937,#939) ;
#954=LINE('Line',#951,#953) ;
#981=LINE('Line',#978,#980) ;
#995=LINE('Line',#992,#994) ;
#1087=LINE('Line',#1084,#1086) ;
#1092=LINE('Line',#1089,#1091) ;
#1103=LINE('Line',#1100,#1102) ;
#1119=LINE('Line',#1116,#1118) ;
#1146=LINE('Line',#1143,#1145) ;
#1160=LINE('Line',#1157,#1159) ;
#1253=LINE('Line',#1250,#1252) ;
#1258=LINE('Line',#1255,#1257) ;
#1275=LINE('Line',#1272,#1274) ;
#1292=LINE('Line',#1289,#1291) ;
#1309=LINE('Line',#1306,#1308) ;
#1316=LINE('Line',#1313,#1315) ;
#1349=LINE('Line',#1346,#1348) ;
#1361=LINE('Line',#1358,#1360) ;
#1366=LINE('Line',#1363,#1365) ;
#1373=LINE('Line',#1370,#1372) ;
#1397=LINE('Line',#1394,#1396) ;
#1424=LINE('Line',#1421,#1423) ;
#1429=LINE('Line',#1426,#1428) ;
#1442=LINE('Line',#1439,#1441) ;
#1459=LINE('Line',#1456,#1458) ;
#1476=LINE('Line',#1473,#1475) ;
#1493=LINE('Line',#1490,#1492) ;
#1510=LINE('Line',#1507,#1509) ;
#1522=LINE('Line',#1519,#1521) ;
#1529=LINE('Line',#1526,#1528) ;
#1562=LINE('Line',#1559,#1561) ;
#1574=LINE('Line',#1571,#1573) ;
#1579=LINE('Line',#1576,#1578) ;
#1586=LINE('Line',#1583,#1585) ;
#1610=LINE('Line',#1607,#1609) ;
#1632=LINE('Line',#1629,#1631) ;
#1637=LINE('Line',#1634,#1636) ;
#1650=LINE('Line',#1647,#1649) ;
#1687=LINE('Line',#1684,#1686) ;
#1707=LINE('Line',#1704,#1706) ;
#1724=LINE('Line',#1721,#1723) ;
#1738=LINE('Line',#1735,#1737) ;
#1767=LINE('Line',#1764,#1766) ;
#1781=LINE('Line',#1778,#1780) ;
#1810=LINE('Line',#1807,#1809) ;
#1824=LINE('Line',#1821,#1823) ;
#1853=LINE('Line',#1850,#1852) ;
#1867=LINE('Line',#1864,#1866) ;
#1896=LINE('Line',#1893,#1895) ;
#1903=LINE('Line',#1900,#1902) ;
#1908=LINE('Line',#1905,#1907) ;
#1915=LINE('Line',#1912,#1914) ;
#1955=LINE('Line',#1952,#1954) ;
#1972=LINE('Line',#1969,#1971) ;
#1977=LINE('Line',#1974,#1976) ;
#1984=LINE('Line',#1981,#1983) ;
#2042=LINE('Line',#2039,#2041) ;
#2062=LINE('Line',#2059,#2061) ;
#2087=LINE('Line',#2084,#2086) ;
#2107=LINE('Line',#2104,#2106) ;
#2124=LINE('Line',#2121,#2123) ;
#2129=LINE('Line',#2126,#2128) ;
#2136=LINE('Line',#2133,#2135) ;
#2176=LINE('Line',#2173,#2175) ;
#2193=LINE('Line',#2190,#2192) ;
#2198=LINE('Line',#2195,#2197) ;
#2217=LINE('Line',#2214,#2216) ;
#2231=LINE('Line',#2228,#2230) ;
#2260=LINE('Line',#2257,#2259) ;
#2267=LINE('Line',#2264,#2266) ;
#2274=LINE('Line',#2271,#2273) ;
#2291=LINE('Line',#2288,#2290) ;
#2298=LINE('Line',#2295,#2297) ;
#2315=LINE('Line',#2312,#2314) ;
#2322=LINE('Line',#2319,#2321) ;
#2339=LINE('Line',#2336,#2338) ;
#2356=LINE('Line',#2353,#2355) ;
#2363=LINE('Line',#2360,#2362) ;
#2370=LINE('Line',#2367,#2369) ;
#2387=LINE('Line',#2384,#2386) ;
#2394=LINE('Line',#2391,#2393) ;
#2411=LINE('Line',#2408,#2410) ;
#2418=LINE('Line',#2415,#2417) ;
#2435=LINE('Line',#2432,#2434) ;
#2452=LINE('Line',#2449,#2451) ;
#2457=LINE('Line',#2454,#2456) ;
#2481=LINE('Line',#2478,#2480) ;
#2486=LINE('Line',#2483,#2485) ;
#2510=LINE('Line',#2507,#2509) ;
#2515=LINE('Line',#2512,#2514) ;
#2587=LINE('Line',#2584,#2586) ;
#2592=LINE('Line',#2589,#2591) ;
#2609=LINE('Line',#2606,#2608) ;
#2614=LINE('Line',#2611,#2613) ;
#2638=LINE('Line',#2635,#2637) ;
#2643=LINE('Line',#2640,#2642) ;
#2667=LINE('Line',#2664,#2666) ;
#2672=LINE('Line',#2669,#2671) ;
#2696=LINE('Line',#2693,#2695) ;
#2701=LINE('Line',#2698,#2700) ;
#2725=LINE('Line',#2722,#2724) ;
#2730=LINE('Line',#2727,#2729) ;
#2795=LINE('Line',#2792,#2794) ;
#2800=LINE('Line',#2797,#2799) ;
#2=MECHANICAL_CONTEXT(' ',#1,'mechanical') ;
#2894=NEXT_ASSEMBLY_USAGE_OCCURRENCE('Part3.2','Part3.2','',#17,#57,'Part3.2') ;
#27=PERSONAL_ADDRESS(' ',' ',' ',' ',' ',' ',' ',' ',' ',' ',' ',' ',(#25),' ') ;
#203=PLANE('',#202) ;
#815=PLANE('',#814) ;
#1249=PLANE('',#1248) ;
#1288=PLANE('',#1287) ;
#1305=PLANE('',#1304) ;
#1420=PLANE('',#1419) ;
#1472=PLANE('',#1471) ;
#1506=PLANE('',#1505) ;
#1892=PLANE('',#1891) ;
#1968=PLANE('',#1967) ;
#2120=PLANE('',#2119) ;
#2189=PLANE('',#2188) ;
#2256=PLANE('',#2255) ;
#2287=PLANE('',#2286) ;
#2311=PLANE('',#2310) ;
#2335=PLANE('',#2334) ;
#2352=PLANE('',#2351) ;
#2383=PLANE('',#2382) ;
#2407=PLANE('',#2406) ;
#2431=PLANE('',#2430) ;
#2820=PLANE('',#2819) ;
#2839=PLANE('',#2838) ;
#2853=PLANE('',#2852) ;
#2867=PLANE('',#2866) ;
#2881=PLANE('',#2880) ;
#7=PRODUCT_CATEGORY('part',$) ;
#14=PRODUCT_CATEGORY('part',$) ;
#9=PRODUCT_CATEGORY_RELATIONSHIP(' ',' ',#7,#8) ;
#16=PRODUCT_CATEGORY_RELATIONSHIP(' ',' ',#14,#15) ;
#6=PRODUCT_DEFINITION_FORMATION_WITH_SPECIFIED_SOURCE('',' ',#5,.NOT_KNOWN.) ;
#56=PRODUCT_DEFINITION_FORMATION_WITH_SPECIFIED_SOURCE('',' ',#55,.NOT_KNOWN.) ;
#57=PRODUCT_DEFINITION_WITH_ASSOCIATED_DOCUMENTS('',' ',#56,#3,(#59)) ;
#8=PRODUCT_RELATED_PRODUCT_CATEGORY('detail',$,(#55)) ;
#15=PRODUCT_RELATED_PRODUCT_CATEGORY('part',$,(#5)) ;
#43=SHAPE_DEFINITION_REPRESENTATION(#45,#44) ;
#54=SHAPE_DEFINITION_REPRESENTATION(#60,#53) ;
#1335=SURFACE_OF_LINEAR_EXTRUSION('generated tabulated cylinder',#1326,#1334) ;
#1393=SURFACE_OF_LINEAR_EXTRUSION('generated tabulated cylinder',#1384,#1392) ;
#1548=SURFACE_OF_LINEAR_EXTRUSION('generated tabulated cylinder',#1539,#1547) ;
#1606=SURFACE_OF_LINEAR_EXTRUSION('generated tabulated cylinder',#1597,#1605) ;
#1683=SURFACE_OF_LINEAR_EXTRUSION('generated tabulated cylinder',#1671,#1682) ;
#1938=SURFACE_OF_LINEAR_EXTRUSION('generated tabulated cylinder',#1926,#1937) ;
#2007=SURFACE_OF_LINEAR_EXTRUSION('generated tabulated cylinder',#1995,#2006) ;
#2038=SURFACE_OF_LINEAR_EXTRUSION('generated tabulated cylinder',#2026,#2037) ;
#2083=SURFACE_OF_LINEAR_EXTRUSION('generated tabulated cylinder',#2071,#2082) ;
#2159=SURFACE_OF_LINEAR_EXTRUSION('generated tabulated cylinder',#2147,#2158) ;
#72=VERTEX_POINT('',#71) ;
#74=VERTEX_POINT('',#73) ;
#81=VERTEX_POINT('',#80) ;
#88=VERTEX_POINT('',#87) ;
#112=VERTEX_POINT('',#111) ;
#114=VERTEX_POINT('',#113) ;
#121=VERTEX_POINT('',#120) ;
#128=VERTEX_POINT('',#127) ;
#152=VERTEX_POINT('',#151) ;
#154=VERTEX_POINT('',#153) ;
#161=VERTEX_POINT('',#160) ;
#168=VERTEX_POINT('',#167) ;
#209=VERTEX_POINT('',#208) ;
#211=VERTEX_POINT('',#210) ;
#218=VERTEX_POINT('',#217) ;
#225=VERTEX_POINT('',#224) ;
#232=VERTEX_POINT('',#231) ;
#242=VERTEX_POINT('',#241) ;
#252=VERTEX_POINT('',#251) ;
#262=VERTEX_POINT('',#261) ;
#269=VERTEX_POINT('',#268) ;
#276=VERTEX_POINT('',#275) ;
#283=VERTEX_POINT('',#282) ;
#290=VERTEX_POINT('',#289) ;
#297=VERTEX_POINT('',#296) ;
#304=VERTEX_POINT('',#303) ;
#311=VERTEX_POINT('',#310) ;
#321=VERTEX_POINT('',#320) ;
#331=VERTEX_POINT('',#330) ;
#341=VERTEX_POINT('',#340) ;
#348=VERTEX_POINT('',#347) ;
#355=VERTEX_POINT('',#354) ;
#392=VERTEX_POINT('',#391) ;
#394=VERTEX_POINT('',#393) ;
#407=VERTEX_POINT('',#406) ;
#417=VERTEX_POINT('',#416) ;
#442=VERTEX_POINT('',#441) ;
#444=VERTEX_POINT('',#443) ;
#460=VERTEX_POINT('',#459) ;
#462=VERTEX_POINT('',#461) ;
#478=VERTEX_POINT('',#477) ;
#480=VERTEX_POINT('',#479) ;
#496=VERTEX_POINT('',#495) ;
#498=VERTEX_POINT('',#497) ;
#517=VERTEX_POINT('',#516) ;
#519=VERTEX_POINT('',#518) ;
#532=VERTEX_POINT('',#531) ;
#542=VERTEX_POINT('',#541) ;
#569=VERTEX_POINT('',#568) ;
#571=VERTEX_POINT('',#570) ;
#584=VERTEX_POINT('',#583) ;
#594=VERTEX_POINT('',#593) ;
#625=VERTEX_POINT('',#624) ;
#627=VERTEX_POINT('',#626) ;
#637=VERTEX_POINT('',#636) ;
#650=VERTEX_POINT('',#649) ;
#671=VERTEX_POINT('',#670) ;
#673=VERTEX_POINT('',#672) ;
#689=VERTEX_POINT('',#688) ;
#691=VERTEX_POINT('',#690) ;
#698=VERTEX_POINT('',#697) ;
#705=VERTEX_POINT('',#704) ;
#723=VERTEX_POINT('',#722) ;
#725=VERTEX_POINT('',#724) ;
#732=VERTEX_POINT('',#731) ;
#739=VERTEX_POINT('',#738) ;
#761=VERTEX_POINT('',#760) ;
#763=VERTEX_POINT('',#762) ;
#779=VERTEX_POINT('',#778) ;
#781=VERTEX_POINT('',#780) ;
#797=VERTEX_POINT('',#796) ;
#799=VERTEX_POINT('',#798) ;
#821=VERTEX_POINT('',#820) ;
#823=VERTEX_POINT('',#822) ;
#830=VERTEX_POINT('',#829) ;
#837=VERTEX_POINT('',#836) ;
#844=VERTEX_POINT('',#843) ;
#851=VERTEX_POINT('',#850) ;
#858=VERTEX_POINT('',#857) ;
#865=VERTEX_POINT('',#864) ;
#872=VERTEX_POINT('',#871) ;
#879=VERTEX_POINT('',#878) ;
#886=VERTEX_POINT('',#885) ;
#893=VERTEX_POINT('',#892) ;
#900=VERTEX_POINT('',#899) ;
#907=VERTEX_POINT('',#906) ;
#914=VERTEX_POINT('',#913) ;
#921=VERTEX_POINT('',#920) ;
#928=VERTEX_POINT('',#927) ;
#935=VERTEX_POINT('',#934) ;
#942=VERTEX_POINT('',#941) ;
#949=VERTEX_POINT('',#948) ;
#983=VERTEX_POINT('',#982) ;
#990=VERTEX_POINT('',#989) ;
#1008=VERTEX_POINT('',#1007) ;
#1010=VERTEX_POINT('',#1009) ;
#1026=VERTEX_POINT('',#1025) ;
#1028=VERTEX_POINT('',#1027) ;
#1044=VERTEX_POINT('',#1043) ;
#1046=VERTEX_POINT('',#1045) ;
#1062=VERTEX_POINT('',#1061) ;
#1064=VERTEX_POINT('',#1063) ;
#1080=VERTEX_POINT('',#1079) ;
#1082=VERTEX_POINT('',#1081) ;
#1105=VERTEX_POINT('',#1104) ;
#1107=VERTEX_POINT('',#1106) ;
#1114=VERTEX_POINT('',#1113) ;
#1121=VERTEX_POINT('',#1120) ;
#1139=VERTEX_POINT('',#1138) ;
#1141=VERTEX_POINT('',#1140) ;
#1148=VERTEX_POINT('',#1147) ;
#1155=VERTEX_POINT('',#1154) ;
#1173=VERTEX_POINT('',#1172) ;
#1175=VERTEX_POINT('',#1174) ;
#1195=VERTEX_POINT('',#1194) ;
#1197=VERTEX_POINT('',#1196) ;
#1213=VERTEX_POINT('',#1212) ;
#1215=VERTEX_POINT('',#1214) ;
#1231=VERTEX_POINT('',#1230) ;
#1233=VERTEX_POINT('',#1232) ;
#1311=VERTEX_POINT('',#1310) ;
#1344=VERTEX_POINT('',#1343) ;
#1368=VERTEX_POINT('',#1367) ;
#1399=VERTEX_POINT('',#1398) ;
#1524=VERTEX_POINT('',#1523) ;
#1557=VERTEX_POINT('',#1556) ;
#1581=VERTEX_POINT('',#1580) ;
#1612=VERTEX_POINT('',#1611) ;
#1689=VERTEX_POINT('',#1688) ;
#1702=VERTEX_POINT('',#1701) ;
#1726=VERTEX_POINT('',#1725) ;
#1733=VERTEX_POINT('',#1732) ;
#1769=VERTEX_POINT('',#1768) ;
#1776=VERTEX_POINT('',#1775) ;
#1812=VERTEX_POINT('',#1811) ;
#1819=VERTEX_POINT('',#1818) ;
#1855=VERTEX_POINT('',#1854) ;
#1862=VERTEX_POINT('',#1861) ;
#1898=VERTEX_POINT('',#1897) ;
#1910=VERTEX_POINT('',#1909) ;
#1950=VERTEX_POINT('',#1949) ;
#1979=VERTEX_POINT('',#1978) ;
#2044=VERTEX_POINT('',#2043) ;
#2057=VERTEX_POINT('',#2056) ;
#2089=VERTEX_POINT('',#2088) ;
#2102=VERTEX_POINT('',#2101) ;
#2131=VERTEX_POINT('',#2130) ;
#2171=VERTEX_POINT('',#2170) ;
#2219=VERTEX_POINT('',#2218) ;
#2226=VERTEX_POINT('',#2225) ;
#2262=VERTEX_POINT('',#2261) ;
#2269=VERTEX_POINT('',#2268) ;
#2293=VERTEX_POINT('',#2292) ;
#2317=VERTEX_POINT('',#2316) ;
#2358=VERTEX_POINT('',#2357) ;
#2365=VERTEX_POINT('',#2364) ;
#2389=VERTEX_POINT('',#2388) ;
#2413=VERTEX_POINT('',#2412) ;
#46=(LENGTH_UNIT()NAMED_UNIT(*)SI_UNIT(.MILLI.,.METRE.)) ;
#47=(NAMED_UNIT(*)PLANE_ANGLE_UNIT()SI_UNIT($,.RADIAN.)) ;
#48=(NAMED_UNIT(*)SI_UNIT($,.STERADIAN.)SOLID_ANGLE_UNIT()) ;
#50=(GEOMETRIC_REPRESENTATION_CONTEXT(3)GLOBAL_UNCERTAINTY_ASSIGNED_CONTEXT((#49))GLOBAL_UNIT_ASSIGNED_CONTEXT((#46,#47,#48))REPRESENTATION_CONTEXT(' ',' ')) ;
#52=(GEOMETRIC_REPRESENTATION_CONTEXT(3)GLOBAL_UNCERTAINTY_ASSIGNED_CONTEXT((#51))GLOBAL_UNIT_ASSIGNED_CONTEXT((#46,#47,#48))REPRESENTATION_CONTEXT(' ',' ')) ;
#2897=(REPRESENTATION_RELATIONSHIP(' ',' ',#53,#44)REPRESENTATION_RELATIONSHIP_WITH_TRANSFORMATION(#2898)SHAPE_REPRESENTATION_RELATIONSHIP()) ;
ENDSEC;
END-ISO-10303-21;
